"naid","workingStartDate","workingEndDate","workingDateLabel","dateBasis","title","localId","chapter","selection","routing","reviewTopics","reviewFocus","reviewKeyExtent","markerStatus","markerSeries","markerSubseries","markerFolderId","hasOnlinePdf","pdfPages","pdfBytes","catalogPdfBytes","pdfByteBasis","accessStatus","ocrCharacterCount","memosToPresident","memosToScowcroft","memorandaOfConversation","meetingRecords","withdrawalSheets","economicSignalTotal","economySignals","financeSignals","tradeSignals","assistanceSanctionsSignals","energySignals","agricultureSignals","treasurySignals","economicSubjectLeadCount","relevantWithdrawalSheetCount","economicSubjectLeads","rawWithdrawalSheetHeaderCount","withdrawalInventoryHeaderCount","withdrawalSheetItemCount","withdrawalSheetPages","releasedInPartSheetCount","noCopyIndicatedSheetCount","withdrawalInventory","archivalLocator","provenanceStem","catalogUrl","pdfUrl"
"452050412","1989-03-01","1989-03-31","March 1989 [1]","Catalog folder coverage dates and title; the first-of-month value is a sorting key only","Chron File: March 1989 [1]","CF00695-001","Monetary Policy, Debt, and International Institutions","Core","Volume XXX review","Debt, finance, and international institutions; Trade and market access; Timothy E. Deal chronological files","Begin with “Your Meeting with the Ad Hoc Group on Latin American Debt, March 28, 1989”; “WRITES OF TRANSACTIONS BETWEEN ITALTEL AND AT&T AND APPRECIATION FOR U.S. GOVERNMENT SUPPORT WITH ECONOMIC AND FOREIGN POLICY”; “Latin American Debt and Relations with the Group of Eight Enclosed is a draft reply to Congressman Dante Fascell's”; “Offsets in Military Exports As we discussed by phone, I forward for your review the annex to”.","81 served-PDF pages; 4 economic-policy subject-line leads; 10 individual withdrawal/redaction sheets describe 28 pages; 3 descriptions match Volume XXX topics, and none says that a released copy follows.","verified","Deal, Timothy E., Files","Chronological Files","CF00695-001","true","81","40544736","40544736","HTTP Content-Length","Restricted - Possibly","128636","7","10","0","0","11","357","33","210","63","5","2","2","42","4","3","[""Your Meeting with the Ad Hoc Group on Latin American Debt, March 28, 1989"",""WRITES OF TRANSACTIONS BETWEEN ITALTEL AND AT&T AND APPRECIATION FOR U.S. GOVERNMENT SUPPORT WITH ECONOMIC AND FOREIGN POLICY"",""Latin American Debt and Relations with the Group of Eight Enclosed is a draft reply to Congressman Dante Fascell's"",""Offsets in Military Exports As we discussed by phone, I forward for your review the annex to""]","11","1","10","28","0","10","[{""itemNumber"":""01"",""type"":""Memo"",""title"":""From David Pacelli/Timothy Deal to Brent Scowcroft Re: Background Paper and Points to be Made for the President's Meeting with Venezuelan President Perez"",""date"":""3/31/89"",""restriction"":""(b)(1)"",""classification"":""Secret"",""pages"":1,""sheetDisposition"":""No released copy indicated on the sheet""},{""itemNumber"":""02"",""type"":""Proposal"",""title"":""Re: Meeting with Venezuelan President Perez"",""date"":""n.d."",""restriction"":""(b)(1)"",""classification"":""Secret"",""pages"":3,""sheetDisposition"":""No released copy indicated on the sheet""},{""itemNumber"":""03"",""type"":""Talking points"",""title"":""Re: Points to be Made for Meeting with President Carlos Andres Perez"",""date"":""n.d."",""restriction"":""(b)(1)"",""classification"":""Secret"",""pages"":3,""sheetDisposition"":""No released copy indicated on the sheet""},{""itemNumber"":""04"",""type"":""Report"",""title"":""Re: [government report]"",""date"":""2/15/89"",""restriction"":""(b)(1)"",""classification"":""Secret"",""pages"":2,""sheetDisposition"":""No released copy indicated on the sheet""},{""itemNumber"":""05"",""type"":""Talking points"",""title"":""Re: Talking Points"",""date"":""n.d."",""restriction"":""(b)(1)"",""classification"":""Not stated"",""pages"":2,""sheetDisposition"":""No released copy indicated on the sheet""},{""itemNumber"":""06"",""type"":""Cable"",""title"":""Re: CAP's Letter to President Bush"",""date"":""3/4/89"",""restriction"":""(b)(1)"",""classification"":""Confidential"",""pages"":3,""sheetDisposition"":""No released copy indicated on the sheet""},{""itemNumber"":""07"",""type"":""Message"",""title"":""Re: Letter to President Bush from President Perez of Venezuela"",""date"":""3/18/89"",""restriction"":""(b)(1)"",""classification"":""Confidential"",""pages"":2,""sheetDisposition"":""No released copy indicated on the sheet""},{""itemNumber"":""08"",""type"":""Memo"",""title"":""From Timothy Deal to Brent Scowcroft Re: International Debt: Reaction to the Brady Initiative"",""date"":""3/27/89"",""restriction"":""(b)(1)"",""classification"":""Secret"",""pages"":2,""sheetDisposition"":""No released copy indicated on the sheet""},{""itemNumber"":""09"",""type"":""Memo"",""title"":""From Brent Scowcroft to POTUS Re: International Debt: Reaction to the Brady Initiative"",""date"":""3/27/89"",""restriction"":""(b)(1)"",""classification"":""Secret"",""pages"":5,""sheetDisposition"":""No released copy indicated on the sheet""},{""itemNumber"":""10"",""type"":""Report"",""title"":""Re: International Reactions to the U.S. Initiative on Debt"",""date"":""3/22/89"",""restriction"":""(b)(1)"",""classification"":""Secret"",""pages"":5,""sheetDisposition"":""No released copy indicated on the sheet""}]","George H.W. Bush Library, Bush Presidential Records, National Security Council, Timothy E. Deal Files, Chronological Files, OA/ID CF00695–001, Chron File: March 1989 [1].","Source: George H.W. Bush Library, Bush Presidential Records, National Security Council, Timothy E. Deal Files, Chronological Files, OA/ID CF00695–001, Chron File: March 1989 [1].","https://catalog.archives.gov/id/452050412","https://catalog.archives.gov/medialz/presidential-libraries/bush/gb-nsc/deal/chron_2554807/41-bpr-nsc-deal-chron-cf00695-001.pdf"
"452050413","1989-03-01","1989-03-31","March 1989 [2]","Catalog folder coverage dates and title; the first-of-month value is a sorting key only","Chron File: March 1989 [2]","CF00695-002","Monetary Policy, Debt, and International Institutions","Core","Volume XXX review","Debt, finance, and international institutions; Trade and market access; Timothy E. Deal chronological files","Begin with “PRESIDENTIAL COUNCIL ON COMPETITIVENESS”; “Presidential Council on Competitiveness Issue This memorandum recommends that you establish a Presidential”; “NSC Meeting Minutes on International Debt Attached at Tab I are the minutes for the March 14 National”; “Response to Senator Graham re Latin America and the Debt Problem”.","80 served-PDF pages; 4 economic-policy subject-line leads; 6 individual withdrawal/redaction sheets describe 21 pages; 2 descriptions match Volume XXX topics, and none says that a released copy follows.","verified","Deal, Timothy E., Files","Chronological Files","CF00695-002","true","80","44226620","44226620","HTTP Content-Length","Restricted - Possibly","171460","1","4","0","0","7","842","137","489","186","9","8","2","11","4","2","[""PRESIDENTIAL COUNCIL ON COMPETITIVENESS"",""Presidential Council on Competitiveness Issue This memorandum recommends that you establish a Presidential"",""NSC Meeting Minutes on International Debt Attached at Tab I are the minutes for the March 14 National"",""Response to Senator Graham re Latin America and the Debt Problem""]","7","1","6","21","0","6","[{""itemNumber"":""01"",""type"":""Memo"",""title"":""From Timothy Deal/Arnold Kanter to G. Philip Hughes Re: Alternative PCC Arrangements for Managing Nonproliferation and Technology Transfer Issues"",""date"":""3/24/89"",""restriction"":""(b)(1)"",""classification"":""Confidential"",""pages"":3,""sheetDisposition"":""No released copy indicated on the sheet""},{""itemNumber"":""02"",""type"":""Memo"",""title"":""From Robert Hutchings/Timothy Deal/Arnold Kanter to Robert Gates S Re: Deputies Committee Meeting to Review Economic Issue in NSR 5: U.S.-Western Europe Relations"",""date"":""3/21/89"",""restriction"":""(b)(1)"",""classification"":""Secret"",""pages"":6,""sheetDisposition"":""No released copy indicated on the sheet""},{""itemNumber"":""03"",""type"":""Agenda"",""title"":""Re: Deputies Committee Meeting: U.S.-Western Europe Relations"",""date"":""3/22/89"",""restriction"":""(b)(1)"",""classification"":""Secret"",""pages"":1,""sheetDisposition"":""No released copy indicated on the sheet""},{""itemNumber"":""04"",""type"":""Paper"",""title"":""Re: [insert to Blackwill memo]"",""date"":""n.d."",""restriction"":""(b)(1)"",""classification"":""Secret"",""pages"":2,""sheetDisposition"":""No released copy indicated on the sheet""},{""itemNumber"":""05"",""type"":""Memo"",""title"":""From Timothy Deal to Brent Scowcroft Re: Brady Debt Initiative--Travel to New York"",""date"":""3/20/89"",""restriction"":""(b)(1)"",""classification"":""Secret"",""pages"":1,""sheetDisposition"":""No released copy indicated on the sheet""},{""itemNumber"":""06"",""type"":""Minutes"",""title"":""Re: National Security Council Meeting"",""date"":""3/14/89"",""restriction"":""(b)(1)"",""classification"":""Secret"",""pages"":8,""sheetDisposition"":""No released copy indicated on the sheet"",""possibleDuplicateMatch"":""Possible duplicate or parallel copy: CF00695–003 item 02, CF00695–003 item 04, CF00695–003 item 07.""}]","George H.W. Bush Library, Bush Presidential Records, National Security Council, Timothy E. Deal Files, Chronological Files, OA/ID CF00695–002, Chron File: March 1989 [2].","Source: George H.W. Bush Library, Bush Presidential Records, National Security Council, Timothy E. Deal Files, Chronological Files, OA/ID CF00695–002, Chron File: March 1989 [2].","https://catalog.archives.gov/id/452050413","https://catalog.archives.gov/medialz/presidential-libraries/bush/gb-nsc/deal/chron_2554807/41-bpr-nsc-deal-chron-cf00695-002.pdf"
"452050414","1989-03-01","1989-03-31","March 1989 [3]","Catalog folder coverage dates and title; the first-of-month value is a sorting key only","Chron File: March 1989 [3]","CF00695-003","Monetary Policy, Debt, and International Institutions","Core","Volume XXX review","Debt, finance, and international institutions; Trade and market access; Timothy E. Deal chronological files","Begin with “Presidential Letters for Overseas Private Investment Corporation (OPIC) Missions to”; “Presidential Letters for Overseas Private Investment Corporation (OPIC) Investment”; “National Security Council Meeting on International Debt, 5-5:30 p.m., March 14,”; “Notification of National Security Council Meeting on International Debt, 5:30-30 p.m.,”.","107 served-PDF pages; 10 economic-policy subject-line leads; 7 individual withdrawal/redaction sheets describe 9 pages; 0 descriptions match Volume XXX topics, and none says that a released copy follows.","verified","Deal, Timothy E., Files","Chronological Files","CF00695-003","true","107","44232997","44232996","HTTP Content-Length","Restricted - Possibly","122796","6","7","0","0","8","478","43","293","90","8","5","11","28","10","0","[""Presidential Letters for Overseas Private Investment Corporation (OPIC) Missions to"",""Presidential Letters for Overseas Private Investment Corporation (OPIC) Investment"",""National Security Council Meeting on International Debt, 5-5:30 p.m., March 14,"",""Notification of National Security Council Meeting on International Debt, 5:30-30 p.m.,"",""National Security Council Meeting on International Debt (5)"",""International Debt An information memorandum for the President on Interna-"",""International Debt Strategy Treasury Secretary Brady plans to outline a revised debt strategy"",""Brady Speech to the Bretton Woods Conference The redraft of Brady's speech (Tab I) is much better than the"",""Brady Speech I see several problems with the draft of Brady's speech:"",""My Comments on Draft Brady Speech In general, I don't believe that either the substance or the tone of the speech is sufficient to solve the debt problem or to give the Latins""]","8","1","7","9","0","7","[{""itemNumber"":""01"",""type"":""Proposal"",""title"":""Re: Meeting with the National Security Council"",""date"":""3/13/89"",""restriction"":""(b)(1)"",""classification"":""Secret"",""pages"":1,""sheetDisposition"":""No released copy indicated on the sheet"",""possibleDuplicateMatch"":""Possible duplicate or parallel copy: CF00695–003 item 05.""},{""itemNumber"":""02"",""type"":""Agenda"",""title"":""Re: National Security Council Meeting"",""date"":""3/14/89"",""restriction"":""(b)(1)"",""classification"":""Secret"",""pages"":1,""sheetDisposition"":""No released copy indicated on the sheet"",""possibleDuplicateMatch"":""Possible duplicate or parallel copy: CF00695–002 item 06, CF00695–003 item 04, CF00695–003 item 07.""},{""itemNumber"":""03"",""type"":""Paper"",""title"":""Re: Background Paper"",""date"":""n.d."",""restriction"":""(b)(1)"",""classification"":""Secret"",""pages"":2,""sheetDisposition"":""No released copy indicated on the sheet""},{""itemNumber"":""04"",""type"":""Draft"",""title"":""Re: National Security Council Meeting [Agenda]"",""date"":""3/14/89"",""restriction"":""(b)(1)"",""classification"":""Secret"",""pages"":1,""sheetDisposition"":""No released copy indicated on the sheet"",""possibleDuplicateMatch"":""Possible duplicate or parallel copy: CF00695–002 item 06, CF00695–003 item 02, CF00695–003 item 07.""},{""itemNumber"":""05"",""type"":""Draft"",""title"":""Re: Meeting with the National Security Council [Proposal]"",""date"":""3/13/89"",""restriction"":""(b)(1)"",""classification"":""Secret"",""pages"":1,""sheetDisposition"":""No released copy indicated on the sheet"",""possibleDuplicateMatch"":""Possible duplicate or parallel copy: CF00695–003 item 01.""},{""itemNumber"":""06"",""type"":""Draft"",""title"":""Re: Background Paper"",""date"":""n.d."",""restriction"":""(b)(1)"",""classification"":""Secret"",""pages"":2,""sheetDisposition"":""No released copy indicated on the sheet""},{""itemNumber"":""07"",""type"":""Agenda"",""title"":""Re: National Security Council Meeting"",""date"":""3/14/89"",""restriction"":""(b)(1)"",""classification"":""Secret"",""pages"":1,""sheetDisposition"":""No released copy indicated on the sheet"",""possibleDuplicateMatch"":""Possible duplicate or parallel copy: CF00695–002 item 06, CF00695–003 item 02, CF00695–003 item 04.""}]","George H.W. Bush Library, Bush Presidential Records, National Security Council, Timothy E. Deal Files, Chronological Files, OA/ID CF00695–003, Chron File: March 1989 [3].","Source: George H.W. Bush Library, Bush Presidential Records, National Security Council, Timothy E. Deal Files, Chronological Files, OA/ID CF00695–003, Chron File: March 1989 [3].","https://catalog.archives.gov/id/452050414","https://catalog.archives.gov/medialz/presidential-libraries/bush/gb-nsc/deal/chron_2554807/41-bpr-nsc-deal-chron-cf00695-003.pdf"
"452050415","1989-04-01","1989-04-30","April 1989 [1]","Catalog folder coverage dates and title; the first-of-month value is a sorting key only","Chron File: April 1989 [1]","CF00695-004","Monetary Policy, Debt, and International Institutions","Core","Volume XXX review","Debt, finance, and international institutions; Timothy E. Deal chronological files","Begin with “Treasury Drafted National Advisory Commission on International Monetary and Financial Policies”; “Treasury drafted National Advisory Commission on International Monetary and Financial Policies Special Report on a proposed U.S. contribution to IMF-ESAF.”; “National Advisory Commission on International Monetary and Financial Policies Special Report”; “Presidential message for the ninth session of the Polish-U.S. Economic Council”.","67 served-PDF pages; 4 economic-policy subject-line leads; 10 individual withdrawal/redaction sheets describe 15 pages; 8 descriptions match Volume XXX topics, and none says that a released copy follows.","verified","Deal, Timothy E., Files","Chronological Files","CF00695-004","true","67","30589229","30589228","HTTP Content-Length","Restricted - Possibly","93499","0","5","0","0","12","243","52","111","57","7","1","1","14","4","8","[""Treasury Drafted National Advisory Commission on International Monetary and Financial Policies"",""Treasury drafted National Advisory Commission on International Monetary and Financial Policies Special Report on a proposed U.S. contribution to IMF-ESAF."",""National Advisory Commission on International Monetary and Financial Policies Special Report"",""Presidential message for the ninth session of the Polish-U.S. Economic Council""]","12","2","10","15","0","10","[{""itemNumber"":""01"",""type"":""Memo"",""title"":""From Timothy Deal to Brent Scowcroft Re: PCC Meeting on International Debt"",""date"":""4/20/89"",""restriction"":""(b)(1)"",""classification"":""Confidential"",""pages"":1,""sheetDisposition"":""No released copy indicated on the sheet"",""possibleDuplicateMatch"":""Possible duplicate or parallel copy: CF00695–004 item 07, CF00695–004 item 09.""},{""itemNumber"":""02"",""type"":""Memo"",""title"":""Memorandum for Record Re: International Economics Policy Coordination Committee (PCC) Meeting"",""date"":""n.d."",""restriction"":""(b)(1)"",""classification"":""Confidential"",""pages"":2,""sheetDisposition"":""No released copy indicated on the sheet"",""possibleDuplicateMatch"":""Possible duplicate or parallel copy: CF00695–004 item 08, CF00695–004 item 10.""},{""itemNumber"":""03"",""type"":""Memo"",""title"":""From Timothy Deal to Brent Scowcroft Re: Your Meeting with Rodolfo Terragano and Felix Camarasa"",""date"":""4/27/89"",""restriction"":""(b)(1)"",""classification"":""Confidential"",""pages"":2,""sheetDisposition"":""No released copy indicated on the sheet""},{""itemNumber"":""04"",""type"":""Report"",""title"":""Re: [government report]"",""date"":""n.d."",""restriction"":""(b)(1)"",""classification"":""Confidential"",""pages"":1,""sheetDisposition"":""No released copy indicated on the sheet""},{""itemNumber"":""05"",""type"":""Memo"",""title"":""From Deane Hoffmann to Brent Scowcroft Re: Update on LDC Debt; Bankers' Views"",""date"":""4/24/89"",""restriction"":""(b)(1)"",""classification"":""Secret"",""pages"":1,""sheetDisposition"":""No released copy indicated on the sheet""},{""itemNumber"":""06"",""type"":""Memo"",""title"":""From Brent Scowcroft to POTUS Re: International Debt"",""date"":""n.d."",""restriction"":""(b)(1)"",""classification"":""Secret"",""pages"":2,""sheetDisposition"":""No released copy indicated on the sheet"",""possibleDuplicateMatch"":""Possible duplicate or parallel copy: CF00695–008 item 06.""},{""itemNumber"":""07"",""type"":""Memo"",""title"":""From Timothy Deal to Brent Scowcroft Re: PCC Meeting on International Debt"",""date"":""4/20/89"",""restriction"":""(b)(1)"",""classification"":""Confidential"",""pages"":1,""sheetDisposition"":""No released copy indicated on the sheet"",""possibleDuplicateMatch"":""Possible duplicate or parallel copy: CF00695–004 item 01, CF00695–004 item 09.""},{""itemNumber"":""08"",""type"":""Memo"",""title"":""Memorandum for Record Re: International Economics Policy Coordination Committee (PCC) Meeting"",""date"":""n.d."",""restriction"":""(b)(1)"",""classification"":""Confidential"",""pages"":2,""sheetDisposition"":""No released copy indicated on the sheet"",""possibleDuplicateMatch"":""Possible duplicate or parallel copy: CF00695–004 item 02, CF00695–004 item 10.""},{""itemNumber"":""09"",""type"":""Memo"",""title"":""From Timothy Deal to Brent Scowcroft Re: PCC Meeting on International Debt"",""date"":""4/20/89"",""restriction"":""(b)(1)"",""classification"":""Confidential"",""pages"":1,""sheetDisposition"":""No released copy indicated on the sheet"",""possibleDuplicateMatch"":""Possible duplicate or parallel copy: CF00695–004 item 01, CF00695–004 item 07.""},{""itemNumber"":""10"",""type"":""Memo"",""title"":""Memorandum for Record Re: International Economics Policy Coordination Committee (PCC) Meeting"",""date"":""n.d."",""restriction"":""(b)(1)"",""classification"":""Confidential"",""pages"":2,""sheetDisposition"":""No released copy indicated on the sheet"",""possibleDuplicateMatch"":""Possible duplicate or parallel copy: CF00695–004 item 02, CF00695–004 item 08.""}]","George H.W. Bush Library, Bush Presidential Records, National Security Council, Timothy E. Deal Files, Chronological Files, OA/ID CF00695–004, Chron File: April 1989 [1].","Source: George H.W. Bush Library, Bush Presidential Records, National Security Council, Timothy E. Deal Files, Chronological Files, OA/ID CF00695–004, Chron File: April 1989 [1].","https://catalog.archives.gov/id/452050415","https://catalog.archives.gov/medialz/presidential-libraries/bush/gb-nsc/deal/chron_2554807/41-bpr-nsc-deal-chron-cf00695-004.pdf"
"452050416","1989-04-01","1989-04-30","April 1989 [2]","Catalog folder coverage dates and title; the first-of-month value is a sorting key only","Chron File: April 1989 [2]","CF00695-005","Monetary Policy, Debt, and International Institutions","Core","Volume XXX review","Debt, finance, and international institutions; Transition economies and economic reform; Timothy E. Deal chronological files","Begin with “OPIC COMMENTS ON 17 MAR HFAC FORN AID BILL”; “OPIC comments on the March 17th HFAC Foreign Aid Bill. NOTE: This Office will convene an interagency meeting on”; “International Economic PCC Meeting on International Debt Please transmit the attached meeting notification to principals of the Policy Coordinating Committee for International E...”; “PCC Meeting on the International Debt Situation A Policy Coordinating Committee Meeting for International”.","55 served-PDF pages; 5 economic-policy subject-line leads; 4 individual withdrawal/redaction sheets describe 14 pages; 2 descriptions match Volume XXX topics, and none says that a released copy follows.","verified","Deal, Timothy E., Files","Chronological Files","CF00695-005","true","55","25908447","25908448","HTTP Content-Length","Restricted - Possibly","73292","0","2","0","0","5","252","48","58","97","9","1","17","22","5","2","[""OPIC COMMENTS ON 17 MAR HFAC FORN AID BILL"",""OPIC comments on the March 17th HFAC Foreign Aid Bill. NOTE: This Office will convene an interagency meeting on"",""International Economic PCC Meeting on International Debt Please transmit the attached meeting notification to principals of the Policy Coordinating Committee for International Economics."",""PCC Meeting on the International Debt Situation A Policy Coordinating Committee Meeting for International"",""Japanese Takeover Bid This is to inform you that Treasury is in the final stages of an""]","5","1","4","14","0","4","[{""itemNumber"":""01"",""type"":""Memo"",""title"":""From Timothy Deal to Brent Scowcroft Re: Breakfast Item: No-Exceptions Policy"",""date"":""4/11/89"",""restriction"":""(b)(1)"",""classification"":""Confidential"",""pages"":2,""sheetDisposition"":""No released copy indicated on the sheet""},{""itemNumber"":""02"",""type"":""Memo"",""title"":""From Timothy Deal to Deane Hoffmann Re: Organization of International Economic Affairs Directorate"",""date"":""4/4/89"",""restriction"":""(b)(1)"",""classification"":""Confidential"",""pages"":4,""sheetDisposition"":""No released copy indicated on the sheet""},{""itemNumber"":""03"",""type"":""Note"",""title"":""From Tim Deal to Condi Rice Re: Your Draft Review of NSR 3"",""date"":""n.d."",""restriction"":""(b)(1)"",""classification"":""Not stated"",""pages"":1,""sheetDisposition"":""No released copy indicated on the sheet""},{""itemNumber"":""04"",""type"":""Message"",""title"":""Re: Demarche on Poland"",""date"":""3/31/89"",""restriction"":""(b)(1)"",""classification"":""Secret"",""pages"":7,""sheetDisposition"":""No released copy indicated on the sheet""}]","George H.W. Bush Library, Bush Presidential Records, National Security Council, Timothy E. Deal Files, Chronological Files, OA/ID CF00695–005, Chron File: April 1989 [2].","Source: George H.W. Bush Library, Bush Presidential Records, National Security Council, Timothy E. Deal Files, Chronological Files, OA/ID CF00695–005, Chron File: April 1989 [2].","https://catalog.archives.gov/id/452050416","https://catalog.archives.gov/medialz/presidential-libraries/bush/gb-nsc/deal/chron_2554807/41-bpr-nsc-deal-chron-cf00695-005.pdf"
"452050417","1989-05-01","1989-05-31","May 1989 [1]","Catalog folder coverage dates and title; the first-of-month value is a sorting key only","Chron File: May 1989 [1]","CF00695-006","Trade Policy and Market Access","Core","Volume XXX review","Trade and market access; Transition economies and economic reform; Timothy E. Deal chronological files","Begin with “Reply to a Letter from Senator Kasten on Economic Policies Toward Central America”; “Revised Statement of Administration Position on S. 694, Strategic petroleum Reserve Amendments of”; “Revised Statement of Administration Position on S. 694, Strategic Petroleum Reserve”; “Statement of Administration position on S. 694, Strategic Petroleum Reserve Amendments of 1989. The office of Management and Budget requests the views of your”.","90 served-PDF pages; 12 economic-policy subject-line leads; no individual withdrawal/redaction sheets were identified.","verified","Deal, Timothy E., Files","Chronological Files","CF00695-006","true","90","36687428","36687428","HTTP Content-Length","Restricted - Possibly","111385","2","12","0","0","0","436","196","34","118","23","37","9","19","12","0","[""Reply to a Letter from Senator Kasten on Economic Policies Toward Central America"",""Revised Statement of Administration Position on S. 694, Strategic petroleum Reserve Amendments of"",""Revised Statement of Administration Position on S. 694, Strategic Petroleum Reserve"",""Statement of Administration position on S. 694, Strategic Petroleum Reserve Amendments of 1989. The office of Management and Budget requests the views of your"",""STATEMENT ON ADMINISTRATION POSITION ON S-694 RE STRATEGIC PETROLEUM RESERVE AMENDMENTS OF 1989"",""Statement of Administration position on S. 694, Strategic Petroleum Reserve Amendments of 1989. The Office of Management and Budget requests the views of your"",""OPIC and GSP for Hungary The memorandum at Tab I transmits Larry Eagleburger's"",""OPIC and GSP for Hungary Purpose"",""OPIC AND GSP for Hungary You have agreed to visit Poland and Hungary before the"",""NSC Representation on the EPC Working Group on Tied Aid Credits"",""Tied Aid Credits The Omnibus Trade and Competitiveness Act of 1988 called on the"",""Poland This supplements information in Adrian's note to you regarding the Soros proposal. As I see it, the Soros plan and especially""]","0","0","0","0","0","0","[]","George H.W. Bush Library, Bush Presidential Records, National Security Council, Timothy E. Deal Files, Chronological Files, OA/ID CF00695–006, Chron File: May 1989 [1].","Source: George H.W. Bush Library, Bush Presidential Records, National Security Council, Timothy E. Deal Files, Chronological Files, OA/ID CF00695–006, Chron File: May 1989 [1].","https://catalog.archives.gov/id/452050417","https://catalog.archives.gov/medialz/presidential-libraries/bush/gb-nsc/deal/chron_2554807/41-bpr-nsc-deal-chron-cf00695-006.pdf"
"452050418","1989-05-01","1989-05-31","May 1989 [2]","Catalog folder coverage dates and title; the first-of-month value is a sorting key only","Chron File: May 1989 [2]","CF00695-007","Trade Policy and Market Access","Core","Volume XXX review","Trade and market access; Strategic trade and technology; Debt, finance, and international institutions; Timothy E. Deal chronological files","Begin with “DRAFT LTR FM HILLS TO REP ROSTENKOWSKI RE COMMENTS ON HR-1233 / CARIBBEAN BASIN ECONOMIC RECOVERY EXPANSION ACT OF 1989”; “Foreign Investment in the U.S. We sent you a memo on May 9 (Tab II), forwarding to the President”; “Foreign Investment in the U.S. General Scowcroft has sent to the President a memorandum,”; “Foreign Investment in the U.S. Attached at Tab I is a proposed memorandum from you to the”.","114 served-PDF pages; 6 economic-policy subject-line leads; 8 individual withdrawal/redaction sheets describe 23 pages; 1 descriptions match Volume XXX topics, and none says that a released copy follows.","verified","Deal, Timothy E., Files","Chronological Files","CF00695-007","true","114","50977891","50977892","HTTP Content-Length","Restricted - Possibly","154422","6","18","0","0","9","343","55","25","218","5","6","7","27","6","1","[""DRAFT LTR FM HILLS TO REP ROSTENKOWSKI RE COMMENTS ON HR-1233 / CARIBBEAN BASIN ECONOMIC RECOVERY EXPANSION ACT OF 1989"",""Foreign Investment in the U.S. We sent you a memo on May 9 (Tab II), forwarding to the President"",""Foreign Investment in the U.S. General Scowcroft has sent to the President a memorandum,"",""Foreign Investment in the U.S. Attached at Tab I is a proposed memorandum from you to the"",""Foreign Investment in the U.S. Purpose"",""Committee on Foreign Investment in the United States (CFIUS) : Report and Recommendation on the""]","9","1","8","23","0","8","[{""itemNumber"":""01"",""type"":""Memorandum"",""title"":""From Timothy Deal to Brent Scowcroft Re: International Debt"",""date"":""5/19/89"",""restriction"":""(b)(1)"",""classification"":""Confidential"",""pages"":2,""sheetDisposition"":""No released copy indicated on the sheet""},{""itemNumber"":""02"",""type"":""Memo"",""title"":""From Brent Scowcroft to POTUS Re: \""No Exceptions\"" Policy"",""date"":""n.d."",""restriction"":""(b)(1)"",""classification"":""Secret"",""pages"":2,""sheetDisposition"":""No released copy indicated on the sheet""},{""itemNumber"":""03"",""type"":""Paper"",""title"":""Re: Options Paper on the \""No Exceptions\"" Policy"",""date"":""n.d."",""restriction"":""(b)(1)"",""classification"":""Secret"",""pages"":6,""sheetDisposition"":""No released copy indicated on the sheet""},{""itemNumber"":""04"",""type"":""Paper"",""title"":""Re: Strategy for Implementation of Option D"",""date"":""n.d."",""restriction"":""(b)(1)"",""classification"":""Secret"",""pages"":2,""sheetDisposition"":""No released copy indicated on the sheet"",""possibleDuplicateMatch"":""Possible duplicate or parallel copy: CF00695–007 item 07.""},{""itemNumber"":""05"",""type"":""Memo"",""title"":""From Brent Scowcroft to POTUS Re: \""No Exceptions\"" Policy"",""date"":""5/25/89"",""restriction"":""(b)(1)"",""classification"":""Secret"",""pages"":2,""sheetDisposition"":""No released copy indicated on the sheet""},{""itemNumber"":""06"",""type"":""Paper"",""title"":""Re: Options Paper on the \""No Exceptions\"" Policy"",""date"":""5/25/89"",""restriction"":""(b)(1)"",""classification"":""Secret"",""pages"":6,""sheetDisposition"":""No released copy indicated on the sheet""},{""itemNumber"":""07"",""type"":""Paper"",""title"":""Re: Strategy for Implementation of Option D"",""date"":""n.d."",""restriction"":""(b)(1)"",""classification"":""Secret"",""pages"":2,""sheetDisposition"":""No released copy indicated on the sheet"",""possibleDuplicateMatch"":""Possible duplicate or parallel copy: CF00695–007 item 04.""},{""itemNumber"":""08"",""type"":""Note"",""title"":""From Brent Scowcroft to POTUS"",""date"":""5/24/89"",""restriction"":""(b)(1)"",""classification"":""Secret"",""pages"":1,""sheetDisposition"":""No released copy indicated on the sheet""}]","George H.W. Bush Library, Bush Presidential Records, National Security Council, Timothy E. Deal Files, Chronological Files, OA/ID CF00695–007, Chron File: May 1989 [2].","Source: George H.W. Bush Library, Bush Presidential Records, National Security Council, Timothy E. Deal Files, Chronological Files, OA/ID CF00695–007, Chron File: May 1989 [2].","https://catalog.archives.gov/id/452050418","https://catalog.archives.gov/medialz/presidential-libraries/bush/gb-nsc/deal/chron_2554807/41-bpr-nsc-deal-chron-cf00695-007.pdf"
"452050419","1989-05-01","1989-05-31","May 1989 [3]","Catalog folder coverage dates and title; the first-of-month value is a sorting key only","Chron File: May 1989 [3]","CF00695-008","Trade Policy and Market Access","Core","Volume XXX review","Trade and market access; Debt, finance, and international institutions; Strategic trade and technology; Timothy E. Deal chronological files","Begin with “TEXTILE TRADE MEMO”; “TEXTILE TRADE As requested, we have prepared an analysis of the eight-point”; “Foreign Investment in the U.S. Attached at Tab I is a proposed memorandum from you to the”; “Foreign Investment in the U.S. Purpose”.","131 served-PDF pages; 10 economic-policy subject-line leads; 7 individual withdrawal/redaction sheets describe 13 pages; 3 descriptions match Volume XXX topics, and none says that a released copy follows.","verified","Deal, Timothy E., Files","Chronological Files","CF00695-008","true","131","55327137","55327136","HTTP Content-Length","Restricted - Possibly","183455","6","16","0","0","8","504","103","128","188","1","24","16","44","10","3","[""TEXTILE TRADE MEMO"",""TEXTILE TRADE As requested, we have prepared an analysis of the eight-point"",""Foreign Investment in the U.S. Attached at Tab I is a proposed memorandum from you to the"",""Foreign Investment in the U.S. Purpose"",""Committee on Foreign Investment in the United States (CFIUS) : Report and Recommendation on the"",""Treasury draft bill \""To provide for participation by the United States in a capital increase of the Inter-American Development Bank, and for other purposes.\"""",""Philippines: Treasury to Veto World Bank Loan This is in lieu of Deane Hoffman's phone call to you earlier."",""AGRICULTURE DRAFT RPT ON HR- 1233 TO IMPROVE THE OPERATION OF THE CARIBBEAN BASIN ECONOMIC RECOVER ACT"",""Agriculture draft report on H.R. 1233, \""To improve the operation of the Caribbean Basin Economic Recovery Act.\"" The Office of Management and Budget requests the views of your"",""Invitation to Attend the World Economic Forum on May 17, 1989""]","8","1","7","13","0","7","[{""itemNumber"":""01"",""type"":""Memo"",""title"":""Memorandum for Record Re: Policy Coordinating Committee on Latin America"",""date"":""5/4/89"",""restriction"":""(b)(1)"",""classification"":""Secret"",""pages"":3,""sheetDisposition"":""No released copy indicated on the sheet"",""possibleDuplicateMatch"":""Possible duplicate or parallel copy: CF00695–008 item 03.""},{""itemNumber"":""02"",""type"":""List"",""title"":""Attendees"",""date"":""5/4/89"",""restriction"":""(b)(3)"",""classification"":""Not stated"",""pages"":1,""sheetDisposition"":""No released copy indicated on the sheet""},{""itemNumber"":""03"",""type"":""Memo"",""title"":""Memorandum for Record Re: Policy Coordinating Committee on Latin America"",""date"":""5/4/89"",""restriction"":""(b)(1)"",""classification"":""Secret"",""pages"":3,""sheetDisposition"":""No released copy indicated on the sheet"",""possibleDuplicateMatch"":""Possible duplicate or parallel copy: CF00695–008 item 01.""},{""itemNumber"":""04"",""type"":""List"",""title"":""Attendees"",""date"":""5/4/89"",""restriction"":""(b)(3)"",""classification"":""Not stated"",""pages"":1,""sheetDisposition"":""No released copy indicated on the sheet""},{""itemNumber"":""05"",""type"":""Memo"",""title"":""From Timothy Deal to Brent Scowcroft Re: International Debt"",""date"":""5/5/89"",""restriction"":""(b)(1)"",""classification"":""Secret"",""pages"":1,""sheetDisposition"":""No released copy indicated on the sheet""},{""itemNumber"":""06"",""type"":""Memo"",""title"":""From Brent Scowcroft to POTUS Re: International Debt"",""date"":""n.d."",""restriction"":""(b)(1)"",""classification"":""Secret"",""pages"":2,""sheetDisposition"":""No released copy indicated on the sheet"",""possibleDuplicateMatch"":""Possible duplicate or parallel copy: CF00695–004 item 06.""},{""itemNumber"":""07"",""type"":""Paper"",""title"":""Re: [International Debt Strategy]"",""date"":""n.d."",""restriction"":""(b)(1)"",""classification"":""Secret"",""pages"":2,""sheetDisposition"":""No released copy indicated on the sheet""}]","George H.W. Bush Library, Bush Presidential Records, National Security Council, Timothy E. Deal Files, Chronological Files, OA/ID CF00695–008, Chron File: May 1989 [3].","Source: George H.W. Bush Library, Bush Presidential Records, National Security Council, Timothy E. Deal Files, Chronological Files, OA/ID CF00695–008, Chron File: May 1989 [3].","https://catalog.archives.gov/id/452050419","https://catalog.archives.gov/medialz/presidential-libraries/bush/gb-nsc/deal/chron_2554807/41-bpr-nsc-deal-chron-cf00695-008.pdf"
"452050420","1989-06-01","1989-06-30","June 1989 [1]","Catalog folder coverage dates and title; the first-of-month value is a sorting key only","Chron File: June 1989 [1]","CF00695-009","Monetary Policy, Debt, and International Institutions","Core","Volume XXX review","Debt, finance, and international institutions; Transition economies and economic reform; Timothy E. Deal chronological files","Begin with “Debt: Negotiations with Mexico”; “World Bank President Conable's Meeting with the President”; “LUNCH W/ CONABLE ON 21 JUN RE INTL DEBT”; “From Condoleezza Rice, et al. to Brent Scowcroft Re: Initiatives for the President's Trip to Poland and Hungary”.","56 served-PDF pages; 3 economic-policy subject-line leads; 4 individual withdrawal/redaction sheets describe 12 pages; 4 descriptions match Volume XXX topics, and none says that a released copy follows.","verified","Deal, Timothy E., Files","Chronological Files","CF00695-009","true","56","26691120","26691120","HTTP Content-Length","Restricted - Possibly","83190","1","4","0","0","5","242","39","141","30","9","9","5","9","3","4","[""Debt: Negotiations with Mexico"",""World Bank President Conable's Meeting with the President"",""LUNCH W/ CONABLE ON 21 JUN RE INTL DEBT""]","5","1","4","12","0","4","[{""itemNumber"":""01"",""type"":""Memo"",""title"":""From Condoleezza Rice, et al. to Brent Scowcroft Re: Initiatives for the President's Trip to Poland and Hungary"",""date"":""6/14/89"",""restriction"":""(b)(1)"",""classification"":""Secret"",""pages"":5,""sheetDisposition"":""No released copy indicated on the sheet"",""possibleDuplicateMatch"":""Possible duplicate or parallel copy: CF00695–009 item 03.""},{""itemNumber"":""02"",""type"":""Draft"",""title"":""Re: Draft Presidential Message on Polish Debt Rescheduling"",""date"":""n.d."",""restriction"":""(b)(1)"",""classification"":""Secret"",""pages"":1,""sheetDisposition"":""No released copy indicated on the sheet"",""possibleDuplicateMatch"":""Possible duplicate or parallel copy: CF00695–009 item 04.""},{""itemNumber"":""03"",""type"":""Memo"",""title"":""From Condoleezza Rice, et al. to Brent Scowcroft Re: Initiatives for the President's Trip to Poland and Hungary"",""date"":""6/14/89"",""restriction"":""(b)(1)"",""classification"":""Secret"",""pages"":5,""sheetDisposition"":""No released copy indicated on the sheet"",""possibleDuplicateMatch"":""Possible duplicate or parallel copy: CF00695–009 item 01.""},{""itemNumber"":""04"",""type"":""Draft"",""title"":""Re: Draft Presidential Message on Polish Debt Rescheduling"",""date"":""n.d."",""restriction"":""(b)(1)"",""classification"":""Secret"",""pages"":1,""sheetDisposition"":""No released copy indicated on the sheet"",""possibleDuplicateMatch"":""Possible duplicate or parallel copy: CF00695–009 item 02.""}]","George H.W. Bush Library, Bush Presidential Records, National Security Council, Timothy E. Deal Files, Chronological Files, OA/ID CF00695–009, Chron File: June 1989 [1].","Source: George H.W. Bush Library, Bush Presidential Records, National Security Council, Timothy E. Deal Files, Chronological Files, OA/ID CF00695–009, Chron File: June 1989 [1].","https://catalog.archives.gov/id/452050420","https://catalog.archives.gov/medialz/presidential-libraries/bush/gb-nsc/deal/chron_2554807/41-bpr-nsc-deal-chron-cf00695-009.pdf"
"452050421","1989-06-01","1989-06-30","June 1989 [2]","Catalog folder coverage dates and title; the first-of-month value is a sorting key only","Chron File: June 1989 [2]","CF00695-010","Monetary Policy, Debt, and International Institutions","Core","Volume XXX review","Debt, finance, and international institutions; Timothy E. Deal chronological files","Begin with “BRADY REMARKS / INTL MONETARY CONF 5 JUN”; “International Monetary Conference Attached please find a copy of the remarks made by Secretary”; “INTL DEBT / PRES MTG W/ BRADY”; “Re: Meeting with Secretary Brady”.","85 served-PDF pages; 3 economic-policy subject-line leads; 9 individual withdrawal/redaction sheets describe 16 pages; 6 descriptions match Volume XXX topics, and none says that a released copy follows.","verified","Deal, Timothy E., Files","Chronological Files","CF00695-010","true","85","39445737","39445736","HTTP Content-Length","Restricted - Possibly","132710","3","5","0","0","10","438","75","154","140","1","21","24","23","3","6","[""BRADY REMARKS / INTL MONETARY CONF 5 JUN"",""International Monetary Conference Attached please find a copy of the remarks made by Secretary"",""INTL DEBT / PRES MTG W/ BRADY""]","10","1","9","16","0","9","[{""itemNumber"":""01"",""type"":""Proposal"",""title"":""Re: Meeting with Secretary Brady"",""date"":""6/8/89"",""restriction"":""(b)(1)"",""classification"":""Secret"",""pages"":2,""sheetDisposition"":""No released copy indicated on the sheet"",""possibleDuplicateMatch"":""Possible duplicate or parallel copy: CF00695–010 item 08.""},{""itemNumber"":""02"",""type"":""Talking points"",""title"":""Re: Points to be Made for Meeting with Secretary Brady"",""date"":""n.d."",""restriction"":""(b)(1)"",""classification"":""Secret"",""pages"":1,""sheetDisposition"":""No released copy indicated on the sheet"",""possibleDuplicateMatch"":""Possible duplicate or parallel copy: CF00695–010 item 09.""},{""itemNumber"":""03"",""type"":""Memo"",""title"":""From Timothy Deal to Brent Scowcroft Re: International Debt: President's Meeting with Secretary Brady"",""date"":""6/8/89"",""restriction"":""(b)(1)"",""classification"":""Secret"",""pages"":2,""sheetDisposition"":""No released copy indicated on the sheet"",""possibleDuplicateMatch"":""Possible duplicate or parallel copy: CF00695–010 item 07.""},{""itemNumber"":""04"",""type"":""Report"",""title"":""Re: [government report]"",""date"":""5/9/89"",""restriction"":""(b)(1)"",""classification"":""Confidential"",""pages"":2,""sheetDisposition"":""No released copy indicated on the sheet""},{""itemNumber"":""05"",""type"":""Report"",""title"":""Re: [government report]"",""date"":""11/29/88"",""restriction"":""(b)(1)"",""classification"":""Secret"",""pages"":2,""sheetDisposition"":""No released copy indicated on the sheet""},{""itemNumber"":""06"",""type"":""Report"",""title"":""Re: [government report]"",""date"":""5/9/89"",""restriction"":""(b)(1)"",""classification"":""Confidential"",""pages"":2,""sheetDisposition"":""No released copy indicated on the sheet""},{""itemNumber"":""07"",""type"":""Memo"",""title"":""From Timothy Deal to Brent Scowcroft Re: International Debt: President's Meeting with Secretary Brady"",""date"":""6/8/89"",""restriction"":""(b)(1)"",""classification"":""Secret"",""pages"":2,""sheetDisposition"":""No released copy indicated on the sheet"",""possibleDuplicateMatch"":""Possible duplicate or parallel copy: CF00695–010 item 03.""},{""itemNumber"":""08"",""type"":""Proposal"",""title"":""Re: Meeting with Secretary Brady"",""date"":""6/8/89"",""restriction"":""(b)(1)"",""classification"":""Secret"",""pages"":2,""sheetDisposition"":""No released copy indicated on the sheet"",""possibleDuplicateMatch"":""Possible duplicate or parallel copy: CF00695–010 item 01.""},{""itemNumber"":""09"",""type"":""Talking points"",""title"":""Re: Points to be Made for Meeting with Secretary Brady"",""date"":""n.d."",""restriction"":""(b)(1)"",""classification"":""Not stated"",""pages"":1,""sheetDisposition"":""No released copy indicated on the sheet"",""possibleDuplicateMatch"":""Possible duplicate or parallel copy: CF00695–010 item 02.""}]","George H.W. Bush Library, Bush Presidential Records, National Security Council, Timothy E. Deal Files, Chronological Files, OA/ID CF00695–010, Chron File: June 1989 [2].","Source: George H.W. Bush Library, Bush Presidential Records, National Security Council, Timothy E. Deal Files, Chronological Files, OA/ID CF00695–010, Chron File: June 1989 [2].","https://catalog.archives.gov/id/452050421","https://catalog.archives.gov/medialz/presidential-libraries/bush/gb-nsc/deal/chron_2554807/41-bpr-nsc-deal-chron-cf00695-010.pdf"
"452050422","1989-06-01","1989-06-30","June 1989 [3]","Catalog folder coverage dates and title; the first-of-month value is a sorting key only","Chron File: June 1989 [3]","CF00695-011","Transition Economies and International Economic Strategy","Core","Volume XXX review","Transition economies and economic reform; Trade and market access; Debt, finance, and international institutions; Timothy E. Deal chronological files","Begin with “Memo on Poland The marked-up draft of the memo re new initiatives for Poland and”; “OPIC and GSP for Hungary The memorandum at Tab I transmits Larry Eagleburger's”; “OPIC and GSP for Hungary Purpose”; “OPIC AND GSP for Hungary You have agreed to visit Poland and Hungary before the”.","107 served-PDF pages; 8 economic-policy subject-line leads; 5 individual withdrawal/redaction sheets describe 11 pages; 4 descriptions match Volume XXX topics, and none says that a released copy follows.","verified","Deal, Timothy E., Files","Chronological Files","CF00695-011","true","107","46608408","46608408","HTTP Content-Length","Restricted - Possibly","139943","8","11","0","0","6","260","41","24","66","2","113","6","8","8","4","[""Memo on Poland The marked-up draft of the memo re new initiatives for Poland and"",""OPIC and GSP for Hungary The memorandum at Tab I transmits Larry Eagleburger's"",""OPIC and GSP for Hungary Purpose"",""OPIC AND GSP for Hungary You have agreed to visit Poland and Hungary before the"",""Draft response to Rep. Pease regarding H.R. 2307, \""The East-West Trade and Human Rights Enhancement Act of 1989.\"""",""Energy Testimony on Alternative Fuels OMB has requested our views on the attached testimony no later"",""Energy Testimony on Alternative Fuels The NSC staff concurs with the Energy testimony on Alternative"",""Energy testimony on alternative fuels. The Office of Management and Budget requests the views of your agency on the above subject before advising on its relationship to""]","6","1","5","11","0","5","[{""itemNumber"":""01"",""type"":""Draft"",""title"":""From Condoleezza Rice, et al. to Brent Scowcroft Re: Initiatives for the President's Trip to Poland and Hungary"",""date"":""6/8/89"",""restriction"":""(b)(1)"",""classification"":""Secret"",""pages"":3,""sheetDisposition"":""No released copy indicated on the sheet"",""possibleDuplicateMatch"":""Possible duplicate or parallel copy: CF00695–011 item 03.""},{""itemNumber"":""02"",""type"":""Paper"",""title"":""Re: Polish-American Enterprise Foundation"",""date"":""n.d."",""restriction"":""(b)(1)"",""classification"":""Secret"",""pages"":1,""sheetDisposition"":""No released copy indicated on the sheet""},{""itemNumber"":""03"",""type"":""Memo"",""title"":""From Condoleezza Rice, et al. to Brent Scowcroft Re: Initiatives for the President's Trip to Poland and Hungary"",""date"":""6/8/89"",""restriction"":""(b)(1)"",""classification"":""Secret"",""pages"":3,""sheetDisposition"":""No released copy indicated on the sheet"",""possibleDuplicateMatch"":""Possible duplicate or parallel copy: CF00695–011 item 01.""},{""itemNumber"":""04"",""type"":""Memo"",""title"":""From Condoleezza Rice, et al. to Brent Scowcroft Re: Initiatives for the President's Trip to Poland and Hungary"",""date"":""6/3/89"",""restriction"":""(b)(1)"",""classification"":""Secret"",""pages"":2,""sheetDisposition"":""No released copy indicated on the sheet""},{""itemNumber"":""05"",""type"":""Memo"",""title"":""From Timothy Deal to Brent Scowcroft Re: Debt: Mexican Negotiations"",""date"":""6/2/89"",""restriction"":""(b)(1)"",""classification"":""Secret"",""pages"":2,""sheetDisposition"":""No released copy indicated on the sheet""}]","George H.W. Bush Library, Bush Presidential Records, National Security Council, Timothy E. Deal Files, Chronological Files, OA/ID CF00695–011, Chron File: June 1989 [3].","Source: George H.W. Bush Library, Bush Presidential Records, National Security Council, Timothy E. Deal Files, Chronological Files, OA/ID CF00695–011, Chron File: June 1989 [3].","https://catalog.archives.gov/id/452050422","https://catalog.archives.gov/medialz/presidential-libraries/bush/gb-nsc/deal/chron_2554807/41-bpr-nsc-deal-chron-cf00695-011.pdf"
"452050423","1989-07-01","1989-07-31","July 1989 [1]","Catalog folder coverage dates and title; the first-of-month value is a sorting key only","Chron File: July 1989 [1]","CF00695-012","Transition Economies and International Economic Strategy","Core","Volume XXX review","Transition economies and economic reform; Debt, finance, and international institutions; Timothy E. Deal chronological files","Begin with “Letter and Report from Helmut Schmidt to the President Former FRG Chancellor Helmut Schmidt has organized a study of global economic problems and solutions. Many prominent”; “Proposed Presidential Message to Jacques Delors The EC Commission has scheduled the first meeting on Poland and”; “MEETING TO SUPPORT POLAND AND HUNGARY: - USG THOUGHTS ON INITIAL MEETING”; “Ltr fm Pres to Delors Re: Assistance to Poland & Hungary”.","92 served-PDF pages; 6 economic-policy subject-line leads; 3 individual withdrawal/redaction sheets describe 6 pages; 2 descriptions match Volume XXX topics, and none says that a released copy follows.","verified","Deal, Timothy E., Files","Chronological Files","CF00695-012","true","92","39498143","39498144","HTTP Content-Length","Restricted - Possibly","114014","5","11","0","0","4","358","60","198","57","14","3","8","18","6","2","[""Letter and Report from Helmut Schmidt to the President Former FRG Chancellor Helmut Schmidt has organized a study of global economic problems and solutions. Many prominent"",""Proposed Presidential Message to Jacques Delors The EC Commission has scheduled the first meeting on Poland and"",""MEETING TO SUPPORT POLAND AND HUNGARY: - USG THOUGHTS ON INITIAL MEETING"",""Ltr fm Pres to Delors Re: Assistance to Poland & Hungary"",""Debt: Agreement with Mexico Attached, as requested, are talking points regarding debt"",""STATUS OF DEBT NEGOTIATIONS; GOM THREATENS TO - SUSPEND TALKS WITH BANK ADVISORY COMMITTEE PRESIDENT SALINAS' CHIEF OF STAFF, DR. JOSE CORDOBA""]","4","1","3","6","0","3","[{""itemNumber"":""01"",""type"":""Memo"",""title"":""From Timothy Deal to Brent Scowcroft Re: IEPR Breakfast on July 28, 1989"",""date"":""7/28/89"",""restriction"":""(b)(1)"",""classification"":""Secret"",""pages"":2,""sheetDisposition"":""No released copy indicated on the sheet""},{""itemNumber"":""02"",""type"":""Memo"",""title"":""From Timothy Deal to Brent Scowcroft Re: International Debt"",""date"":""7/21/89"",""restriction"":""(b)(1)"",""classification"":""Confidential"",""pages"":2,""sheetDisposition"":""No released copy indicated on the sheet"",""possibleDuplicateMatch"":""Possible duplicate or parallel copy: CF00695–012 item 03.""},{""itemNumber"":""03"",""type"":""Memo"",""title"":""From Timothy Deal to Brent Scowcroft Re: International Debt"",""date"":""7/21/89"",""restriction"":""(b)(1)"",""classification"":""Confidential"",""pages"":2,""sheetDisposition"":""No released copy indicated on the sheet"",""possibleDuplicateMatch"":""Possible duplicate or parallel copy: CF00695–012 item 02.""}]","George H.W. Bush Library, Bush Presidential Records, National Security Council, Timothy E. Deal Files, Chronological Files, OA/ID CF00695–012, Chron File: July 1989 [1].","Source: George H.W. Bush Library, Bush Presidential Records, National Security Council, Timothy E. Deal Files, Chronological Files, OA/ID CF00695–012, Chron File: July 1989 [1].","https://catalog.archives.gov/id/452050423","https://catalog.archives.gov/medialz/presidential-libraries/bush/gb-nsc/deal/chron_2554807/41-bpr-nsc-deal-chron-cf00695-012.pdf"
"452050424","1989-07-01","1989-07-31","July 1989 [2]","Catalog folder coverage dates and title; the first-of-month value is a sorting key only","Chron File: July 1989 [2]","CF00695-013","Monetary Policy, Debt, and International Institutions","Consider","Selective review","Debt, finance, and international institutions; Timothy E. Deal chronological files","Begin with “International Debt: Article by Dr. Alfred Herrhausen”.","133 served-PDF pages; 1 economic-policy subject-line leads; 1 individual withdrawal/redaction sheets describe 1 pages; 0 descriptions match Volume XXX topics, and none says that a released copy follows.","verified","Deal, Timothy E., Files","Chronological Files","CF00695-013","true","133","60338387","60338388","HTTP Content-Length","Restricted - Possibly","186218","5","8","0","0","2","349","54","114","103","26","18","14","20","1","0","[""International Debt: Article by Dr. Alfred Herrhausen""]","2","1","1","1","0","1","[{""itemNumber"":""01"",""type"":""Report"",""title"":""Re: [government report]"",""date"":""6/29/89"",""restriction"":""(b)(1)"",""classification"":""Not stated"",""pages"":1,""sheetDisposition"":""No released copy indicated on the sheet""}]","George H.W. Bush Library, Bush Presidential Records, National Security Council, Timothy E. Deal Files, Chronological Files, OA/ID CF00695–013, Chron File: July 1989 [2].","Source: George H.W. Bush Library, Bush Presidential Records, National Security Council, Timothy E. Deal Files, Chronological Files, OA/ID CF00695–013, Chron File: July 1989 [2].","https://catalog.archives.gov/id/452050424","https://catalog.archives.gov/medialz/presidential-libraries/bush/gb-nsc/deal/chron_2554807/41-bpr-nsc-deal-chron-cf00695-013.pdf"
"452050425","1989-07-01","1989-07-31","July 1989 [3]","Catalog folder coverage dates and title; the first-of-month value is a sorting key only","Chron File: July 1989 [3]","CF00695-014","Transition Economies and International Economic Strategy","Core","Volume XXX review","Transition economies and economic reform; Debt, finance, and international institutions; Trade and market access; Timothy E. Deal chronological files","Begin with “Labor Initiative for Poland and Hungary As requested, I attach for your information the fact sheet on the labor initiative for Poland and Hungary that was prepared before”; “Treasury Draft Proposal ""To Amend the Trading With the Enemy Act""”; “Treasury draft proposal ""To amend the Trading with the Enemy Act."" The office of Management and Budget requests the views of your”; “USTR TESTIMONY RE TRADE & DEVELOPMENT PROGRAM IN CHINA”.","102 served-PDF pages; 8 economic-policy subject-line leads; 8 individual withdrawal/redaction sheets describe 22 pages; 5 descriptions match Volume XXX topics, and none says that a released copy follows.","verified","Deal, Timothy E., Files","Chronological Files","CF00695-014","true","102","48060018","48060016","HTTP Content-Length","Restricted - Possibly","152012","0","8","0","0","9","471","58","145","127","25","8","5","103","8","5","[""Labor Initiative for Poland and Hungary As requested, I attach for your information the fact sheet on the labor initiative for Poland and Hungary that was prepared before"",""Treasury Draft Proposal \""To Amend the Trading With the Enemy Act\"""",""Treasury draft proposal \""To amend the Trading with the Enemy Act.\"" The office of Management and Budget requests the views of your"",""USTR TESTIMONY RE TRADE & DEVELOPMENT PROGRAM IN CHINA"",""Coordination of U.S. Votes on World Bank and Other ,"",""Reaction to US Abstention on the World Bank Loan for the Philippines SUMMARY"",""Improving the Interagency Loan Review Process In the context of the Baker-Scowcroft memo on the World Bank loan to the Philippines, you asked for IFD's suggestions"",""REQUEST SCOWCROFT ATTEND UNIV OF SOUTH CAROLINA CONF / US - EUROPEAN TRADE PROJECT 1992 11 - 13 OCT""]","9","1","8","22","0","8","[{""itemNumber"":""01"",""type"":""Message"",""title"":""Re: Paris Summit: Additional Talking Points"",""date"":""7/12/89"",""restriction"":""(b)(1)"",""classification"":""Secret"",""pages"":5,""sheetDisposition"":""No released copy indicated on the sheet"",""possibleDuplicateMatch"":""Possible duplicate or parallel copy: CF00695–014 item 02.""},{""itemNumber"":""02"",""type"":""Message"",""title"":""Re: Paris Summit: Additional Talking Points"",""date"":""7/12/89"",""restriction"":""(b)(1)"",""classification"":""Secret"",""pages"":5,""sheetDisposition"":""No released copy indicated on the sheet"",""possibleDuplicateMatch"":""Possible duplicate or parallel copy: CF00695–014 item 01.""},{""itemNumber"":""03"",""type"":""Memo"",""title"":""From Timothy Deal/Adrian Basora to Brent Scowcroft Re: Eastern Europe: Proposed Letter to Jacques Delors"",""date"":""7/10/89"",""restriction"":""(b)(1)"",""classification"":""Secret"",""pages"":1,""sheetDisposition"":""No released copy indicated on the sheet"",""possibleDuplicateMatch"":""Possible duplicate or parallel copy: CF00695–014 item 05, CF00695–014 item 08.""},{""itemNumber"":""04"",""type"":""Draft"",""title"":""Letter to Jacques Delors"",""date"":""n.d."",""restriction"":""(b)(1)"",""classification"":""Secret"",""pages"":3,""sheetDisposition"":""No released copy indicated on the sheet"",""possibleDuplicateMatch"":""Possible duplicate or parallel copy: CF00695–014 item 06, CF00695–014 item 07.""},{""itemNumber"":""05"",""type"":""Memo"",""title"":""From Timothy Deal/Adrian Basora to Brent Scowcroft Re: Eastern Europe: Proposed Letter to Jacques Delors"",""date"":""7/10/89"",""restriction"":""(b)(1)"",""classification"":""Secret"",""pages"":1,""sheetDisposition"":""No released copy indicated on the sheet"",""possibleDuplicateMatch"":""Possible duplicate or parallel copy: CF00695–014 item 03, CF00695–014 item 08.""},{""itemNumber"":""06"",""type"":""Draft"",""title"":""Letter to Jacques Delors"",""date"":""n.d."",""restriction"":""(b)(1)"",""classification"":""Secret"",""pages"":3,""sheetDisposition"":""No released copy indicated on the sheet"",""possibleDuplicateMatch"":""Possible duplicate or parallel copy: CF00695–014 item 04, CF00695–014 item 07.""},{""itemNumber"":""07"",""type"":""Draft"",""title"":""Letter to Jacques Delors"",""date"":""n.d."",""restriction"":""(b)(1)"",""classification"":""Secret"",""pages"":3,""sheetDisposition"":""No released copy indicated on the sheet"",""possibleDuplicateMatch"":""Possible duplicate or parallel copy: CF00695–014 item 04, CF00695–014 item 06.""},{""itemNumber"":""08"",""type"":""Memo"",""title"":""From Timothy Deal/Adrian Basora to Brent Scowcroft Re: Eastern Europe: Proposed Letter to Jacques Delors"",""date"":""7/10/89"",""restriction"":""(b)(1)"",""classification"":""Secret"",""pages"":1,""sheetDisposition"":""No released copy indicated on the sheet"",""possibleDuplicateMatch"":""Possible duplicate or parallel copy: CF00695–014 item 03, CF00695–014 item 05.""}]","George H.W. Bush Library, Bush Presidential Records, National Security Council, Timothy E. Deal Files, Chronological Files, OA/ID CF00695–014, Chron File: July 1989 [3].","Source: George H.W. Bush Library, Bush Presidential Records, National Security Council, Timothy E. Deal Files, Chronological Files, OA/ID CF00695–014, Chron File: July 1989 [3].","https://catalog.archives.gov/id/452050425","https://catalog.archives.gov/medialz/presidential-libraries/bush/gb-nsc/deal/chron_2554807/41-bpr-nsc-deal-chron-cf00695-014.pdf"
"452050426","1989-07-01","1989-07-31","July 1989 [4]","Catalog folder coverage dates and title; the first-of-month value is a sorting key only","Chron File: July 1989 [4]","CF00695-015","Transition Economies and International Economic Strategy","Core","Volume XXX review","Transition economies and economic reform; Debt, finance, and international institutions; Trade and market access; Timothy E. Deal chronological files","Begin with “Commerce Testimony on S. 289, Foreign Investment Disclosure and S. 856 Data Sharing”; “Commerce testimony on S. 289, Foreign Investment Disclosure and S. 856 data sharing. The Office of Management and Budget requests the views of your”; “DRAFT STATEMENT OF ADMIN POSITION ON HR- 1233 CARIBBEAN BASIN ECONOMY RECOVERY EXPANSION ACT OF 1989”; “Draft Statement of Administration Position on H.R. 1233, ""The Caribbean Basin Economy Recovery Expansion Act of 1989.""”.","104 served-PDF pages; 12 economic-policy subject-line leads; 3 individual withdrawal/redaction sheets describe 25 pages; 2 descriptions match Volume XXX topics, and none says that a released copy follows.","verified","Deal, Timothy E., Files","Chronological Files","CF00695-015","true","104","59625028","59625028","HTTP Content-Length","Restricted - Possibly","202994","1","3","0","0","4","500","135","84","212","11","18","19","21","12","2","[""Commerce Testimony on S. 289, Foreign Investment Disclosure and S. 856 Data Sharing"",""Commerce testimony on S. 289, Foreign Investment Disclosure and S. 856 data sharing. The Office of Management and Budget requests the views of your"",""DRAFT STATEMENT OF ADMIN POSITION ON HR- 1233 CARIBBEAN BASIN ECONOMY RECOVERY EXPANSION ACT OF 1989"",""Draft Statement of Administration Position on H.R. 1233, \""The Caribbean Basin Economy Recovery Expansion Act of 1989.\"""",""Mexican Debt Negotiations This is a status report on the commercial bank debt negotiations"",""Offsets in Military Exports As we discussed by phone, I forward for your review the annex to"",""Food Aid to Poland The attached message from Embassy Warsaw notes the problem of"","". F 000 SHORTAGES IN POLAND PARTICIMARLY UPSET THEY NAB BEEN HOLDING PRODUCTS of THE MARRET BURING JUNE IN ANTICIPATION or"","". F 000 SHORTAGES IN POLAND PARTICULARLY UPSET THEY NAD been HOLDING PRODUCTS off THE MARKET DURING JUNE IN ANTICIPATION of"",""Your Revised Talking Points for White House Summit Group Meeting, 2 p.m., July 5"",""World Bank Loans to Poland Following up Friday's meeting with you, we have contacted other"",""LTR RE ECONOMIC & TRADE""]","4","1","3","25","0","3","[{""itemNumber"":""01"",""type"":""Form"",""title"":""1989-90 International Affairs Fellowship"",""date"":""11/3/88"",""restriction"":""(b)(6)"",""classification"":""Not stated"",""pages"":20,""sheetDisposition"":""No released copy indicated on the sheet""},{""itemNumber"":""02"",""type"":""Talking points"",""title"":""Re: Talking Points for Meeting of White House Summit Group"",""date"":""n.d."",""restriction"":""(b)(1)"",""classification"":""Secret"",""pages"":3,""sheetDisposition"":""No released copy indicated on the sheet""},{""itemNumber"":""03"",""type"":""Memo"",""title"":""From Robert Blackwill/Timothy Deal to Brent Scowcroft Re: World Bank Loans for Poland"",""date"":""7/6/89"",""restriction"":""(b)(1)"",""classification"":""Secret"",""pages"":2,""sheetDisposition"":""No released copy indicated on the sheet""}]","George H.W. Bush Library, Bush Presidential Records, National Security Council, Timothy E. Deal Files, Chronological Files, OA/ID CF00695–015, Chron File: July 1989 [4].","Source: George H.W. Bush Library, Bush Presidential Records, National Security Council, Timothy E. Deal Files, Chronological Files, OA/ID CF00695–015, Chron File: July 1989 [4].","https://catalog.archives.gov/id/452050426","https://catalog.archives.gov/medialz/presidential-libraries/bush/gb-nsc/deal/chron_2554807/41-bpr-nsc-deal-chron-cf00695-015.pdf"
"452050427","1989-08-01","1989-08-31","August 1989 [1]","Catalog folder coverage dates and title; the first-of-month value is a sorting key only","Chron File: August 1989 [1]","CF00695-016","Trade Policy and Market Access","Core","Volume XXX review","Trade and market access; Transition economies and economic reform; Timothy E. Deal chronological files","Begin with “Export Enhancement Program for the Philippines Attached is a memo from USDA sent to USTR's working group on the EEP concerning a proposed sale of 600,000 MT of wheat to the”; “Export Enhancement Program (EEP) Proposal - Philippines/wheat This proposal is for an additional EEP allocation of 600,000 MT”; “Offsets in Military Exports The FY 1989 National Defense Authorization Act directs the”; “JCC Paper on USSR/GATT COMMENTS: Please call JEREMY BATES (395-3211)”.","113 served-PDF pages; 12 economic-policy subject-line leads; 3 individual withdrawal/redaction sheets describe 7 pages; 2 descriptions match Volume XXX topics, and none says that a released copy follows.","verified","Deal, Timothy E., Files","Chronological Files","CF00695-016","true","113","55459373","55459372","HTTP Content-Length","Restricted - Possibly","176573","4","8","0","0","4","439","57","24","307","2","2","11","36","12","2","[""Export Enhancement Program for the Philippines Attached is a memo from USDA sent to USTR's working group on the EEP concerning a proposed sale of 600,000 MT of wheat to the"",""Export Enhancement Program (EEP) Proposal - Philippines/wheat This proposal is for an additional EEP allocation of 600,000 MT"",""Offsets in Military Exports The FY 1989 National Defense Authorization Act directs the"",""JCC Paper on USSR/GATT COMMENTS: Please call JEREMY BATES (395-3211)"",""Proposed Reply to Henry Owen Henry Owen's letter of August 4 (Tab II) suggests that importers"",""Commerce Draft Response to Follow-up Questions from a Foreign Direct Investment"",""Commerce draft reponse to follow-up questions from a Foreign Direct Investment hearing (S. 289). The Office of Management and Budget requests the views of your"",""Your Participation in Meeting of the Defense Policy Advisory Committee on Trade"",""Defense Policy Advisory Committee on Trade (DPACT) This is in response to your memorandum of August 16."",""Defense Policy Advisory Committee on Trade Yvonne Beeler, from the USTR Office of Private Sector Liaison,"",""November 7 meeting of Defense Policy Advisory Committee on Trade This is to confirm our earlier conversation regarding a November"",""Proposed Reply to Arthur H. Hausman Arthur H. Hausman, Chairman of the Subcommittee on Export""]","4","1","3","7","0","3","[{""itemNumber"":""01"",""type"":""Memo"",""title"":""From Timothy Deal/Adrian Basora to Brent Scowcroft Re: Poland: Maintaining the Initiative"",""date"":""8/30/89"",""restriction"":""(b)(1)"",""classification"":""Secret"",""pages"":2,""sheetDisposition"":""No released copy indicated on the sheet""},{""itemNumber"":""02"",""type"":""Memo"",""title"":""From Brent Scowcroft to POTUS Re: Poland: Maintaining the Initiative"",""date"":""n.d."",""restriction"":""(b)(1)"",""classification"":""Secret"",""pages"":3,""sheetDisposition"":""No released copy indicated on the sheet""},{""itemNumber"":""03"",""type"":""Memo"",""title"":""From Timothy Deal to Brent Scowcroft Re: Japanese Rice"",""date"":""8/25/89"",""restriction"":""(b)(1)"",""classification"":""Confidential"",""pages"":2,""sheetDisposition"":""No released copy indicated on the sheet""}]","George H.W. Bush Library, Bush Presidential Records, National Security Council, Timothy E. Deal Files, Chronological Files, OA/ID CF00695–016, Chron File: August 1989 [1].","Source: George H.W. Bush Library, Bush Presidential Records, National Security Council, Timothy E. Deal Files, Chronological Files, OA/ID CF00695–016, Chron File: August 1989 [1].","https://catalog.archives.gov/id/452050427","https://catalog.archives.gov/medialz/presidential-libraries/bush/gb-nsc/deal/chron_2554807/41-bpr-nsc-deal-chron-cf00695-016.pdf"
"452050428","1989-08-01","1989-08-31","August 1989 [2]","Catalog folder coverage dates and title; the first-of-month value is a sorting key only","Chron File: August 1989 [2]","CF00695-017","Trade Policy and Market Access","Core","Volume XXX review","Trade and market access; Strategic trade and technology; Debt, finance, and international institutions; Timothy E. Deal chronological files","Begin with “Appointment of a Director on the Board of the Overseas Private Investment Corporation”; “Appointment of a Director on the Board of the Overseas Private Investment Corporation (OPIC)”; “Foreign Investment in the U.S.: Matra Aerospace/Fairchild Industries”; “Committee on Foreign Investment in the United States (CFIUS) Report and Recommendation on the”.","124 served-PDF pages; 6 economic-policy subject-line leads; no individual withdrawal/redaction sheets were identified.","verified","Deal, Timothy E., Files","Chronological Files","CF00695-017","true","124","50424521","50424520","HTTP Content-Length","Restricted - Possibly","152882","10","9","0","0","0","443","59","150","120","13","21","21","59","6","0","[""Appointment of a Director on the Board of the Overseas Private Investment Corporation"",""Appointment of a Director on the Board of the Overseas Private Investment Corporation (OPIC)"",""Foreign Investment in the U.S.: Matra Aerospace/Fairchild Industries"",""Committee on Foreign Investment in the United States (CFIUS) Report and Recommendation on the"",""DOE Interagency Steering Group on the Strategic Petroleum Reserve (SPR)"",""Proposed Reply to Parliamentarians Global Action Group Concerning Third World Debt""]","0","0","0","0","0","0","[]","George H.W. Bush Library, Bush Presidential Records, National Security Council, Timothy E. Deal Files, Chronological Files, OA/ID CF00695–017, Chron File: August 1989 [2].","Source: George H.W. Bush Library, Bush Presidential Records, National Security Council, Timothy E. Deal Files, Chronological Files, OA/ID CF00695–017, Chron File: August 1989 [2].","https://catalog.archives.gov/id/452050428","https://catalog.archives.gov/medialz/presidential-libraries/bush/gb-nsc/deal/chron_2554807/41-bpr-nsc-deal-chron-cf00695-017.pdf"
"452050429","1989-09-01","1989-09-30","September 1989 [1]","Catalog folder coverage dates and title; the first-of-month value is a sorting key only","Chron File: September 1989 [1]","CF00695-018","Transition Economies and International Economic Strategy","Core","Volume XXX review","Transition economies and economic reform; Debt, finance, and international institutions; Timothy E. Deal chronological files","Begin with “Principals' Meeting on Poland (Tuesday, September 26, 1989, 9:00 a.m.)”; “Economic Assistance for Poland (S) At Tab A is the concept paper for the principals' meeting which”; “ECONOMIC ASSISTANCE TO POLAND & HUNGARY”; “Economic Assistance to Poland Attached is a revised paper outlining the next steps in the”.","56 served-PDF pages; 7 economic-policy subject-line leads; 17 individual withdrawal/redaction sheets describe 49 pages; 14 descriptions match Volume XXX topics, and none says that a released copy follows.","verified","Deal, Timothy E., Files","Chronological Files","CF00695-018","true","56","25904659","25904660","HTTP Content-Length","Restricted - Possibly","84427","1","0","0","0","19","343","88","113","65","21","0","38","18","7","14","[""Principals' Meeting on Poland (Tuesday, September 26, 1989, 9:00 a.m.)"",""Economic Assistance for Poland (S) At Tab A is the concept paper for the principals' meeting which"",""ECONOMIC ASSISTANCE TO POLAND & HUNGARY"",""Economic Assistance to Poland Attached is a revised paper outlining the next steps in the"",""Treasury Draft Testimony on EC 1992 For the House Committee on Banking Finance and Urban"",""Treasury Draft Testimony on EC 1992 for the House Committee on Banking Finance and Urban"",""Treasury draft testimony on EC 1992 for the House Committee on Banking Finance and Urban Affairs. The Office of Management and Budget requests the views of your""]","19","2","17","49","0","17","[{""itemNumber"":""01"",""type"":""Memo"",""title"":""From Timothy Deal/Adrian Basora to Brent Scowcroft Re: Poland: Possible Assistance in the Fourth Quarter"",""date"":""9/29/89"",""restriction"":""(b)(1)"",""classification"":""Secret"",""pages"":2,""sheetDisposition"":""No released copy indicated on the sheet""},{""itemNumber"":""02"",""type"":""Memo"",""title"":""From Philip Zelikow/Tim Deal to Brent Scowcroft Re: Proposed Privacy Channel Message to Prime Minister Thatcher on EC Broadcasting Directive"",""date"":""9/28/89"",""restriction"":""(b)(1)"",""classification"":""Secret"",""pages"":1,""sheetDisposition"":""No released copy indicated on the sheet""},{""itemNumber"":""03"",""type"":""Paper"",""title"":""Re: Message from President Bush for Prime Minister Thatcher"",""date"":""n.d."",""restriction"":""(b)(1)"",""classification"":""Secret"",""pages"":2,""sheetDisposition"":""No released copy indicated on the sheet""},{""itemNumber"":""04"",""type"":""Message"",""title"":""Re: Secretary's Points for Presidential Letter to Thatcher"",""date"":""9/27/89"",""restriction"":""(b)(1)"",""classification"":""Secret"",""pages"":3,""sheetDisposition"":""No released copy indicated on the sheet""},{""itemNumber"":""05"",""type"":""Memo"",""title"":""From Timothy Deal /Condoleezza Rice to Brent Scowcroft Re: Economic Assistance for Poland"",""date"":""9/28/89"",""restriction"":""(b)(1)"",""classification"":""Secret"",""pages"":1,""sheetDisposition"":""No released copy indicated on the sheet"",""possibleDuplicateMatch"":""Possible duplicate or parallel copy: CF00695–018 item 08.""},{""itemNumber"":""06"",""type"":""Memo"",""title"":""From Robert Gates to The Secretary of State, et al. Re: Poland"",""date"":""9/29/89"",""restriction"":""(b)(1)"",""classification"":""Secret"",""pages"":1,""sheetDisposition"":""No released copy indicated on the sheet""},{""itemNumber"":""07"",""type"":""Paper"",""title"":""Re: Poland's Economic Plight"",""date"":""n.d."",""restriction"":""(b)(1)"",""classification"":""Secret"",""pages"":7,""sheetDisposition"":""No released copy indicated on the sheet"",""possibleDuplicateMatch"":""Possible duplicate or parallel copy: CF00695–018 item 10, CF00695–018 item 11.""},{""itemNumber"":""08"",""type"":""Memo"",""title"":""From Timothy Deal /Condoleezza Rice to Brent Scowcroft Re: Economic Assistance for Poland"",""date"":""9/28/89"",""restriction"":""(b)(1)"",""classification"":""Secret"",""pages"":1,""sheetDisposition"":""No released copy indicated on the sheet"",""possibleDuplicateMatch"":""Possible duplicate or parallel copy: CF00695–018 item 05.""},{""itemNumber"":""09"",""type"":""Memo"",""title"":""From G. Philip Hughes to J. Stapleton Roy, et al. Re: Poland"",""date"":""n.d."",""restriction"":""(b)(1)"",""classification"":""Secret"",""pages"":1,""sheetDisposition"":""No released copy indicated on the sheet""},{""itemNumber"":""10"",""type"":""Paper"",""title"":""Re: Poland's Economic Plight"",""date"":""n.d."",""restriction"":""(b)(1)"",""classification"":""Secret"",""pages"":6,""sheetDisposition"":""No released copy indicated on the sheet"",""possibleDuplicateMatch"":""Possible duplicate or parallel copy: CF00695–018 item 07, CF00695–018 item 11.""},{""itemNumber"":""11"",""type"":""Paper"",""title"":""Re: Poland's Economic Plight"",""date"":""n.d."",""restriction"":""(b)(1)"",""classification"":""Secret"",""pages"":3,""sheetDisposition"":""No released copy indicated on the sheet"",""possibleDuplicateMatch"":""Possible duplicate or parallel copy: CF00695–018 item 07, CF00695–018 item 10.""},{""itemNumber"":""12"",""type"":""Memo"",""title"":""From Timothy Deal to Brent Scowcroft Re: Principals' Meeting on Poland"",""date"":""9/25/89"",""restriction"":""(b)(1)"",""classification"":""Secret"",""pages"":2,""sheetDisposition"":""No released copy indicated on the sheet""},{""itemNumber"":""13"",""type"":""Talking points"",""title"":""Re: Points to be Made for Meeting with Principals on Poland"",""date"":""n.d."",""restriction"":""(b)(1)"",""classification"":""Secret"",""pages"":3,""sheetDisposition"":""No released copy indicated on the sheet""},{""itemNumber"":""14"",""type"":""Paper"",""title"":""Re: Next Steps in the Recovery Program for Poland"",""date"":""n.d."",""restriction"":""(b)(1)"",""classification"":""Secret"",""pages"":5,""sheetDisposition"":""No released copy indicated on the sheet"",""possibleDuplicateMatch"":""Possible duplicate or parallel copy: CF00695–018 item 15, CF00695–018 item 17.""},{""itemNumber"":""15"",""type"":""Paper"",""title"":""Re: Next Steps in the Recovery Program for Poland"",""date"":""n.d."",""restriction"":""(b)(1)"",""classification"":""Secret"",""pages"":5,""sheetDisposition"":""No released copy indicated on the sheet"",""possibleDuplicateMatch"":""Possible duplicate or parallel copy: CF00695–018 item 14, CF00695–018 item 17.""},{""itemNumber"":""16"",""type"":""Memo"",""title"":""From J. Stapleton Roy to Brent Scowcroft Re: Economic Assistance to Poland and Hungary"",""date"":""9/23/89"",""restriction"":""(b)(1)"",""classification"":""Secret"",""pages"":1,""sheetDisposition"":""No released copy indicated on the sheet""},{""itemNumber"":""17"",""type"":""Paper"",""title"":""Re: Next Steps in the Recovery Program for Poland"",""date"":""n.d."",""restriction"":""(b)(1)"",""classification"":""Secret"",""pages"":5,""sheetDisposition"":""No released copy indicated on the sheet"",""possibleDuplicateMatch"":""Possible duplicate or parallel copy: CF00695–018 item 14, CF00695–018 item 15.""}]","George H.W. Bush Library, Bush Presidential Records, National Security Council, Timothy E. Deal Files, Chronological Files, OA/ID CF00695–018, Chron File: September 1989 [1].","Source: George H.W. Bush Library, Bush Presidential Records, National Security Council, Timothy E. Deal Files, Chronological Files, OA/ID CF00695–018, Chron File: September 1989 [1].","https://catalog.archives.gov/id/452050429","https://catalog.archives.gov/medialz/presidential-libraries/bush/gb-nsc/deal/chron_2554807/41-bpr-nsc-deal-chron-cf00695-018.pdf"
"452050430","1989-09-01","1989-09-30","September 1989 [2]","Catalog folder coverage dates and title; the first-of-month value is a sorting key only","Chron File: September 1989 [2]","CF00695-019","Trade Policy and Market Access","Core","Volume XXX review","Trade and market access; Transition economies and economic reform; Debt, finance, and international institutions; Timothy E. Deal chronological files","Begin with “Cooper Evans' Report on Opportunities for Increasing Agricultural Trade and Cooperation”; “REQUEST FOR COMMENTS ON EVANS RPT RE OPPORTUNITY FOR INCREASING AGRICULTURAL TRADE & COOP W/ USSR”; “COOPER EVAN'S ANNUAL AGRICULTURAL TRADE OPPORTUNITIES REPORT”; “OPPORTUNITY FOR INCREASING AGRICULTURAL TRADE AND COOPERATION WITH U.S.S.R.”.","130 served-PDF pages; 9 economic-policy subject-line leads; 3 individual withdrawal/redaction sheets describe 8 pages; 1 descriptions match Volume XXX topics, and none says that a released copy follows.","verified","Deal, Timothy E., Files","Chronological Files","CF00695-019","true","130","60269772","60269772","HTTP Content-Length","Restricted - Possibly","183984","3","2","0","0","4","919","85","106","311","129","17","234","37","9","1","[""Cooper Evans' Report on Opportunities for Increasing Agricultural Trade and Cooperation"",""REQUEST FOR COMMENTS ON EVANS RPT RE OPPORTUNITY FOR INCREASING AGRICULTURAL TRADE & COOP W/ USSR"",""COOPER EVAN'S ANNUAL AGRICULTURAL TRADE OPPORTUNITIES REPORT"",""OPPORTUNITY FOR INCREASING AGRICULTURAL TRADE AND COOPERATION WITH U.S.S.R."",""Treasury Draft Testimony on Tied Aid Credits"",""Treasury Draft Testimony on Tied Aid Credits for the Senate Banking Committee"",""Economic Policy Council Meeting on September 11 The Economic Policy Council will meet at 4:00 pm on Monday,"",""Report to Congress on Tied Aid Credit Policy Attached is the Working Group's proposed report to Congress conveying the Administration's policy recommendations"",""U.S. AID TO POLAND AND HUNGARY AB PR""]","4","1","3","8","0","3","[{""itemNumber"":""01"",""type"":""Memo"",""title"":""From Timothy Deal for Record Re: Military Offsets: September 8 Meeting"",""date"":""9/12/89"",""restriction"":""(b)(1)"",""classification"":""Confidential"",""pages"":2,""sheetDisposition"":""No released copy indicated on the sheet""},{""itemNumber"":""02"",""type"":""Memo"",""title"":""From Eric Melby/Timothy Deal for Record Re: Economic Policy Council Meeting"",""date"":""9/8/89"",""restriction"":""(b)(1)"",""classification"":""Secret"",""pages"":2,""sheetDisposition"":""No released copy indicated on the sheet""},{""itemNumber"":""03"",""type"":""Cable"",""title"":""Re: First Round of Structural Impediments Initiative Talks"",""date"":""9/6/89"",""restriction"":""(b)(1)"",""classification"":""Secret"",""pages"":4,""sheetDisposition"":""No released copy indicated on the sheet""}]","George H.W. Bush Library, Bush Presidential Records, National Security Council, Timothy E. Deal Files, Chronological Files, OA/ID CF00695–019, Chron File: September 1989 [2].","Source: George H.W. Bush Library, Bush Presidential Records, National Security Council, Timothy E. Deal Files, Chronological Files, OA/ID CF00695–019, Chron File: September 1989 [2].","https://catalog.archives.gov/id/452050430","https://catalog.archives.gov/medialz/presidential-libraries/bush/gb-nsc/deal/chron_2554807/41-bpr-nsc-deal-chron-cf00695-019.pdf"
"452050431","1989-10-01","1989-10-31","October 1989 [1]","Catalog folder coverage dates and title; the first-of-month value is a sorting key only","Chron File: October 1989 [1]","CF00695-020","Monetary Policy, Debt, and International Institutions","Core","Volume XXX review","Debt, finance, and international institutions; Transition economies and economic reform; Trade and market access; Timothy E. Deal chronological files","Begin with “IMF Quota Increase and IDA Replenishment Treasury Assistant Secretary Dallara has asked for your comments”; “IMF Quota Increase and IDA Replenishment Issue:”; “IMF Quota Increase Your office has a package (8697) which includes a draft memorandum”; “General Scowcroft's Appearance Before the Defense Policy Advisory Committee on Trade (DPACT)”.","99 served-PDF pages; 10 economic-policy subject-line leads; 1 individual withdrawal/redaction sheets describe 3 pages; 0 descriptions match Volume XXX topics, and none says that a released copy follows.","verified","Deal, Timothy E., Files","Chronological Files","CF00695-020","true","99","48301435","48301436","HTTP Content-Length","Restricted - Possibly","157012","7","11","0","0","2","567","67","292","106","10","4","4","84","10","0","[""IMF Quota Increase and IDA Replenishment Treasury Assistant Secretary Dallara has asked for your comments"",""IMF Quota Increase and IDA Replenishment Issue:"",""IMF Quota Increase Your office has a package (8697) which includes a draft memorandum"",""General Scowcroft's Appearance Before the Defense Policy Advisory Committee on Trade (DPACT)"",""to change because SDR holdings are revalued monthly while the SDR certificates are valued in dollars and not revalued monthly. This difference is important because, as mentioned in"",""PROPOSED EXECUTIVE ORDER ENTITLED \""DELEGATION OF DEBT RELIEF AUTHORITY\"""",""Proposed Executive Order Entitled \""Delegation of Debt Relief Authority\"""",""POSS PARTICIPANTS FOR PRES MISSION TO POLAND"",""Presidential Mission to Poland After reviewing the list of possible participants in the Presidential Mission to Poland forwarded by the White House,"",""Travel by OPIC President Ambassador Fred M. Zeder, President, Overseas Private Investment Corporation, will be on official travel to Tokyo,""]","2","1","1","3","0","1","[{""itemNumber"":""01"",""type"":""Paper"",""title"":""Re: U.S. Policy Toward the Middle East and South Asia [pages 9-11 only]"",""date"":""n.d."",""restriction"":""(b)(1)"",""classification"":""Top Secret"",""pages"":3,""sheetDisposition"":""No released copy indicated on the sheet""}]","George H.W. Bush Library, Bush Presidential Records, National Security Council, Timothy E. Deal Files, Chronological Files, OA/ID CF00695–020, Chron File: October 1989 [1].","Source: George H.W. Bush Library, Bush Presidential Records, National Security Council, Timothy E. Deal Files, Chronological Files, OA/ID CF00695–020, Chron File: October 1989 [1].","https://catalog.archives.gov/id/452050431","https://catalog.archives.gov/medialz/presidential-libraries/bush/gb-nsc/deal/chron_2554807/41-bpr-nsc-deal-chron-cf00695-020.pdf"
"452050432","1989-10-01","1989-10-31","October 1989 [2]","Catalog folder coverage dates and title; the first-of-month value is a sorting key only","Chron File: October 1989 [2]","CF00695-021","Transition Economies and International Economic Strategy","Core","Volume XXX review","Transition economies and economic reform; Debt, finance, and international institutions; Trade and market access; Timothy E. Deal chronological files","Begin with “Commerce Department Decision to Decontrol Export of Certain Personal Computers WH Referral Dated: September 1, 1989”; “Coordination of Aid to Poland and Hungary The European Directorate has sent you a proposed options”; “Coordination of Aid to Poland and Hungary Purpose”; “Meeting on IMF and IDA, 6:00 p.m., October 24, Governor Sununu's Office”.","99 served-PDF pages; 12 economic-policy subject-line leads; 4 individual withdrawal/redaction sheets describe 8 pages; 3 descriptions match Volume XXX topics, and none says that a released copy follows.","verified","Deal, Timothy E., Files","Chronological Files","CF00695-021","true","99","43523577","43523576","HTTP Content-Length","Restricted - Possibly","129747","9","8","0","0","5","401","68","162","116","6","3","9","37","12","3","[""Commerce Department Decision to Decontrol Export of Certain Personal Computers WH Referral Dated: September 1, 1989"",""Coordination of Aid to Poland and Hungary The European Directorate has sent you a proposed options"",""Coordination of Aid to Poland and Hungary Purpose"",""Meeting on IMF and IDA, 6:00 p.m., October 24, Governor Sununu's Office"",""IMF Quota Increase and IDA Attached is a draft memo to the President regarding"",""IMF Quota Increase and IDA Replenishment Issue:"",""Poland and Hungary Economic Recovery Recommenda- tions Presented to Robert Gates at NSC Meeting on September 14, 1989"",""Your Meeting with Secretary Brady (5:00 p.m., October 17, your office)"",""Presidential Mission to Poland Attached at Tab I is a revised version of the memorandum to the"",""Presidential Mission to Poland 00"",""OECD: U.S. PROPOSAL TO ADD POLAND AND/OR HUNGARY JB"",""Poland: Paris Club By Me NARA, Date 7/16/21""]","5","1","4","8","0","4","[{""itemNumber"":""01"",""type"":""Message"",""title"":""Re: Text of Letter from Antony Acland to General Scowcroft on the EC Broadcasting Directive"",""date"":""10/18/89"",""restriction"":""(b)(1)"",""classification"":""Confidential"",""pages"":3,""sheetDisposition"":""No released copy indicated on the sheet""},{""itemNumber"":""02"",""type"":""Paper"",""title"":""Re: Policy on Offsets Associated with Defense Exports"",""date"":""10/5/89"",""restriction"":""(b)(1)"",""classification"":""Confidential"",""pages"":2,""sheetDisposition"":""No released copy indicated on the sheet""},{""itemNumber"":""03"",""type"":""Memorandum"",""title"":""Timothy Deal for Brent Scowcroft Re: Poland: Tasking Memo for the PCC on International Economics"",""date"":""10/13/89"",""restriction"":""(b)(1)"",""classification"":""Confidential"",""pages"":2,""sheetDisposition"":""No released copy indicated on the sheet""},{""itemNumber"":""04"",""type"":""Memorandum"",""title"":""Philip Hughes for Distribution Re: Poland: Follow-up to President's New Initiative"",""date"":""n.d."",""restriction"":""(b)(1)"",""classification"":""Confidential"",""pages"":1,""sheetDisposition"":""No released copy indicated on the sheet""}]","George H.W. Bush Library, Bush Presidential Records, National Security Council, Timothy E. Deal Files, Chronological Files, OA/ID CF00695–021, Chron File: October 1989 [2].","Source: George H.W. Bush Library, Bush Presidential Records, National Security Council, Timothy E. Deal Files, Chronological Files, OA/ID CF00695–021, Chron File: October 1989 [2].","https://catalog.archives.gov/id/452050432","https://catalog.archives.gov/medialz/presidential-libraries/bush/gb-nsc/deal/chron_2554807/41-bpr-nsc-deal-chron-cf00695-021.pdf"
"452050433","1989-10-01","1989-10-31","October 1989 [3]","Catalog folder coverage dates and title; the first-of-month value is a sorting key only","Chron File: October 1989 [3]","CF00695-022","Monetary Policy, Debt, and International Institutions","Core","Volume XXX review","Debt, finance, and international institutions; Transition economies and economic reform; Trade and market access; Timothy E. Deal chronological files","Begin with “LTR FM CITIZENS NETWORK RE INTERDEPENDENT WORLD ECONOMY”; “Treasury Involvement in Poland Package After checking with Tim Deal and Eric Melby, the following is”; “Your Lunch with Treasury Secretary Brady, 12:30 p.m., October 12”; “British Airways' Investment in United Airlines British officials in Washington have expressed concern to Deane”.","68 served-PDF pages; 16 economic-policy subject-line leads; 9 individual withdrawal/redaction sheets describe 23 pages; 3 descriptions match Volume XXX topics, and none says that a released copy follows.","verified","Deal, Timothy E., Files","Chronological Files","CF00695-022","true","68","27932209","27932208","HTTP Content-Length","Restricted - Possibly","87178","4","9","0","0","10","273","36","91","76","5","4","13","48","16","3","[""LTR FM CITIZENS NETWORK RE INTERDEPENDENT WORLD ECONOMY"",""Treasury Involvement in Poland Package After checking with Tim Deal and Eric Melby, the following is"",""Your Lunch with Treasury Secretary Brady, 12:30 p.m., October 12"",""British Airways' Investment in United Airlines British officials in Washington have expressed concern to Deane"",""Proposed British Airways Investment in United Airlines The Department announced last Friday the completion of its review"",""Treasury Draft Report to Conferees on the Foreign Operations Appropriations Bill"",""Treasury draft report to Conferees on the Foreign Operations Appropriations Bill. The Office of Management and Budget requests the views of your"",""Presidential Mission to Poland Attached at Tab I is a memorandum from you to the President,"",""Presidential Mission to Poland Purpose"",""ASSISTANCE TO POLAND"",""Assistance to Poland As we continue to grapple with how best to assist Poland,"",""12 AUG LTR CONCERNING IMF SUPPORT GRPS"",""August 12, 1989 Letter Concerning IMF Support Groups Enclosed is a letter from Secretary Baker to Secretary Brady dated August 12, 1989 concerning IMF Support Groups. A"",""LTR TO PRES FM PRES PEREZ OF VENEZUELA RE DEBT REDUCTION PROPOSAL"",""LTR TO PRES FM PRES PEREZ OF VENEZUELA RE DEBT REDUCTION PROPOSAL DOCUMENT CLASSIFICATION: CONFIDENTIAL EXTERNAL DISTRIBUTION:"",""Draft Statement of Administration Policy on H.R. 2494, Export Import Bank/Inter-American Development Bank/ESAF/ Debt bill.""]","10","1","9","23","0","9","[{""itemNumber"":""01"",""type"":""Memo"",""title"":""From James Baker, III to POTUS"",""date"":""10/11/89"",""restriction"":""(b)(1)"",""classification"":""Confidential"",""pages"":1,""sheetDisposition"":""No released copy indicated on the sheet""},{""itemNumber"":""02"",""type"":""Memo"",""title"":""From Deane Hoffmann to Brent Scowcroft Re: Proposed Change in Chairmanship of PCC on International Economics"",""date"":""10/4/89"",""restriction"":""(b)(1)"",""classification"":""Confidential"",""pages"":3,""sheetDisposition"":""No released copy indicated on the sheet""},{""itemNumber"":""03"",""type"":""Talking points"",""title"":""Re: Points to be Made in Meeting with Secretary Brady"",""date"":""n.d."",""restriction"":""(b)(1)"",""classification"":""Confidential"",""pages"":2,""sheetDisposition"":""No released copy indicated on the sheet""},{""itemNumber"":""04"",""type"":""Paper"",""title"":""Re: Foreign Investment in US Airlines"",""date"":""n.d."",""restriction"":""(b)(1)"",""classification"":""Not stated"",""pages"":2,""sheetDisposition"":""No released copy indicated on the sheet""},{""itemNumber"":""05"",""type"":""Memo"",""title"":""From Philip Zelikow to Brent Scowcroft Re: National Security Directive S"",""date"":""10/3/89"",""restriction"":""(b)(1)"",""classification"":""Secret"",""pages"":1,""sheetDisposition"":""No released copy indicated on the sheet""},{""itemNumber"":""06"",""type"":""Memo"",""title"":""From Brent Scowcroft to POTUS Re: National Security Directive"",""date"":""n.d."",""restriction"":""(b)(1)"",""classification"":""Secret"",""pages"":1,""sheetDisposition"":""No released copy indicated on the sheet""},{""itemNumber"":""07"",""type"":""Memo"",""title"":""For the Vice President, et al. Re: United States Policy"",""date"":""n.d."",""restriction"":""(b)(1)"",""classification"":""Secret"",""pages"":9,""sheetDisposition"":""No released copy indicated on the sheet""},{""itemNumber"":""08"",""type"":""Message"",""title"":""Re: Informal Translation of CAP Letter to President Bush"",""date"":""7/26/89"",""restriction"":""(b)(1)"",""classification"":""Confidential"",""pages"":3,""sheetDisposition"":""No released copy indicated on the sheet""},{""itemNumber"":""09"",""type"":""Letter"",""title"":""From President Perez to POTUS"",""date"":""n.d."",""restriction"":""(b)(1)"",""classification"":""Not stated"",""pages"":1,""sheetDisposition"":""No released copy indicated on the sheet""}]","George H.W. Bush Library, Bush Presidential Records, National Security Council, Timothy E. Deal Files, Chronological Files, OA/ID CF00695–022, Chron File: October 1989 [3].","Source: George H.W. Bush Library, Bush Presidential Records, National Security Council, Timothy E. Deal Files, Chronological Files, OA/ID CF00695–022, Chron File: October 1989 [3].","https://catalog.archives.gov/id/452050433","https://catalog.archives.gov/medialz/presidential-libraries/bush/gb-nsc/deal/chron_2554807/41-bpr-nsc-deal-chron-cf00695-022.pdf"
"452050434","1989-11-01","1989-11-30","November 1989 [1]","Catalog folder coverage dates and title; the first-of-month value is a sorting key only","Chron File: November 1989 [1]","CF00695-023","Trade Policy and Market Access","Core","Volume XXX review","Trade and market access; Transition economies and economic reform; Debt, finance, and international institutions; Timothy E. Deal chronological files","Begin with “Your Participation in World Economic Forum Conference”; “The Soviets have proposed negotiation of a bilateral investment agreement. A working group to lay the groundwork was agreed upon”; “Possible Trade Policy Action Plan Toward the Soviet Union, 1989-1991”; “Economic Policy Council (EPC) Meeting: California Oil Exports”.","89 served-PDF pages; 5 economic-policy subject-line leads; 7 individual withdrawal/redaction sheets describe 16 pages; 5 descriptions match Volume XXX topics, and none says that a released copy follows.","verified","Deal, Timothy E., Files","Chronological Files","CF00695-023","true","89","42157926","42157928","HTTP Content-Length","Restricted - Possibly","140519","1","3","0","0","8","696","172","108","313","15","53","22","13","5","5","[""Your Participation in World Economic Forum Conference"",""The Soviets have proposed negotiation of a bilateral investment agreement. A working group to lay the groundwork was agreed upon"",""Possible Trade Policy Action Plan Toward the Soviet Union, 1989-1991"",""Economic Policy Council (EPC) Meeting: California Oil Exports"",""Economic Policy Council Meeting on November 28 The Economic Policy Council will meet at 1:00 pm on Tuesday,""]","8","1","7","16","0","7","[{""itemNumber"":""01"",""type"":""Memo"",""title"":""From Timothy Deal to Robert Maggi, et al. Re: NSC Ad Hoc Working Group on Military Offsets"",""date"":""11/30/89"",""restriction"":""(b)(1)"",""classification"":""Confidential"",""pages"":2,""sheetDisposition"":""No released copy indicated on the sheet""},{""itemNumber"":""02"",""type"":""Paper"",""title"":""Re: Policy on Offsets in Military Exports"",""date"":""n.d."",""restriction"":""(b)(1)"",""classification"":""Confidential"",""pages"":3,""sheetDisposition"":""No released copy indicated on the sheet""},{""itemNumber"":""03"",""type"":""Memo"",""title"":""From Timothy Deal/Robert Blackwill to Brent Scowcroft Re: Malta Meeting: Economic Issues"",""date"":""11/29/89"",""restriction"":""(b)(1)"",""classification"":""Secret"",""pages"":1,""sheetDisposition"":""No released copy indicated on the sheet""},{""itemNumber"":""04"",""type"":""Memo"",""title"":""From Brent Scowcroft to POTUS Re: Malta Meeting: Economic Issues"",""date"":""11/29/89"",""restriction"":""(b)(1)"",""classification"":""Secret"",""pages"":2,""sheetDisposition"":""No released copy indicated on the sheet""},{""itemNumber"":""05"",""type"":""Memo"",""title"":""From Nicholas Brady to POTUS Re: U.S./Soviet Economic Issues"",""date"":""11/29/89"",""restriction"":""(b)(1)"",""classification"":""Secret"",""pages"":3,""sheetDisposition"":""No released copy indicated on the sheet""},{""itemNumber"":""06"",""type"":""Memo"",""title"":""From Alan Greenspan to Nicholas Brady Re: U.S./Soviet Economic Issues"",""date"":""11/29/89"",""restriction"":""(b)(1)"",""classification"":""Secret"",""pages"":2,""sheetDisposition"":""No released copy indicated on the sheet""},{""itemNumber"":""07"",""type"":""Translation"",""title"":""Re: Informal Translation of Gorbachev Letter"",""date"":""n.d."",""restriction"":""(b)(1)"",""classification"":""Not stated"",""pages"":3,""sheetDisposition"":""No released copy indicated on the sheet"",""crossCollectionMatch"":""Possible title match to Deal-Reiss CF00186–010 item 03a; compare source images before selecting a controlling copy.""}]","George H.W. Bush Library, Bush Presidential Records, National Security Council, Timothy E. Deal Files, Chronological Files, OA/ID CF00695–023, Chron File: November 1989 [1].","Source: George H.W. Bush Library, Bush Presidential Records, National Security Council, Timothy E. Deal Files, Chronological Files, OA/ID CF00695–023, Chron File: November 1989 [1].","https://catalog.archives.gov/id/452050434","https://catalog.archives.gov/medialz/presidential-libraries/bush/gb-nsc/deal/chron_2554807/41-bpr-nsc-deal-chron-cf00695-023.pdf"
"452050435","1989-11-01","1989-11-30","November 1989 [2]","Catalog folder coverage dates and title; the first-of-month value is a sorting key only","Chron File: November 1989 [2]","CF00695-024","Transition Economies and International Economic Strategy","Core","Volume XXX review","Transition economies and economic reform; Economic summits and G-7 coordination; Debt, finance, and international institutions; Timothy E. Deal chronological files","Begin with “GRANADA Corporation's Support for Houston to Host the 1990 Economic Summit”; “DOT RESPONSE TO SEN GRASSLEY QUESTIONS RE CARGO PREFERENCE LAWS RE SHIPMENTS OF FOOD TO HUNGARY & POLAND”; “Draft Transportation response to Senator Grassley's specific questions on cargo preference laws with regard to shipments of food aid to Poland and Hungary.”; “NOTIFICATION FM TREASURY OF FORN TRAVEL BY MARTOCHE TO FRANCE ON NOV 25 - DEC 2”.","100 served-PDF pages; 5 economic-policy subject-line leads; 4 individual withdrawal/redaction sheets describe 13 pages; 4 descriptions match Volume XXX topics, and none says that a released copy follows.","verified","Deal, Timothy E., Files","Chronological Files","CF00695-024","true","100","44489655","44489656","HTTP Content-Length","Restricted - Possibly","133075","1","5","0","0","5","468","112","136","144","19","12","24","21","5","4","[""GRANADA Corporation's Support for Houston to Host the 1990 Economic Summit"",""DOT RESPONSE TO SEN GRASSLEY QUESTIONS RE CARGO PREFERENCE LAWS RE SHIPMENTS OF FOOD TO HUNGARY & POLAND"",""Draft Transportation response to Senator Grassley's specific questions on cargo preference laws with regard to shipments of food aid to Poland and Hungary."",""NOTIFICATION FM TREASURY OF FORN TRAVEL BY MARTOCHE TO FRANCE ON NOV 25 - DEC 2"",""Malta Summit Clearances: OES/E :ADSens, Acting DEAL""]","5","1","4","13","0","4","[{""itemNumber"":""01"",""type"":""Paper"",""title"":""Re: Soviet Membership in International Economic Organizations"",""date"":""n.d."",""restriction"":""(b)(1)"",""classification"":""Secret"",""pages"":4,""sheetDisposition"":""No released copy indicated on the sheet""},{""itemNumber"":""02"",""type"":""Paper"",""title"":""Re: Presentation on Soviet Membership in International Economic Institutions"",""date"":""n.d."",""restriction"":""(b)(1)"",""classification"":""Secret"",""pages"":3,""sheetDisposition"":""No released copy indicated on the sheet"",""possibleDuplicateMatch"":""Possible duplicate or parallel copy: CF00695–024 item 04.""},{""itemNumber"":""03"",""type"":""Paper"",""title"":""Re: Presentation on U.S. Economic Policy and Performance"",""date"":""n.d."",""restriction"":""(b)(1)"",""classification"":""Secret"",""pages"":3,""sheetDisposition"":""No released copy indicated on the sheet""},{""itemNumber"":""04"",""type"":""Paper"",""title"":""Re: Presentation on Soviet Membership in International Economic Institutions"",""date"":""n.d."",""restriction"":""(b)(1)"",""classification"":""Secret"",""pages"":3,""sheetDisposition"":""No released copy indicated on the sheet"",""possibleDuplicateMatch"":""Possible duplicate or parallel copy: CF00695–024 item 02.""}]","George H.W. Bush Library, Bush Presidential Records, National Security Council, Timothy E. Deal Files, Chronological Files, OA/ID CF00695–024, Chron File: November 1989 [2].","Source: George H.W. Bush Library, Bush Presidential Records, National Security Council, Timothy E. Deal Files, Chronological Files, OA/ID CF00695–024, Chron File: November 1989 [2].","https://catalog.archives.gov/id/452050435","https://catalog.archives.gov/medialz/presidential-libraries/bush/gb-nsc/deal/chron_2554807/41-bpr-nsc-deal-chron-cf00695-024.pdf"
"452050436","1989-11-01","1989-11-30","November 1989 [3]","Catalog folder coverage dates and title; the first-of-month value is a sorting key only","Chron File: November 1989 [3]","CF00695-025","Trade Policy and Market Access","Core","Volume XXX review","Trade and market access; Strategic trade and technology; Debt, finance, and international institutions; Timothy E. Deal chronological files","Begin with “REVISED DOD TESTIMONY RE US EXPORT CONTROLS / OMNIBUS TRADE & COMPETITIVENESS ACT”; “Defense proposed testimony regarding, U.S. export controls resulting from the Omnibus Trade and Competitiveness Act of 1988. state 's Commerce Testimony also included.”; “IEPR Breakfast, 7:30 a.m., Friday, November 17, Treasury”; “Poland: Evaluation of the Reform Program This follows up on a memorandum that I sent you earlier regarding”.","97 served-PDF pages; 15 economic-policy subject-line leads; 7 individual withdrawal/redaction sheets describe 18 pages; 4 descriptions match Volume XXX topics, and none says that a released copy follows.","verified","Deal, Timothy E., Files","Chronological Files","CF00695-025","true","97","42157040","42157040","HTTP Content-Length","Restricted - Possibly","125559","9","11","0","0","8","389","85","52","208","9","5","4","26","15","4","[""REVISED DOD TESTIMONY RE US EXPORT CONTROLS / OMNIBUS TRADE & COMPETITIVENESS ACT"",""Defense proposed testimony regarding, U.S. export controls resulting from the Omnibus Trade and Competitiveness Act of 1988. state 's Commerce Testimony also included."",""IEPR Breakfast, 7:30 a.m., Friday, November 17, Treasury"",""Poland: Evaluation of the Reform Program This follows up on a memorandum that I sent you earlier regarding"",""International Economics PCC Moeting Please transmit the attached memorandum to principals of the scheduled for November 14, 1989."",""International Economics PCC Meeting A Policy Coordinating Committee Meeting for International Economics"",""OF MESSAGE CLASSIFICATION/CONTROLS International Economics PCC Meeting NO. OF PAGES"",""Canadian Export Restrictions on Unprocessed Fish"",""Canadian Export Restrictions on Unprocessed Fish I recommend that you approve USTR's proposal to announce on"",""Canadian Restrictions on Exports of Fish Issue"",""Canadian Export Restrictions on Unprocessed Fish Issue This is to advise you that Ambassador Hills plans to announce on"",""Economic Policy Council (EPC) Meeting: Tied Aid The EPC met under Secretary Brady's chairmanship on November 9 to"",""Your Remarks to the Defense Policy Advisory Committee on Trade (DPACT), 1 p.m.,"",""IMF Quota Increase and IDA You asked yesterday about the status of Brady's memorandum"",""Ltr FM UNICYS re COCOM Embargo Referral Dated: 11 Oct. 89""]","8","1","7","18","0","7","[{""itemNumber"":""01"",""type"":""Message"",""title"":""Re: COCOM: Italian Reply to President Bush's Letter.on Machine Tools"",""date"":""11/15/89"",""restriction"":""(b)(1)"",""classification"":""Secret"",""pages"":2,""sheetDisposition"":""No released copy indicated on the sheet""},{""itemNumber"":""02"",""type"":""Message"",""title"":""Re: COCOM: French Reply to President Bush's Letter on Machine Tools"",""date"":""11/15/89"",""restriction"":""(b)(1)"",""classification"":""Secret"",""pages"":3,""sheetDisposition"":""No released copy indicated on the sheet""},{""itemNumber"":""03"",""type"":""Memo"",""title"":""From Timothy Deal to Brent Scowcroft Re: Third World Bank"",""date"":""11/16/89"",""restriction"":""(b)(1)"",""classification"":""Confidential"",""pages"":2,""sheetDisposition"":""No released copy indicated on the sheet""},{""itemNumber"":""04"",""type"":""Memo"",""title"":""From Timothy Deal to Brent Scowcroft Re: B-C-S Breakfast, November 15"",""date"":""11/13/89"",""restriction"":""(b)(1)"",""classification"":""Secret"",""pages"":1,""sheetDisposition"":""No released copy indicated on the sheet""},{""itemNumber"":""05"",""type"":""Memo"",""title"":""From G. Philip Hughes to Brent Scowcroft Re: Breakfast Meeting with Secretaries Cheney and Baker"",""date"":""11/14/89"",""restriction"":""(b)(1)"",""classification"":""Secret"",""pages"":1,""sheetDisposition"":""No released copy indicated on the sheet""},{""itemNumber"":""06"",""type"":""Memo"",""title"":""From Timothy Deal to Robert Blackwill Re: Malta Meeting: U.S.-Soviet Economic Relations"",""date"":""11/8/89"",""restriction"":""(b)(1)"",""classification"":""Secret"",""pages"":6,""sheetDisposition"":""No released copy indicated on the sheet""},{""itemNumber"":""07"",""type"":""Translation"",""title"":""Re: [Letter from Prime Minister Mazowiecki]"",""date"":""10/17/89"",""restriction"":""(b)(1)"",""classification"":""Confidential"",""pages"":3,""sheetDisposition"":""No released copy indicated on the sheet""}]","George H.W. Bush Library, Bush Presidential Records, National Security Council, Timothy E. Deal Files, Chronological Files, OA/ID CF00695–025, Chron File: November 1989 [3].","Source: George H.W. Bush Library, Bush Presidential Records, National Security Council, Timothy E. Deal Files, Chronological Files, OA/ID CF00695–025, Chron File: November 1989 [3].","https://catalog.archives.gov/id/452050436","https://catalog.archives.gov/medialz/presidential-libraries/bush/gb-nsc/deal/chron_2554807/41-bpr-nsc-deal-chron-cf00695-025.pdf"
"452050437","1989-12-01","1989-12-31","December 1989 [1]","Catalog folder coverage dates and title; the first-of-month value is a sorting key only","Chron File: December 1989 [1]","CF00696-001","Monetary Policy, Debt, and International Institutions","Core","Volume XXX review","Debt, finance, and international institutions; Trade and market access; Timothy E. Deal chronological files","Begin with “Proposed Reply to Chancellor Kohl Regarding IMF Quotas”; “REPLY TO KOHL RE IMF QUOTAS DOCUMENT CLASSIFICATION: UNCLASSIFIED EXTERNAL DISTRIBUTION:”; “REPLY TO KOHL RE IMF QUOTAS DOCUMENT CLASSIFICATION: CONFIDENTIAL EXTERNAL DISTRIBUTION:”; “PRS Log 8909567 (Proposed Reply to CHancellor Kohl re IMF Quotas”.","73 served-PDF pages; 8 economic-policy subject-line leads; 5 individual withdrawal/redaction sheets describe 9 pages; 0 descriptions match Volume XXX topics, and none says that a released copy follows.","verified","Deal, Timothy E., Files","Chronological Files","CF00696-001","true","73","25586125","25586124","HTTP Content-Length","Restricted - Possibly","66513","2","6","0","0","6","246","55","90","54","4","3","2","38","8","0","[""Proposed Reply to Chancellor Kohl Regarding IMF Quotas"",""REPLY TO KOHL RE IMF QUOTAS DOCUMENT CLASSIFICATION: UNCLASSIFIED EXTERNAL DISTRIBUTION:"",""REPLY TO KOHL RE IMF QUOTAS DOCUMENT CLASSIFICATION: CONFIDENTIAL EXTERNAL DISTRIBUTION:"",""PRS Log 8909567 (Proposed Reply to CHancellor Kohl re IMF Quotas"",""Letter from German Chancellor Kohl to President Bush on IMF Quota Negotiations"",""Letter dated November 28 from Helmut Kohl regarding IMF Quotes"",""RE: The Honorable Helmut Kohl ABSTRACT: Writes urging that the current review of IMF quotas be completed. TASK ASSIGNMENT MEMORANDUM"",""Commerce draft report on H.R. 3699, a bill to require the imposition of restrictions on foreign investment in the U.S. on a reciprocity basis.""]","6","1","5","9","0","5","[{""itemNumber"":""01"",""type"":""Translation"",""title"":""From President Menem to POTUS"",""date"":""11/10/89"",""restriction"":""(b)(1)"",""classification"":""Not stated"",""pages"":2,""sheetDisposition"":""No released copy indicated on the sheet"",""possibleDuplicateMatch"":""Possible duplicate or parallel copy: CF00696–001 item 02.""},{""itemNumber"":""02"",""type"":""Translation"",""title"":""From President Menem to POTUS"",""date"":""11/10/89"",""restriction"":""(b)(1)"",""classification"":""Not stated"",""pages"":1,""sheetDisposition"":""No released copy indicated on the sheet"",""possibleDuplicateMatch"":""Possible duplicate or parallel copy: CF00696–001 item 01.""},{""itemNumber"":""03"",""type"":""Minutes"",""title"":""Re: PCC on Technology Transfer"",""date"":""1/29/90"",""restriction"":""(b)(1)"",""classification"":""Secret"",""pages"":2,""sheetDisposition"":""No released copy indicated on the sheet""},{""itemNumber"":""04"",""type"":""Letter"",""title"":""From Chancellor Kohl to POTUS"",""date"":""11/89"",""restriction"":""(b)(1)"",""classification"":""Not stated"",""pages"":2,""sheetDisposition"":""No released copy indicated on the sheet"",""possibleDuplicateMatch"":""Possible duplicate or parallel copy: CF00696–001 item 05.""},{""itemNumber"":""05"",""type"":""Letter"",""title"":""From Chancellor Kohl to POTUS"",""date"":""11/89"",""restriction"":""(b)(1)"",""classification"":""Not stated"",""pages"":2,""sheetDisposition"":""No released copy indicated on the sheet"",""possibleDuplicateMatch"":""Possible duplicate or parallel copy: CF00696–001 item 04.""}]","George H.W. Bush Library, Bush Presidential Records, National Security Council, Timothy E. Deal Files, Chronological Files, OA/ID CF00696–001, Chron File: December 1989 [1].","Source: George H.W. Bush Library, Bush Presidential Records, National Security Council, Timothy E. Deal Files, Chronological Files, OA/ID CF00696–001, Chron File: December 1989 [1].","https://catalog.archives.gov/id/452050437","https://catalog.archives.gov/medialz/presidential-libraries/bush/gb-nsc/deal/chron_2554807/41-bpr-nsc-deal-chron-cf00696-001.pdf"
"452050438","1989-12-01","1989-12-31","December 1989 [2]","Catalog folder coverage dates and title; the first-of-month value is a sorting key only","Chron File: December 1989 [2]","CF00696-002","Trade Policy and Market Access","Consider","Selective review","Trade and market access; Timothy E. Deal chronological files","Begin with “1990 Economic Report of the President Chapter 6 - The Economy and the Environment”; “1990 Economic Report of the President Chapter 7 - The Global Economy”.","143 served-PDF pages; 2 economic-policy subject-line leads; no individual withdrawal/redaction sheets were identified.","verified","Deal, Timothy E., Files","Chronological Files","CF00696-002","true","143","64786312","64786312","HTTP Content-Length","Restricted - Possibly","188570","0","0","0","0","0","814","224","120","253","13","48","152","4","2","0","[""1990 Economic Report of the President Chapter 6 - The Economy and the Environment"",""1990 Economic Report of the President Chapter 7 - The Global Economy""]","0","0","0","0","0","0","[]","George H.W. Bush Library, Bush Presidential Records, National Security Council, Timothy E. Deal Files, Chronological Files, OA/ID CF00696–002, Chron File: December 1989 [2].","Source: George H.W. Bush Library, Bush Presidential Records, National Security Council, Timothy E. Deal Files, Chronological Files, OA/ID CF00696–002, Chron File: December 1989 [2].","https://catalog.archives.gov/id/452050438","https://catalog.archives.gov/medialz/presidential-libraries/bush/gb-nsc/deal/chron_2554807/41-bpr-nsc-deal-chron-cf00696-002.pdf"
"452050439","1989-12-01","1989-12-31","December 1989 [3]","Catalog folder coverage dates and title; the first-of-month value is a sorting key only","Chron File: December 1989 [3]","CF00696-003","Trade Policy and Market Access","Consider","Selective review","Trade and market access; Timothy E. Deal chronological files","Begin with “1990 Economic Report of the President Chapter 4 - Investing in America's Future”; “Chapter 5 of the 1990 Economic Report of the President”; “1990 Economic Report of the President Chapter 5 - Human Resources in the 1990s”.","149 served-PDF pages; 3 economic-policy subject-line leads; 2 individual withdrawal/redaction sheets describe 3 pages; 0 descriptions match Volume XXX topics, and none says that a released copy follows.","verified","Deal, Timothy E., Files","Chronological Files","CF00696-003","true","149","67214548","67214544","HTTP Content-Length","Restricted - Possibly","184271","0","2","0","0","3","485","173","39","247","16","3","3","4","3","0","[""1990 Economic Report of the President Chapter 4 - Investing in America's Future"",""Chapter 5 of the 1990 Economic Report of the President"",""1990 Economic Report of the President Chapter 5 - Human Resources in the 1990s""]","3","1","2","3","0","2","[{""itemNumber"":""01"",""type"":""Memo"",""title"":""From G. Philip Hughes to J. Stapleton Roy, et al. Re: PCC Meeting on Technology Transfer"",""date"":""12/27/89"",""restriction"":""(b)(1)"",""classification"":""Confidential"",""pages"":1,""sheetDisposition"":""No released copy indicated on the sheet""},{""itemNumber"":""02"",""type"":""Minutes"",""title"":""Re: PCC Meeting on Technology Transfer"",""date"":""12/20/89"",""restriction"":""(b)(1)"",""classification"":""Secret"",""pages"":2,""sheetDisposition"":""No released copy indicated on the sheet""}]","George H.W. Bush Library, Bush Presidential Records, National Security Council, Timothy E. Deal Files, Chronological Files, OA/ID CF00696–003, Chron File: December 1989 [3].","Source: George H.W. Bush Library, Bush Presidential Records, National Security Council, Timothy E. Deal Files, Chronological Files, OA/ID CF00696–003, Chron File: December 1989 [3].","https://catalog.archives.gov/id/452050439","https://catalog.archives.gov/medialz/presidential-libraries/bush/gb-nsc/deal/chron_2554807/41-bpr-nsc-deal-chron-cf00696-003.pdf"
"452050440","1989-12-01","1989-12-31","December 1989 [4]","Catalog folder coverage dates and title; the first-of-month value is a sorting key only","Chron File: December 1989 [4]","CF00696-004","Monetary Policy, Debt, and International Institutions","Consider","Selective review","Debt, finance, and international institutions; Trade and market access; Timothy E. Deal chronological files","Begin with “1990 Economic Report of the President Chapter 3 - Principles for Fiscal, Monetary,”; “1990 Economic Report of the President Chapter 2 - The Current Expansion and”.","127 served-PDF pages; 2 economic-policy subject-line leads; no individual withdrawal/redaction sheets were identified.","verified","Deal, Timothy E., Files","Chronological Files","CF00696-004","true","127","55010835","55010836","HTTP Content-Length","Restricted - Possibly","164010","0","2","0","0","0","659","247","220","134","24","19","7","8","2","0","[""1990 Economic Report of the President Chapter 3 - Principles for Fiscal, Monetary,"",""1990 Economic Report of the President Chapter 2 - The Current Expansion and""]","0","0","0","0","0","0","[]","George H.W. Bush Library, Bush Presidential Records, National Security Council, Timothy E. Deal Files, Chronological Files, OA/ID CF00696–004, Chron File: December 1989 [4].","Source: George H.W. Bush Library, Bush Presidential Records, National Security Council, Timothy E. Deal Files, Chronological Files, OA/ID CF00696–004, Chron File: December 1989 [4].","https://catalog.archives.gov/id/452050440","https://catalog.archives.gov/medialz/presidential-libraries/bush/gb-nsc/deal/chron_2554807/41-bpr-nsc-deal-chron-cf00696-004.pdf"
"452050441","1989-12-01","1989-12-31","December 1989 [5]","Catalog folder coverage dates and title; the first-of-month value is a sorting key only","Chron File: December 1989 [5]","CF00696-005","Trade Policy and Market Access","Core","Volume XXX review","Trade and market access; Strategic trade and technology; Transition economies and economic reform; Timothy E. Deal chronological files","Begin with “Economic Policy Council Meeting, February 7, 1989 I attended the EPC meeting today in your place. It was a good D”; “PCC Meeting on Technology Transfer (U) Commerce has asked that the attached paper concerning export”; “Export-Import Bank Support for Arms Sales”; “Export-Import Bank Support for Arms Sales to Turkey and Greece”.","96 served-PDF pages; 9 economic-policy subject-line leads; 6 individual withdrawal/redaction sheets describe 9 pages; 5 descriptions match Volume XXX topics, and none says that a released copy follows.","verified","Deal, Timothy E., Files","Chronological Files","CF00696-005","true","96","41805775","41805776","HTTP Content-Length","Restricted - Possibly","118150","4","4","0","0","7","269","32","56","96","17","14","25","29","9","5","[""Economic Policy Council Meeting, February 7, 1989 I attended the EPC meeting today in your place. It was a good D"",""PCC Meeting on Technology Transfer (U) Commerce has asked that the attached paper concerning export"",""Export-Import Bank Support for Arms Sales"",""Export-Import Bank Support for Arms Sales to Turkey and Greece"",""ENROLLED BILL HR-2494 / INTL DEVELOPMENT & FINANCE ACT OF 1989 & SIGNING STATEMENT"",""Enrolled Bill H.R. 2494 - International Development and Finance Act of 1989 Sponsors - Del. Fauntroy (D) DC and Rep. Leach (R) Iowa"",""Department of Energy Q's and A's on Technology Transfer/Foreign Access to Science"",""Draft Transportation response to Senator Grassley's specific questions on cargo preference laws with regard to shipments of food aid to Poland and Hungary."",""Presidential message to be read at the United States Trade Show Requested by:""]","7","1","6","9","0","6","[{""itemNumber"":""01"",""type"":""Note"",""title"":""From Timothy Deal to Robert Gates/William Working Re: Panama: Economic Sanctions"",""date"":""12/21/89"",""restriction"":""(b)(1)"",""classification"":""Not stated"",""pages"":1,""sheetDisposition"":""No released copy indicated on the sheet""},{""itemNumber"":""02"",""type"":""Paper"",""title"":""Re: Economic Steps in Panama"",""date"":""n.d."",""restriction"":""(b)(1)"",""classification"":""Not stated"",""pages"":1,""sheetDisposition"":""No released copy indicated on the sheet""},{""itemNumber"":""03"",""type"":""Paper"",""title"":""Re: Eastern Europe and Export Control Policy"",""date"":""n.d."",""restriction"":""(b)(1)"",""classification"":""Confidential"",""pages"":4,""sheetDisposition"":""No released copy indicated on the sheet""},{""itemNumber"":""04"",""type"":""Talking points"",""title"":""Re: Insert A [talking points on Eastern Europe]"",""date"":""n.d."",""restriction"":""(b)(1)"",""classification"":""Secret"",""pages"":1,""sheetDisposition"":""No released copy indicated on the sheet""},{""itemNumber"":""05"",""type"":""Memo"",""title"":""From G. Philip Hughes to J. Stapleton Roy, et al. Re: PCC Meeting on Technology Transfer"",""date"":""12/13/89"",""restriction"":""(b)(1)"",""classification"":""Confidential"",""pages"":1,""sheetDisposition"":""No released copy indicated on the sheet""},{""itemNumber"":""06"",""type"":""Talking points"",""title"":""Re: Technology Transfer and COCOM"",""date"":""n.d."",""restriction"":""(b)(1)"",""classification"":""Secret"",""pages"":1,""sheetDisposition"":""No released copy indicated on the sheet""}]","George H.W. Bush Library, Bush Presidential Records, National Security Council, Timothy E. Deal Files, Chronological Files, OA/ID CF00696–005, Chron File: December 1989 [5].","Source: George H.W. Bush Library, Bush Presidential Records, National Security Council, Timothy E. Deal Files, Chronological Files, OA/ID CF00696–005, Chron File: December 1989 [5].","https://catalog.archives.gov/id/452050441","https://catalog.archives.gov/medialz/presidential-libraries/bush/gb-nsc/deal/chron_2554807/41-bpr-nsc-deal-chron-cf00696-005.pdf"
"452050442","1989-12-01","1989-12-31","December 1989 [6]","Catalog folder coverage dates and title; the first-of-month value is a sorting key only","Chron File: December 1989 [6]","CF00696-006","Trade Policy and Market Access","Core","Volume XXX review","Trade and market access; Debt, finance, and international institutions; Timothy E. Deal chronological files","Begin with “Export-Import Bank Support for Arms Sales to Turkey and Greece”; “EXIM Credits for Military Helicopter Sales to Greece and Turkey”; “USTR draft report regarding H.R. 3699, to require reciprocal responses to foreign policies that deny national treatment to U.S. investment.”; “ENROLLED BILL HR-2494 INTL DEVELOPMENT & FINANCE ACT OF 1989”.","92 served-PDF pages; 7 economic-policy subject-line leads; 7 individual withdrawal/redaction sheets describe 45 pages; 0 descriptions match Volume XXX topics, and none says that a released copy follows.","verified","Deal, Timothy E., Files","Chronological Files","CF00696-006","true","92","43267396","43267396","HTTP Content-Length","Restricted - Possibly","169730","0","7","0","0","8","557","72","217","144","51","4","22","47","7","0","[""Export-Import Bank Support for Arms Sales to Turkey and Greece"",""EXIM Credits for Military Helicopter Sales to Greece and Turkey"",""USTR draft report regarding H.R. 3699, to require reciprocal responses to foreign policies that deny national treatment to U.S. investment."",""ENROLLED BILL HR-2494 INTL DEVELOPMENT & FINANCE ACT OF 1989"",""HK 2494 - To reauthorize the Export-Import Bank tied aid credit fund and pilot. Interest subsidy program, to provide for the participation of the United States in \"""",""NSC Position on HR 2494 \""International Development and Finance Act of 1989\"""",""ENROLLED BILL - HR 2494 \""INTERNATIONAL DEVELOPMENT AND FINANCE ACT OF 1989\"" In accordance with OMB Circular No. A-19, your written views and""]","8","1","7","45","0","7","[{""itemNumber"":""01"",""type"":""Memorandum"",""title"":""Timothy Deal for Robert Gates Re: Replacement for Jerry Leach"",""date"":""12/4/89"",""restriction"":""(b)(6)"",""classification"":""Not stated"",""pages"":3,""sheetDisposition"":""No released copy indicated on the sheet""},{""itemNumber"":""02"",""type"":""Form"",""title"":""Re: [Application]"",""date"":""7/16/89"",""restriction"":""(b)(6)"",""classification"":""Not stated"",""pages"":13,""sheetDisposition"":""No released copy indicated on the sheet""},{""itemNumber"":""03"",""type"":""Form"",""title"":""Re: Application for Federal Employment"",""date"":""5/9/88"",""restriction"":""(b)(6)"",""classification"":""Not stated"",""pages"":12,""sheetDisposition"":""No released copy indicated on the sheet""},{""itemNumber"":""04"",""type"":""Report"",""title"":""Re: [Biographical information]"",""date"":""8/89"",""restriction"":""(b)(6)"",""classification"":""Not stated"",""pages"":1,""sheetDisposition"":""No released copy indicated on the sheet""},{""itemNumber"":""05"",""type"":""Form"",""title"":""Re: Application for Federal Employment"",""date"":""11/30/89"",""restriction"":""(b)(6)"",""classification"":""Not stated"",""pages"":12,""sheetDisposition"":""No released copy indicated on the sheet""},{""itemNumber"":""06"",""type"":""Resume"",""title"":""[Resume]"",""date"":""n.d."",""restriction"":""(b)(6)"",""classification"":""Not stated"",""pages"":2,""sheetDisposition"":""No released copy indicated on the sheet""},{""itemNumber"":""07"",""type"":""Resume"",""title"":""[Resume]"",""date"":""n.d."",""restriction"":""(b)(6)"",""classification"":""Not stated"",""pages"":2,""sheetDisposition"":""No released copy indicated on the sheet""}]","George H.W. Bush Library, Bush Presidential Records, National Security Council, Timothy E. Deal Files, Chronological Files, OA/ID CF00696–006, Chron File: December 1989 [6].","Source: George H.W. Bush Library, Bush Presidential Records, National Security Council, Timothy E. Deal Files, Chronological Files, OA/ID CF00696–006, Chron File: December 1989 [6].","https://catalog.archives.gov/id/452050442","https://catalog.archives.gov/medialz/presidential-libraries/bush/gb-nsc/deal/chron_2554807/41-bpr-nsc-deal-chron-cf00696-006.pdf"
"452050443","1990-01-01","1990-01-31","January 1990 [1]","Catalog folder coverage dates and title; the first-of-month value is a sorting key only","Chron File: January 1990 [1]","CF00696-007","Strategic Trade, Technology, and Investment Controls","Core","Volume XXX review","Strategic trade and technology; Debt, finance, and international institutions; Trade and market access; Timothy E. Deal chronological files","Begin with “World Bank Loans to China David Mulford told me this morning that World Bank Executive”; “to U.S. export controls. It has no contracts with the United States Government involving classified information. 3”; “Minutes of January 27 NSC DC Meeting on COCOM”; “Summary of Conclusions, NSC Deputies Committee Meeting on COCOM”.","52 served-PDF pages; 4 economic-policy subject-line leads; 14 individual withdrawal/redaction sheets describe 45 pages; 7 descriptions match Volume XXX topics, and none says that a released copy follows.","verified","Deal, Timothy E., Files","Chronological Files","CF00696-007","true","52","23756333","23756332","HTTP Content-Length","Restricted - Possibly","77140","0","2","0","11","16","184","14","37","111","2","0","13","7","4","7","[""World Bank Loans to China David Mulford told me this morning that World Bank Executive"",""to U.S. export controls. It has no contracts with the United States Government involving classified information. 3"",""Minutes of January 27 NSC DC Meeting on COCOM"",""Summary of Conclusions, NSC Deputies Committee Meeting on COCOM""]","16","2","14","45","0","14","[{""itemNumber"":""01"",""type"":""Memo"",""title"":""From Deputy Chief, South America-Caribbean Division to Stephen Farrar Re: Bi-Weekly Panama Financial Update"",""date"":""3/2/89"",""restriction"":""(b)(1)"",""classification"":""Secret"",""pages"":1,""sheetDisposition"":""No released copy indicated on the sheet""},{""itemNumber"":""02"",""type"":""Memo"",""title"":""From Chief, South America-Caribbean Division to Timothy Deal Re: Bi-Weekly Panama Financial Update"",""date"":""4/27/89"",""restriction"":""(b)(1)"",""classification"":""Secret"",""pages"":1,""sheetDisposition"":""No released copy indicated on the sheet""},{""itemNumber"":""03"",""type"":""Memo"",""title"":""From Timothy Deal to Brent Scowcroft Re: Foreign Investment in the U.S.: CATIC Acquisition of MAMCO"",""date"":""1/29/90"",""restriction"":""(b)(1)"",""classification"":""Secret"",""pages"":2,""sheetDisposition"":""No released copy indicated on the sheet""},{""itemNumber"":""04"",""type"":""Memo"",""title"":""From Brent Scowcroft to POTUS Re: Foreign Investment in the U.S.: CATIC Acquisition of MAMCO"",""date"":""1/31/90"",""restriction"":""(b)(1)"",""classification"":""Secret"",""pages"":4,""sheetDisposition"":""No released copy indicated on the sheet""},{""itemNumber"":""05"",""type"":""Memo"",""title"":""From Nicholas Brady to POTUS Re: MAMCO Investigation"",""date"":""1/18/90"",""restriction"":""(b)(1)"",""classification"":""Secret"",""pages"":1,""sheetDisposition"":""No released copy indicated on the sheet""},{""itemNumber"":""06"",""type"":""Report"",""title"":""Re: CFIUS Report on Investigation of CATIC/MAMCO Acquisition"",""date"":""1/15/90"",""restriction"":""(b)(1)"",""classification"":""Secret"",""pages"":7,""sheetDisposition"":""No released copy indicated on the sheet""},{""itemNumber"":""07"",""type"":""Memo"",""title"":""From William Barr to POTUS Re: Proposed Presidential Order"",""date"":""1/26/90"",""restriction"":""(b)(1)"",""classification"":""Secret"",""pages"":1,""sheetDisposition"":""No released copy indicated on the sheet""},{""itemNumber"":""08"",""type"":""Memo"",""title"":""From G. Philip Hughes to James Cicconi Re: Proposed Press Releases"",""date"":""n.d."",""restriction"":""(b)(1)"",""classification"":""Secret"",""pages"":1,""sheetDisposition"":""No released copy indicated on the sheet""},{""itemNumber"":""09"",""type"":""Report"",""title"":""Re: CATIC"",""date"":""1/4/90"",""restriction"":""(b)(1)"",""classification"":""Secret"",""pages"":2,""sheetDisposition"":""No released copy indicated on the sheet""},{""itemNumber"":""10"",""type"":""Memo"",""title"":""Re: CATIC"",""date"":""1/5/90"",""restriction"":""(b)(1)"",""classification"":""Secret"",""pages"":6,""sheetDisposition"":""No released copy indicated on the sheet""},{""itemNumber"":""11"",""type"":""Paper"",""title"":""Re: Assessment of the Proposed CATIC/MAMCO Sale"",""date"":""n.d."",""restriction"":""(b)(1)"",""classification"":""Secret"",""pages"":1,""sheetDisposition"":""No released copy indicated on the sheet""},{""itemNumber"":""12"",""type"":""Memo"",""title"":""Re: CFIUS Investigation"",""date"":""12/20/89"",""restriction"":""(b)(1)"",""classification"":""Secret"",""pages"":10,""sheetDisposition"":""No released copy indicated on the sheet""},{""itemNumber"":""13"",""type"":""Minutes"",""title"":""Re: Meeting of the NSC Deputies Committee"",""date"":""1/27/90"",""restriction"":""(b)(1)"",""classification"":""Secret"",""pages"":6,""sheetDisposition"":""No released copy indicated on the sheet""},{""itemNumber"":""14"",""type"":""Summary"",""title"":""Re: Summary of Conclusions for NSC Deputies Committee"",""date"":""1/27/90"",""restriction"":""(b)(1)"",""classification"":""Secret"",""pages"":2,""sheetDisposition"":""No released copy indicated on the sheet""}]","George H.W. Bush Library, Bush Presidential Records, National Security Council, Timothy E. Deal Files, Chronological Files, OA/ID CF00696–007, Chron File: January 1990 [1].","Source: George H.W. Bush Library, Bush Presidential Records, National Security Council, Timothy E. Deal Files, Chronological Files, OA/ID CF00696–007, Chron File: January 1990 [1].","https://catalog.archives.gov/id/452050443","https://catalog.archives.gov/medialz/presidential-libraries/bush/gb-nsc/deal/chron_2554807/41-bpr-nsc-deal-chron-cf00696-007.pdf"
"452050444","1990-01-01","1990-01-31","January 1990 [2]","Catalog folder coverage dates and title; the first-of-month value is a sorting key only","Chron File: January 1990 [2]","CF00696-008","Strategic Trade, Technology, and Investment Controls","Core","Volume XXX review","Strategic trade and technology; Transition economies and economic reform; Trade and market access; Timothy E. Deal chronological files","Begin with “Letter from Patrick Shea regarding Eastern Europe Patrick Shea has written you proposing a Fellows program of”; “NSC Deputies Committee Meeting on COCOM Attached at Tab I is a memorandum notifying agencies of an NSC”; “NSC Deputies Committee Meeting on COCOM, January 27, 1990 (e)”; “ECONOMIC POLICY COUNCIL MEETING --REVISED PAPER FOR JANUARY 23rd MEETING”.","102 served-PDF pages; 5 economic-policy subject-line leads; 8 individual withdrawal/redaction sheets describe 28 pages; 4 descriptions match Volume XXX topics, and none says that a released copy follows.","verified","Deal, Timothy E., Files","Chronological Files","CF00696-008","true","102","53618574","53618576","HTTP Content-Length","Restricted - Possibly","191049","0","3","0","0","9","419","31","37","299","21","15","10","6","5","4","[""Letter from Patrick Shea regarding Eastern Europe Patrick Shea has written you proposing a Fellows program of"",""NSC Deputies Committee Meeting on COCOM Attached at Tab I is a memorandum notifying agencies of an NSC"",""NSC Deputies Committee Meeting on COCOM, January 27, 1990 (e)"",""ECONOMIC POLICY COUNCIL MEETING --REVISED PAPER FOR JANUARY 23rd MEETING"",""Economic Policy Council Meeting on January 23 A slightly revised paper for tomorrow's Economic Policy Council""]","9","1","8","28","0","8","[{""itemNumber"":""01"",""type"":""Memo"",""title"":""From Timothy Deal to Brent Scowcroft Re: IEPR Breakfast, January 26, 1990"",""date"":""1/26/90"",""restriction"":""(b)(1)"",""classification"":""Secret"",""pages"":2,""sheetDisposition"":""No released copy indicated on the sheet""},{""itemNumber"":""02"",""type"":""Memo"",""title"":""From Timothy Deal to Robert Gates Re: NSC Deputies Committee Meeting"",""date"":""1/26/89"",""restriction"":""(b)(1)"",""classification"":""Secret"",""pages"":1,""sheetDisposition"":""No released copy indicated on the sheet""},{""itemNumber"":""03"",""type"":""Talking points"",""title"":""Re: Talking Points"",""date"":""n.d."",""restriction"":""(b)(1)"",""classification"":""Secret"",""pages"":2,""sheetDisposition"":""No released copy indicated on the sheet""},{""itemNumber"":""04"",""type"":""Memo"",""title"":""From Timothy Deal/Eric Melby to Brent Scowcroft Re: IEPR Breakfast, 7:30 a.m., Friday, January 26"",""date"":""1/25/90"",""restriction"":""(b)(1)"",""classification"":""Secret"",""pages"":3,""sheetDisposition"":""No released copy indicated on the sheet""},{""itemNumber"":""05"",""type"":""Memo"",""title"":""From Timothy Deal to Robert Gates Re: COCOM"",""date"":""1/22/90"",""restriction"":""(b)(1)"",""classification"":""Secret"",""pages"":1,""sheetDisposition"":""No released copy indicated on the sheet""},{""itemNumber"":""06"",""type"":""Paper"",""title"":""Re: US Computer Proposal for COCOM"",""date"":""1/19/90"",""restriction"":""(b)(1)"",""classification"":""Confidential"",""pages"":3,""sheetDisposition"":""No released copy indicated on the sheet""},{""itemNumber"":""07"",""type"":""Paper"",""title"":""Re: Eastern Europe Telecom Proposal"",""date"":""1/19/90"",""restriction"":""(b)(1)"",""classification"":""Secret"",""pages"":2,""sheetDisposition"":""No released copy indicated on the sheet""},{""itemNumber"":""08"",""type"":""Paper"",""title"":""Re: Strategic Petroleum Reserve Option Paper"",""date"":""n.d."",""restriction"":""(b)(1)"",""classification"":""Not stated"",""pages"":14,""sheetDisposition"":""No released copy indicated on the sheet""}]","George H.W. Bush Library, Bush Presidential Records, National Security Council, Timothy E. Deal Files, Chronological Files, OA/ID CF00696–008, Chron File: January 1990 [2].","Source: George H.W. Bush Library, Bush Presidential Records, National Security Council, Timothy E. Deal Files, Chronological Files, OA/ID CF00696–008, Chron File: January 1990 [2].","https://catalog.archives.gov/id/452050444","https://catalog.archives.gov/medialz/presidential-libraries/bush/gb-nsc/deal/chron_2554807/41-bpr-nsc-deal-chron-cf00696-008.pdf"
"452050445","1990-01-01","1990-01-31","January 1990 [3]","Catalog folder coverage dates and title; the first-of-month value is a sorting key only","Chron File: January 1990 [3]","CF00696-009","Transition Economies and International Economic Strategy","Core","Volume XXX review","Transition economies and economic reform; Debt, finance, and international institutions; Strategic trade and technology; Timothy E. Deal chronological files","Begin with “EPC Meeting on January 19 The EPC met on January 19 under Nick Brady's chairmanship to”; “National Security Council Meeting on International Economic Policy: Key Strategic”; “Draft NSR on COCOM Policy Attached is a complicated memo and an even more complicated NSR”; “European Bank for Reconstruction and Development (EBRD) : Your Meeting with Baker and Brady,”.","77 served-PDF pages; 9 economic-policy subject-line leads; 9 individual withdrawal/redaction sheets describe 28 pages; 4 descriptions match Volume XXX topics, and none says that a released copy follows.","verified","Deal, Timothy E., Files","Chronological Files","CF00696-009","true","77","31329131","31329132","HTTP Content-Length","Restricted - Possibly","90188","1","6","0","5","10","240","69","84","55","4","0","1","27","9","4","[""EPC Meeting on January 19 The EPC met on January 19 under Nick Brady's chairmanship to"",""National Security Council Meeting on International Economic Policy: Key Strategic"",""Draft NSR on COCOM Policy Attached is a complicated memo and an even more complicated NSR"",""European Bank for Reconstruction and Development (EBRD) : Your Meeting with Baker and Brady,"",""European Bank for Reconstruction and Development (EBRD)"",""Summary of Conclusions of Meeting with Secretaries Baker and Brady on January 9:"",""Request for Presidential Video Message from the World Economic Forum"",""Presidential Video Message for the World Economic Forum"",""REQUEST FOR PRESIDENTIAL VIDEO MESSAGE FROM THE WORLD ECONOMIC FORUM""]","10","1","9","28","0","9","[{""itemNumber"":""01"",""type"":""Minutes"",""title"":""Re: Meeting of the National Security Council"",""date"":""1/18/90"",""restriction"":""(b)(1)"",""classification"":""Secret"",""pages"":8,""sheetDisposition"":""No released copy indicated on the sheet""},{""itemNumber"":""02"",""type"":""Memo"",""title"":""From Timothy Deal to Brent Scowcroft Re: Negotiations for the European Bank for Reconstruction and Development"",""date"":""1/22/90"",""restriction"":""(b)(1)"",""classification"":""Confidential"",""pages"":3,""sheetDisposition"":""No released copy indicated on the sheet""},{""itemNumber"":""03"",""type"":""Memo"",""title"":""From Under Secretary Mulford, et al. to Secretary Brady, et al. Re: EBRD Negotiations"",""date"":""1/16/90"",""restriction"":""(b)(1)"",""classification"":""Confidential"",""pages"":3,""sheetDisposition"":""No released copy indicated on the sheet""},{""itemNumber"":""04"",""type"":""Memo"",""title"":""From Richard Barth to Brent Scowcroft Re: NSR on COCOM Policy"",""date"":""1/10/90"",""restriction"":""(b)(1)"",""classification"":""Secret"",""pages"":4,""sheetDisposition"":""No released copy indicated on the sheet""},{""itemNumber"":""05"",""type"":""Draft"",""title"":""Re: COCOM Policy towards Eastern Europe and the Soviet Union"",""date"":""n.d."",""restriction"":""(b)(1)"",""classification"":""Secret"",""pages"":3,""sheetDisposition"":""No released copy indicated on the sheet""},{""itemNumber"":""06"",""type"":""Summary"",""title"":""Re: Summary of Conclusions of PCC-Technology Transfer Meeting"",""date"":""1/9/90"",""restriction"":""(b)(1)"",""classification"":""Secret"",""pages"":1,""sheetDisposition"":""No released copy indicated on the sheet""},{""itemNumber"":""07"",""type"":""Minutes"",""title"":""Re: PCC on Technology Transfer"",""date"":""1/4/90"",""restriction"":""(b)(1)"",""classification"":""Secret"",""pages"":2,""sheetDisposition"":""No released copy indicated on the sheet""},{""itemNumber"":""08"",""type"":""Memo"",""title"":""From Timothy Deal to Brent Scowcroft Re: World Bank Loans to China"",""date"":""1/8/90"",""restriction"":""(b)(1)"",""classification"":""Confidential"",""pages"":2,""sheetDisposition"":""No released copy indicated on the sheet""},{""itemNumber"":""09"",""type"":""Memo"",""title"":""From Timothy Deal to Brent Scowcroft Re: European Bank for Reconstruction and Development"",""date"":""1/8/90"",""restriction"":""(b)(1)"",""classification"":""Confidential"",""pages"":2,""sheetDisposition"":""No released copy indicated on the sheet""}]","George H.W. Bush Library, Bush Presidential Records, National Security Council, Timothy E. Deal Files, Chronological Files, OA/ID CF00696–009, Chron File: January 1990 [3].","Source: George H.W. Bush Library, Bush Presidential Records, National Security Council, Timothy E. Deal Files, Chronological Files, OA/ID CF00696–009, Chron File: January 1990 [3].","https://catalog.archives.gov/id/452050445","https://catalog.archives.gov/medialz/presidential-libraries/bush/gb-nsc/deal/chron_2554807/41-bpr-nsc-deal-chron-cf00696-009.pdf"
"452050446","1990-02-01","1990-02-28","February 1990 [1]","Catalog folder coverage dates and title; the first-of-month value is a sorting key only","Chron File: February 1990 [1]","CF00696-010","Trade Policy and Market Access","Core","Volume XXX review","Trade and market access; Transition economies and economic reform; Economic summits and G-7 coordination; Timothy E. Deal chronological files","Begin with “Commerce Testimony on Eastern Europe, EC 1992 and Foreign Investment”; “Commerce testimony on Eastern Europe, EC 1992, and foreign investment. The Office of Management and Budget requests the views of your”; “to export controls. initiatives are under consideration in other product sectors that are The incipient private sectors in Eastern Europe pose many”; “ATTENDANCE AT TREASURY ""G-7"" CONSULTATIONS <TEXT> BT”.","94 served-PDF pages; 19 economic-policy subject-line leads; 3 individual withdrawal/redaction sheets describe 13 pages; 0 descriptions match Volume XXX topics, and none says that a released copy follows.","verified","Deal, Timothy E., Files","Chronological Files","CF00696-010","true","94","44802999","44803000","HTTP Content-Length","Restricted - Possibly","137232","3","4","0","2","4","575","148","33","336","3","14","18","23","19","0","[""Commerce Testimony on Eastern Europe, EC 1992 and Foreign Investment"",""Commerce testimony on Eastern Europe, EC 1992, and foreign investment. The Office of Management and Budget requests the views of your"",""to export controls. initiatives are under consideration in other product sectors that are The incipient private sectors in Eastern Europe pose many"",""ATTENDANCE AT TREASURY \""G-7\"" CONSULTATIONS <TEXT> BT"",""ATTENDANCE AT TREASURY \""G-7\"" CONSULTATIONS 1. (CONFIDENTIAL - ENTIRE TEXT) -"",""ATTENDANCE AT TREASURY \""G-7\"" CONSULTATIONS KIND. MR. MULFORD ALSO SUGGESTED A PREVIOUS PRECEDENT, BUT HE NEGLECTED TO MENTION THAT IT WAS A MEETING IN"",""Follow-up to NSC Meeting on International Economic Policy Objectives"",""Economic Directorate Activities For your information, here is a summary of major work underway or"",""Decision Memo on Telecommunications Trade The response block at Tab I indicates that the NSC staff concurs"",""DECISION MEMO ON TELECOMMUNICATIONS TRADE"",""Telecommunications Trade Ambassador Carla A. Hills has recommended that you extend"",""Action on European and Korea Telecommunications Trade Negotiations under the 1988 Trade Act ISSUE AND RECOMMENDATION"",""NSC Representation on U.S. -Soviet Trade Talks Both Eric Melby and Adrian Basora participated in the U.S. -Soviet"",""Letters of Invitation to White House Conference on Science and Economics Research"",""Porter Memo on Trade Policy in 1990 Attached for your signature at Tab I is a memorandum providing"",""Trade Policy in 1990 The NSC staff concurs in your assessment (Tab A) of trade"",""MEMO ON TRADE POLICY IN 1990"",""Trade Policy in 1990 This memorandum assesses the Administration's record on"",""EBRD The British will host a G-7 Deputies meeting on February 26 in""]","4","1","3","13","0","3","[{""itemNumber"":""01"",""type"":""Memo"",""title"":""From Karl Jackson to Brent Scowcroft Re: Kaifu Visit: What We Should Try to Achieve"",""date"":""2/23/90"",""restriction"":""(b)(1)"",""classification"":""Secret"",""pages"":3,""sheetDisposition"":""No released copy indicated on the sheet""},{""itemNumber"":""02"",""type"":""Talking points"",""title"":""Re: Points to be Made for Meeting with Prime Minister Toshiki Kaifu"",""date"":""2/27/90"",""restriction"":""(b)(1)"",""classification"":""Secret"",""pages"":5,""sheetDisposition"":""No released copy indicated on the sheet""},{""itemNumber"":""03"",""type"":""Cable"",""title"":""Re: CATIC/MAMCO -- Additional Talking Points"",""date"":""2/21/90"",""restriction"":""(b)(1)"",""classification"":""Secret"",""pages"":5,""sheetDisposition"":""No released copy indicated on the sheet""}]","George H.W. Bush Library, Bush Presidential Records, National Security Council, Timothy E. Deal Files, Chronological Files, OA/ID CF00696–010, Chron File: February 1990 [1].","Source: George H.W. Bush Library, Bush Presidential Records, National Security Council, Timothy E. Deal Files, Chronological Files, OA/ID CF00696–010, Chron File: February 1990 [1].","https://catalog.archives.gov/id/452050446","https://catalog.archives.gov/medialz/presidential-libraries/bush/gb-nsc/deal/chron_2554807/41-bpr-nsc-deal-chron-cf00696-010.pdf"
"452050447","1990-02-01","1990-02-28","February 1990 [2]","Catalog folder coverage dates and title; the first-of-month value is a sorting key only","Chron File: February 1990 [2]","CF00696-011","Transition Economies and International Economic Strategy","Consider","Selective review","Transition economies and economic reform; Strategic trade and technology; Timothy E. Deal chronological files","Begin with “European Bank for Reconstruction and Development (EBRD)”; “Next Steps On the EBRD Status of Negotiations”; “National Security Council Meeting on COCOM (S)”; “From Allan Wendt to Timothy Deal Re: USG Interim Draft Proposals for COCOM and Eastern Europe”.","66 served-PDF pages; 3 economic-policy subject-line leads; 13 individual withdrawal/redaction sheets describe 69 pages; 2 descriptions match Volume XXX topics, and none says that a released copy follows.","verified","Deal, Timothy E., Files","Chronological Files","CF00696-011","true","66","30058889","30058888","HTTP Content-Length","Restricted - Possibly","92174","7","6","0","6","15","140","24","48","37","1","18","2","10","3","2","[""European Bank for Reconstruction and Development (EBRD)"",""Next Steps On the EBRD Status of Negotiations"",""National Security Council Meeting on COCOM (S)""]","15","2","13","69","0","13","[{""itemNumber"":""01"",""type"":""Summary"",""title"":""Re: Summary of Conclusions of DC Meeting on Technology Transfer"",""date"":""2/2/90"",""restriction"":""(b)(1)"",""classification"":""Secret"",""pages"":2,""sheetDisposition"":""No released copy indicated on the sheet""},{""itemNumber"":""02"",""type"":""Minutes"",""title"":""Re: Meeting of the NSC Deputies Committee"",""date"":""2/2/90"",""restriction"":""(b)(1)"",""classification"":""Top Secret"",""pages"":6,""sheetDisposition"":""No released copy indicated on the sheet""},{""itemNumber"":""03"",""type"":""Memo"",""title"":""From Richard Barth to Robert Gates Re: NSC Deputies Committee Meeting"",""date"":""2/1/90"",""restriction"":""(b)(1)"",""classification"":""Secret"",""pages"":1,""sheetDisposition"":""No released copy indicated on the sheet""},{""itemNumber"":""04"",""type"":""Talking points"",""title"":""Re: Points to be Made for DC Meeting on Fiber Optics"",""date"":""n.d."",""restriction"":""(b)(1)"",""classification"":""Secret"",""pages"":1,""sheetDisposition"":""No released copy indicated on the sheet""},{""itemNumber"":""05"",""type"":""Agenda"",""title"":""Re: NSC Deputies Committee Meeting"",""date"":""2/2/90"",""restriction"":""(b)(1)"",""classification"":""Secret"",""pages"":1,""sheetDisposition"":""No released copy indicated on the sheet""},{""itemNumber"":""06"",""type"":""Paper"",""title"":""Re: Overview of Fiber Optics Cases"",""date"":""n.d."",""restriction"":""(b)(1)"",""classification"":""Secret"",""pages"":1,""sheetDisposition"":""No released copy indicated on the sheet""},{""itemNumber"":""07"",""type"":""Memo"",""title"":""From Eric Melby to Robert Gates Re: Fiber Optics"",""date"":""1/16/90"",""restriction"":""(b)(1)"",""classification"":""Top Secret"",""pages"":2,""sheetDisposition"":""No released copy indicated on the sheet""},{""itemNumber"":""08"",""type"":""Report"",""title"":""Re: [classified title]"",""date"":""1/90"",""restriction"":""(b)(1)"",""classification"":""Top Secret"",""pages"":19,""sheetDisposition"":""No released copy indicated on the sheet""},{""itemNumber"":""09"",""type"":""Report"",""title"":""Re: [classified title]"",""date"":""12/89"",""restriction"":""(b)(1)"",""classification"":""Top Secret"",""pages"":14,""sheetDisposition"":""No released copy indicated on the sheet""},{""itemNumber"":""10"",""type"":""Paper"",""title"":""Re: Proposed Work Plan"",""date"":""1/30/90"",""restriction"":""(b)(1)"",""classification"":""Secret"",""pages"":3,""sheetDisposition"":""No released copy indicated on the sheet""},{""itemNumber"":""11"",""type"":""Memo"",""title"":""From Allan Wendt to Timothy Deal Re: USG Interim Draft Proposals for COCOM and Eastern Europe"",""date"":""n.d."",""restriction"":""(b)(1)"",""classification"":""Secret"",""pages"":9,""sheetDisposition"":""No released copy indicated on the sheet"",""possibleDuplicateMatch"":""Possible duplicate or parallel copy: CF00696–011 item 13.""},{""itemNumber"":""12"",""type"":""Memo"",""title"":""From G. Philip Hughes to Carne Lord, et al. Re: Background Paper for NSC Deputies Committee Meeting"",""date"":""n.d."",""restriction"":""(b)(1)"",""classification"":""Confidential"",""pages"":1,""sheetDisposition"":""No released copy indicated on the sheet""},{""itemNumber"":""13"",""type"":""Memo"",""title"":""From Allan Wendt to Timothy Deal Re: USG Interim Draft Proposals for COCOM and Eastern Europe"",""date"":""n.d."",""restriction"":""(b)(1)"",""classification"":""Secret"",""pages"":9,""sheetDisposition"":""No released copy indicated on the sheet"",""possibleDuplicateMatch"":""Possible duplicate or parallel copy: CF00696–011 item 11.""}]","George H.W. Bush Library, Bush Presidential Records, National Security Council, Timothy E. Deal Files, Chronological Files, OA/ID CF00696–011, Chron File: February 1990 [2].","Source: George H.W. Bush Library, Bush Presidential Records, National Security Council, Timothy E. Deal Files, Chronological Files, OA/ID CF00696–011, Chron File: February 1990 [2].","https://catalog.archives.gov/id/452050447","https://catalog.archives.gov/medialz/presidential-libraries/bush/gb-nsc/deal/chron_2554807/41-bpr-nsc-deal-chron-cf00696-011.pdf"
"452050448","1990-03-01","1990-03-31","March 1990 [1]","Catalog folder coverage dates and title; the first-of-month value is a sorting key only","Chron File: March 1990 [1]","CF00696-012","Transition Economies and International Economic Strategy","Consider","Selective review","Transition economies and economic reform; Debt, finance, and international institutions; Timothy E. Deal chronological files","Begin with “German Unification: Economic Impact German unification could have profound economic implications.”; “TREASURY DRAFT TESTIMONY RE EBRD / STATEMENT BY MULFORD BEFORE SEN FORN RELATIONS COM / MAR 22”; “Treasury draft testimony on the European Bank for Reconstruction and Development (EBRD). The Office of Management and Budget requests the views of your”; “Recent Developments Here's a summary of key developments in the Economics Directorate”.","184 served-PDF pages; 4 economic-policy subject-line leads; 5 individual withdrawal/redaction sheets describe 9 pages; 0 descriptions match Volume XXX topics, and none says that a released copy follows.","verified","Deal, Timothy E., Files","Chronological Files","CF00696-012","true","184","92856289","92856288","HTTP Content-Length","Restricted - Possibly","310043","2","4","0","0","6","656","163","94","359","3","14","3","20","4","0","[""German Unification: Economic Impact German unification could have profound economic implications."",""TREASURY DRAFT TESTIMONY RE EBRD / STATEMENT BY MULFORD BEFORE SEN FORN RELATIONS COM / MAR 22"",""Treasury draft testimony on the European Bank for Reconstruction and Development (EBRD). The Office of Management and Budget requests the views of your"",""Recent Developments Here's a summary of key developments in the Economics Directorate""]","6","1","5","9","0","5","[{""itemNumber"":""01"",""type"":""Memo"",""title"":""From Timothy Deal to Robert Gates Re: Fiber Optics"",""date"":""3/28/90"",""restriction"":""(b)(1)"",""classification"":""Secret"",""pages"":1,""sheetDisposition"":""No released copy indicated on the sheet""},{""itemNumber"":""02"",""type"":""Minutes"",""title"":""Re: PCC-Technology Transfer"",""date"":""3/15/90"",""restriction"":""(b)(1)"",""classification"":""Secret"",""pages"":2,""sheetDisposition"":""No released copy indicated on the sheet""},{""itemNumber"":""03"",""type"":""Chart"",""title"":""Re: NSR-22"",""date"":""n.d."",""restriction"":""(b)(1)"",""classification"":""Secret"",""pages"":1,""sheetDisposition"":""No released copy indicated on the sheet""},{""itemNumber"":""04"",""type"":""Memo"",""title"":""From Timothy Deal to Brent Scowcroft Re: Draft NSR on Latin America"",""date"":""3/19/90"",""restriction"":""(b)(1)"",""classification"":""Secret"",""pages"":2,""sheetDisposition"":""No released copy indicated on the sheet""},{""itemNumber"":""05"",""type"":""Message"",""title"":""Re: Letter from Austrian Chancellor Vranitzky to President Bush"",""date"":""3/14/90"",""restriction"":""(b)(1)"",""classification"":""Confidential"",""pages"":3,""sheetDisposition"":""No released copy indicated on the sheet""}]","George H.W. Bush Library, Bush Presidential Records, National Security Council, Timothy E. Deal Files, Chronological Files, OA/ID CF00696–012, Chron File: March 1990 [1].","Source: George H.W. Bush Library, Bush Presidential Records, National Security Council, Timothy E. Deal Files, Chronological Files, OA/ID CF00696–012, Chron File: March 1990 [1].","https://catalog.archives.gov/id/452050448","https://catalog.archives.gov/medialz/presidential-libraries/bush/gb-nsc/deal/chron_2554807/41-bpr-nsc-deal-chron-cf00696-012.pdf"
"452050449","1990-03-01","1990-03-31","March 1990 [2]","Catalog folder coverage dates and title; the first-of-month value is a sorting key only","Chron File: March 1990 [2]","CF00696-013","Transition Economies and International Economic Strategy","Core","Volume XXX review","Transition economies and economic reform; Debt, finance, and international institutions; Trade and market access; Timothy E. Deal chronological files","Begin with “Presidential message for the Office Information and Telecommunications Trade Fair taking place in Hannover”; “REPLY TO CHANCELLOR KOHL'S LETTER TO PRESIDENT RDK BUSH PROPOSING BERLIN AS THE HEADQUARTERS FOR THE EBRD”; “EBRD Although press reports painted a different picture, the EBRD”; “Proposed International Education Summit Conference Thank you for the opportunity to review the proposal by the”.","132 served-PDF pages; 12 economic-policy subject-line leads; 3 individual withdrawal/redaction sheets describe 10 pages; 2 descriptions match Volume XXX topics, and none says that a released copy follows.","verified","Deal, Timothy E., Files","Chronological Files","CF00696-013","true","132","62520231","62520232","HTTP Content-Length","Restricted - Possibly","183196","8","10","0","0","4","402","142","45","130","7","30","9","39","12","2","[""Presidential message for the Office Information and Telecommunications Trade Fair taking place in Hannover"",""REPLY TO CHANCELLOR KOHL'S LETTER TO PRESIDENT RDK BUSH PROPOSING BERLIN AS THE HEADQUARTERS FOR THE EBRD"",""EBRD Although press reports painted a different picture, the EBRD"",""Proposed International Education Summit Conference Thank you for the opportunity to review the proposal by the"",""International Education Summit Conference Attached please find a proposal from Ken Lay for the University"",""Secretary Brady's Meeting with the President, 1:30 p.m., March 8, Oval Office"",""EBRD: Your Meeting with Secretaries Baker and Brady (2:30 p.m., March 7, Your Office)"",""European Bank for Reconstruction and Development (EBRD)"",""WHITE HOUSE CONFERENCE ON SCIENCE AND ECONOMICS NSCS RESEARCH RELATED TO GLOBAL CHANGE"",""INTERNATIONAL TRADE COMMISSION UNDER SECTION 337"",""Policy Review of Temporary Orders Issued by the U.S. International Trade Commission Under"",""Meeting of the Economic Policy Council The Economic Policy Council will meet at 5:00 p.m.,""]","4","1","3","10","0","3","[{""itemNumber"":""01"",""type"":""Minutes"",""title"":""Re: PCC-Technology Transfer"",""date"":""3/1/90"",""restriction"":""(b)(1)"",""classification"":""Secret"",""pages"":2,""sheetDisposition"":""No released copy indicated on the sheet""},{""itemNumber"":""02"",""type"":""Memo"",""title"":""From Timothy Deal to Brent Scowcroft Re: Draft NSR on Latin America: Your Luncheon with Sedcretary Brady"",""date"":""3/1/90"",""restriction"":""(b)(1)"",""classification"":""Secret"",""pages"":2,""sheetDisposition"":""No released copy indicated on the sheet""},{""itemNumber"":""03"",""type"":""Draft"",""title"":""Re: U.S. Economic Policy toward Latin America"",""date"":""3/7/90"",""restriction"":""(b)(1)"",""classification"":""Secret"",""pages"":6,""sheetDisposition"":""No released copy indicated on the sheet""}]","George H.W. Bush Library, Bush Presidential Records, National Security Council, Timothy E. Deal Files, Chronological Files, OA/ID CF00696–013, Chron File: March 1990 [2].","Source: George H.W. Bush Library, Bush Presidential Records, National Security Council, Timothy E. Deal Files, Chronological Files, OA/ID CF00696–013, Chron File: March 1990 [2].","https://catalog.archives.gov/id/452050449","https://catalog.archives.gov/medialz/presidential-libraries/bush/gb-nsc/deal/chron_2554807/41-bpr-nsc-deal-chron-cf00696-013.pdf"
"452050450","1990-04-01","1990-04-30","April 1990 [1]","Catalog folder coverage dates and title; the first-of-month value is a sorting key only","Chron File: April 1990 [1]","CF00696-014","Economic Summits and Industrialized-Country Cooperation","Core","Volume XXX review","Economic summits and G-7 coordination; Transition economies and economic reform; Trade and market access; Timothy E. Deal chronological files","Begin with “National Security Directive on COCOM Policy towards Eastern Europe and the”; “National Security Directive on COCOM The NSD at Tab A sets forth your decisions on issues relating to”; “COCOM Policy towards Eastern Europe and the Soviet Union”; “DEPT OF TREASURY DRAFT RPT RE CUSTOMS USER FEE PROVISIONS / HR- 1594 MINI TRADE BILL”.","160 served-PDF pages; 13 economic-policy subject-line leads; 1 individual withdrawal/redaction sheets describe 9 pages; 0 descriptions match Volume XXX topics, and none says that a released copy follows.","verified","Deal, Timothy E., Files","Chronological Files","CF00696-014","true","160","88460691","88460688","HTTP Content-Length","Restricted - Possibly","289506","7","8","0","5","2","414","155","36","130","26","26","4","37","13","0","[""National Security Directive on COCOM Policy towards Eastern Europe and the"",""National Security Directive on COCOM The NSD at Tab A sets forth your decisions on issues relating to"",""COCOM Policy towards Eastern Europe and the Soviet Union"",""DEPT OF TREASURY DRAFT RPT RE CUSTOMS USER FEE PROVISIONS / HR- 1594 MINI TRADE BILL"",""Department of the Treasury draft report on the Customs user fee provisions of H.R. 1594, the mini-trade bill.\"" NOTE: We' understand that the conference on H.R. 1594 may begin next"",""Draft Thematic Language on the Environment for the May Sherpa Summit Meeting"",""Draft Thematic Language on the Environment for the Houston Summit Attached for your comment and clearance is the draft thematic"",""Houston Summit Thematic Paper on the Environment Although the thematic paper draft for the Houston Summit is"",""Presidential message for the 1990 National Association of Small Business Internaitonal Trade Educators Conference"",""INFORMAL MINISTERIAL MTG IN APR RE URUGUAY ROUND NEGOTIATIONS"",""Informal Ministerial Meeting on the Uruguay Round Last week, Mexico's Minister for Commerce and Industrial"",""Redraft of Thematic Language on the Environment for the Houston Economic Summit"",""Travel to Poland and Hungary of U.S. Small Business Administrator Susan Engeleiter for OPIC. Meetings WH Referral Dated: April 24, 1990""]","2","1","1","9","0","1","[{""itemNumber"":""01"",""type"":""Minutes"",""title"":""Re: Meeting of the NSC Deputies Committee"",""date"":""4/11/90"",""restriction"":""(b)(1)"",""classification"":""Secret"",""pages"":9,""sheetDisposition"":""No released copy indicated on the sheet""}]","George H.W. Bush Library, Bush Presidential Records, National Security Council, Timothy E. Deal Files, Chronological Files, OA/ID CF00696–014, Chron File: April 1990 [1].","Source: George H.W. Bush Library, Bush Presidential Records, National Security Council, Timothy E. Deal Files, Chronological Files, OA/ID CF00696–014, Chron File: April 1990 [1].","https://catalog.archives.gov/id/452050450","https://catalog.archives.gov/medialz/presidential-libraries/bush/gb-nsc/deal/chron_2554807/41-bpr-nsc-deal-chron-cf00696-014.pdf"
"452050451","1990-04-01","1990-04-30","April 1990 [2]","Catalog folder coverage dates and title; the first-of-month value is a sorting key only","Chron File: April 1990 [2]","CF00696-015","Monetary Policy, Debt, and International Institutions","Core","Volume XXX review","Debt, finance, and international institutions; Strategic trade and technology; Transition economies and economic reform; Timothy E. Deal chronological files","Begin with “Economic Policy Council Meeting - April 26, 1990”; “TREASURY DRAFT PROPOSAL RE PARTICIPATION OF US IN EBRD”; “Treasury draft proposal, ""To provide for the participation of the United States in the European Bank for Reconstruction and Development.”; “US ECONOMIC POLICY TWD LATIN AMER”.","113 served-PDF pages; 5 economic-policy subject-line leads; 12 individual withdrawal/redaction sheets describe 36 pages; 4 descriptions match Volume XXX topics, and none says that a released copy follows.","verified","Deal, Timothy E., Files","Chronological Files","CF00696-015","true","113","52559901","52559900","HTTP Content-Length","Restricted - Possibly","153491","1","5","0","13","14","328","65","39","193","2","7","7","15","5","4","[""Economic Policy Council Meeting - April 26, 1990"",""TREASURY DRAFT PROPOSAL RE PARTICIPATION OF US IN EBRD"",""Treasury draft proposal, \""To provide for the participation of the United States in the European Bank for Reconstruction and Development."",""US ECONOMIC POLICY TWD LATIN AMER"",""MEETING BETWEEN VP QUAYLE AND FRG AID MINISTER JM REF:""]","14","2","12","36","0","12","[{""itemNumber"":""01"",""type"":""Summary"",""title"":""Re: Summary of Conclusions for NSC Deputies Committee Meeting"",""date"":""4/20/90"",""restriction"":""(b)(1)"",""classification"":""Secret"",""pages"":2,""sheetDisposition"":""No released copy indicated on the sheet""},{""itemNumber"":""02"",""type"":""Minutes"",""title"":""Re: Meeting of NSC Deputies Committee"",""date"":""4/20/90"",""restriction"":""(b)(1)"",""classification"":""Secret"",""pages"":9,""sheetDisposition"":""No released copy indicated on the sheet""},{""itemNumber"":""03"",""type"":""Memo"",""title"":""From Timothy Deal to Brent Scowcroft Re: Fiber Optics"",""date"":""4/19/90"",""restriction"":""(b)(1)"",""classification"":""Top Secret"",""pages"":1,""sheetDisposition"":""No released copy indicated on the sheet""},{""itemNumber"":""04"",""type"":""Talking points"",""title"":""Re: COCOM"",""date"":""n.d."",""restriction"":""(b)(1)"",""classification"":""Not stated"",""pages"":1,""sheetDisposition"":""No released copy indicated on the sheet""},{""itemNumber"":""05"",""type"":""Summary"",""title"":""Re: Summary of Conclusions for NSC Deputies Committee Meeting"",""date"":""4/11/90"",""restriction"":""(b)(1)"",""classification"":""Secret"",""pages"":2,""sheetDisposition"":""No released copy indicated on the sheet""},{""itemNumber"":""06"",""type"":""Memo"",""title"":""From Nicholas Brady to Economic Policy Council Re: U.S. Economic Policy Toward Latin America"",""date"":""4/11/90"",""restriction"":""(b)(1)"",""classification"":""Secret"",""pages"":2,""sheetDisposition"":""No released copy indicated on the sheet""},{""itemNumber"":""07"",""type"":""Memo"",""title"":""From Timothy Deal to Robert Gates Re: U.K./U.S. summit in Bermuda"",""date"":""4/10/90"",""restriction"":""(b)(1)"",""classification"":""Secret"",""pages"":2,""sheetDisposition"":""No released copy indicated on the sheet""},{""itemNumber"":""08"",""type"":""Talking points"",""title"":""Re: Introductory Remarks"",""date"":""n.d."",""restriction"":""(b)(1)"",""classification"":""Secret"",""pages"":2,""sheetDisposition"":""No released copy indicated on the sheet""},{""itemNumber"":""09"",""type"":""Minutes"",""title"":""Re: PCC-Technology Transfer"",""date"":""4/5/90"",""restriction"":""(b)(1)"",""classification"":""Secret"",""pages"":1,""sheetDisposition"":""No released copy indicated on the sheet""},{""itemNumber"":""10"",""type"":""Message"",""title"":""Re: FRG Non-Paper Proposing an Interim Export Control System for the GDR"",""date"":""4/4/90"",""restriction"":""(b)(1)"",""classification"":""Confidential"",""pages"":7,""sheetDisposition"":""No released copy indicated on the sheet""},{""itemNumber"":""11"",""type"":""Memo"",""title"":""From Timothy Deal to William Sittmann Re: NSC Meeting"",""date"":""4/2/90"",""restriction"":""(b)(1)"",""classification"":""Secret"",""pages"":1,""sheetDisposition"":""No released copy indicated on the sheet""},{""itemNumber"":""12"",""type"":""Minutes"",""title"":""Re: Meeting of the National Security Council"",""date"":""3/29/90"",""restriction"":""(b)(1)"",""classification"":""Top Secret"",""pages"":6,""sheetDisposition"":""No released copy indicated on the sheet""}]","George H.W. Bush Library, Bush Presidential Records, National Security Council, Timothy E. Deal Files, Chronological Files, OA/ID CF00696–015, Chron File: April 1990 [2].","Source: George H.W. Bush Library, Bush Presidential Records, National Security Council, Timothy E. Deal Files, Chronological Files, OA/ID CF00696–015, Chron File: April 1990 [2].","https://catalog.archives.gov/id/452050451","https://catalog.archives.gov/medialz/presidential-libraries/bush/gb-nsc/deal/chron_2554807/41-bpr-nsc-deal-chron-cf00696-015.pdf"
"452050452","1990-05-01","1990-05-31","May 1990 [1]","Catalog folder coverage dates and title; the first-of-month value is a sorting key only","Chron File: May 1990 [1]","CF00696-016","Economic Summits and Industrialized-Country Cooperation","Consider","Selective review","Economic summits and G-7 coordination; Strategic trade and technology; Transition economies and economic reform; Timothy E. Deal chronological files","Begin with “CARTAGENA SUMMIT: FOLLOW-UP STRUCTURE JFM CSS”; “Minutes of NSC Deputies Committee Meeting on COCOM”; “Summary of Conclusions for NSC Deputies Committee Meeting on COCOM”; “Houston Economic Summit Initiative In response to our earlier memorandum on the Houston Economic”.","83 served-PDF pages; 4 economic-policy subject-line leads; 33 individual withdrawal/redaction sheets describe 64 pages; 1 descriptions match Volume XXX topics, and none says that a released copy follows.","verified","Deal, Timothy E., Files","Chronological Files","CF00696-016","true","83","39516895","39516896","HTTP Content-Length","Restricted - Possibly","130670","2","3","0","11","37","215","65","90","52","4","1","2","1","4","1","[""CARTAGENA SUMMIT: FOLLOW-UP STRUCTURE JFM CSS"",""Minutes of NSC Deputies Committee Meeting on COCOM"",""Summary of Conclusions for NSC Deputies Committee Meeting on COCOM"",""Houston Economic Summit Initiative In response to our earlier memorandum on the Houston Economic""]","37","4","33","64","0","33","[{""itemNumber"":""01"",""type"":""List"",""title"":""Re: [inventory list of folder contents]"",""date"":""n.d."",""restriction"":""(b)(1)"",""classification"":""Confidential"",""pages"":2,""sheetDisposition"":""No released copy indicated on the sheet""},{""itemNumber"":""02"",""type"":""Memo"",""title"":""From Tim Deal to Bob Gates Re: [fiber optic]"",""date"":""5/31/90"",""restriction"":""(b)(1)"",""classification"":""Top Secret"",""pages"":1,""sheetDisposition"":""No released copy indicated on the sheet""},{""itemNumber"":""03"",""type"":""Memo"",""title"":""From Timothy Deal to Brent Scowcroft Re: Fiber Optics Line: Follow-up Actions"",""date"":""5/31/90"",""restriction"":""(b)(1)"",""classification"":""Top Secret"",""pages"":2,""sheetDisposition"":""No released copy indicated on the sheet""},{""itemNumber"":""04"",""type"":""Memo"",""title"":""From Brent Scowcroft to Robert Mosbacher Re: Fiber Optics Line"",""date"":""n.d."",""restriction"":""(b)(1)"",""classification"":""Top Secret"",""pages"":1,""sheetDisposition"":""No released copy indicated on the sheet""},{""itemNumber"":""05"",""type"":""Message"",""title"":""From POTUS to Prime Minister Thatcher"",""date"":""n.d."",""restriction"":""(b)(1)"",""classification"":""Top Secret"",""pages"":2,""sheetDisposition"":""No released copy indicated on the sheet""},{""itemNumber"":""06"",""type"":""Message"",""title"":""From POTUS to Prime Minister Kaifu"",""date"":""n.d."",""restriction"":""(b)(1)"",""classification"":""Secret"",""pages"":1,""sheetDisposition"":""No released copy indicated on the sheet"",""possibleDuplicateMatch"":""Possible duplicate or parallel copy: CF00958–009 item 09.""},{""itemNumber"":""07"",""type"":""Message"",""title"":""From POTUS to Chancellor Kohl"",""date"":""n.d."",""restriction"":""(b)(1)"",""classification"":""Secret"",""pages"":1,""sheetDisposition"":""No released copy indicated on the sheet"",""possibleDuplicateMatch"":""Possible duplicate or parallel copy: CF00958–009 item 06.""},{""itemNumber"":""08"",""type"":""Message"",""title"":""From POTUS to President Mitterrand"",""date"":""n.d."",""restriction"":""(b)(1)"",""classification"":""Secret"",""pages"":1,""sheetDisposition"":""No released copy indicated on the sheet"",""possibleDuplicateMatch"":""Possible duplicate or parallel copy: CF00958–009 item 07.""},{""itemNumber"":""09"",""type"":""Memo"",""title"":""From Brent Scowcroft to POTUS Re: Fiber Optics Line"",""date"":""5/27/90"",""restriction"":""(b)(1)"",""classification"":""Top Secret"",""pages"":3,""sheetDisposition"":""No released copy indicated on the sheet"",""possibleDuplicateMatch"":""Possible duplicate or parallel copy: CF00696–016 item 20.""},{""itemNumber"":""10"",""type"":""Message"",""title"":""From Charles Powell to Brent Scowcroft"",""date"":""5/3/90"",""restriction"":""(b)(1)"",""classification"":""Top Secret"",""pages"":2,""sheetDisposition"":""No released copy indicated on the sheet"",""possibleDuplicateMatch"":""Possible duplicate or parallel copy: CF00696–016 item 21, CF00696–016 item 32, CF00696–017 item 14.""},{""itemNumber"":""11"",""type"":""Memo"",""title"":""From Timothy Deal to Brent Scowcroft Re: Fiber Optics Line"",""date"":""5/25/90"",""restriction"":""(b)(1)"",""classification"":""Top Secret"",""pages"":2,""sheetDisposition"":""No released copy indicated on the sheet"",""possibleDuplicateMatch"":""Possible duplicate or parallel copy: CF00696–016 item 19.""},{""itemNumber"":""12"",""type"":""Memo"",""title"":""From J. Stapleton Roy to Brent Scowcroft Re: Fiber Optics Link"",""date"":""n.d."",""restriction"":""(b)(1)"",""classification"":""Secret"",""pages"":1,""sheetDisposition"":""No released copy indicated on the sheet"",""possibleDuplicateMatch"":""Possible duplicate or parallel copy: CF00696–016 item 22.""},{""itemNumber"":""13"",""type"":""Memo"",""title"":""From Dick Cheney to Brent Scowcroft Re: Fiber Optics Link"",""date"":""5/24/90"",""restriction"":""(b)(1)"",""classification"":""Top Secret"",""pages"":1,""sheetDisposition"":""No released copy indicated on the sheet"",""possibleDuplicateMatch"":""Possible duplicate or parallel copy: CF00696–016 item 23.""},{""itemNumber"":""14"",""type"":""Memo"",""title"":""From Wilma Hall to Brenda Hilliard, et al. Re: Fiber Optics"",""date"":""5/21/90"",""restriction"":""(b)(1)"",""classification"":""Secret"",""pages"":1,""sheetDisposition"":""No released copy indicated on the sheet"",""possibleDuplicateMatch"":""Possible duplicate or parallel copy: CF00696–016 item 24.""},{""itemNumber"":""15"",""type"":""Minutes"",""title"":""Re: Meeting of the NSC Deputies Committee"",""date"":""5/29/90"",""restriction"":""(b)(1)"",""classification"":""Secret"",""pages"":6,""sheetDisposition"":""No released copy indicated on the sheet""},{""itemNumber"":""16"",""type"":""Summary"",""title"":""Re: Summary of Conclusions for NSC Deputies Committee Meeting"",""date"":""5/29/90"",""restriction"":""(b)(1)"",""classification"":""Secret"",""pages"":2,""sheetDisposition"":""No released copy indicated on the sheet""},{""itemNumber"":""17"",""type"":""Memo"",""title"":""From Timothy Deal to Robert Blackwill/Condoleezza Rice Re: Possible Aid for the USSR"",""date"":""5/29/90"",""restriction"":""(b)(1)"",""classification"":""Secret"",""pages"":3,""sheetDisposition"":""No released copy indicated on the sheet""},{""itemNumber"":""18"",""type"":""Minutes"",""title"":""Re: PCC-Technology Transfer"",""date"":""5/23/90"",""restriction"":""(b)(1)"",""classification"":""Secret"",""pages"":2,""sheetDisposition"":""No released copy indicated on the sheet""},{""itemNumber"":""19"",""type"":""Memo"",""title"":""From Timothy Deal to Brent Scowcroft Re: Fiber Optics Line"",""date"":""5/25/90"",""restriction"":""(b)(1)"",""classification"":""Top Secret"",""pages"":2,""sheetDisposition"":""No released copy indicated on the sheet"",""possibleDuplicateMatch"":""Possible duplicate or parallel copy: CF00696–016 item 11.""},{""itemNumber"":""20"",""type"":""Memo"",""title"":""From Brent Scowcroft to POTUS Re: Fiber Optics Line"",""date"":""5/27/90"",""restriction"":""(b)(1)"",""classification"":""Top Secret"",""pages"":3,""sheetDisposition"":""No released copy indicated on the sheet"",""possibleDuplicateMatch"":""Possible duplicate or parallel copy: CF00696–016 item 09.""},{""itemNumber"":""21"",""type"":""Message"",""title"":""From Charles Powell to Brent Scowcroft"",""date"":""5/3/90"",""restriction"":""(b)(1)"",""classification"":""Top Secret"",""pages"":2,""sheetDisposition"":""No released copy indicated on the sheet"",""possibleDuplicateMatch"":""Possible duplicate or parallel copy: CF00696–016 item 10, CF00696–016 item 32, CF00696–017 item 14.""},{""itemNumber"":""22"",""type"":""Memo"",""title"":""From J. Stapleton Roy to Brent Scowcroft Re: Fiber Optics Link"",""date"":""n.d."",""restriction"":""(b)(1)"",""classification"":""Secret"",""pages"":1,""sheetDisposition"":""No released copy indicated on the sheet"",""possibleDuplicateMatch"":""Possible duplicate or parallel copy: CF00696–016 item 12.""},{""itemNumber"":""23"",""type"":""Memo"",""title"":""From Dick Cheney to Brent Scowcroft Re: Fiber Optics Link"",""date"":""5/24/90"",""restriction"":""(b)(1)"",""classification"":""Top Secret"",""pages"":1,""sheetDisposition"":""No released copy indicated on the sheet"",""possibleDuplicateMatch"":""Possible duplicate or parallel copy: CF00696–016 item 13.""},{""itemNumber"":""24"",""type"":""Memo"",""title"":""From Wilma Hall to Brenda Hilliard, et al. Re: Fiber Optics"",""date"":""5/21/90"",""restriction"":""(b)(1)"",""classification"":""Secret"",""pages"":1,""sheetDisposition"":""No released copy indicated on the sheet"",""possibleDuplicateMatch"":""Possible duplicate or parallel copy: CF00696–016 item 14.""},{""itemNumber"":""25"",""type"":""Memo"",""title"":""From Brent Scowcroft to William Webster Re: Fiber Optics Link"",""date"":""n.d."",""restriction"":""(b)(1)"",""classification"":""Secret"",""pages"":2,""sheetDisposition"":""No released copy indicated on the sheet""},{""itemNumber"":""26"",""type"":""Draft"",""title"":""From Brent Scowcroft to POTUS Re: Fiber Optics Line"",""date"":""n.d."",""restriction"":""(b)(1)"",""classification"":""Top Secret"",""pages"":3,""sheetDisposition"":""No released copy indicated on the sheet"",""possibleDuplicateMatch"":""Possible duplicate or parallel copy: CF00696–016 item 31, CF00696–017 item 13.""},{""itemNumber"":""27"",""type"":""Draft"",""title"":""Re: [ only]"",""date"":""n.d."",""restriction"":""(b)(1)"",""classification"":""Top Secret"",""pages"":1,""sheetDisposition"":""No released copy indicated on the sheet""},{""itemNumber"":""28"",""type"":""Message"",""title"":""Re: EC Political Directors Meeting with Iran: Presidential Message on Hostages"",""date"":""5/23/90"",""restriction"":""(b)(1)"",""classification"":""Secret"",""pages"":6,""sheetDisposition"":""No released copy indicated on the sheet""},{""itemNumber"":""29"",""type"":""Memo"",""title"":""From Timothy Deal to Brent Scowcroft Re: Fiber Optics Line"",""date"":""5/4/90"",""restriction"":""(b)(1)"",""classification"":""Top Secret"",""pages"":1,""sheetDisposition"":""No released copy indicated on the sheet"",""possibleDuplicateMatch"":""Possible duplicate or parallel copy: CF00696–017 item 11.""},{""itemNumber"":""30"",""type"":""Memo"",""title"":""From Brent Scowcroft to Secretary of State, et al. Re: Fiber Optics Link"",""date"":""5/17/90"",""restriction"":""(b)(1)"",""classification"":""Top Secret"",""pages"":2,""sheetDisposition"":""No released copy indicated on the sheet""},{""itemNumber"":""31"",""type"":""Draft"",""title"":""From Brent Scowcroft to POTUS Re: Fiber Optics Line"",""date"":""n.d."",""restriction"":""(b)(1)"",""classification"":""Top Secret"",""pages"":1,""sheetDisposition"":""No released copy indicated on the sheet"",""possibleDuplicateMatch"":""Possible duplicate or parallel copy: CF00696–016 item 26, CF00696–017 item 13.""},{""itemNumber"":""32"",""type"":""Message"",""title"":""From Charles Powell to Brent Scowcroft"",""date"":""5/3/90"",""restriction"":""(b)(1)"",""classification"":""Top Secret"",""pages"":2,""sheetDisposition"":""No released copy indicated on the sheet"",""possibleDuplicateMatch"":""Possible duplicate or parallel copy: CF00696–016 item 10, CF00696–016 item 21, CF00696–017 item 14.""},{""itemNumber"":""33"",""type"":""Minutes"",""title"":""Re: PCC-Technology Transfer"",""date"":""5/15/90"",""restriction"":""(b)(1)"",""classification"":""Secret"",""pages"":2,""sheetDisposition"":""No released copy indicated on the sheet""}]","George H.W. Bush Library, Bush Presidential Records, National Security Council, Timothy E. Deal Files, Chronological Files, OA/ID CF00696–016, Chron File: May 1990 [1].","Source: George H.W. Bush Library, Bush Presidential Records, National Security Council, Timothy E. Deal Files, Chronological Files, OA/ID CF00696–016, Chron File: May 1990 [1].","https://catalog.archives.gov/id/452050452","https://catalog.archives.gov/medialz/presidential-libraries/bush/gb-nsc/deal/chron_2554807/41-bpr-nsc-deal-chron-cf00696-016.pdf"
"452050453","1990-05-01","1990-05-31","May 1990 [2]","Catalog folder coverage dates and title; the first-of-month value is a sorting key only","Chron File: May 1990 [2]","CF00696-017","Economic Summits and Industrialized-Country Cooperation","Core","Volume XXX review","Economic summits and G-7 coordination; Trade and market access; Strategic trade and technology; Timothy E. Deal chronological files","Begin with “EBRD: Site and Presidency Selected The Group of 42 founding countries of the European Bank for”; “Your Paper on Eastern Europe Your paper is excellent. I would add two paragraphs to: (a) point”; “RPT RE PUBLIC DIPLOMACY / LESSONS FM WASHINGTON SUMMIT”; “USG RESPONSE TO BULGARIAN APPROACH ON EXPORT AL CONTROLS FOR STRATEGIC TECHNOLOGY”.","112 served-PDF pages; 7 economic-policy subject-line leads; 15 individual withdrawal/redaction sheets describe 40 pages; 4 descriptions match Volume XXX topics, and none says that a released copy follows.","verified","Deal, Timothy E., Files","Chronological Files","CF00696-017","true","112","45291574","45291576","HTTP Content-Length","Restricted - Possibly","136011","0","2","0","2","17","542","103","104","252","37","30","12","4","7","4","[""EBRD: Site and Presidency Selected The Group of 42 founding countries of the European Bank for"",""Your Paper on Eastern Europe Your paper is excellent. I would add two paragraphs to: (a) point"",""RPT RE PUBLIC DIPLOMACY / LESSONS FM WASHINGTON SUMMIT"",""USG RESPONSE TO BULGARIAN APPROACH ON EXPORT AL CONTROLS FOR STRATEGIC TECHNOLOGY"",""Determination Under Section 2 (b) (2) of the Export- Import Bank Act of 1945, as Amended in 1986 --"",""them to export control license requirements. The agencies involved in this decision are all in agreement that the U.S. will not be a party to any COCOM decision that"",""Minutes of NSC Meeting on U.S. Proposals for COCOM""]","17","2","15","40","0","15","[{""itemNumber"":""01"",""type"":""Memo"",""title"":""From Timothy Deal Re: FY91 Researech Proposal"",""date"":""5/22/91"",""restriction"":""(b)(1)"",""classification"":""Confidential"",""pages"":1,""sheetDisposition"":""No released copy indicated on the sheet""},{""itemNumber"":""02"",""type"":""Proposal"",""title"":""Re: Production Plan for FY-91"",""date"":""n.d."",""restriction"":""(b)(1)"",""classification"":""Confidential"",""pages"":4,""sheetDisposition"":""No released copy indicated on the sheet""},{""itemNumber"":""03"",""type"":""Memo"",""title"":""To Tim Deal Re: FY91 Research Proposal"",""date"":""5/10/90"",""restriction"":""(b)(1)"",""classification"":""Confidential"",""pages"":1,""sheetDisposition"":""No released copy indicated on the sheet""},{""itemNumber"":""04"",""type"":""Paper"",""title"":""Re: Economic Intelligence and the Policy Community"",""date"":""n.d."",""restriction"":""(b)(1)"",""classification"":""Not stated"",""pages"":6,""sheetDisposition"":""No released copy indicated on the sheet"",""possibleDuplicateMatch"":""Possible duplicate or parallel copy: CF00696–017 item 06.""},{""itemNumber"":""05"",""type"":""Memo"",""title"":""From Timothy Deal to Florence Gantt Re: Fiber Optics"",""date"":""5/11/90"",""restriction"":""(b)(1)"",""classification"":""Secret"",""pages"":1,""sheetDisposition"":""No released copy indicated on the sheet""},{""itemNumber"":""06"",""type"":""Paper"",""title"":""Re: Economic Intelligence and the Policy Community"",""date"":""n.d."",""restriction"":""(b)(1)"",""classification"":""Not stated"",""pages"":6,""sheetDisposition"":""No released copy indicated on the sheet"",""possibleDuplicateMatch"":""Possible duplicate or parallel copy: CF00696–017 item 04.""},{""itemNumber"":""07"",""type"":""Cable"",""title"":""Re: USG Response"",""date"":""4/11/90"",""restriction"":""(b)(3)"",""classification"":""Not stated"",""pages"":1,""sheetDisposition"":""No released copy indicated on the sheet""},{""itemNumber"":""08"",""type"":""Memo"",""title"":""From Timothy Deal to Brent Scowcroft, et al. Re: G-7 Deal on IMF and EBRD"",""date"":""5/7/90"",""restriction"":""(b)(1)"",""classification"":""Secret"",""pages"":2,""sheetDisposition"":""No released copy indicated on the sheet""},{""itemNumber"":""09"",""type"":""Memo"",""title"":""From Timothy Deal to Brent Scowcroft Re: Houston Economic Summit"",""date"":""5/7/90"",""restriction"":""(b)(1)"",""classification"":""Confidential"",""pages"":2,""sheetDisposition"":""No released copy indicated on the sheet""},{""itemNumber"":""10"",""type"":""Memo"",""title"":""To Tim Deal Re: Comments on a Proposal for a Review"",""date"":""5/2/90"",""restriction"":""(b)(1)"",""classification"":""Secret"",""pages"":3,""sheetDisposition"":""No released copy indicated on the sheet""},{""itemNumber"":""11"",""type"":""Memo"",""title"":""From Timothy Deal to Brent Scowcroft Re: Fiber Optics Line"",""date"":""5/4/90"",""restriction"":""(b)(1)"",""classification"":""Top Secret"",""pages"":1,""sheetDisposition"":""No released copy indicated on the sheet"",""possibleDuplicateMatch"":""Possible duplicate or parallel copy: CF00696–016 item 29.""},{""itemNumber"":""12"",""type"":""Memo"",""title"":""From Brent Scowcroft to Secretary of State, et al. Re: Fiber Optics Line"",""date"":""n.d."",""restriction"":""(b)(1)"",""classification"":""Top Secret"",""pages"":2,""sheetDisposition"":""No released copy indicated on the sheet""},{""itemNumber"":""13"",""type"":""Draft"",""title"":""From Brent Scowcroft to POTUS Re: Fiber Optics Line"",""date"":""n.d."",""restriction"":""(b)(1)"",""classification"":""Top Secret"",""pages"":3,""sheetDisposition"":""No released copy indicated on the sheet"",""possibleDuplicateMatch"":""Possible duplicate or parallel copy: CF00696–016 item 26, CF00696–016 item 31.""},{""itemNumber"":""14"",""type"":""Message"",""title"":""From Charles Powell to Brent Scowcroft"",""date"":""5/3/90"",""restriction"":""(b)(1)"",""classification"":""Top Secret"",""pages"":2,""sheetDisposition"":""No released copy indicated on the sheet"",""possibleDuplicateMatch"":""Possible duplicate or parallel copy: CF00696–016 item 10, CF00696–016 item 21, CF00696–016 item 32.""},{""itemNumber"":""15"",""type"":""Minutes"",""title"":""Re: Meeting of the National Security Council"",""date"":""4/30/90"",""restriction"":""(b)(1)"",""classification"":""Secret"",""pages"":5,""sheetDisposition"":""No released copy indicated on the sheet""}]","George H.W. Bush Library, Bush Presidential Records, National Security Council, Timothy E. Deal Files, Chronological Files, OA/ID CF00696–017, Chron File: May 1990 [2].","Source: George H.W. Bush Library, Bush Presidential Records, National Security Council, Timothy E. Deal Files, Chronological Files, OA/ID CF00696–017, Chron File: May 1990 [2].","https://catalog.archives.gov/id/452050453","https://catalog.archives.gov/medialz/presidential-libraries/bush/gb-nsc/deal/chron_2554807/41-bpr-nsc-deal-chron-cf00696-017.pdf"
"452050454","1990-06-01","1990-06-30","June 1990 [1]","Catalog folder coverage dates and title; the first-of-month value is a sorting key only","Chron File: June 1990 [1]","CF00696-018","Economic Summits and Industrialized-Country Cooperation","Core","Volume XXX review","Economic summits and G-7 coordination; Transition economies and economic reform; Debt, finance, and international institutions; Timothy E. Deal chronological files","Begin with “Houston Summit Sessions I have discussed with General Scowcroft Dick's proposal for”; “Draft Houston Summit Communique I attach a marked up copy of the draft Houston communique”; “Soviet Union: President's Briefing for the Houston Economic Summit”; “Soviet Union: President's Briefing for the Houston Economic Summit (U)”.","69 served-PDF pages; 6 economic-policy subject-line leads; 13 individual withdrawal/redaction sheets describe 54 pages; 2 descriptions match Volume XXX topics, and none says that a released copy follows.","verified","Deal, Timothy E., Files","Chronological Files","CF00696-018","true","69","32198514","32198514","HTTP Content-Length","Restricted - Possibly","97427","0","5","0","3","15","297","91","74","87","3","17","13","12","6","2","[""Houston Summit Sessions I have discussed with General Scowcroft Dick's proposal for"",""Draft Houston Summit Communique I attach a marked up copy of the draft Houston communique"",""Soviet Union: President's Briefing for the Houston Economic Summit"",""Soviet Union: President's Briefing for the Houston Economic Summit (U)"",""DEPT OF TREASURY PROPOSED POSITION TO REQUIRE PUERTO RICO TO ENSURE AT LEAST $100 MILLION IN SECTION 936 FUNDS BE INVESTED IN CBI"",""Department of the Treasury proposed position on a proposal to require Puerto Rico to ensure that at least $100 million in section 936 funds be invested""]","15","2","13","54","0","13","[{""itemNumber"":""01"",""type"":""List"",""title"":""Re: [inventory list of folder contents]"",""date"":""n.d."",""restriction"":""(b)(1)"",""classification"":""Confidential"",""pages"":2,""sheetDisposition"":""No released copy indicated on the sheet""},{""itemNumber"":""02"",""type"":""Translation"",""title"":""From Prime Minister Gonzalez to POTUS"",""date"":""5/3/90"",""restriction"":""(b)(1)"",""classification"":""Not stated"",""pages"":2,""sheetDisposition"":""No released copy indicated on the sheet"",""possibleDuplicateMatch"":""Possible duplicate or parallel copy: CF00696–018 item 03, CF00696–018 item 04.""},{""itemNumber"":""03"",""type"":""Letter"",""title"":""From Prime Minister Gonzalez to POTUS [in Spanish]"",""date"":""5/3/90"",""restriction"":""(b)(1)"",""classification"":""Not stated"",""pages"":2,""sheetDisposition"":""No released copy indicated on the sheet"",""possibleDuplicateMatch"":""Possible duplicate or parallel copy: CF00696–018 item 02, CF00696–018 item 04.""},{""itemNumber"":""04"",""type"":""Letter"",""title"":""From Prime Minister Gonzalez to POTUS [in English]"",""date"":""5/3/90"",""restriction"":""(b)(1)"",""classification"":""Not stated"",""pages"":2,""sheetDisposition"":""No released copy indicated on the sheet"",""possibleDuplicateMatch"":""Possible duplicate or parallel copy: CF00696–018 item 02, CF00696–018 item 03.""},{""itemNumber"":""05"",""type"":""Summary"",""title"":""Re: PCC-Technology Transfer Meeting"",""date"":""6/20/90"",""restriction"":""(b)(1)"",""classification"":""Secret"",""pages"":2,""sheetDisposition"":""No released copy indicated on the sheet""},{""itemNumber"":""06"",""type"":""Paper"",""title"":""Re: [mutual assistance package]"",""date"":""n.d."",""restriction"":""(b)(1)"",""classification"":""Secret"",""pages"":6,""sheetDisposition"":""No released copy indicated on the sheet""},{""itemNumber"":""07"",""type"":""Draft"",""title"":""From Brent Scowcroft to POTUS Re: Houston Summit"",""date"":""6/26/90"",""restriction"":""(b)(1)"",""classification"":""Secret"",""pages"":6,""sheetDisposition"":""No released copy indicated on the sheet""},{""itemNumber"":""08"",""type"":""Translation"",""title"":""From Chancellor Kohl to POTUS"",""date"":""n.d."",""restriction"":""(b)(1)"",""classification"":""Not stated"",""pages"":3,""sheetDisposition"":""No released copy indicated on the sheet""},{""itemNumber"":""09"",""type"":""Letter"",""title"":""From Second Permanent Secretary Wicks to Under Secretary McCormack"",""date"":""6/22/90"",""restriction"":""(b)(1)"",""classification"":""Not stated"",""pages"":2,""sheetDisposition"":""No released copy indicated on the sheet""},{""itemNumber"":""10"",""type"":""Paper"",""title"":""Re: Climate Change"",""date"":""6/20/90"",""restriction"":""(b)(1)"",""classification"":""Not stated"",""pages"":8,""sheetDisposition"":""No released copy indicated on the sheet""},{""itemNumber"":""11"",""type"":""Telegram"",""title"":""Re: Romanian Participation in the G-24 Ministerial"",""date"":""6/20/90"",""restriction"":""(b)(1)"",""classification"":""Confidential"",""pages"":2,""sheetDisposition"":""No released copy indicated on the sheet""},{""itemNumber"":""12"",""type"":""Note"",""title"":""From Timothy Deal to Brent [Scowcroft]/Bob [Gates]"",""date"":""6/21/90"",""restriction"":""(b)(1)"",""classification"":""Secret"",""pages"":1,""sheetDisposition"":""No released copy indicated on the sheet""},{""itemNumber"":""13"",""type"":""Report"",""title"":""Re: USSR"",""date"":""6/20/90"",""restriction"":""(b)(1)"",""classification"":""Secret"",""pages"":16,""sheetDisposition"":""No released copy indicated on the sheet""}]","George H.W. Bush Library, Bush Presidential Records, National Security Council, Timothy E. Deal Files, Chronological Files, OA/ID CF00696–018, Chron File: June 1990 [1].","Source: George H.W. Bush Library, Bush Presidential Records, National Security Council, Timothy E. Deal Files, Chronological Files, OA/ID CF00696–018, Chron File: June 1990 [1].","https://catalog.archives.gov/id/452050454","https://catalog.archives.gov/medialz/presidential-libraries/bush/gb-nsc/deal/chron_2554807/41-bpr-nsc-deal-chron-cf00696-018.pdf"
"452050455","1990-06-01","1990-06-30","June 1990 [2]","Catalog folder coverage dates and title; the first-of-month value is a sorting key only","Chron File: June 1990 [2]","CF00696-019","Economic Summits and Industrialized-Country Cooperation","Core","Volume XXX review","Economic summits and G-7 coordination; Debt, finance, and international institutions; Trade and market access; Timothy E. Deal chronological files","Begin with “Possible Houston Summit Initiative (U) Following up on yesterday's meeting chaired by Brent Scowcroft, I”; “CFCs The question of financial assistance in connection with the”; “Summit Initiative: Your Meeting at 3:30 p.m., June 12”; “SAP: H.R. 4653 -- EXPORT FACILITATION ACT OF 1990”.","80 served-PDF pages; 4 economic-policy subject-line leads; 19 individual withdrawal/redaction sheets describe 38 pages; 7 descriptions match Volume XXX topics, and none says that a released copy follows.","verified","Deal, Timothy E., Files","Chronological Files","CF00696-019","true","80","38803422","38803424","HTTP Content-Length","Restricted - Possibly","140957","0","2","0","0","21","483","55","79","290","3","12","40","4","4","7","[""Possible Houston Summit Initiative (U) Following up on yesterday's meeting chaired by Brent Scowcroft, I"",""CFCs The question of financial assistance in connection with the"",""Summit Initiative: Your Meeting at 3:30 p.m., June 12"",""SAP: H.R. 4653 -- EXPORT FACILITATION ACT OF 1990""]","21","2","19","38","0","19","[{""itemNumber"":""01"",""type"":""Paper"",""title"":""Re: Communique Mandate to Finance and Foreign Ministers"",""date"":""n.d."",""restriction"":""(b)(1)"",""classification"":""Secret"",""pages"":1,""sheetDisposition"":""No released copy indicated on the sheet"",""possibleDuplicateMatch"":""Possible duplicate or parallel copy: CF00696–019 item 06.""},{""itemNumber"":""02"",""type"":""Paper"",""title"":""Re: Houston Declaration on Securing Democracy and Prosperity"",""date"":""n.d."",""restriction"":""(b)(1)"",""classification"":""Secret"",""pages"":2,""sheetDisposition"":""No released copy indicated on the sheet"",""possibleDuplicateMatch"":""Possible duplicate or parallel copy: CF00696–019 item 05.""},{""itemNumber"":""03"",""type"":""Paper"",""title"":""Re: The environment: Key Issues"",""date"":""6/7/90"",""restriction"":""(b)(1)"",""classification"":""Not stated"",""pages"":4,""sheetDisposition"":""No released copy indicated on the sheet""},{""itemNumber"":""04"",""type"":""Paper"",""title"":""Re: Western Assistance for the USSR"",""date"":""n.d."",""restriction"":""(b)(1)"",""classification"":""Secret"",""pages"":5,""sheetDisposition"":""No released copy indicated on the sheet""},{""itemNumber"":""05"",""type"":""Paper"",""title"":""Re: Houston Declaration on Securing Democracy and Prosperity"",""date"":""n.d."",""restriction"":""(b)(1)"",""classification"":""Secret"",""pages"":2,""sheetDisposition"":""No released copy indicated on the sheet"",""possibleDuplicateMatch"":""Possible duplicate or parallel copy: CF00696–019 item 02.""},{""itemNumber"":""06"",""type"":""Paper"",""title"":""Re: Communique Mandate to Finance and Foreign Ministers"",""date"":""n.d."",""restriction"":""(b)(1)"",""classification"":""Secret"",""pages"":1,""sheetDisposition"":""No released copy indicated on the sheet"",""possibleDuplicateMatch"":""Possible duplicate or parallel copy: CF00696–019 item 01.""},{""itemNumber"":""07"",""type"":""Memo"",""title"":""From Timothy Deal to Brent Scowcroft Re: Background Reading for the President for the Houston Economic Summit"",""date"":""6/8/90"",""restriction"":""(b)(1)"",""classification"":""Secret"",""pages"":1,""sheetDisposition"":""No released copy indicated on the sheet""},{""itemNumber"":""08"",""type"":""Memo"",""title"":""From Brent Scowcroft to POTUS Re: Background Reading on the Houston Economic Summit"",""date"":""6/15/90"",""restriction"":""(b)(1)"",""classification"":""Secret"",""pages"":1,""sheetDisposition"":""No released copy indicated on the sheet""},{""itemNumber"":""09"",""type"":""Paper"",""title"":""Re: International Debt"",""date"":""n.d."",""restriction"":""(b)(1)"",""classification"":""Secret"",""pages"":5,""sheetDisposition"":""No released copy indicated on the sheet""},{""itemNumber"":""10"",""type"":""Memo"",""title"":""From Timothy Deal to Brent Scowcroft Re: Fiber Optics"",""date"":""6/8/90"",""restriction"":""(b)(1)"",""classification"":""Secret"",""pages"":1,""sheetDisposition"":""No released copy indicated on the sheet""},{""itemNumber"":""11"",""type"":""Memo"",""title"":""From D. J. Hall to Tim [Deal] Re: Optical Fiber Telecommunications"",""date"":""6/7/90"",""restriction"":""(b)(1)"",""classification"":""Secret"",""pages"":1,""sheetDisposition"":""No released copy indicated on the sheet""},{""itemNumber"":""12"",""type"":""Letter"",""title"":""Re: [Text of Letter from Prime Minister Thatcher to European Leaders]"",""date"":""n.d."",""restriction"":""(b)(1)"",""classification"":""Not stated"",""pages"":1,""sheetDisposition"":""No released copy indicated on the sheet""},{""itemNumber"":""13"",""type"":""Message"",""title"":""Re: Environment: HMG Thinking on Climate Change"",""date"":""6/5/90"",""restriction"":""(b)(1)"",""classification"":""Confidential"",""pages"":3,""sheetDisposition"":""No released copy indicated on the sheet""},{""itemNumber"":""14"",""type"":""Note"",""title"":""From Timothy Deal to Joan McEntee"",""date"":""6/4/90"",""restriction"":""(b)(1)"",""classification"":""Secret"",""pages"":1,""sheetDisposition"":""No released copy indicated on the sheet""},{""itemNumber"":""15"",""type"":""Paper"",""title"":""Re: Fact Sheet on U.S. Export Control Policy"",""date"":""n.d."",""restriction"":""(b)(1)"",""classification"":""Secret"",""pages"":2,""sheetDisposition"":""No released copy indicated on the sheet""},{""itemNumber"":""16"",""type"":""Memo"",""title"":""From Timothy Deal to Brent Scowcroft Re: EPC Meeting on Latin America"",""date"":""6/1/90"",""restriction"":""(b)(1)"",""classification"":""Secret"",""pages"":2,""sheetDisposition"":""No released copy indicated on the sheet""},{""itemNumber"":""17"",""type"":""Memo"",""title"":""From Timothy Deal to Brent Scowcroft Re: Fiber Optics"",""date"":""6/1/90"",""restriction"":""(b)(1)"",""classification"":""Top Secret"",""pages"":1,""sheetDisposition"":""No released copy indicated on the sheet""},{""itemNumber"":""18"",""type"":""Message"",""title"":""From Timothy Deal to Leonard Appleyard"",""date"":""6/4/90"",""restriction"":""(b)(1)"",""classification"":""Secret"",""pages"":2,""sheetDisposition"":""No released copy indicated on the sheet""},{""itemNumber"":""19"",""type"":""Draft"",""title"":""From Timothy Deal to Leonard Appleyard"",""date"":""n.d."",""restriction"":""(b)(1)"",""classification"":""Secret"",""pages"":2,""sheetDisposition"":""No released copy indicated on the sheet""}]","George H.W. Bush Library, Bush Presidential Records, National Security Council, Timothy E. Deal Files, Chronological Files, OA/ID CF00696–019, Chron File: June 1990 [2].","Source: George H.W. Bush Library, Bush Presidential Records, National Security Council, Timothy E. Deal Files, Chronological Files, OA/ID CF00696–019, Chron File: June 1990 [2].","https://catalog.archives.gov/id/452050455","https://catalog.archives.gov/medialz/presidential-libraries/bush/gb-nsc/deal/chron_2554807/41-bpr-nsc-deal-chron-cf00696-019.pdf"
"452050456","1990-07-01","1990-07-31","July 1990 [1]","Catalog folder coverage dates and title; the first-of-month value is a sorting key only","Chron File: July 1990 [1]","CF00696-020","Economic Summits and Industrialized-Country Cooperation","Core","Volume XXX review","Economic summits and G-7 coordination; Debt, finance, and international institutions; Timothy E. Deal chronological files","Begin with “Memcon of Second Main Plenary Session of the 16th Economic Summit of Industrialized Nations”; “Second Main Plenary Session of the 16th Economic Summit of Industrialized Nations”; “Memcon of Final Session of the 16th Economic Summit of Industrialized Nations”; “Final Session of the 16th Economic Summit of Industrialized Nations (U)”.","86 served-PDF pages; 8 economic-policy subject-line leads; 10 individual withdrawal/redaction sheets describe 13 pages; 1 descriptions match Volume XXX topics, and none says that a released copy follows.","verified","Deal, Timothy E., Files","Chronological Files","CF00696-020","true","86","42585333","42585332","HTTP Content-Length","Restricted - Possibly","146978","0","0","13","0","12","459","110","160","97","15","10","53","14","8","1","[""Memcon of Second Main Plenary Session of the 16th Economic Summit of Industrialized Nations"",""Second Main Plenary Session of the 16th Economic Summit of Industrialized Nations"",""Memcon of Final Session of the 16th Economic Summit of Industrialized Nations"",""Final Session of the 16th Economic Summit of Industrialized Nations (U)"",""Memcon of First Main Plenary Session of the 16th Economic Summit of Industrialized Nations"",""First Main Plenary Session of the 16th Economic Summit of Industrialized Nations"",""Memcon of the Opening Session of the 16th Economic Summit of Industrialized Nations"",""Opening Session of the 16th Economic Summit of Industrialized Nations (U)""]","12","2","10","13","0","10","[{""itemNumber"":""01"",""type"":""Memo"",""title"":""From Condoleezza Rice/Timothy Deal to Brent Scowcroft Re: Presidential Letter on IMF Economic Study"",""date"":""7/17/90"",""restriction"":""(b)(1)"",""classification"":""Secret"",""pages"":1,""sheetDisposition"":""No released copy indicated on the sheet""},{""itemNumber"":""02"",""type"":""Message"",""title"":""Re: Message to Prime Minister Margaret Thatcher from President Bush"",""date"":""n.d."",""restriction"":""(b)(1)"",""classification"":""Secret"",""pages"":1,""sheetDisposition"":""No released copy indicated on the sheet""},{""itemNumber"":""03"",""type"":""Message"",""title"":""Re: Message to President Francois Mitterrand from President Bush"",""date"":""n.d."",""restriction"":""(b)(1)"",""classification"":""Secret"",""pages"":1,""sheetDisposition"":""No released copy indicated on the sheet""},{""itemNumber"":""04"",""type"":""Message"",""title"":""Re: Message to Prime Minister Brian Mulroney from President Bush"",""date"":""n.d."",""restriction"":""(b)(1)"",""classification"":""Secret"",""pages"":1,""sheetDisposition"":""No released copy indicated on the sheet""},{""itemNumber"":""05"",""type"":""Message"",""title"":""Re: Message to Prime Minister Toshiki Kaifu from President Bush"",""date"":""n.d."",""restriction"":""(b)(1)"",""classification"":""Secret"",""pages"":1,""sheetDisposition"":""No released copy indicated on the sheet""},{""itemNumber"":""06"",""type"":""Message"",""title"":""Re: Message to Chancellor Helmut Kohl from President Bush"",""date"":""n.d."",""restriction"":""(b)(1)"",""classification"":""Secret"",""pages"":1,""sheetDisposition"":""No released copy indicated on the sheet""},{""itemNumber"":""07"",""type"":""Message"",""title"":""Re: Message to Prime Minister Giulio Andreotti from President Bush"",""date"":""n.d."",""restriction"":""(b)(1)"",""classification"":""Secret"",""pages"":1,""sheetDisposition"":""No released copy indicated on the sheet""},{""itemNumber"":""08"",""type"":""Message"",""title"":""Re: Message to EC Commission President Jacques Delors from President Bush"",""date"":""n.d."",""restriction"":""(b)(1)"",""classification"":""Secret"",""pages"":1,""sheetDisposition"":""No released copy indicated on the sheet""},{""itemNumber"":""09"",""type"":""Summary"",""title"":""Re: PCC-Technology Transfer Meeting"",""date"":""7/17/90"",""restriction"":""(b)(1)"",""classification"":""Secret"",""pages"":1,""sheetDisposition"":""No released copy indicated on the sheet""},{""itemNumber"":""10"",""type"":""List"",""title"":""Membership"",""date"":""n.d."",""restriction"":""(b)(3)"",""classification"":""Not stated"",""pages"":4,""sheetDisposition"":""No released copy indicated on the sheet""}]","George H.W. Bush Library, Bush Presidential Records, National Security Council, Timothy E. Deal Files, Chronological Files, OA/ID CF00696–020, Chron File: July 1990 [1].","Source: George H.W. Bush Library, Bush Presidential Records, National Security Council, Timothy E. Deal Files, Chronological Files, OA/ID CF00696–020, Chron File: July 1990 [1].","https://catalog.archives.gov/id/452050456","https://catalog.archives.gov/medialz/presidential-libraries/bush/gb-nsc/deal/chron_2554807/41-bpr-nsc-deal-chron-cf00696-020.pdf"
"452050457","1990-07-01","1990-07-31","July 1990 [2]","Catalog folder coverage dates and title; the first-of-month value is a sorting key only","Chron File: July 1990 [2]","CF00696-021","Economic Summits and Industrialized-Country Cooperation","Core","Volume XXX review","Economic summits and G-7 coordination; Trade and market access; Transition economies and economic reform; Timothy E. Deal chronological files","Begin with “COMPETITIVENESS COUNCIL MEMO: REGULATORY REVIEW FOR BIOTECHNOLOGY”; “Principles of Regulatory Review For Biotechnology Following your request, the Council on Competitiveness has”; “REVISED DRAFT STATEMENT OF ADMIN POLICY ON HR-3193 RE ENERGY POLICY & CONSERVATION ACTS”; “Revised draft Statement of Administration Policy on H.R. 3193, Energy Policy and Conservation Act Amendments of 1990.”.","86 served-PDF pages; 8 economic-policy subject-line leads; 1 individual withdrawal/redaction sheets describe 7 pages; 1 descriptions match Volume XXX topics, and none says that a released copy follows.","verified","Deal, Timothy E., Files","Chronological Files","CF00696-021","true","86","42928044","42928044","HTTP Content-Length","Restricted - Possibly","129589","3","3","12","0","2","392","120","62","106","5","44","46","9","8","1","[""COMPETITIVENESS COUNCIL MEMO: REGULATORY REVIEW FOR BIOTECHNOLOGY"",""Principles of Regulatory Review For Biotechnology Following your request, the Council on Competitiveness has"",""REVISED DRAFT STATEMENT OF ADMIN POLICY ON HR-3193 RE ENERGY POLICY & CONSERVATION ACTS"",""Revised draft Statement of Administration Policy on H.R. 3193, Energy Policy and Conservation Act Amendments of 1990."",""ADMIN POLICY DRAFT STATEMENT ON HR-3193 RE ENERGY POLICY & CONSERVATION ACT"",""Draft Statement of Administration Policy on H.R. 3193, Energy Policy and Conservation Act Amendments of 1990. The Office of Management and Budget requests the views of your agency"",""Memcon of the Houston Economic Summit Briefing on the Soviet Union"",""Houston Economic Summit: Draft Economic Communique""]","2","1","1","7","0","1","[{""itemNumber"":""01"",""type"":""Memcon"",""title"":""Re: Houston Summit Briefing on the Soviet Union"",""date"":""6/28/90"",""restriction"":""(b)(1)"",""classification"":""Secret"",""pages"":7,""sheetDisposition"":""No released copy indicated on the sheet""}]","George H.W. Bush Library, Bush Presidential Records, National Security Council, Timothy E. Deal Files, Chronological Files, OA/ID CF00696–021, Chron File: July 1990 [2].","Source: George H.W. Bush Library, Bush Presidential Records, National Security Council, Timothy E. Deal Files, Chronological Files, OA/ID CF00696–021, Chron File: July 1990 [2].","https://catalog.archives.gov/id/452050457","https://catalog.archives.gov/medialz/presidential-libraries/bush/gb-nsc/deal/chron_2554807/41-bpr-nsc-deal-chron-cf00696-021.pdf"
"452050458","1990-08-01","1990-08-31","August 1990 [1]","Catalog folder coverage dates and title; the first-of-month value is a sorting key only","Chron File: August 1990 [1]","CF00697-001","Transition Economies and International Economic Strategy","Core","Volume XXX review","Transition economies and economic reform; Trade and market access; Timothy E. Deal chronological files","Begin with “Soviet Economy Meeting - Friday, August 31, 1990, Attached is an agenda for tomorrow's meeting at 10:30 in Room 324, OEOB, on the Soviet economy. Also attached is a one page”; “Persian Gulf Crisis: Economic Action Plan Attached at Tab I is a memorandum from you to the President,”; “Presidential Messages on Economic Action Plan Attached are draft Presidential messages to:”; “ASSISTANCE TO EASTERN EUROPE: IN-COUNTRY COORDINATION 1. SUMMARY: THIS CABLE SETS OUT A THREE TIERED SCHEME”.","54 served-PDF pages; 5 economic-policy subject-line leads; 25 individual withdrawal/redaction sheets describe 65 pages; 6 descriptions match Volume XXX topics, and none says that a released copy follows.","verified","Deal, Timothy E., Files","Chronological Files","CF00697-001","true","54","24100216","24100216","HTTP Content-Length","Restricted - Possibly","77766","4","2","0","1","28","167","37","55","53","3","11","1","7","5","6","[""Soviet Economy Meeting - Friday, August 31, 1990, Attached is an agenda for tomorrow's meeting at 10:30 in Room 324, OEOB, on the Soviet economy. Also attached is a one page"",""Persian Gulf Crisis: Economic Action Plan Attached at Tab I is a memorandum from you to the President,"",""Presidential Messages on Economic Action Plan Attached are draft Presidential messages to:"",""ASSISTANCE TO EASTERN EUROPE: IN-COUNTRY COORDINATION 1. SUMMARY: THIS CABLE SETS OUT A THREE TIERED SCHEME"",""NSC Meeting on the Persian Gulf Crisis: An Economic Action Plan, 2 p.m., August 29,""]","28","3","25","65","0","25","[{""itemNumber"":""01"",""type"":""Talking points"",""title"":""Re: [Iraq: Dealing with the Oil Shortfall]"",""date"":""n.d."",""restriction"":""(b)(1)"",""classification"":""Secret"",""pages"":1,""sheetDisposition"":""No released copy indicated on the sheet""},{""itemNumber"":""02"",""type"":""Draft"",""title"":""Re: Presidential Letter to Prime Minister Kaifu"",""date"":""n.d."",""restriction"":""(b)(1)"",""classification"":""Secret"",""pages"":3,""sheetDisposition"":""No released copy indicated on the sheet"",""possibleDuplicateMatch"":""Possible duplicate or parallel copy: CF00697–001 item 04.""},{""itemNumber"":""03"",""type"":""Draft"",""title"":""Re: Presidential Letter to Korean President Roh"",""date"":""n.d."",""restriction"":""(b)(1)"",""classification"":""Secret"",""pages"":2,""sheetDisposition"":""No released copy indicated on the sheet""},{""itemNumber"":""04"",""type"":""Draft"",""title"":""Re: Presidential Letter to Prime Minister Kaifu"",""date"":""n.d."",""restriction"":""(b)(1)"",""classification"":""Secret"",""pages"":3,""sheetDisposition"":""No released copy indicated on the sheet"",""possibleDuplicateMatch"":""Possible duplicate or parallel copy: CF00697–001 item 02.""},{""itemNumber"":""05"",""type"":""Draft"",""title"":""Re: Presidential Letter to EC Commission President Delors"",""date"":""n.d."",""restriction"":""(b)(1)"",""classification"":""Secret"",""pages"":2,""sheetDisposition"":""No released copy indicated on the sheet""},{""itemNumber"":""06"",""type"":""Agenda"",""title"":""Re: United States - USSR Economic Relations"",""date"":""8/30/90"",""restriction"":""(b)(1)"",""classification"":""Secret"",""pages"":1,""sheetDisposition"":""No released copy indicated on the sheet""},{""itemNumber"":""07"",""type"":""Paper"",""title"":""Re: Market Economics Education"",""date"":""8/29/90"",""restriction"":""(b)(1)"",""classification"":""Secret"",""pages"":1,""sheetDisposition"":""No released copy indicated on the sheet""},{""itemNumber"":""08"",""type"":""Table"",""title"":""Re: Oil Situation as of August 28"",""date"":""n.d."",""restriction"":""(b)(1)"",""classification"":""Secret"",""pages"":1,""sheetDisposition"":""No released copy indicated on the sheet""},{""itemNumber"":""09"",""type"":""Memo"",""title"":""From Brent Scowcroft to POTUS Re: Persian Gulf Crisis: Economic Action Plan"",""date"":""n.d."",""restriction"":""(b)(1)"",""classification"":""Secret"",""pages"":2,""sheetDisposition"":""No released copy indicated on the sheet""},{""itemNumber"":""10"",""type"":""Table"",""title"":""Re: Proposed Contributions for US Defense Burden Sharing"",""date"":""n.d."",""restriction"":""(b)(1)"",""classification"":""Secret"",""pages"":1,""sheetDisposition"":""No released copy indicated on the sheet""},{""itemNumber"":""11"",""type"":""Talking points"",""title"":""Re: Presidential Call to President Mitterrand"",""date"":""8/29/90"",""restriction"":""(b)(1)"",""classification"":""Secret"",""pages"":2,""sheetDisposition"":""No released copy indicated on the sheet""},{""itemNumber"":""12"",""type"":""Talking points"",""title"":""Re: Presidential Call to Prime Minister Thatcher"",""date"":""8/29/90"",""restriction"":""(b)(1)"",""classification"":""Secret"",""pages"":2,""sheetDisposition"":""No released copy indicated on the sheet""},{""itemNumber"":""13"",""type"":""Draft"",""title"":""Re: Draft Presidential Letter to Prime Minister Kaifu"",""date"":""8/29/90"",""restriction"":""(b)(1)"",""classification"":""Secret"",""pages"":2,""sheetDisposition"":""No released copy indicated on the sheet""},{""itemNumber"":""14"",""type"":""Draft"",""title"":""Re: Draft Presidential Letter to Prime Minister Andreotti"",""date"":""8/29/90"",""restriction"":""(b)(1)"",""classification"":""Secret"",""pages"":2,""sheetDisposition"":""No released copy indicated on the sheet""},{""itemNumber"":""15"",""type"":""Draft"",""title"":""Re: Draft Presidential Letter to Chancellor Kohl"",""date"":""8/29/90"",""restriction"":""(b)(1)"",""classification"":""Secret"",""pages"":3,""sheetDisposition"":""No released copy indicated on the sheet""},{""itemNumber"":""16"",""type"":""Draft"",""title"":""Re: Draft Presidential Letter to Korean President Roh"",""date"":""8/29/90"",""restriction"":""(b)(1)"",""classification"":""Secret"",""pages"":2,""sheetDisposition"":""No released copy indicated on the sheet""},{""itemNumber"":""17"",""type"":""Draft"",""title"":""Re: Draft Presidential Letter to King Fahd"",""date"":""8/29/90"",""restriction"":""(b)(1)"",""classification"":""Secret"",""pages"":2,""sheetDisposition"":""No released copy indicated on the sheet""},{""itemNumber"":""18"",""type"":""Draft"",""title"":""Re: Draft Presidential Letter to Amir of Kuwait"",""date"":""8/29/90"",""restriction"":""(b)(1)"",""classification"":""Secret"",""pages"":2,""sheetDisposition"":""No released copy indicated on the sheet""},{""itemNumber"":""19"",""type"":""Draft"",""title"":""Re: Draft Presidential Letter to President of UAR"",""date"":""8/29/90"",""restriction"":""(b)(1)"",""classification"":""Secret"",""pages"":2,""sheetDisposition"":""No released copy indicated on the sheet""},{""itemNumber"":""20"",""type"":""Draft"",""title"":""Re: Draft Presidential Letter to President Gorbachev"",""date"":""8/29/90"",""restriction"":""(b)(1)"",""classification"":""Secret"",""pages"":3,""sheetDisposition"":""No released copy indicated on the sheet""},{""itemNumber"":""21"",""type"":""Draft"",""title"":""Re: General Talking Points for Presidential Missions"",""date"":""8/29/90"",""restriction"":""(b)(1)"",""classification"":""Secret"",""pages"":3,""sheetDisposition"":""No released copy indicated on the sheet""},{""itemNumber"":""22"",""type"":""Proposal"",""title"":""Re: National Security Council Meeting"",""date"":""8/28/90"",""restriction"":""(b)(1)"",""classification"":""Secret"",""pages"":4,""sheetDisposition"":""No released copy indicated on the sheet""},{""itemNumber"":""23"",""type"":""Talking points"",""title"":""Re: Points to be made for NSC Meeting on Persian Gulf Crisis: An Economic Action Plan"",""date"":""n.d."",""restriction"":""(b)(1)"",""classification"":""Secret"",""pages"":1,""sheetDisposition"":""No released copy indicated on the sheet""},{""itemNumber"":""24"",""type"":""Paper"",""title"":""Re: Executive Summary"",""date"":""n.d."",""restriction"":""(b)(1)"",""classification"":""Secret"",""pages"":14,""sheetDisposition"":""No released copy indicated on the sheet""},{""itemNumber"":""25"",""type"":""Talking points"",""title"":""Re: Talking Points"",""date"":""n.d."",""restriction"":""(b)(1)"",""classification"":""Secret"",""pages"":4,""sheetDisposition"":""No released copy indicated on the sheet""}]","George H.W. Bush Library, Bush Presidential Records, National Security Council, Timothy E. Deal Files, Chronological Files, OA/ID CF00697–001, Chron File: August 1990 [1].","Source: George H.W. Bush Library, Bush Presidential Records, National Security Council, Timothy E. Deal Files, Chronological Files, OA/ID CF00697–001, Chron File: August 1990 [1].","https://catalog.archives.gov/id/452050458","https://catalog.archives.gov/medialz/presidential-libraries/bush/gb-nsc/deal/chron_2554807/41-bpr-nsc-deal-chron-cf00697-001.pdf"
"452050459","1990-08-01","1990-08-31","August 1990 [2]","Catalog folder coverage dates and title; the first-of-month value is a sorting key only","Chron File: August 1990 [2]","CF00697-002","Monetary Policy, Debt, and International Institutions","Core","Volume XXX review","Debt, finance, and international institutions; Trade and market access; Timothy E. Deal chronological files","Begin with “NSC Meeting on the Persian Gulf Crisis: An Economic Action Plan (C)”; “FORWARDING MOSBACHER MEMO / OIL OUTLOOK & IRAQI CRISIS”; “Iraqi Invasion: Economic Policy Coordination This memoreandum reflects in part my conversation on August 21”; “From Brent Scowcroft to POTUS Re: The Gulf Crisis: An Economic Action Plan”.","39 served-PDF pages; 3 economic-policy subject-line leads; 13 individual withdrawal/redaction sheets describe 110 pages; 6 descriptions match Volume XXX topics, and none says that a released copy follows.","verified","Deal, Timothy E., Files","Chronological Files","CF00697-002","true","39","16619838","16619838","HTTP Content-Length","Restricted - Possibly","55635","0","0","0","0","15","164","36","43","26","15","22","2","20","3","6","[""NSC Meeting on the Persian Gulf Crisis: An Economic Action Plan (C)"",""FORWARDING MOSBACHER MEMO / OIL OUTLOOK & IRAQI CRISIS"",""Iraqi Invasion: Economic Policy Coordination This memoreandum reflects in part my conversation on August 21""]","15","2","13","110","0","13","[{""itemNumber"":""01"",""type"":""Paper"",""title"":""Re: Executive Summary"",""date"":""n.d."",""restriction"":""(b)(1)"",""classification"":""Secret"",""pages"":13,""sheetDisposition"":""No released copy indicated on the sheet""},{""itemNumber"":""02"",""type"":""Note"",""title"":""From Timothy Deal to Bob Gates"",""date"":""8/27/90"",""restriction"":""(b)(1)"",""classification"":""Secret"",""pages"":1,""sheetDisposition"":""No released copy indicated on the sheet""},{""itemNumber"":""03"",""type"":""Draft"",""title"":""From Brent Scowcroft to POTUS Re: The Gulf Crisis: An Economic Action Plan"",""date"":""8/27/90"",""restriction"":""(b)(1)"",""classification"":""Secret"",""pages"":4,""sheetDisposition"":""No released copy indicated on the sheet""},{""itemNumber"":""04"",""type"":""Memo"",""title"":""From Timothy Deal to Brent Scowcroft Re: Economic Assistance for Countries Affected by Gulf Crisis"",""date"":""8/27/90"",""restriction"":""(b)(1)"",""classification"":""Secret"",""pages"":2,""sheetDisposition"":""No released copy indicated on the sheet""},{""itemNumber"":""05"",""type"":""Report"",""title"":""Re: [Economic Assistance for Countries Affected by Gulf Crisis]"",""date"":""n.d."",""restriction"":""(b)(1)"",""classification"":""Secret"",""pages"":52,""sheetDisposition"":""No released copy indicated on the sheet""},{""itemNumber"":""06"",""type"":""Memo"",""title"":""From Robert Mosbacher to POTUS Re: Oil Outlook and the Iraq Crisis"",""date"":""8/23/90"",""restriction"":""(b)(1)"",""classification"":""Secret"",""pages"":7,""sheetDisposition"":""No released copy indicated on the sheet""},{""itemNumber"":""07"",""type"":""Summary"",""title"":""Re: PCC Meeting on Technology Transfer"",""date"":""8/23/90"",""restriction"":""(b)(1)"",""classification"":""Secret"",""pages"":2,""sheetDisposition"":""No released copy indicated on the sheet""},{""itemNumber"":""08"",""type"":""Chart"",""title"":""Re: The Costs of the \""Crisis\"" to Key Partners"",""date"":""n.d."",""restriction"":""(b)(1)"",""classification"":""Confidential"",""pages"":4,""sheetDisposition"":""No released copy indicated on the sheet""},{""itemNumber"":""09"",""type"":""Memo"",""title"":""From Henry Rowen to George Folsom, et al. Re: Discussion Paper for Deputies Meeting"",""date"":""8/22/90"",""restriction"":""(b)(1)"",""classification"":""Secret"",""pages"":1,""sheetDisposition"":""No released copy indicated on the sheet"",""possibleDuplicateMatch"":""Possible duplicate or parallel copy: CF00697–002 item 12.""},{""itemNumber"":""10"",""type"":""Paper"",""title"":""Re: A Strategy for Obtaining Financial Contribution to Key Countries in the Gulf Crisis"",""date"":""8/22/90"",""restriction"":""(b)(1)"",""classification"":""Secret"",""pages"":11,""sheetDisposition"":""No released copy indicated on the sheet"",""possibleDuplicateMatch"":""Possible duplicate or parallel copy: CF00697–002 item 13.""},{""itemNumber"":""11"",""type"":""Note"",""title"":""From Tim [Deal] to David Welch"",""date"":""8/23/90"",""restriction"":""(b)(1)"",""classification"":""Secret"",""pages"":1,""sheetDisposition"":""No released copy indicated on the sheet""},{""itemNumber"":""12"",""type"":""Memo"",""title"":""From Henry Rowen to George Folsom, et al. Re: Discussion Paper for Deputies Meeting"",""date"":""8/22/90"",""restriction"":""(b)(1)"",""classification"":""Secret"",""pages"":1,""sheetDisposition"":""No released copy indicated on the sheet"",""possibleDuplicateMatch"":""Possible duplicate or parallel copy: CF00697–002 item 09.""},{""itemNumber"":""13"",""type"":""Paper"",""title"":""Re: A Strategy for Obtaining Financial Contribution to Key Countries in the Gulf Crisis"",""date"":""8/22/90"",""restriction"":""(b)(1)"",""classification"":""Secret"",""pages"":11,""sheetDisposition"":""No released copy indicated on the sheet"",""possibleDuplicateMatch"":""Possible duplicate or parallel copy: CF00697–002 item 10.""}]","George H.W. Bush Library, Bush Presidential Records, National Security Council, Timothy E. Deal Files, Chronological Files, OA/ID CF00697–002, Chron File: August 1990 [2].","Source: George H.W. Bush Library, Bush Presidential Records, National Security Council, Timothy E. Deal Files, Chronological Files, OA/ID CF00697–002, Chron File: August 1990 [2].","https://catalog.archives.gov/id/452050459","https://catalog.archives.gov/medialz/presidential-libraries/bush/gb-nsc/deal/chron_2554807/41-bpr-nsc-deal-chron-cf00697-002.pdf"
"452050460","1990-08-01","1990-08-31","August 1990 [3]","Catalog folder coverage dates and title; the first-of-month value is a sorting key only","Chron File: August 1990 [3]","CF00697-003","Trade Policy and Market Access","Core","Volume XXX review","Trade and market access; Timothy E. Deal chronological files","Begin with “Presidential Determination on Import Fee For Trade Adjustment”; “H.R. 1594 -- CUSTOMS AND TRADE ACT OF 1990 and SIGNING STATEMENT”; “Enrolled Bill H.R. 1594 - Customs and Trade Act of I990 Sponsors - Rep. Gibbons (D) Florida and two others Last Day for”; “EPA STATEMENT ON S-2887 / GLOBAL ENVIRONMENTAL PROTECTION & TRADE EQUITY ACT”.","103 served-PDF pages; 7 economic-policy subject-line leads; 5 individual withdrawal/redaction sheets describe 57 pages; 3 descriptions match Volume XXX topics, and none says that a released copy follows.","verified","Deal, Timothy E., Files","Chronological Files","CF00697-003","true","103","48117711","48117712","HTTP Content-Length","Restricted - Possibly","149408","4","5","0","0","6","408","62","24","233","14","48","18","9","7","3","[""Presidential Determination on Import Fee For Trade Adjustment"",""H.R. 1594 -- CUSTOMS AND TRADE ACT OF 1990 and SIGNING STATEMENT"",""Enrolled Bill H.R. 1594 - Customs and Trade Act of I990 Sponsors - Rep. Gibbons (D) Florida and two others Last Day for"",""EPA STATEMENT ON S-2887 / GLOBAL ENVIRONMENTAL PROTECTION & TRADE EQUITY ACT"",""EPA draft statement for the record on S. 2887, \""Global Environmental Protection and Trade Equity Act.\"" The Office of Management and Budget requests the views of your"",""Report of the Economic Analysis Group on the Oil Supply Situation"",""Iraq: Dealing with the Oil Shortfall I understand there has been senior-level discussion of drawing""]","6","1","5","57","0","5","[{""itemNumber"":""01"",""type"":""Paper"",""title"":""Re: Steps to Change Jordanian Policy"",""date"":""n.d."",""restriction"":""(b)(1)"",""classification"":""Secret"",""pages"":1,""sheetDisposition"":""No released copy indicated on the sheet""},{""itemNumber"":""02"",""type"":""Memo"",""title"":""From Timothy Deal to Brent Scowcroft Re: Managing the Oil Supply Disruption: Next Steps"",""date"":""8/16/90"",""restriction"":""(b)(1)"",""classification"":""Secret"",""pages"":5,""sheetDisposition"":""No released copy indicated on the sheet""},{""itemNumber"":""03"",""type"":""Report"",""title"":""Re: Report of the Economic Analysis Group on the Impact of the Oil Supply Situation"",""date"":""8/14/90"",""restriction"":""(b)(1)"",""classification"":""Secret"",""pages"":45,""sheetDisposition"":""No released copy indicated on the sheet""},{""itemNumber"":""04"",""type"":""Memo"",""title"":""From Timothy Deal to Wilma Hall/Dona Proctor Re: Turkey"",""date"":""8/5/90"",""restriction"":""(b)(1)"",""classification"":""Confidential"",""pages"":1,""sheetDisposition"":""No released copy indicated on the sheet""},{""itemNumber"":""05"",""type"":""Telegram"",""title"":""Re: Request for Worldwide Help to Offset Supply Disruption of Embargoed Iraq/Kuwait Oil"",""date"":""8/8/90"",""restriction"":""(b)(1)"",""classification"":""Secret"",""pages"":5,""sheetDisposition"":""No released copy indicated on the sheet""}]","George H.W. Bush Library, Bush Presidential Records, National Security Council, Timothy E. Deal Files, Chronological Files, OA/ID CF00697–003, Chron File: August 1990 [3].","Source: George H.W. Bush Library, Bush Presidential Records, National Security Council, Timothy E. Deal Files, Chronological Files, OA/ID CF00697–003, Chron File: August 1990 [3].","https://catalog.archives.gov/id/452050460","https://catalog.archives.gov/medialz/presidential-libraries/bush/gb-nsc/deal/chron_2554807/41-bpr-nsc-deal-chron-cf00697-003.pdf"
"452050461","1990-09-01","1990-09-30","September 1990 [1]","Catalog folder coverage dates and title; the first-of-month value is a sorting key only","Chron File: September 1990 [1]","CF00697-004","Trade Policy and Market Access","Core","Volume XXX review","Trade and market access; Strategic trade and technology; Debt, finance, and international institutions; Timothy E. Deal chronological files","Begin with “Uruguay Round Trade Negotiations Attached for your information is a paper prepared by USTR which”; “""CONTINUATION OF EXPORT CONTROL REGULATIONS"" & MESSAGE TO CONGRESS”; “Proposed Executive Order Entitled ""Continuation of Export Control Regulations""”; “H.R. 4328 -- TEXTILE, APPAREL, AND FOOTWEAR TRADE ACT OF 1990 and VETO MESSAGE”.","81 served-PDF pages; 7 economic-policy subject-line leads; 4 individual withdrawal/redaction sheets describe 12 pages; 1 descriptions match Volume XXX topics, and none says that a released copy follows.","verified","Deal, Timothy E., Files","Chronological Files","CF00697-004","true","81","34210768","34210768","HTTP Content-Length","Restricted - Possibly","99005","2","0","0","4","5","391","56","64","207","18","20","18","8","7","1","[""Uruguay Round Trade Negotiations Attached for your information is a paper prepared by USTR which"",""\""CONTINUATION OF EXPORT CONTROL REGULATIONS\"" & MESSAGE TO CONGRESS"",""Proposed Executive Order Entitled \""Continuation of Export Control Regulations\"""",""H.R. 4328 -- TEXTILE, APPAREL, AND FOOTWEAR TRADE ACT OF 1990 and VETO MESSAGE"",""Enrolled Bill H.R. 4328 - Textile, Apparel, and Footwear Trade Act of 1990 Sponsors - Sen. Hollings (D) SC and 53 others"",""COCOM: SUBMISSION OF U.S. CORE LIST PROPOSALS WC JK"",""Minutes of NSC Meeting on the Oil Supply Situation""]","5","1","4","12","0","4","[{""itemNumber"":""01"",""type"":""Memo"",""title"":""From Timothy Deal to Robert Gates Re: Gulf Crisis: Responsibility Sharing"",""date"":""9/27/90"",""restriction"":""(b)(1)"",""classification"":""Confidential"",""pages"":1,""sheetDisposition"":""No released copy indicated on the sheet""},{""itemNumber"":""02"",""type"":""Table"",""title"":""Re: Desert Shield Costs Responsibility Sharing for 1990"",""date"":""9/24/90"",""restriction"":""(b)(1)"",""classification"":""Confidential"",""pages"":1,""sheetDisposition"":""No released copy indicated on the sheet""},{""itemNumber"":""03"",""type"":""Memo"",""title"":""From Timothy Deal to Brent Scowcroft Re: Gulf Crisis Financial Coordination Group"",""date"":""9/27/90"",""restriction"":""(b)(1)"",""classification"":""Confidential"",""pages"":2,""sheetDisposition"":""No released copy indicated on the sheet""},{""itemNumber"":""04"",""type"":""Minutes"",""title"":""Re: Meeting of the National Security Council"",""date"":""9/20/90"",""restriction"":""(b)(1)"",""classification"":""Confidential"",""pages"":8,""sheetDisposition"":""No released copy indicated on the sheet""}]","George H.W. Bush Library, Bush Presidential Records, National Security Council, Timothy E. Deal Files, Chronological Files, OA/ID CF00697–004, Chron File: September 1990 [1].","Source: George H.W. Bush Library, Bush Presidential Records, National Security Council, Timothy E. Deal Files, Chronological Files, OA/ID CF00697–004, Chron File: September 1990 [1].","https://catalog.archives.gov/id/452050461","https://catalog.archives.gov/medialz/presidential-libraries/bush/gb-nsc/deal/chron_2554807/41-bpr-nsc-deal-chron-cf00697-004.pdf"
"452050462","1990-09-01","1990-09-30","September 1990 [2]","Catalog folder coverage dates and title; the first-of-month value is a sorting key only","Chron File: September 1990 [2]","CF00697-005","Monetary Policy, Debt, and International Institutions","Consider","Selective review","Debt, finance, and international institutions; Trade and market access; Timothy E. Deal chronological files","Begin with “Draft Terms of Reference (U) Attached is Treasury's draft of proposed terms of reference for a”; “Minutes of the August 29 NSC Meeting on Persian Gulf Crisis: Economic Action Plan”; “PER NSC WAIVER, #2021-02 Economic Action Plan: Talking Points”; “From Timothy Deal to Florence Gantt, et al. Re: U.S. Mexican Free Trade Agreement”.","49 served-PDF pages; 3 economic-policy subject-line leads; 8 individual withdrawal/redaction sheets describe 24 pages; 1 descriptions match Volume XXX topics, and none says that a released copy follows.","verified","Deal, Timothy E., Files","Chronological Files","CF00697-005","true","49","20687938","20687938","HTTP Content-Length","Restricted - Possibly","61407","0","0","0","2","9","256","41","126","38","13","10","2","26","3","1","[""Draft Terms of Reference (U) Attached is Treasury's draft of proposed terms of reference for a"",""Minutes of the August 29 NSC Meeting on Persian Gulf Crisis: Economic Action Plan"",""PER NSC WAIVER, #2021-02 Economic Action Plan: Talking Points""]","9","1","8","24","0","8","[{""itemNumber"":""01"",""type"":""Memo"",""title"":""From Timothy Deal to Robert Gates Re: Steering Group Meeting"",""date"":""9/20/90"",""restriction"":""(b)(1)"",""classification"":""Confidential"",""pages"":2,""sheetDisposition"":""No released copy indicated on the sheet""},{""itemNumber"":""02"",""type"":""Memo"",""title"":""From Timothy Deal to Florence Gantt, et al. Re: U.S. Mexican Free Trade Agreement"",""date"":""9/18/90"",""restriction"":""(b)(1)"",""classification"":""Confidential"",""pages"":2,""sheetDisposition"":""No released copy indicated on the sheet""},{""itemNumber"":""03"",""type"":""Message"",""title"":""Re: Burden-Sharing: Gulf States Visit"",""date"":""9/10/90"",""restriction"":""(b)(1)"",""classification"":""Secret"",""pages"":4,""sheetDisposition"":""No released copy indicated on the sheet""},{""itemNumber"":""04"",""type"":""Minutes"",""title"":""Re: Meeting of the National Security Council"",""date"":""8/29/90"",""restriction"":""(b)(1)"",""classification"":""Secret"",""pages"":7,""sheetDisposition"":""No released copy indicated on the sheet""},{""itemNumber"":""05"",""type"":""Summary"",""title"":""Re: PCC-Technology Transfer Meeting"",""date"":""9/5/90"",""restriction"":""(b)(1)"",""classification"":""Secret"",""pages"":2,""sheetDisposition"":""No released copy indicated on the sheet""},{""itemNumber"":""06"",""type"":""Message"",""title"":""Re: Message to Taiwan"",""date"":""n.d."",""restriction"":""(b)(1)"",""classification"":""Secret"",""pages"":2,""sheetDisposition"":""No released copy indicated on the sheet""},{""itemNumber"":""07"",""type"":""Telegram"",""title"":""Re: Presidential Letter to Prime Minister [Kaifu] 8/331/90"",""date"":""Not stated"",""restriction"":""(b)(1)"",""classification"":""Secret"",""pages"":3,""sheetDisposition"":""No released copy indicated on the sheet""},{""itemNumber"":""08"",""type"":""Memo"",""title"":""From Timothy Deal to Robert Gates Re: Comments of Talking Points"",""date"":""9/1/90"",""restriction"":""(b)(1)"",""classification"":""Confidential"",""pages"":2,""sheetDisposition"":""No released copy indicated on the sheet""}]","George H.W. Bush Library, Bush Presidential Records, National Security Council, Timothy E. Deal Files, Chronological Files, OA/ID CF00697–005, Chron File: September 1990 [2].","Source: George H.W. Bush Library, Bush Presidential Records, National Security Council, Timothy E. Deal Files, Chronological Files, OA/ID CF00697–005, Chron File: September 1990 [2].","https://catalog.archives.gov/id/452050462","https://catalog.archives.gov/medialz/presidential-libraries/bush/gb-nsc/deal/chron_2554807/41-bpr-nsc-deal-chron-cf00697-005.pdf"
"452050463","1990-10-01","1990-10-31","October 1990 [1]","Catalog folder coverage dates and title; the first-of-month value is a sorting key only","Chron File: October 1990 [1]","CF00697-006","Transition Economies and International Economic Strategy","Core","Volume XXX review","Transition economies and economic reform; Debt, finance, and international institutions; Trade and market access; Timothy E. Deal chronological files","Begin with “National Energy Strategy Options This memorandum is in response to your request for comments on”; “ENROLLED BILL S-2516 RE FORN DIRECT INVESTMENT & INTL FINANCIAL DATA IMPROVEMENT ACT”; “International Debt: Uruguay and Chile Secretary Brady has sent the President a short memorandum (Tab A)”; “International Debt: Uruguay and Chile Attached at Tab A is a memorandum to you from Secretary Brady,”.","87 served-PDF pages; 10 economic-policy subject-line leads; 9 individual withdrawal/redaction sheets describe 20 pages; 6 descriptions match Volume XXX topics, and none says that a released copy follows.","verified","Deal, Timothy E., Files","Chronological Files","CF00697-006","true","87","39867807","39867808","HTTP Content-Length","Restricted - Possibly","148749","5","8","0","0","10","429","63","75","188","15","49","27","12","10","6","[""National Energy Strategy Options This memorandum is in response to your request for comments on"",""ENROLLED BILL S-2516 RE FORN DIRECT INVESTMENT & INTL FINANCIAL DATA IMPROVEMENT ACT"",""International Debt: Uruguay and Chile Secretary Brady has sent the President a short memorandum (Tab A)"",""International Debt: Uruguay and Chile Attached at Tab A is a memorandum to you from Secretary Brady,"",""URUGUAY AND CHILE Uruguay reached agreement in principle with commercial bank creditors last Friday."",""Saving the Uruguay Round As discussed, attached at Tab I is a memorandum from you to the"",""Bringing the Uruguay Round to a Successful Conclusion"",""Soviet Emigration Bill I think that our policy of withholding credits and MFN toward the Soviet Union pending the passage of the Emigration"",""Insert to Your Paper on Eastern Europe Adrian: I believe that you are asking too much of the Gulf States"",""October 17 Principals Meeting on the COCOM Core List Proposal""]","10","1","9","20","0","9","[{""itemNumber"":""01"",""type"":""Memo"",""title"":""From Timothy Deal to Florence Gantt, et al. Re: Sanctions Against Iraq"",""date"":""11/5/90"",""restriction"":""(b)(1)"",""classification"":""Secret"",""pages"":1,""sheetDisposition"":""No released copy indicated on the sheet""},{""itemNumber"":""02"",""type"":""Message"",""title"":""Re: Request to Share Information on Possible U.N. Sanctions Violations"",""date"":""11/2/90"",""restriction"":""(b)(1)"",""classification"":""Secret"",""pages"":1,""sheetDisposition"":""No released copy indicated on the sheet""},{""itemNumber"":""03"",""type"":""Memo"",""title"":""From Timothy Deal to Florence Gantt, et al. Re: Uruguay Round: Possible Thatcher Call"",""date"":""10/29/90"",""restriction"":""(b)(1)"",""classification"":""Confidential"",""pages"":1,""sheetDisposition"":""No released copy indicated on the sheet""},{""itemNumber"":""04"",""type"":""Memo"",""title"":""From Timothy Deal to Nicholas Rostow Re: Your Paper on the Gulf Crisis"",""date"":""10/24/90"",""restriction"":""(b)(1)"",""classification"":""Secret"",""pages"":2,""sheetDisposition"":""No released copy indicated on the sheet""},{""itemNumber"":""05"",""type"":""Memo"",""title"":""From Nicholas Rostow to Brent Scowcroft Re: The Gulf Crisis: Peering Into the Future"",""date"":""n.d."",""restriction"":""(b)(1)"",""classification"":""Secret"",""pages"":6,""sheetDisposition"":""No released copy indicated on the sheet""},{""itemNumber"":""06"",""type"":""Summary"",""title"":""Re: PCC-Technology Transfer"",""date"":""10/17/90"",""restriction"":""(b)(1)"",""classification"":""Secret"",""pages"":1,""sheetDisposition"":""No released copy indicated on the sheet""},{""itemNumber"":""07"",""type"":""Memo"",""title"":""From Adrian Basora to Brent Scowcroft Re: Additional Assistance for Eastern Europe"",""date"":""10/22/90"",""restriction"":""(b)(1)"",""classification"":""Secret"",""pages"":3,""sheetDisposition"":""No released copy indicated on the sheet""},{""itemNumber"":""08"",""type"":""Memo"",""title"":""From Adrian Basora to Brent Scowcroft Re: Renewed Push to Help Eastern Europe"",""date"":""10/9/90"",""restriction"":""(b)(1)"",""classification"":""Secret"",""pages"":3,""sheetDisposition"":""No released copy indicated on the sheet""},{""itemNumber"":""09"",""type"":""Memo"",""title"":""From Timothy Deal for the Files Re: COCOM: Principals Meeting on Core List Proposal"",""date"":""10/18/90"",""restriction"":""(b)(1)"",""classification"":""Secret"",""pages"":2,""sheetDisposition"":""No released copy indicated on the sheet""}]","George H.W. Bush Library, Bush Presidential Records, National Security Council, Timothy E. Deal Files, Chronological Files, OA/ID CF00697–006, Chron File: October 1990 [1].","Source: George H.W. Bush Library, Bush Presidential Records, National Security Council, Timothy E. Deal Files, Chronological Files, OA/ID CF00697–006, Chron File: October 1990 [1].","https://catalog.archives.gov/id/452050463","https://catalog.archives.gov/medialz/presidential-libraries/bush/gb-nsc/deal/chron_2554807/41-bpr-nsc-deal-chron-cf00697-006.pdf"
"452050464","1990-10-01","1990-10-31","October 1990 [2]","Catalog folder coverage dates and title; the first-of-month value is a sorting key only","Chron File: October 1990 [2]","CF00697-007","Monetary Policy, Debt, and International Institutions","Core","Volume XXX review","Debt, finance, and international institutions; Trade and market access; Transition economies and economic reform; Timothy E. Deal chronological files","Begin with “COMMERCE PROPOSED RPT ON HR-4520 / FORN DIRECT INVESTMENT”; “Department of Commerce proposed report on H.R. 4520 -- Foreign Direct Investment Data. The Office of Management and Budget requests the views of your agency”; “OCTOBER 12 MEETING OF THE GULF CRISIS FINANCIAL COORDINATION GROUP REF: STATE 340139”; “Polish Debt You asked for a memorandum to the President on Polish debt in”.","100 served-PDF pages; 8 economic-policy subject-line leads; 10 individual withdrawal/redaction sheets describe 22 pages; 4 descriptions match Volume XXX topics, and none says that a released copy follows.","verified","Deal, Timothy E., Files","Chronological Files","CF00697-007","true","100","44649591","44649592","HTTP Content-Length","Restricted - Possibly","144609","4","2","0","0","11","570","59","146","202","29","98","12","24","8","4","[""COMMERCE PROPOSED RPT ON HR-4520 / FORN DIRECT INVESTMENT"",""Department of Commerce proposed report on H.R. 4520 -- Foreign Direct Investment Data. The Office of Management and Budget requests the views of your agency"",""OCTOBER 12 MEETING OF THE GULF CRISIS FINANCIAL COORDINATION GROUP REF: STATE 340139"",""Polish Debt You asked for a memorandum to the President on Polish debt in"",""Polish Debt You asked for a review of the Polish debt situation, with a view"",""AMENDMENT AS SUBSTITUTE TO HR-4520 / FORN DIRECT INVESTMENT & INTL FINANCIAL DATA IMPROVEMENTS ACT OF 1990"",""Amendment in the nature of a substitute to H.R. 4520, the Foreign Direct Investment and International Financial Data Improvements Act of 1990."",""EASTERN EUROPEAN PARTICIPATION IN OCTOBER 19 G-24 MEETING REF: {A} BRUSSELS 14821, {B} STATE 331471""]","11","1","10","22","0","10","[{""itemNumber"":""01"",""type"":""Paper"",""title"":""Re: Jackson-Vanik Options"",""date"":""n.d."",""restriction"":""(b)(1)"",""classification"":""Secret"",""pages"":4,""sheetDisposition"":""No released copy indicated on the sheet"",""possibleDuplicateMatch"":""Possible duplicate or parallel copy: CF00697–008 item 07.""},{""itemNumber"":""02"",""type"":""Memo"",""title"":""From Timothy Deal to Brent Scowcroft Re: Gulf Crisis Financial Coordination Group Meeting"",""date"":""10/16/90"",""restriction"":""(b)(1)"",""classification"":""Confidential"",""pages"":2,""sheetDisposition"":""No released copy indicated on the sheet""},{""itemNumber"":""03"",""type"":""Draft"",""title"":""From Brent Scowcroft to POTUS Re: Polish Debt"",""date"":""n.d."",""restriction"":""(b)(1)"",""classification"":""Confidential"",""pages"":2,""sheetDisposition"":""No released copy indicated on the sheet""},{""itemNumber"":""04"",""type"":""Memo"",""title"":""From Timothy Deal to Brent Scowcroft Re: IEPR Breakfast"",""date"":""10/12/90"",""restriction"":""(b)(1)"",""classification"":""Confidential"",""pages"":2,""sheetDisposition"":""No released copy indicated on the sheet""},{""itemNumber"":""05"",""type"":""Chart"",""title"":""Re: Desert Shield Cost Responsibility-Sharing For 1990"",""date"":""n.d."",""restriction"":""(b)(1)"",""classification"":""Confidential"",""pages"":1,""sheetDisposition"":""No released copy indicated on the sheet""},{""itemNumber"":""06"",""type"":""Memo"",""title"":""From Timothy Deal to Brent Scowcroft Re: IEPR Breakfast"",""date"":""10/11/90"",""restriction"":""(b)(1)"",""classification"":""Confidential"",""pages"":3,""sheetDisposition"":""No released copy indicated on the sheet""},{""itemNumber"":""07"",""type"":""Telegram"",""title"":""Re: Instructions to the U.S. Delegation, Fourth Round of U.S.- Soviet Claims Talks"",""date"":""10/5/90"",""restriction"":""(b)(1)"",""classification"":""Secret"",""pages"":2,""sheetDisposition"":""No released copy indicated on the sheet""},{""itemNumber"":""08"",""type"":""Telegram"",""title"":""Re: Polish debt and Support for Poland"",""date"":""9/21/90"",""restriction"":""(b)(1)"",""classification"":""Secret"",""pages"":2,""sheetDisposition"":""No released copy indicated on the sheet""},{""itemNumber"":""09"",""type"":""Note"",""title"":""From Tim Deal to Bob Gates, et al."",""date"":""10/4/90"",""restriction"":""(b)(1)"",""classification"":""Top Secret"",""pages"":1,""sheetDisposition"":""No released copy indicated on the sheet""},{""itemNumber"":""10"",""type"":""Report"",""title"":""Re: Compliance with the Sanctions"",""date"":""n.d."",""restriction"":""(b)(1)"",""classification"":""Top Secret"",""pages"":3,""sheetDisposition"":""No released copy indicated on the sheet""}]","George H.W. Bush Library, Bush Presidential Records, National Security Council, Timothy E. Deal Files, Chronological Files, OA/ID CF00697–007, Chron File: October 1990 [2].","Source: George H.W. Bush Library, Bush Presidential Records, National Security Council, Timothy E. Deal Files, Chronological Files, OA/ID CF00697–007, Chron File: October 1990 [2].","https://catalog.archives.gov/id/452050464","https://catalog.archives.gov/medialz/presidential-libraries/bush/gb-nsc/deal/chron_2554807/41-bpr-nsc-deal-chron-cf00697-007.pdf"
"452050465","1990-11-01","1990-11-30","November 1990 [1]","Catalog folder coverage dates and title; the first-of-month value is a sorting key only","Chron File: November 1990 [1]","CF00697-008","Monetary Policy, Debt, and International Institutions","Core","Volume XXX review","Debt, finance, and international institutions; Trade and market access; Transition economies and economic reform; Timothy E. Deal chronological files","Begin with “SECTION 337 INVESTIGATION - POLICY REVIEW OF ORDER ISSUED BY THE U.S. INTERNATIONAL TRADE COMMISSION”; “Policy Review of Section 337 Order Issued by the U.S. International Trade Commission”; “Presidential Determination Pursuant to Section 545 of the Foreign Operations, Export, Financing, and”; “Determination Pursuant to Section 545 of the Foreign Operations, Export Financing, and Related”.","71 served-PDF pages; 8 economic-policy subject-line leads; 8 individual withdrawal/redaction sheets describe 25 pages; 0 descriptions match Volume XXX topics, and none says that a released copy follows.","verified","Deal, Timothy E., Files","Chronological Files","CF00697-008","true","71","32354818","32354818","HTTP Content-Length","Restricted - Possibly","102321","7","4","0","0","9","327","40","87","114","40","6","14","26","8","0","[""SECTION 337 INVESTIGATION - POLICY REVIEW OF ORDER ISSUED BY THE U.S. INTERNATIONAL TRADE COMMISSION"",""Policy Review of Section 337 Order Issued by the U.S. International Trade Commission"",""Presidential Determination Pursuant to Section 545 of the Foreign Operations, Export, Financing, and"",""Determination Pursuant to Section 545 of the Foreign Operations, Export Financing, and Related"",""Implementation of the Enterprise for the Americas The Economic Policy Council met on November 14 to review implementation of the Enterprise for the Americas Initiative prior"",""Brazilian Debt You asked about Brazil's debt in the context of planning for the"",""Food Aid/Food Sales to the USSR Attached, as requested, is a memorandum from you to the President"",""Food Aid/Food Sales to the USSR This responds to your question about the possibility of providing""]","9","1","8","25","0","8","[{""itemNumber"":""01"",""type"":""Memo"",""title"":""From Condoleezza Rice/Timothy Deal to Brent Scowcroft Re: Jackson-Vanik Waiver"",""date"":""11/29/90"",""restriction"":""(b)(1)"",""classification"":""Secret"",""pages"":1,""sheetDisposition"":""No released copy indicated on the sheet"",""possibleDuplicateMatch"":""Possible duplicate or parallel copy: CF00697–008 item 05.""},{""itemNumber"":""02"",""type"":""Memo"",""title"":""From Brent Scowcroft to POTUS Re: Jackson-Vanik Waiver"",""date"":""n.d."",""restriction"":""(b)(1)"",""classification"":""Secret"",""pages"":4,""sheetDisposition"":""No released copy indicated on the sheet"",""possibleDuplicateMatch"":""Possible duplicate or parallel copy: CF00697–008 item 06.""},{""itemNumber"":""03"",""type"":""Paper"",""title"":""Re: Jackson-Vanik"",""date"":""n.d."",""restriction"":""(b)(1)"",""classification"":""Secret"",""pages"":6,""sheetDisposition"":""No released copy indicated on the sheet""},{""itemNumber"":""04"",""type"":""Summary"",""title"":""Re: PCC-Technology Transfer"",""date"":""11/29/90"",""restriction"":""(b)(1)"",""classification"":""Confidential"",""pages"":1,""sheetDisposition"":""No released copy indicated on the sheet""},{""itemNumber"":""05"",""type"":""Memo"",""title"":""From Condoleezza Rice/Timothy Deal to Brent Scowcroft Re: Jackson-Vanik Waiver"",""date"":""11/29/90"",""restriction"":""(b)(1)"",""classification"":""Secret"",""pages"":1,""sheetDisposition"":""No released copy indicated on the sheet"",""possibleDuplicateMatch"":""Possible duplicate or parallel copy: CF00697–008 item 01.""},{""itemNumber"":""06"",""type"":""Draft"",""title"":""From Brent Scowcroft to POTUS Re: Jackson-Vanik Waiver"",""date"":""n.d."",""restriction"":""(b)(1)"",""classification"":""Secret"",""pages"":4,""sheetDisposition"":""No released copy indicated on the sheet"",""possibleDuplicateMatch"":""Possible duplicate or parallel copy: CF00697–008 item 02.""},{""itemNumber"":""07"",""type"":""Paper"",""title"":""Re: Jackson-Vanik Options"",""date"":""n.d."",""restriction"":""(b)(1)"",""classification"":""Secret"",""pages"":7,""sheetDisposition"":""No released copy indicated on the sheet"",""possibleDuplicateMatch"":""Possible duplicate or parallel copy: CF00697–007 item 01.""},{""itemNumber"":""08"",""type"":""Summary"",""title"":""Re: PCC-Technology Transfer"",""date"":""11/20/90"",""restriction"":""(b)(1)"",""classification"":""Confidential"",""pages"":1,""sheetDisposition"":""No released copy indicated on the sheet""}]","George H.W. Bush Library, Bush Presidential Records, National Security Council, Timothy E. Deal Files, Chronological Files, OA/ID CF00697–008, Chron File: November 1990 [1].","Source: George H.W. Bush Library, Bush Presidential Records, National Security Council, Timothy E. Deal Files, Chronological Files, OA/ID CF00697–008, Chron File: November 1990 [1].","https://catalog.archives.gov/id/452050465","https://catalog.archives.gov/medialz/presidential-libraries/bush/gb-nsc/deal/chron_2554807/41-bpr-nsc-deal-chron-cf00697-008.pdf"
"452050466","1990-11-01","1990-11-30","November 1990 [2]","Catalog folder coverage dates and title; the first-of-month value is a sorting key only","Chron File: November 1990 [2]","CF00697-009","Trade Policy and Market Access","Core","Volume XXX review","Trade and market access; Economic summits and G-7 coordination; Debt, finance, and international institutions; Timothy E. Deal chronological files","Begin with “LETTER FROM PRESIDENT BUSH TO PRESIDENT COLLOR MG RE URUGUAY ROUND”; “TO AGREED DISCIPLINES AND ARE THE LEAST TRADE-DISTORTING NECESSARY. THE TIME HAS COME TO MOVE TO CONSIDER THE SHAPE OF A FINAL”; “Food Aid/Food Sales to the USSR This responds to your question about the possibility of providing”; “to COCOM Favorable Consideration and National Discretion procedures will be reduced to 30 and 15 days, respectively.”.","88 served-PDF pages; 18 economic-policy subject-line leads; 1 individual withdrawal/redaction sheets describe 4 pages; 1 descriptions match Volume XXX topics, and none says that a released copy follows.","verified","Deal, Timothy E., Files","Chronological Files","CF00697-009","true","88","40799164","40799164","HTTP Content-Length","Restricted - Possibly","126331","6","6","0","0","2","391","64","53","171","21","9","51","22","18","1","[""LETTER FROM PRESIDENT BUSH TO PRESIDENT COLLOR MG RE URUGUAY ROUND"",""TO AGREED DISCIPLINES AND ARE THE LEAST TRADE-DISTORTING NECESSARY. THE TIME HAS COME TO MOVE TO CONSIDER THE SHAPE OF A FINAL"",""Food Aid/Food Sales to the USSR This responds to your question about the possibility of providing"",""to COCOM Favorable Consideration and National Discretion procedures will be reduced to 30 and 15 days, respectively."",""Meeting with the President on Export Administration Act Renewal, 1:15 p.m.,"",""Meeting on Export Administration Act Renewal, 1:15 p.m., November 15, Oval Office"",""FINANCIAL OFFICERS ACT"",""Enrolled Bill H.R. 5687 - Chief Financial Officers Act of 1990"",""Meeting with the President on Uruguay Round, 11:30 a.m., November 13"",""GUIDANCE ON ADDITIONAL TEXTS ON GERMAN UNITY AND ECONOMIC TRANSITION BRUSSELS ALSO FOR USEC, ROME ALSO FOR VATICAN"",""CSCE: PARIS SUMMIT DOCUMENT CHAPTER I REF: VIENNA 12145 BRUSSELS ALSO FOR USEC; ROME ALSO FOR VATICAN"",""CSCE SUMMIT: GUIDANCE ON ECONOMIC LANGUAGE REF A : COORDINATOR'S NON PAPER {REV. 1} 1 NOVEMBER 1990 DG 2,"",""Enrolled Bill S. 2516 - Foreign Direct Investment and International Financial Data Improvements Act of"",""GUIDANCE ON ECONOMIC LANGUAGE IN SUMMIT DOCUMENT 1. CONFIDENTIAL - ENTIRE TEXT 2. THE BONN ECONOMIC CONFERENCE WAS A VICTORY FOR WESTERN"",""Background Paper for November 2 EPC Meeting on the Uruguay Round"",""ECONOMIC POLICY COUNCIL MEETING NOVEMBER 2, 1990, 3:00 P.M."",""Background on Agriculture Offers in the Uruguay Round The U.S. proposal was tabled October 15. It is a comprehensive package for agricultural reform. We have"",""EPC Meeting on Uruguay Round, 3 p.m., November 2, Roosevelt Room""]","2","1","1","4","0","1","[{""itemNumber"":""01"",""type"":""Message"",""title"":""Re: Agricultural Proposals"",""date"":""11/12/90"",""restriction"":""(b)(1)"",""classification"":""Confidential"",""pages"":4,""sheetDisposition"":""No released copy indicated on the sheet""}]","George H.W. Bush Library, Bush Presidential Records, National Security Council, Timothy E. Deal Files, Chronological Files, OA/ID CF00697–009, Chron File: November 1990 [2].","Source: George H.W. Bush Library, Bush Presidential Records, National Security Council, Timothy E. Deal Files, Chronological Files, OA/ID CF00697–009, Chron File: November 1990 [2].","https://catalog.archives.gov/id/452050466","https://catalog.archives.gov/medialz/presidential-libraries/bush/gb-nsc/deal/chron_2554807/41-bpr-nsc-deal-chron-cf00697-009.pdf"
"452050467","1990-12-01","1990-12-31","December 1990 [1]","Catalog folder coverage dates and title; the first-of-month value is a sorting key only","Chron File: December 1990 [1]","CF00697-010","Trade Policy and Market Access","Core","Volume XXX review","Trade and market access; Debt, finance, and international institutions; Strategic trade and technology; Timothy E. Deal chronological files","Begin with “The Uruguay Round I appreciate so very much the opportunity to discuss”; “Press Release and Memorandum to the Agencies on Export Control Decisions”; “High Performance Computer Export License Applications”; “Proposed Press Release on Export Control Procedures”.","129 served-PDF pages; 7 economic-policy subject-line leads; 23 individual withdrawal/redaction sheets describe 39 pages; 9 descriptions match Volume XXX topics, and none says that a released copy follows.","verified","Deal, Timothy E., Files","Chronological Files","CF00697-010","true","129","54850216","54850216","HTTP Content-Length","Restricted - Possibly","179597","2","1","0","1","26","527","89","109","164","55","32","22","56","7","9","[""The Uruguay Round I appreciate so very much the opportunity to discuss"",""Press Release and Memorandum to the Agencies on Export Control Decisions"",""High Performance Computer Export License Applications"",""Proposed Press Release on Export Control Procedures"",""ECONOMIC SANCTIONS IN THE GULF"",""Request of Department of Commerce on Oil Drilling The Department of Commerce has requested the NSC's views on an"",""NOAA Request for NSC Views on Oil Drilling off North Carolina""]","26","3","23","39","0","23","[{""itemNumber"":""01"",""type"":""Telegram"",""title"":""Re: Clarification on Issuance of Computer Licenses"",""date"":""12/27/90"",""restriction"":""(b)(1)"",""classification"":""Secret"",""pages"":2,""sheetDisposition"":""No released copy indicated on the sheet"",""possibleDuplicateMatch"":""Possible duplicate or parallel copy: CF00697–013 item 10.""},{""itemNumber"":""02"",""type"":""Memo"",""title"":""From Timothy Deal to Brent Scowcroft Re: Gulf Crisis: Meeting of the Informal Steering Group"",""date"":""12/31/90"",""restriction"":""(b)(1)"",""classification"":""Secret"",""pages"":2,""sheetDisposition"":""No released copy indicated on the sheet""},{""itemNumber"":""03"",""type"":""List"",""title"":""Participants"",""date"":""1/2/91"",""restriction"":""(b)(3), (b)(6)"",""classification"":""Not stated"",""pages"":1,""sheetDisposition"":""No released copy indicated on the sheet""},{""itemNumber"":""04"",""type"":""Agenda"",""title"":""Re: Informal Steering Group Meeting on the Gulf Crisis"",""date"":""1/2/91"",""restriction"":""(b)(1)"",""classification"":""Secret"",""pages"":2,""sheetDisposition"":""No released copy indicated on the sheet"",""possibleDuplicateMatch"":""Possible duplicate or parallel copy: CF00697–010 item 10.""},{""itemNumber"":""05"",""type"":""Paper"",""title"":""Re: Meeting Economic Assistance Needs"",""date"":""1/3/91"",""restriction"":""(b)(1)"",""classification"":""Secret"",""pages"":1,""sheetDisposition"":""No released copy indicated on the sheet""},{""itemNumber"":""06"",""type"":""Memo"",""title"":""From Nicholas Brady to POTUS Re: Discussion with Prime Minister Major"",""date"":""n.d."",""restriction"":""(b)(1)"",""classification"":""Not stated"",""pages"":1,""sheetDisposition"":""No released copy indicated on the sheet""},{""itemNumber"":""07"",""type"":""Cover Sheet"",""title"":""Cover Sheet"",""date"":""n.d."",""restriction"":""(b)(3)"",""classification"":""Not stated"",""pages"":1,""sheetDisposition"":""No released copy indicated on the sheet""},{""itemNumber"":""08"",""type"":""Memorandum"",""title"":""William Sittmann for Distribution Re: Information Steering Group Meeting"",""date"":""12/31/90"",""restriction"":""(b)(3)"",""classification"":""Not stated"",""pages"":1,""sheetDisposition"":""No released copy indicated on the sheet""},{""itemNumber"":""09"",""type"":""Table"",""title"":""Re: Filling the Economic Assistance Gap"",""date"":""1/4/91"",""restriction"":""(b)(1)"",""classification"":""Secret"",""pages"":1,""sheetDisposition"":""No released copy indicated on the sheet""},{""itemNumber"":""10"",""type"":""Agenda"",""title"":""Re: Informal Steering Group Meeting on the Gulf Crisis"",""date"":""1/2/91"",""restriction"":""(b)(1)"",""classification"":""Secret"",""pages"":2,""sheetDisposition"":""No released copy indicated on the sheet"",""possibleDuplicateMatch"":""Possible duplicate or parallel copy: CF00697–010 item 04.""},{""itemNumber"":""11"",""type"":""Memo"",""title"":""From Timothy Deal to Brent Scowcroft Re: Uruguay Round Prospects"",""date"":""12/26/90"",""restriction"":""(b)(1)"",""classification"":""Secret"",""pages"":1,""sheetDisposition"":""No released copy indicated on the sheet""},{""itemNumber"":""12"",""type"":""Paper"",""title"":""Re: Executive Brief: Uruguay Round"",""date"":""12/19/90"",""restriction"":""(b)(1)"",""classification"":""Secret"",""pages"":3,""sheetDisposition"":""No released copy indicated on the sheet""},{""itemNumber"":""13"",""type"":""Memo"",""title"":""From John Robson to Robert Gates Re: Deputies' Committee Meeting on Gulf Crisis"",""date"":""n.d."",""restriction"":""(b)(1)"",""classification"":""Confidential"",""pages"":1,""sheetDisposition"":""No released copy indicated on the sheet""},{""itemNumber"":""14"",""type"":""Paper"",""title"":""Re: Gulf Crisis Financial Assistance"",""date"":""n.d."",""restriction"":""(b)(1)"",""classification"":""Confidential"",""pages"":5,""sheetDisposition"":""No released copy indicated on the sheet""},{""itemNumber"":""15"",""type"":""Note"",""title"":""From Timothy Deal to Bob Gates"",""date"":""12/21/90"",""restriction"":""(b)(1)"",""classification"":""Confidential"",""pages"":1,""sheetDisposition"":""No released copy indicated on the sheet""},{""itemNumber"":""16"",""type"":""Note"",""title"":""From Second Permanent Secretary Wicks to Secretary of State for Economic Affairs McCormack"",""date"":""12/19/91"",""restriction"":""(b)(1)"",""classification"":""Not stated"",""pages"":2,""sheetDisposition"":""No released copy indicated on the sheet""},{""itemNumber"":""17"",""type"":""Table"",""title"":""Re: Desert Shield Costs Responsibility-Sharing"",""date"":""n.d."",""restriction"":""(b)(1)"",""classification"":""Confidential"",""pages"":1,""sheetDisposition"":""No released copy indicated on the sheet""},{""itemNumber"":""18"",""type"":""Memo"",""title"":""From Timothy Deal/Richard Haass to Robert Gates Re: Informal Steering Group Meeting on Gulf Crisis"",""date"":""12/18/90"",""restriction"":""(b)(1)"",""classification"":""Secret"",""pages"":3,""sheetDisposition"":""No released copy indicated on the sheet""},{""itemNumber"":""19"",""type"":""Agenda"",""title"":""Re: Informal Steering Group Meeting on Gulf Crisis"",""date"":""12/19/90"",""restriction"":""(b)(1)"",""classification"":""Secret"",""pages"":1,""sheetDisposition"":""No released copy indicated on the sheet"",""possibleDuplicateMatch"":""Possible duplicate or parallel copy: CF00697–010 item 22.""},{""itemNumber"":""20"",""type"":""Summary"",""title"":""Re: PCC-Technology Transfer"",""date"":""12/14/90"",""restriction"":""(b)(1)"",""classification"":""Confidential"",""pages"":1,""sheetDisposition"":""No released copy indicated on the sheet""},{""itemNumber"":""21"",""type"":""Telegram"",""title"":""Re: Soviet Economic Bogomolov Meeting with CEA Chairman Boskin"",""date"":""12/13/90"",""restriction"":""(b)(1)"",""classification"":""Secret"",""pages"":4,""sheetDisposition"":""No released copy indicated on the sheet""},{""itemNumber"":""22"",""type"":""Agenda"",""title"":""Re: Informal Steering Group Meeting on Gulf Crisis"",""date"":""12/19/90"",""restriction"":""(b)(1)"",""classification"":""Secret"",""pages"":1,""sheetDisposition"":""No released copy indicated on the sheet"",""possibleDuplicateMatch"":""Possible duplicate or parallel copy: CF00697–010 item 19.""},{""itemNumber"":""23"",""type"":""Memo"",""title"":""From Condoleezza Rice/Timothy Deal to Brent Scowcroft Re: IMF/World Bank Report on the Soviet Economy"",""date"":""12/17/90"",""restriction"":""(b)(1)"",""classification"":""Secret"",""pages"":1,""sheetDisposition"":""No released copy indicated on the sheet""}]","George H.W. Bush Library, Bush Presidential Records, National Security Council, Timothy E. Deal Files, Chronological Files, OA/ID CF00697–010, Chron File: December 1990 [1].","Source: George H.W. Bush Library, Bush Presidential Records, National Security Council, Timothy E. Deal Files, Chronological Files, OA/ID CF00697–010, Chron File: December 1990 [1].","https://catalog.archives.gov/id/452050467","https://catalog.archives.gov/medialz/presidential-libraries/bush/gb-nsc/deal/chron_2554807/41-bpr-nsc-deal-chron-cf00697-010.pdf"
"452050468","1990-12-01","1990-12-31","December 1990 [2]","Catalog folder coverage dates and title; the first-of-month value is a sorting key only","Chron File: December 1990 [2]","CF00697-011","Trade Policy and Market Access","Core","Volume XXX review","Trade and market access; Debt, finance, and international institutions; Transition economies and economic reform; Timothy E. Deal chronological files","Begin with “Uruguay Round: Final Meetings The Brussels ministerial will adjourn shortly with no breakthrough on agriculture. (There is still a formal closing”; “UPDATE ON THE URUGUAY ROUND MINISTERIAL: DAYS FOUR AND FIVE”; “Draft Statement on the Uruguay Round Attached for your information is the draft statement”; “Uruguay Round Report The agricultural negotiations broke apart this evening,”.","98 served-PDF pages; 25 economic-policy subject-line leads; 7 individual withdrawal/redaction sheets describe 20 pages; 2 descriptions match Volume XXX topics, and none says that a released copy follows.","verified","Deal, Timothy E., Files","Chronological Files","CF00697-011","true","98","43846197","43846196","HTTP Content-Length","Restricted - Possibly","139001","6","11","3","0","8","598","65","26","252","64","92","79","20","25","2","[""Uruguay Round: Final Meetings The Brussels ministerial will adjourn shortly with no breakthrough on agriculture. (There is still a formal closing"",""UPDATE ON THE URUGUAY ROUND MINISTERIAL: DAYS FOUR AND FIVE"",""Draft Statement on the Uruguay Round Attached for your information is the draft statement"",""Uruguay Round Report The agricultural negotiations broke apart this evening,"",""Uruguay Round: A Glimmer of Hope? Please pass the following message to the General:"",""Uruguay Round: Day Three Attached at Tab I is Ede Holiday's report on the third day of the"",""UPDATE ON THE URUGUAY ROUND MINISTERIAL: DAY THREE"",""Uruguay Round Report Deadlock in Agriculture Continues"",""UPDATE ON THE URUGUAY ROUND MINISTERIAL: DAY THREE At the conclusion of third day of the Brussels Ministerial"",""Uruguay Round: Day Two Attached at Tab I is Ede Holiday's report on Day Two of the"",""UPDATE ON URUGUAY ROUND MINISTERIAL: DAY TWO The U.S. delegation to the Uruguay Round Ministerial in"",""Ministerial Report #2: Uruguay Round Concluding Summary"",""Options Paper on Defense Export Financing Please transmit the attached options paper on Defense Export Financing to principals of the International Economics PCC."",""Options Paper on Defense Export Financing The enclosed options paper on Defense Export Financing has been"",""Export-Import Bank Credits to the USSR John Macomber, EXIM President and Chairman, has sent you the"",""Strategic Petroleum Reserve Test Sale-90, has seen"",""STRATEGIC PETROLEUM RESERVE TEST SALE-90 SITUATION REPORT #7 (FINAL)"",""Uruguay Round: Day One Attached at Tab I is Ede Holiday's report on the first day of the"",""UPDATE ON THE URUGUAY ROUND MINISTERIAL: DAY ONE Attached for your information please find a report to the"",""UPDATE ON THE URUGUAY ROUND MINISTERIAL: DAY ONE The Uruguay Round Ministerial formally convened in Brussels"",""Uruguay Round The attached memorandum from Ede Holiday to Governor Sununu"",""URUGUAY ROUND I want to apprise you of the mechanism we have established"",""FACT SHEET ON THE URUGUAY ROUND"",""Memcon of Meeting with the President on Soviet Grain Purchases and the Uruguay Round"",""Meeting regarding Soviet Grain Purchases and the Uruguay Round""]","8","1","7","20","0","7","[{""itemNumber"":""01"",""type"":""Memo"",""title"":""From Timothy Deal to Brent Scowcroft Re: Iraqi Sanctions"",""date"":""12/5/90"",""restriction"":""(b)(1)"",""classification"":""Secret"",""pages"":2,""sheetDisposition"":""No released copy indicated on the sheet""},{""itemNumber"":""02"",""type"":""Paper"",""title"":""Re: Executive Summary: Context and Overall Summary"",""date"":""n.d."",""restriction"":""(b)(1)"",""classification"":""Secret"",""pages"":3,""sheetDisposition"":""No released copy indicated on the sheet""},{""itemNumber"":""03"",""type"":""Memo"",""title"":""From Timothy Deal to Brent Scowcroft Re: DOE Contingency Planning"",""date"":""12/4/90"",""restriction"":""(b)(1)"",""classification"":""Confidential"",""pages"":1,""sheetDisposition"":""No released copy indicated on the sheet""},{""itemNumber"":""04"",""type"":""Letter"",""title"":""From James Watkins to Brent Scowcroft"",""date"":""11/29/90"",""restriction"":""(b)(1)"",""classification"":""Confidential"",""pages"":3,""sheetDisposition"":""No released copy indicated on the sheet""},{""itemNumber"":""05"",""type"":""Memorandum"",""title"":""Beverly Simmons for TPRG Working Group on EEP Re: Export Enhancement Program"",""date"":""11/26/90"",""restriction"":""(b)(4)"",""classification"":""Not stated"",""pages"":7,""sheetDisposition"":""No released copy indicated on the sheet""},{""itemNumber"":""06"",""type"":""Draft"",""title"":""Re: Draft Cable for McAllister on U.S. West"",""date"":""n.d."",""restriction"":""(b)(1)"",""classification"":""Secret"",""pages"":3,""sheetDisposition"":""No released copy indicated on the sheet""},{""itemNumber"":""07"",""type"":""Cable"",""title"":""292106Z NOV 92"",""date"":""11/29/92"",""restriction"":""(b)(1)"",""classification"":""Confidential"",""pages"":1,""sheetDisposition"":""No released copy indicated on the sheet""}]","George H.W. Bush Library, Bush Presidential Records, National Security Council, Timothy E. Deal Files, Chronological Files, OA/ID CF00697–011, Chron File: December 1990 [2].","Source: George H.W. Bush Library, Bush Presidential Records, National Security Council, Timothy E. Deal Files, Chronological Files, OA/ID CF00697–011, Chron File: December 1990 [2].","https://catalog.archives.gov/id/452050468","https://catalog.archives.gov/medialz/presidential-libraries/bush/gb-nsc/deal/chron_2554807/41-bpr-nsc-deal-chron-cf00697-011.pdf"
"452050469","1991-01-01","1991-01-31","January 1991 [1]","Catalog folder coverage dates and title; the first-of-month value is a sorting key only","Chron File: January 1991 [1]","CF00697-012","Monetary Policy, Debt, and International Institutions","Core","Volume XXX review","Debt, finance, and international institutions; Economic summits and G-7 coordination; Trade and market access; Timothy E. Deal chronological files","Begin with “London Economic Summit Attached is a videotape of the site of”; “CCC Export Credit Guarantees to the USSR”; “TREASURY RPT ON HR 4 RE TAX RELIEF FOR DESERT SHIELD PARTICIPANTS”; “TREASURY Proposed Report on HR 4, Tax Relief for Desert Shield Participants DEADLINE: 12 NOON JAN 15 1991”.","59 served-PDF pages; 4 economic-policy subject-line leads; 14 individual withdrawal/redaction sheets describe 30 pages; 7 descriptions match Volume XXX topics, and none says that a released copy follows.","verified","Deal, Timothy E., Files","Chronological Files","CF00697-012","true","59","23236592","23236592","HTTP Content-Length","Restricted - Possibly","68703","0","1","0","10","16","118","13","39","37","7","4","6","12","4","7","[""London Economic Summit Attached is a videotape of the site of"",""CCC Export Credit Guarantees to the USSR"",""TREASURY RPT ON HR 4 RE TAX RELIEF FOR DESERT SHIELD PARTICIPANTS"",""TREASURY Proposed Report on HR 4, Tax Relief for Desert Shield Participants DEADLINE: 12 NOON JAN 15 1991""]","16","2","14","30","0","14","[{""itemNumber"":""01"",""type"":""Summary"",""title"":""Re: PCC-Technology Transfer"",""date"":""1/31/91"",""restriction"":""(b)(1)"",""classification"":""Secret"",""pages"":2,""sheetDisposition"":""No released copy indicated on the sheet""},{""itemNumber"":""02"",""type"":""Memo"",""title"":""From Timothy Deal to Robin Uhl Re: Desert Storm: Financial Support"",""date"":""1/23/91"",""restriction"":""(b)(1)"",""classification"":""Secret"",""pages"":2,""sheetDisposition"":""No released copy indicated on the sheet""},{""itemNumber"":""03"",""type"":""Memo"",""title"":""From Timothy Deal to Brent Scowcroft Re: London Summit: First Sherpa Meeting"",""date"":""1/31/91"",""restriction"":""(b)(1)"",""classification"":""Confidential"",""pages"":3,""sheetDisposition"":""No released copy indicated on the sheet""},{""itemNumber"":""04"",""type"":""Message"",""title"":""From Timothy Deal to Brent Scowcroft/Robert Gates"",""date"":""1/28/91"",""restriction"":""(b)(1)"",""classification"":""Secret"",""pages"":2,""sheetDisposition"":""No released copy indicated on the sheet""},{""itemNumber"":""05"",""type"":""Note"",""title"":""From Timothy Deal to Brent Scowcroft"",""date"":""1/30/91"",""restriction"":""(b)(1)"",""classification"":""Confidential"",""pages"":1,""sheetDisposition"":""No released copy indicated on the sheet""},{""itemNumber"":""06"",""type"":""Message"",""title"":""Re: Uruguay Round"",""date"":""1/29/91"",""restriction"":""(b)(1)"",""classification"":""Confidential"",""pages"":2,""sheetDisposition"":""No released copy indicated on the sheet""},{""itemNumber"":""07"",""type"":""Paper"",""title"":""Re: Gulf Military Financing: Unresolved Issues"",""date"":""1/29/91"",""restriction"":""(b)(1)"",""classification"":""Secret"",""pages"":2,""sheetDisposition"":""No released copy indicated on the sheet""},{""itemNumber"":""08"",""type"":""List"",""title"":""Participants"",""date"":""1/30/91"",""restriction"":""(b)(6)"",""classification"":""Not stated"",""pages"":1,""sheetDisposition"":""No released copy indicated on the sheet""},{""itemNumber"":""09"",""type"":""Memo"",""title"":""From Timothy Deal to Robert Gates Re: Financial Support for Desert Storm"",""date"":""1/18/91"",""restriction"":""(b)(1)"",""classification"":""Secret"",""pages"":1,""sheetDisposition"":""No released copy indicated on the sheet""},{""itemNumber"":""10"",""type"":""Paper"",""title"":""Re: Desert Storm Financial Support"",""date"":""1/18/91"",""restriction"":""(b)(1)"",""classification"":""Secret"",""pages"":2,""sheetDisposition"":""No released copy indicated on the sheet""},{""itemNumber"":""11"",""type"":""Paper"",""title"":""Re: Alternative Financial Scheme"",""date"":""n.d."",""restriction"":""(b)(1)"",""classification"":""Secret"",""pages"":1,""sheetDisposition"":""No released copy indicated on the sheet""},{""itemNumber"":""12"",""type"":""Summary"",""title"":""Re: Meeting of the NSC Deputies Committee [War Risk Insurance]"",""date"":""1/14/91"",""restriction"":""(b)(1)"",""classification"":""Confidential"",""pages"":2,""sheetDisposition"":""No released copy indicated on the sheet"",""possibleDuplicateMatch"":""Possible duplicate or parallel copy: CF00697–012 item 13.""},{""itemNumber"":""13"",""type"":""Minutes"",""title"":""Re: Meeting of the NSC Deputies Committee [War Risk Insurance]"",""date"":""1/14/91"",""restriction"":""(b)(1)"",""classification"":""Confidential"",""pages"":5,""sheetDisposition"":""No released copy indicated on the sheet"",""possibleDuplicateMatch"":""Possible duplicate or parallel copy: CF00697–012 item 12.""},{""itemNumber"":""14"",""type"":""Minutes"",""title"":""Re: Meeting of the NSC Deputies Committee [War Risk Insurance]"",""date"":""1/8/91"",""restriction"":""(b)(1)"",""classification"":""Confidential"",""pages"":4,""sheetDisposition"":""No released copy indicated on the sheet""}]","George H.W. Bush Library, Bush Presidential Records, National Security Council, Timothy E. Deal Files, Chronological Files, OA/ID CF00697–012, Chron File: January 1991 [1].","Source: George H.W. Bush Library, Bush Presidential Records, National Security Council, Timothy E. Deal Files, Chronological Files, OA/ID CF00697–012, Chron File: January 1991 [1].","https://catalog.archives.gov/id/452050469","https://catalog.archives.gov/medialz/presidential-libraries/bush/gb-nsc/deal/chron_2554807/41-bpr-nsc-deal-chron-cf00697-012.pdf"
"452050470","1991-01-01","1991-01-31","January 1991 [2]","Catalog folder coverage dates and title; the first-of-month value is a sorting key only","Chron File: January 1991 [2]","CF00697-013","Trade Policy and Market Access","Consider","Selective review","Trade and market access; Transition economies and economic reform; Timothy E. Deal chronological files","Begin with “OECD: WORK ON THE SOVIET ECONOMY JAC BG”; “Oil Emergency Planning The International Energy Agency (IEA) adopted today an energy”; “LETTERS TO GULF STATES ON EASTERN EUROPE 1. CONFIDENTIAL - ENTIRE TEXT. 2. AS WE DISCUSSED EARLIER, EC PRESIDENT DELORS HAS”; “EPC Meeting on National Energy Strategy Florence/Wilma: Please bring the following message to the”.","78 served-PDF pages; 5 economic-policy subject-line leads; 11 individual withdrawal/redaction sheets describe 16 pages; 0 descriptions match Volume XXX topics, and none says that a released copy follows.","verified","Deal, Timothy E., Files","Chronological Files","CF00697-013","true","78","32429251","32429252","HTTP Content-Length","Restricted - Possibly","97381","0","5","0","4","13","142","30","34","27","1","41","2","7","5","0","[""OECD: WORK ON THE SOVIET ECONOMY JAC BG"",""Oil Emergency Planning The International Energy Agency (IEA) adopted today an energy"",""LETTERS TO GULF STATES ON EASTERN EUROPE 1. CONFIDENTIAL - ENTIRE TEXT. 2. AS WE DISCUSSED EARLIER, EC PRESIDENT DELORS HAS"",""EPC Meeting on National Energy Strategy Florence/Wilma: Please bring the following message to the"",""SWAINE OFFERS ASSISTANCE COPING W/ US ECONOMIC & INTL TRADE PROBLEMS""]","13","2","11","16","0","11","[{""itemNumber"":""01"",""type"":""Summary"",""title"":""Re: Meeting of the NSC Deputies Meeting [War Risk Insurance]"",""date"":""1/9/91"",""restriction"":""(b)(1)"",""classification"":""Confidential"",""pages"":1,""sheetDisposition"":""No released copy indicated on the sheet""},{""itemNumber"":""02"",""type"":""Memo"",""title"":""From Timothy Deal to Robert Gates Re: DC Meeting on War Risk Insurance"",""date"":""1/14/91"",""restriction"":""(b)(1)"",""classification"":""Confidential"",""pages"":1,""sheetDisposition"":""No released copy indicated on the sheet""},{""itemNumber"":""03"",""type"":""Paper"",""title"":""Re: NSC DC Meeting on War Risk Insurance"",""date"":""n.d."",""restriction"":""(b)(1)"",""classification"":""Confidential"",""pages"":1,""sheetDisposition"":""No released copy indicated on the sheet"",""possibleDuplicateMatch"":""Possible duplicate or parallel copy: CF00697–013 item 06.""},{""itemNumber"":""04"",""type"":""List"",""title"":""Participants"",""date"":""1/14/91"",""restriction"":""(b)(3), (b)(6)"",""classification"":""Not stated"",""pages"":1,""sheetDisposition"":""No released copy indicated on the sheet""},{""itemNumber"":""05"",""type"":""Memorandum"",""title"":""William Sittmann for Distribution Re: NSC Deputies Committee Meeting"",""date"":""1/14/91"",""restriction"":""(b)(3)"",""classification"":""Not stated"",""pages"":1,""sheetDisposition"":""No released copy indicated on the sheet""},{""itemNumber"":""06"",""type"":""Paper"",""title"":""Re: NSC DC Meeting on War Risk Insurance"",""date"":""n.d."",""restriction"":""(b)(1)"",""classification"":""Confidential"",""pages"":1,""sheetDisposition"":""No released copy indicated on the sheet"",""possibleDuplicateMatch"":""Possible duplicate or parallel copy: CF00697–013 item 03.""},{""itemNumber"":""07"",""type"":""Memo"",""title"":""From Timothy Deal to Robert Gates Re: Burdensharing in Gulf Crisis"",""date"":""1/7/91"",""restriction"":""(b)(1)"",""classification"":""Confidential"",""pages"":3,""sheetDisposition"":""No released copy indicated on the sheet""},{""itemNumber"":""08"",""type"":""Memo"",""title"":""From Timothy Deal to Robert Gates Re: Gulf Crisis: Checklist for Informal Steering Group Meeting"",""date"":""1/3/91"",""restriction"":""(b)(1)"",""classification"":""Secret"",""pages"":3,""sheetDisposition"":""No released copy indicated on the sheet""},{""itemNumber"":""09"",""type"":""List"",""title"":""Participants"",""date"":""1/4/91"",""restriction"":""(b)(3). (b)(6)"",""classification"":""Not stated"",""pages"":1,""sheetDisposition"":""No released copy indicated on the sheet""},{""itemNumber"":""10"",""type"":""Telegram"",""title"":""Re: Clarification on Issuance of Computer Licenses"",""date"":""12/27/90"",""restriction"":""(b)(1)"",""classification"":""Secret"",""pages"":2,""sheetDisposition"":""No released copy indicated on the sheet"",""possibleDuplicateMatch"":""Possible duplicate or parallel copy: CF00697–010 item 01.""},{""itemNumber"":""11"",""type"":""Resume"",""title"":""Resume"",""date"":""n.d."",""restriction"":""(b)(6)"",""classification"":""Not stated"",""pages"":1,""sheetDisposition"":""No released copy indicated on the sheet""}]","George H.W. Bush Library, Bush Presidential Records, National Security Council, Timothy E. Deal Files, Chronological Files, OA/ID CF00697–013, Chron File: January 1991 [2].","Source: George H.W. Bush Library, Bush Presidential Records, National Security Council, Timothy E. Deal Files, Chronological Files, OA/ID CF00697–013, Chron File: January 1991 [2].","https://catalog.archives.gov/id/452050470","https://catalog.archives.gov/medialz/presidential-libraries/bush/gb-nsc/deal/chron_2554807/41-bpr-nsc-deal-chron-cf00697-013.pdf"
"452050471","1991-02-01","1991-02-28","February 1991 [1]","Catalog folder coverage dates and title; the first-of-month value is a sorting key only","Chron File: February 1991 [1]","CF00697-014","Monetary Policy, Debt, and International Institutions","Consider","Selective review","Debt, finance, and international institutions; Trade and market access; Strategic trade and technology; Timothy E. Deal chronological files","Begin with “Desert Storm Financial Data Please show to the General or Bob ASAP as Phil Brady may contact”; “Uruguay Round Florence/Wilma/Dona: Please bring the following to the General's”; “Re: Recent Export Control Decisions by the Deputies Committee”.","85 served-PDF pages; 2 economic-policy subject-line leads; 4 individual withdrawal/redaction sheets describe 5 pages; 1 descriptions match Volume XXX topics, and none says that a released copy follows.","verified","Deal, Timothy E., Files","Chronological Files","CF00697-014","true","85","37692690","37692688","HTTP Content-Length","Restricted - Possibly","118791","0","1","0","0","5","98","21","16","38","2","8","2","11","2","1","[""Desert Storm Financial Data Please show to the General or Bob ASAP as Phil Brady may contact"",""Uruguay Round Florence/Wilma/Dona: Please bring the following to the General's""]","5","1","4","5","0","4","[{""itemNumber"":""01"",""type"":""Agenda"",""title"":""Re: Informal Steering Group Meeting"",""date"":""3/1/91"",""restriction"":""(b)(1)"",""classification"":""Secret"",""pages"":1,""sheetDisposition"":""No released copy indicated on the sheet""},{""itemNumber"":""02"",""type"":""Memo"",""title"":""From Timothy Deal to Robert Gates Re: Foreign Availability of Computers"",""date"":""2/19/91"",""restriction"":""(b)(1)"",""classification"":""Confidential"",""pages"":1,""sheetDisposition"":""No released copy indicated on the sheet""},{""itemNumber"":""03"",""type"":""List"",""title"":""Re: Deputies Committee Meeting"",""date"":""2/19/91"",""restriction"":""(b)(1)"",""classification"":""Not stated"",""pages"":1,""sheetDisposition"":""No released copy indicated on the sheet""},{""itemNumber"":""04"",""type"":""Paper"",""title"":""Re: Recent Export Control Decisions by the Deputies Committee"",""date"":""n.d."",""restriction"":""(b)(1)"",""classification"":""Secret"",""pages"":2,""sheetDisposition"":""No released copy indicated on the sheet""}]","George H.W. Bush Library, Bush Presidential Records, National Security Council, Timothy E. Deal Files, Chronological Files, OA/ID CF00697–014, Chron File: February 1991 [1].","Source: George H.W. Bush Library, Bush Presidential Records, National Security Council, Timothy E. Deal Files, Chronological Files, OA/ID CF00697–014, Chron File: February 1991 [1].","https://catalog.archives.gov/id/452050471","https://catalog.archives.gov/medialz/presidential-libraries/bush/gb-nsc/deal/chron_2554807/41-bpr-nsc-deal-chron-cf00697-014.pdf"
"452050472","1991-02-01","1991-02-28","February 1991 [2]","Catalog folder coverage dates and title; the first-of-month value is a sorting key only","Chron File: February 1991 [2]","CF00697-015","Monetary Policy, Debt, and International Institutions","Core","Volume XXX review","Debt, finance, and international institutions; Trade and market access; Transition economies and economic reform; Timothy E. Deal chronological files","Begin with “Breakfast with Secretaries Baker and Brady, 7:15 a.m., Friday, February 15 at State”; “Brady/Baker Breakfast We received the attached paper for tomorrow's breakfast after I”; “Uruguay Round: EPC Meeting, February 7, 1991, 2:30-3:30 p.m., Secretary Brady's Conference”; “Meeting on Uruguay Round and Fast-track Extension Secretary's Conference Room, Main Treasury”.","74 served-PDF pages; 9 economic-policy subject-line leads; 1 individual withdrawal/redaction sheets describe 7 pages; 1 descriptions match Volume XXX topics, and none says that a released copy follows.","verified","Deal, Timothy E., Files","Chronological Files","CF00697-015","true","74","33815560","33815560","HTTP Content-Length","Restricted - Possibly","103992","0","4","2","2","2","202","25","46","94","0","12","10","15","9","1","[""Breakfast with Secretaries Baker and Brady, 7:15 a.m., Friday, February 15 at State"",""Brady/Baker Breakfast We received the attached paper for tomorrow's breakfast after I"",""Uruguay Round: EPC Meeting, February 7, 1991, 2:30-3:30 p.m., Secretary Brady's Conference"",""Meeting on Uruguay Round and Fast-track Extension Secretary's Conference Room, Main Treasury"",""REPLY TO LETTER FROM PM ANDREOTTI RE SOVIET PSB PARTICIPATION IN IMF/IBRD AND EBRD"",""Mitterrand Letter on Uruguay Round Florence: Please pass the following message to the General."",""Minutes of January 4 Meeting on Energy Preparedness"",""AGREEMENT ON RESPONSIBILITIES OF EBRD OPERATIONAL VICE PRES"",""Agreement on the Responsibilities of EBRD Operational Vice Presidents""]","2","1","1","7","0","1","[{""itemNumber"":""01"",""type"":""Memcon"",""title"":""Memorandum of Conversation Re: Meeting on Energy Preparedness"",""date"":""1/4/91"",""restriction"":""(b)(1)"",""classification"":""Secret"",""pages"":7,""sheetDisposition"":""No released copy indicated on the sheet""}]","George H.W. Bush Library, Bush Presidential Records, National Security Council, Timothy E. Deal Files, Chronological Files, OA/ID CF00697–015, Chron File: February 1991 [2].","Source: George H.W. Bush Library, Bush Presidential Records, National Security Council, Timothy E. Deal Files, Chronological Files, OA/ID CF00697–015, Chron File: February 1991 [2].","https://catalog.archives.gov/id/452050472","https://catalog.archives.gov/medialz/presidential-libraries/bush/gb-nsc/deal/chron_2554807/41-bpr-nsc-deal-chron-cf00697-015.pdf"
"452050473","1991-03-01","1991-03-31","March 1991","Catalog folder coverage dates and title; the first-of-month value is a sorting key only","Chron File: March 1991","CF00958-001","Trade Policy and Market Access","Core","Volume XXX review","Trade and market access; Debt, finance, and international institutions; Timothy E. Deal chronological files","Begin with “Kuwaiti Oil Files Attached is a cable from Amembassy”; “KUWAITI OIL FIRES: MONITORING CIVILIAN AND MILITARY HEALTH EFFECTS 1. CONFIDENTIAL - ENTIRE TEXT).”; “KUWAITI OIL FIRES: COMMAND SURGEON'S TEAM COMMENTED THAT, SINCE AUGUST, THE TROOPS IN DESERT SHIELD/STORM HAVE REPORTED MORE”; “KUWAITI OIL FIRES: ADVISORY WOULD HAVE A BEARING ON WHETHER DEPENDENTS ARE ALLOWED TO RETURN TO STATE POSTS IN KUWAIT CITY, DHAHRAN”.","71 served-PDF pages; 4 economic-policy subject-line leads; 11 individual withdrawal/redaction sheets describe 27 pages; 6 descriptions match Volume XXX topics, and none says that a released copy follows.","verified","Deal, Timothy E., Files","Chronological Files","CF00958-001","true","71","30346477","30346476","HTTP Content-Length","Restricted - Possibly","89771","0","3","0","4","13","106","21","35","24","0","19","0","7","4","6","[""Kuwaiti Oil Files Attached is a cable from Amembassy"",""KUWAITI OIL FIRES: MONITORING CIVILIAN AND MILITARY HEALTH EFFECTS 1. CONFIDENTIAL - ENTIRE TEXT)."",""KUWAITI OIL FIRES: COMMAND SURGEON'S TEAM COMMENTED THAT, SINCE AUGUST, THE TROOPS IN DESERT SHIELD/STORM HAVE REPORTED MORE"",""KUWAITI OIL FIRES: ADVISORY WOULD HAVE A BEARING ON WHETHER DEPENDENTS ARE ALLOWED TO RETURN TO STATE POSTS IN KUWAIT CITY, DHAHRAN""]","13","2","11","27","0","11","[{""itemNumber"":""01"",""type"":""Memo"",""title"":""From Timothy Deal for the Files Re: International Economic Policy Review Breakfast"",""date"":""3/25/91"",""restriction"":""(b)(1)"",""classification"":""Confidential"",""pages"":2,""sheetDisposition"":""No released copy indicated on the sheet""},{""itemNumber"":""02"",""type"":""Summary"",""title"":""Re: PCC-Technology Transfer"",""date"":""3/20/91"",""restriction"":""(b)(1)"",""classification"":""Secret"",""pages"":2,""sheetDisposition"":""No released copy indicated on the sheet""},{""itemNumber"":""03"",""type"":""Telegram"",""title"":""Re: Demarche on French Support for Vietnam at IMF"",""date"":""3/20/91"",""restriction"":""(b)(1)"",""classification"":""Secret"",""pages"":4,""sheetDisposition"":""No released copy indicated on the sheet""},{""itemNumber"":""04"",""type"":""Memo"",""title"":""From Eric Melby/Donald Pilling to Brent Scowcroft Re: Interagency Consideration of Intelsat Issue"",""date"":""3/19/91"",""restriction"":""(b)(1)"",""classification"":""Secret"",""pages"":2,""sheetDisposition"":""No released copy indicated on the sheet""},{""itemNumber"":""05"",""type"":""Memo"",""title"":""From Brent Scowcroft to POTUS Re: Interagency Consideration of Intelsat Issue"",""date"":""n.d."",""restriction"":""(b)(1)"",""classification"":""Secret"",""pages"":2,""sheetDisposition"":""No released copy indicated on the sheet""},{""itemNumber"":""06"",""type"":""Memo"",""title"":""For The Vice President, et al. Re: U.S. Separate Satellite Policy"",""date"":""n.d."",""restriction"":""(b)(1)"",""classification"":""Secret"",""pages"":1,""sheetDisposition"":""No released copy indicated on the sheet""},{""itemNumber"":""07"",""type"":""Memo"",""title"":""From Timothy Deal to Brent Scowcroft Re: Economic Directorate Activities"",""date"":""2/23/91"",""restriction"":""(b)(1)"",""classification"":""Confidential"",""pages"":3,""sheetDisposition"":""No released copy indicated on the sheet""},{""itemNumber"":""08"",""type"":""Memo"",""title"":""From Timothy Deal to Brent Scowcroft Re: Polish Debt"",""date"":""3/11/91"",""restriction"":""(b)(1)"",""classification"":""Confidential"",""pages"":2,""sheetDisposition"":""No released copy indicated on the sheet""},{""itemNumber"":""09"",""type"":""Memo"",""title"":""From Eric Melby to Brent Scowcroft Re: Post War U.S. Energy Policy--the National Security Dimension"",""date"":""3/8/91"",""restriction"":""(b)(1)"",""classification"":""Confidential"",""pages"":2,""sheetDisposition"":""No released copy indicated on the sheet""},{""itemNumber"":""10"",""type"":""Paper"",""title"":""Re: Postwar Economic Relationships in the Middle East: A Program to Promote Stability"",""date"":""3/1/91"",""restriction"":""(b)(1)"",""classification"":""Secret"",""pages"":5,""sheetDisposition"":""No released copy indicated on the sheet""},{""itemNumber"":""11"",""type"":""Summary"",""title"":""Re: Meeting of the Informal Steering Group"",""date"":""3/1/91"",""restriction"":""(b)(1)"",""classification"":""Secret"",""pages"":2,""sheetDisposition"":""No released copy indicated on the sheet""}]","George H.W. Bush Library, Bush Presidential Records, National Security Council, Timothy E. Deal Files, Chronological Files, OA/ID CF00958–001, Chron File: March 1991.","Source: George H.W. Bush Library, Bush Presidential Records, National Security Council, Timothy E. Deal Files, Chronological Files, OA/ID CF00958–001, Chron File: March 1991.","https://catalog.archives.gov/id/452050473","https://catalog.archives.gov/medialz/presidential-libraries/bush/gb-nsc/deal/chron_2554807/41-bpr-nsc-deal-chron-cf00958-001.pdf"
"452050474","1991-04-01","1991-04-30","April 1991 [1]","Catalog folder coverage dates and title; the first-of-month value is a sorting key only","Chron File: April 1991 [1]","CF00958-002","Monetary Policy, Debt, and International Institutions","Core","Volume XXX review","Debt, finance, and international institutions; Trade and market access; Transition economies and economic reform; Timothy E. Deal chronological files","Begin with “Memcons on Brady's Meetings in London Attached are the three memcons that we discussed. I will let you put on all the tags etc. Given Treasury sensitivities, I would”; “ENERGY Q&A RE HR-1301 / NATL ENERGY STRATEGY ACT DUE DATE: 15 APR 91 STATUS: S”; “ENERGY Q&As RE: HR 1301, ""National Energy Strategy Act"" These questions deal with issues ranging from the”; “ENERGY Q&As RE: HR 1301, ""National Energy Strategy Act"" The following is the response of our agency to your request for”.","89 served-PDF pages; 8 economic-policy subject-line leads; 13 individual withdrawal/redaction sheets describe 38 pages; 11 descriptions match Volume XXX topics, and none says that a released copy follows.","verified","Deal, Timothy E., Files","Chronological Files","CF00958-002","true","89","39067823","39067824","HTTP Content-Length","Restricted - Possibly","118229","0","1","0","0","15","328","57","34","104","2","94","2","35","8","11","[""Memcons on Brady's Meetings in London Attached are the three memcons that we discussed. I will let you put on all the tags etc. Given Treasury sensitivities, I would"",""ENERGY Q&A RE HR-1301 / NATL ENERGY STRATEGY ACT DUE DATE: 15 APR 91 STATUS: S"",""ENERGY Q&As RE: HR 1301, \""National Energy Strategy Act\"" These questions deal with issues ranging from the"",""ENERGY Q&As RE: HR 1301, \""National Energy Strategy Act\"" The following is the response of our agency to your request for"",""LTR REQUESTING RESTRICTIONS BE LIFTED ON INTL TRADE PEANUT SHORTAGE"",""EPA PROPOSED TESTIMONY RE HR- 1301 ON NATL ENERGY STRATEGY ACT"",""EPA Proposed Testimony RE: HR 1301, \""National Energy strategy Act\"" This is one in a series of hearings on HR 1301."",""EPA Proposed Testimony RE: HR 1301, \""National Energy strategy Act\"" The following is the response of our agency to your request for""]","15","2","13","38","0","13","[{""itemNumber"":""01a"",""type"":""Memo"",""title"":""From Timothy Deal to Brent Scowcroft Re: Secretary Brady's Trip Report"",""date"":""4/26/91"",""restriction"":""(b)(1)"",""classification"":""Secret"",""pages"":2,""sheetDisposition"":""No released copy indicated on the sheet""},{""itemNumber"":""02"",""type"":""Memo"",""title"":""From Nicholas Brady to POTUS Re: Post-Gulf International Economic Issues"",""date"":""4/25/91"",""restriction"":""(b)(1)"",""classification"":""Secret"",""pages"":4,""sheetDisposition"":""No released copy indicated on the sheet""},{""itemNumber"":""03"",""type"":""Telegram"",""title"":""Re: Letter from the President to [Prime Minister] Major on the Environment"",""date"":""4/23/91"",""restriction"":""(b)(1)"",""classification"":""Confidential"",""pages"":4,""sheetDisposition"":""No released copy indicated on the sheet""},{""itemNumber"":""04"",""type"":""Summary"",""title"":""Re: PCC-Technology Transfer"",""date"":""4/25/91"",""restriction"":""(b)(1)"",""classification"":""Secret"",""pages"":2,""sheetDisposition"":""No released copy indicated on the sheet""},{""itemNumber"":""05"",""type"":""Paper"",""title"":""Re: Secretary Brady's Meeting with Hungarian Prime Minister Antal"",""date"":""n.d."",""restriction"":""(b)(1)"",""classification"":""Confidential"",""pages"":4,""sheetDisposition"":""No released copy indicated on the sheet"",""possibleDuplicateMatch"":""Possible duplicate or parallel copy: CF00958–002 item 09.""},{""itemNumber"":""06"",""type"":""Paper"",""title"":""Re: Secretary Brady's Meeting with Soviet Prime Minister Pavlov"",""date"":""n.d."",""restriction"":""(b)(1)"",""classification"":""Confidential"",""pages"":4,""sheetDisposition"":""No released copy indicated on the sheet"",""possibleDuplicateMatch"":""Possible duplicate or parallel copy: CF00958–002 item 10.""},{""itemNumber"":""07"",""type"":""Paper"",""title"":""Re: Secretary Brady's Meeting with Prime Minister Bielecki"",""date"":""n.d."",""restriction"":""(b)(1)"",""classification"":""Confidential"",""pages"":3,""sheetDisposition"":""No released copy indicated on the sheet"",""possibleDuplicateMatch"":""Possible duplicate or parallel copy: CF00958–002 item 11.""},{""itemNumber"":""08"",""type"":""Paper"",""title"":""Re: Secretary Brady's Meeting with Klaus"",""date"":""n.d."",""restriction"":""(b)(1)"",""classification"":""Confidential"",""pages"":1,""sheetDisposition"":""No released copy indicated on the sheet"",""possibleDuplicateMatch"":""Possible duplicate or parallel copy: CF00958–002 item 12.""},{""itemNumber"":""09"",""type"":""Paper"",""title"":""Re: Secretary Brady's Meeting with Hungarian Prime Minister Antal"",""date"":""n.d."",""restriction"":""(b)(1)"",""classification"":""Confidential"",""pages"":4,""sheetDisposition"":""No released copy indicated on the sheet"",""possibleDuplicateMatch"":""Possible duplicate or parallel copy: CF00958–002 item 05.""},{""itemNumber"":""10"",""type"":""Paper"",""title"":""Re: Secretary Brady's Meeting with Soviet Prime Minister Pavlov"",""date"":""n.d."",""restriction"":""(b)(1)"",""classification"":""Confidential"",""pages"":4,""sheetDisposition"":""No released copy indicated on the sheet"",""possibleDuplicateMatch"":""Possible duplicate or parallel copy: CF00958–002 item 06.""},{""itemNumber"":""11"",""type"":""Paper"",""title"":""Re: Secretary Brady's Meeting with Prime Minister Bielecki"",""date"":""n.d."",""restriction"":""(b)(1)"",""classification"":""Confidential"",""pages"":3,""sheetDisposition"":""No released copy indicated on the sheet"",""possibleDuplicateMatch"":""Possible duplicate or parallel copy: CF00958–002 item 07.""},{""itemNumber"":""12"",""type"":""Paper"",""title"":""Re: Secretary Brady's Meeting with Klaus"",""date"":""n.d."",""restriction"":""(b)(1)"",""classification"":""Confidential"",""pages"":1,""sheetDisposition"":""No released copy indicated on the sheet"",""possibleDuplicateMatch"":""Possible duplicate or parallel copy: CF00958–002 item 08.""},{""itemNumber"":""13"",""type"":""Memorandum"",""title"":""For Richard Kauzlarich Re: Secretary Brady's Meeting with Delors"",""date"":""4/23/91"",""restriction"":""(b)(1)"",""classification"":""Confidential"",""pages"":2,""sheetDisposition"":""No released copy indicated on the sheet""}]","George H.W. Bush Library, Bush Presidential Records, National Security Council, Timothy E. Deal Files, Chronological Files, OA/ID CF00958–002, Chron File: April 1991 [1].","Source: George H.W. Bush Library, Bush Presidential Records, National Security Council, Timothy E. Deal Files, Chronological Files, OA/ID CF00958–002, Chron File: April 1991 [1].","https://catalog.archives.gov/id/452050474","https://catalog.archives.gov/medialz/presidential-libraries/bush/gb-nsc/deal/chron_2554807/41-bpr-nsc-deal-chron-cf00958-002.pdf"
"452050475","1991-04-01","1991-04-30","April 1991 [2]","Catalog folder coverage dates and title; the first-of-month value is a sorting key only","Chron File: April 1991 [2]","CF00958-003","Trade Policy and Market Access","Core","Volume XXX review","Trade and market access; Debt, finance, and international institutions; Timothy E. Deal chronological files","Begin with “Economic Directorate Priorities Retrospective”; “ENERGY PROPOSED TESTIMONY RE HR- 1301 ON NATL ENERGY STRATEGY ACT”; “ENERGY Proposed Testimony RE: HR 1301, ""National Energy Strategy Act"" This is one in a series of hearings on HR 1301.”; “ENERGY Proposed Testimony RE: HR 1301, ""National Energy Strategy Act"" The following is the response of our agency to your request for”.","99 served-PDF pages; 9 economic-policy subject-line leads; 3 individual withdrawal/redaction sheets describe 11 pages; 0 descriptions match Volume XXX topics, and none says that a released copy follows.","verified","Deal, Timothy E., Files","Chronological Files","CF00958-003","true","99","42698363","42698364","HTTP Content-Length","Restricted - Possibly","122395","0","3","0","0","4","339","88","58","80","28","58","2","25","9","0","[""Economic Directorate Priorities Retrospective"",""ENERGY PROPOSED TESTIMONY RE HR- 1301 ON NATL ENERGY STRATEGY ACT"",""ENERGY Proposed Testimony RE: HR 1301, \""National Energy Strategy Act\"" This is one in a series of hearings on HR 1301."",""ENERGY Proposed Testimony RE: HR 1301, \""National Energy Strategy Act\"" The following is the response of our agency to your request for"",""1991 National Association of Small Business International Trade Educators Conference"",""Request for draft message: 4th Annual National Association of Small Business International Trade Educators Conference on April 10-13, 1991"",""Economic Briefing Materials Thank you for sending me the hard copy version of the economic"",""VISIT OF SECRETARY OF THE TREASURY BRADY REF: STATE 101877 1."",""VIETNAM AND THE IMF JAS CHT""]","4","1","3","11","0","3","[{""itemNumber"":""01"",""type"":""Telegram"",""title"":""Re: Response to SAG on SPR Offer"",""date"":""4/8/91"",""restriction"":""(b)(1)"",""classification"":""Secret"",""pages"":4,""sheetDisposition"":""No released copy indicated on the sheet""},{""itemNumber"":""02"",""type"":""Summary"",""title"":""Re: PCC-Technology Transfer"",""date"":""4/4/91"",""restriction"":""(b)(1)"",""classification"":""Secret"",""pages"":1,""sheetDisposition"":""No released copy indicated on the sheet""},{""itemNumber"":""03"",""type"":""Cable"",""title"":""Re: US/EC Troika Consultations"",""date"":""3/25/91"",""restriction"":""(b)(1)"",""classification"":""Confidential"",""pages"":6,""sheetDisposition"":""No released copy indicated on the sheet""}]","George H.W. Bush Library, Bush Presidential Records, National Security Council, Timothy E. Deal Files, Chronological Files, OA/ID CF00958–003, Chron File: April 1991 [2].","Source: George H.W. Bush Library, Bush Presidential Records, National Security Council, Timothy E. Deal Files, Chronological Files, OA/ID CF00958–003, Chron File: April 1991 [2].","https://catalog.archives.gov/id/452050475","https://catalog.archives.gov/medialz/presidential-libraries/bush/gb-nsc/deal/chron_2554807/41-bpr-nsc-deal-chron-cf00958-003.pdf"
"452050476","1991-05-01","1991-05-31","May 1991 [1]","Catalog folder coverage dates and title; the first-of-month value is a sorting key only","Chron File: May 1991 [1]","CF00958-004","Trade Policy and Market Access","Core","Volume XXX review","Trade and market access; Strategic trade and technology; Transition economies and economic reform; Timothy E. Deal chronological files","Begin with “USSR: Trade Agreement and MFN Florence/Wilma: Please pass to the General before his lunch with”; “14th Annual Meeting of the US-USSR Trade and Economic Council Requested by:”; “Draft Presidential Message The International Trade Administration has drafted the attached”; “Deputies Committee Meeting on Middle East Export Control Policy”.","71 served-PDF pages; 8 economic-policy subject-line leads; 7 individual withdrawal/redaction sheets describe 17 pages; 1 descriptions match Volume XXX topics, and none says that a released copy follows.","verified","Deal, Timothy E., Files","Chronological Files","CF00958-004","true","71","30230356","30230356","HTTP Content-Length","Restricted - Possibly","88977","0","1","0","0","8","288","55","27","196","0","4","3","3","8","1","[""USSR: Trade Agreement and MFN Florence/Wilma: Please pass to the General before his lunch with"",""14th Annual Meeting of the US-USSR Trade and Economic Council Requested by:"",""Draft Presidential Message The International Trade Administration has drafted the attached"",""Deputies Committee Meeting on Middle East Export Control Policy"",""NSC Deputies Committee Meeting on Middle East Export Control Policy, May 30, 1991 (et (e) There will be an NSC Deputies Committee meeting on Middle East"",""Proposed Press Release and Fact Sheet on the COCOM High Level Meeting"",""Annual Meeting Luncheon of the American Association of Exporters and Importers Requested by:"",""LETTER RE INVESTMENT BILL AND BUSINESS MISSION REF: MANILA 12150 AND PREVIOUS L. CONFIDENTIAL - ENTIRE TEXT""]","8","1","7","17","0","7","[{""itemNumber"":""01"",""type"":""Memo"",""title"":""From Timothy Deal for the File Re: Informal Steering Group on Gulf Crisis Meeting"",""date"":""5/24/91"",""restriction"":""(b)(1)"",""classification"":""Secret"",""pages"":2,""sheetDisposition"":""No released copy indicated on the sheet""},{""itemNumber"":""02"",""type"":""Memorandum"",""title"":""William Sittmann for Distribution Re: NSC Deputies Committee Meeting"",""date"":""n.d."",""restriction"":""(b)(3)"",""classification"":""Not stated"",""pages"":1,""sheetDisposition"":""No released copy indicated on the sheet"",""possibleDuplicateMatch"":""Possible duplicate or parallel copy: CF00958–010 item 08, CF00959–013 item 05.""},{""itemNumber"":""03"",""type"":""Paper"",""title"":""Re: Middle East Export Control Policy"",""date"":""n.d."",""restriction"":""(b)(1)"",""classification"":""Secret"",""pages"":10,""sheetDisposition"":""No released copy indicated on the sheet""},{""itemNumber"":""04"",""type"":""Memo"",""title"":""From William Sittmann to J. Stapleton Roy, et al. Re: Informal Steering Group Meeting"",""date"":""5/22/91"",""restriction"":""(b)(1)"",""classification"":""Secret"",""pages"":1,""sheetDisposition"":""No released copy indicated on the sheet""},{""itemNumber"":""05"",""type"":""Memo"",""title"":""From Timothy Deal to Chief, Information Services"",""date"":""5/17/91"",""restriction"":""(b)(1)"",""classification"":""Confidential"",""pages"":1,""sheetDisposition"":""No released copy indicated on the sheet""},{""itemNumber"":""06"",""type"":""Memo"",""title"":""From Chief, Information Services to Timothy Deal"",""date"":""5/16/91"",""restriction"":""(b)(1)"",""classification"":""Confidential"",""pages"":1,""sheetDisposition"":""No released copy indicated on the sheet""},{""itemNumber"":""07"",""type"":""Memo"",""title"":""From William Webster"",""date"":""5/16/91"",""restriction"":""(b)(1)"",""classification"":""Confidential"",""pages"":1,""sheetDisposition"":""No released copy indicated on the sheet""}]","George H.W. Bush Library, Bush Presidential Records, National Security Council, Timothy E. Deal Files, Chronological Files, OA/ID CF00958–004, Chron File: May 1991 [1].","Source: George H.W. Bush Library, Bush Presidential Records, National Security Council, Timothy E. Deal Files, Chronological Files, OA/ID CF00958–004, Chron File: May 1991 [1].","https://catalog.archives.gov/id/452050476","https://catalog.archives.gov/medialz/presidential-libraries/bush/gb-nsc/deal/chron_2554807/41-bpr-nsc-deal-chron-cf00958-004.pdf"
"452050477","1991-05-01","1991-05-31","May 1991 [2]","Catalog folder coverage dates and title; the first-of-month value is a sorting key only","Chron File: May 1991 [2]","CF00958-005","Economic Summits and Industrialized-Country Cooperation","Consider","Selective review","Economic summits and G-7 coordination; Debt, finance, and international institutions; Trade and market access; Timothy E. Deal chronological files","Begin with “International Economics: Comments on the Meeting with Secretary Brady and Others (May 16, 1991)”; “LETTER FOR DEPUTY FOREIGN MINISTER OBMINSKIY ON - ENERGY”; “From Timothy Deal to Brent Scowcroft Re: London Summit: Second Sherpa Meeting”; “Re: Thematic Paper for London Economic Summit”.","42 served-PDF pages; 2 economic-policy subject-line leads; 3 individual withdrawal/redaction sheets describe 32 pages; 2 descriptions match Volume XXX topics, and none says that a released copy follows.","verified","Deal, Timothy E., Files","Chronological Files","CF00958-005","true","42","16526400","16526400","HTTP Content-Length","Restricted - Possibly","46758","0","3","0","0","4","126","36","16","35","0","15","11","13","2","2","[""International Economics: Comments on the Meeting with Secretary Brady and Others (May 16, 1991)"",""LETTER FOR DEPUTY FOREIGN MINISTER OBMINSKIY ON - ENERGY""]","4","1","3","32","0","3","[{""itemNumber"":""01"",""type"":""Talking points"",""title"":""Re: Soviet Union"",""date"":""n.d."",""restriction"":""(b)(1)"",""classification"":""Secret"",""pages"":1,""sheetDisposition"":""No released copy indicated on the sheet""},{""itemNumber"":""02"",""type"":""Memo"",""title"":""From Timothy Deal to Brent Scowcroft Re: London Summit: Second Sherpa Meeting"",""date"":""5/9/91"",""restriction"":""(b)(1)"",""classification"":""Confidential"",""pages"":5,""sheetDisposition"":""No released copy indicated on the sheet""},{""itemNumber"":""03"",""type"":""Paper"",""title"":""Re: Thematic Paper for London Economic Summit"",""date"":""4/22/91"",""restriction"":""(b)(1)"",""classification"":""Confidential"",""pages"":26,""sheetDisposition"":""No released copy indicated on the sheet""}]","George H.W. Bush Library, Bush Presidential Records, National Security Council, Timothy E. Deal Files, Chronological Files, OA/ID CF00958–005, Chron File: May 1991 [2].","Source: George H.W. Bush Library, Bush Presidential Records, National Security Council, Timothy E. Deal Files, Chronological Files, OA/ID CF00958–005, Chron File: May 1991 [2].","https://catalog.archives.gov/id/452050477","https://catalog.archives.gov/medialz/presidential-libraries/bush/gb-nsc/deal/chron_2554807/41-bpr-nsc-deal-chron-cf00958-005.pdf"
"452050478","1991-06-01","1991-06-30","June 1991 [1]","Catalog folder coverage dates and title; the first-of-month value is a sorting key only","Chron File: June 1991 [1]","CF00958-006","Economic Summits and Industrialized-Country Cooperation","Core","Volume XXX review","Economic summits and G-7 coordination; Debt, finance, and international institutions; Transition economies and economic reform; Timothy E. Deal chronological files","Begin with “Philippines: World Bank Loan Wilma/Dona: I understand that you have scheduled the meeting with”; “USSR: President's Meeting with Brady et al, 10 a.m., June 27, Oval Office”; “Environmental Loan for the Philippines State and Treasury disagree over whether the U.S. should vote”; “World Bank Loan for the Philippines I believe that the U.S. must support the World Bank's loan”.","47 served-PDF pages; 5 economic-policy subject-line leads; 8 individual withdrawal/redaction sheets describe 67 pages; 4 descriptions match Volume XXX topics, and none says that a released copy follows.","verified","Deal, Timothy E., Files","Chronological Files","CF00958-006","true","47","19868463","19868464","HTTP Content-Length","Restricted - Possibly","61810","5","4","0","3","9","130","26","35","30","1","20","0","18","5","4","[""Philippines: World Bank Loan Wilma/Dona: I understand that you have scheduled the meeting with"",""USSR: President's Meeting with Brady et al, 10 a.m., June 27, Oval Office"",""Environmental Loan for the Philippines State and Treasury disagree over whether the U.S. should vote"",""World Bank Loan for the Philippines I believe that the U.S. must support the World Bank's loan"",""Non-Proliferation Initiatives for the G-7 Summit The interagency group that you asked me to convene has met twice to consider non-proliferation initiatives and themes""]","9","1","8","67","0","8","[{""itemNumber"":""01"",""type"":""Summary"",""title"":""Re: PCC-Technology Transfer"",""date"":""6/26/91"",""restriction"":""(b)(1)"",""classification"":""Confidential"",""pages"":1,""sheetDisposition"":""No released copy indicated on the sheet""},{""itemNumber"":""02"",""type"":""Paper"",""title"":""Re: Policy Review of Computer Architecture"",""date"":""n.d."",""restriction"":""(b)(1)"",""classification"":""Confidential"",""pages"":2,""sheetDisposition"":""No released copy indicated on the sheet""},{""itemNumber"":""03"",""type"":""Memo"",""title"":""From Nicholas Brady to POTUS Re: G-7 Meeting in London"",""date"":""6/25/91"",""restriction"":""(b)(1)"",""classification"":""Secret"",""pages"":3,""sheetDisposition"":""No released copy indicated on the sheet""},{""itemNumber"":""04"",""type"":""Paper"",""title"":""Re: Individual Country Views"",""date"":""n.d."",""restriction"":""(b)(1)"",""classification"":""Secret"",""pages"":2,""sheetDisposition"":""No released copy indicated on the sheet""},{""itemNumber"":""05"",""type"":""Paper"",""title"":""Re: Soviet Economic Reform: U.S. Response"",""date"":""n.d."",""restriction"":""(b)(1)"",""classification"":""Secret"",""pages"":5,""sheetDisposition"":""No released copy indicated on the sheet"",""crossCollectionMatch"":""Possible title match to Deal Summit CF00960–011 item 01; dates differ or are incomplete, so compare source images.""},{""itemNumber"":""06"",""type"":""Talking points"",""title"":""Re: Points to be Made for Telephone Conversation with Chancellor Helmut Kohl"",""date"":""n.d."",""restriction"":""(b)(1)"",""classification"":""Secret"",""pages"":3,""sheetDisposition"":""No released copy indicated on the sheet""},{""itemNumber"":""07"",""type"":""Paper"",""title"":""Re: G-7 Economic Summit Nonproliferation Initiatives"",""date"":""n.d."",""restriction"":""(b)(1)"",""classification"":""Confidential"",""pages"":16,""sheetDisposition"":""No released copy indicated on the sheet""},{""itemNumber"":""08"",""type"":""Paper"",""title"":""Re: Thematic Paper for London Economic Summit"",""date"":""6/14/91"",""restriction"":""(b)(1)"",""classification"":""Confidential"",""pages"":35,""sheetDisposition"":""No released copy indicated on the sheet""}]","George H.W. Bush Library, Bush Presidential Records, National Security Council, Timothy E. Deal Files, Chronological Files, OA/ID CF00958–006, Chron File: June 1991 [1].","Source: George H.W. Bush Library, Bush Presidential Records, National Security Council, Timothy E. Deal Files, Chronological Files, OA/ID CF00958–006, Chron File: June 1991 [1].","https://catalog.archives.gov/id/452050478","https://catalog.archives.gov/medialz/presidential-libraries/bush/gb-nsc/deal/chron_2554807/41-bpr-nsc-deal-chron-cf00958-006.pdf"
"452050479","1991-06-01","1991-06-30","June 1991 [2]","Catalog folder coverage dates and title; the first-of-month value is a sorting key only","Chron File: June 1991 [2]","CF00958-007","Transition Economies and International Economic Strategy","Core","Volume XXX review","Transition economies and economic reform; Economic summits and G-7 coordination; Trade and market access; Timothy E. Deal chronological files","Begin with “U.S.-SOVIET TECHNICAL ECONOMIC COOPERATION DRAFT LAT AGREEMENT: U.S. COMMENTS”; “Minutes of June 3 Meeting on U.S.-Soviet Economic Relations”; “Summary of Conclusions for DC Meeting on Middle East Export Control Policy”; “OF US NON-PARTICIPATION IN THE ROMANIA BALANCE OF PAYMENTS FINANCING IS RAISED IN THE MEETING. 4. U.S. POSITION ON G-24 AID:”.","66 served-PDF pages; 7 economic-policy subject-line leads; 11 individual withdrawal/redaction sheets describe 60 pages; 6 descriptions match Volume XXX topics, and none says that a released copy follows.","verified","Deal, Timothy E., Files","Chronological Files","CF00958-007","true","66","28524145","28524144","HTTP Content-Length","Restricted - Possibly","92286","1","2","0","7","13","238","48","24","100","5","2","50","9","7","6","[""U.S.-SOVIET TECHNICAL ECONOMIC COOPERATION DRAFT LAT AGREEMENT: U.S. COMMENTS"",""Minutes of June 3 Meeting on U.S.-Soviet Economic Relations"",""Summary of Conclusions for DC Meeting on Middle East Export Control Policy"",""OF US NON-PARTICIPATION IN THE ROMANIA BALANCE OF PAYMENTS FINANCING IS RAISED IN THE MEETING. 4. U.S. POSITION ON G-24 AID:"",""TARIFF-RATE QUOTA ON IMPORTED SUGARS, SYRUPS AND MOLASSES"",""Proclamation for the Establishment of Programs for Special Import Quotas on Upland Cotton and"",""Preparations for the London Economic Summit As we discussed briefly the other day, there are certain matters""]","13","2","11","60","0","11","[{""itemNumber"":""01"",""type"":""Report"",""title"":""Re: Soviet Union: European Bank for Reconstruction and Development"",""date"":""6/7/91"",""restriction"":""(b)(1)"",""classification"":""Confidential"",""pages"":25,""sheetDisposition"":""No released copy indicated on the sheet""},{""itemNumber"":""02"",""type"":""Summary"",""title"":""Re: PCC-Technology Transfer"",""date"":""6/10/91"",""restriction"":""(b)(1)"",""classification"":""Secret"",""pages"":2,""sheetDisposition"":""No released copy indicated on the sheet""},{""itemNumber"":""03"",""type"":""Paper"",""title"":""Re: Soviet Economic Reform"",""date"":""6/14/91"",""restriction"":""(b)(1)"",""classification"":""Secret"",""pages"":5,""sheetDisposition"":""No released copy indicated on the sheet""},{""itemNumber"":""04"",""type"":""Memo"",""title"":""From Timothy Deal to Brent Scowcroft Re: Preparations for the London Economic Summit"",""date"":""6/11/91"",""restriction"":""(b)(1)"",""classification"":""Secret"",""pages"":1,""sheetDisposition"":""No released copy indicated on the sheet""},{""itemNumber"":""05"",""type"":""Memo"",""title"":""From Brent Scowcroft to POTUS Re: London Economic Summit Preparations"",""date"":""6/15/91"",""restriction"":""(b)(1)"",""classification"":""Secret"",""pages"":3,""sheetDisposition"":""No released copy indicated on the sheet""},{""itemNumber"":""06"",""type"":""Paper"",""title"":""Re: Considerations in Connection with Gorbachev's Participation"",""date"":""n.d."",""restriction"":""(b)(1)"",""classification"":""Secret"",""pages"":2,""sheetDisposition"":""No released copy indicated on the sheet""},{""itemNumber"":""07"",""type"":""Memo"",""title"":""Memorandum for the Files Re: Meeting on U.S.-Soviet Economic Relations"",""date"":""6/3/91"",""restriction"":""(b)(1)"",""classification"":""Secret"",""pages"":8,""sheetDisposition"":""No released copy indicated on the sheet""},{""itemNumber"":""08"",""type"":""Memo"",""title"":""From Timothy Deal, et al. to Brent Scowcroft Re: Response to Gorbachev's Economic Proposals"",""date"":""6/7/91"",""restriction"":""(b)(1)"",""classification"":""Secret"",""pages"":1,""sheetDisposition"":""No released copy indicated on the sheet""},{""itemNumber"":""09"",""type"":""Memo"",""title"":""From Brent Scowcroft to POTUS Re: Soviet Economic Reform: A Possible U.S. Policy Initiative"",""date"":""n.d."",""restriction"":""(b)(1)"",""classification"":""Secret"",""pages"":5,""sheetDisposition"":""No released copy indicated on the sheet""},{""itemNumber"":""10"",""type"":""Minutes"",""title"":""Re: Meeting of the NSC Deputies Committee"",""date"":""5/31/91"",""restriction"":""(b)(1)"",""classification"":""Secret"",""pages"":6,""sheetDisposition"":""No released copy indicated on the sheet"",""possibleDuplicateMatch"":""Possible duplicate or parallel copy: CF00958–007 item 11.""},{""itemNumber"":""11"",""type"":""Summary"",""title"":""Re: Meeting of the NSC Deputies Committee"",""date"":""5/31/91"",""restriction"":""(b)(1)"",""classification"":""Secret"",""pages"":2,""sheetDisposition"":""No released copy indicated on the sheet"",""possibleDuplicateMatch"":""Possible duplicate or parallel copy: CF00958–007 item 10.""}]","George H.W. Bush Library, Bush Presidential Records, National Security Council, Timothy E. Deal Files, Chronological Files, OA/ID CF00958–007, Chron File: June 1991 [2].","Source: George H.W. Bush Library, Bush Presidential Records, National Security Council, Timothy E. Deal Files, Chronological Files, OA/ID CF00958–007, Chron File: June 1991 [2].","https://catalog.archives.gov/id/452050479","https://catalog.archives.gov/medialz/presidential-libraries/bush/gb-nsc/deal/chron_2554807/41-bpr-nsc-deal-chron-cf00958-007.pdf"
"452050480","1991-07-01","1991-07-31","July 1991 [1]","Catalog folder coverage dates and title; the first-of-month value is a sorting key only","Chron File: July 1991 [1]","CF00958-008","Economic Summits and Industrialized-Country Cooperation","Core","Volume XXX review","Economic summits and G-7 coordination; Transition economies and economic reform; Trade and market access; Timothy E. Deal chronological files","Begin with “ISSUES FOR LONDON ECONOMIC SUMMIT”; “London Economic Summit At Tab I is a memorandum from you to the President laying out key”; “TAIWAN'S GATT APPLICATION KW JS”; “Points to Made for Cabinet Briefing on the Economic Summit”.","79 served-PDF pages; 4 economic-policy subject-line leads; 3 individual withdrawal/redaction sheets describe 15 pages; 2 descriptions match Volume XXX topics, and none says that a released copy follows.","verified","Deal, Timothy E., Files","Chronological Files","CF00958-008","true","79","31283739","31283740","HTTP Content-Length","Restricted - Possibly","87486","1","4","0","0","4","247","79","42","93","6","14","4","9","4","2","[""ISSUES FOR LONDON ECONOMIC SUMMIT"",""London Economic Summit At Tab I is a memorandum from you to the President laying out key"",""TAIWAN'S GATT APPLICATION KW JS"",""Points to Made for Cabinet Briefing on the Economic Summit""]","4","1","3","15","0","3","[{""itemNumber"":""01"",""type"":""Memo"",""title"":""From Brent Scowcroft to POTUS Re: London Economic Summit"",""date"":""7/14/91"",""restriction"":""(b)(1)"",""classification"":""Confidential"",""pages"":2,""sheetDisposition"":""No released copy indicated on the sheet""},{""itemNumber"":""02"",""type"":""Talking points"",""title"":""Re: Points to be Made on Soviet Union"",""date"":""n.d."",""restriction"":""(b)(1)"",""classification"":""Secret"",""pages"":6,""sheetDisposition"":""No released copy indicated on the sheet"",""crossCollectionMatch"":""Possible title match to Deal Summit CF00960–015 item 01; compare source images before selecting a controlling copy.""},{""itemNumber"":""03"",""type"":""Draft"",""title"":""Re: Soviet Economic Reform: U.S. Response"",""date"":""7/8/91"",""restriction"":""(b)(1)"",""classification"":""Secret"",""pages"":7,""sheetDisposition"":""No released copy indicated on the sheet"",""crossCollectionMatch"":""Possible title match to Deal Summit CF00960–011 item 01; dates differ or are incomplete, so compare source images.""}]","George H.W. Bush Library, Bush Presidential Records, National Security Council, Timothy E. Deal Files, Chronological Files, OA/ID CF00958–008, Chron File: July 1991 [1].","Source: George H.W. Bush Library, Bush Presidential Records, National Security Council, Timothy E. Deal Files, Chronological Files, OA/ID CF00958–008, Chron File: July 1991 [1].","https://catalog.archives.gov/id/452050480","https://catalog.archives.gov/medialz/presidential-libraries/bush/gb-nsc/deal/chron_2554807/41-bpr-nsc-deal-chron-cf00958-008.pdf"
"452050481","1991-07-01","1991-07-31","July 1991 [2]","Catalog folder coverage dates and title; the first-of-month value is a sorting key only","Chron File: July 1991 [2]","CF00958-009","Economic Summits and Industrialized-Country Cooperation","Consider","Selective review","Economic summits and G-7 coordination; Timothy E. Deal chronological files","Begin with “From Ed Hewett/Timothy Deal to Brent Scowcroft Re: Proposed Presidential Letters to the London Summit Participants”; “From Brent Scowcroft to POTUS Re: Proposed Presidential Letters to the London Summit Participants”; “Re: London Summit: Draft Political Declaration”.","22 served-PDF pages; 0 economic-policy subject-line leads; 14 individual withdrawal/redaction sheets describe 66 pages; 3 descriptions match Volume XXX topics, and none says that a released copy follows.","verified","Deal, Timothy E., Files","Chronological Files","CF00958-009","true","22","9101627","9101627","Catalog objectFileSize; HTTP Content-Length unavailable","Restricted - Possibly","32368","0","0","0","0","16","48","6","28","14","0","0","0","0","0","3","[]","16","2","14","66","0","14","[{""itemNumber"":""01"",""type"":""Memo"",""title"":""From Ed Hewett/Timothy Deal to Brent Scowcroft Re: Proposed Presidential Letters to the London Summit Participants"",""date"":""7/3/91"",""restriction"":""(b)(1)"",""classification"":""Secret"",""pages"":1,""sheetDisposition"":""No released copy indicated on the sheet""},{""itemNumber"":""02"",""type"":""Memo"",""title"":""From Brent Scowcroft to POTUS Re: Proposed Presidential Letters to the London Summit Participants"",""date"":""n.d."",""restriction"":""(b)(1)"",""classification"":""Secret"",""pages"":1,""sheetDisposition"":""No released copy indicated on the sheet""},{""itemNumber"":""03"",""type"":""Letter"",""title"":""From POTUS to Prime Minister Major"",""date"":""n.d."",""restriction"":""(b)(1)"",""classification"":""Not stated"",""pages"":5,""sheetDisposition"":""No released copy indicated on the sheet""},{""itemNumber"":""04"",""type"":""Letter"",""title"":""From POTUS to Prime Minister Lubbers"",""date"":""n.d."",""restriction"":""(b)(1)"",""classification"":""Not stated"",""pages"":5,""sheetDisposition"":""No released copy indicated on the sheet""},{""itemNumber"":""05"",""type"":""Letter"",""title"":""From POTUS to President Delors"",""date"":""n.d."",""restriction"":""(b)(1)"",""classification"":""Not stated"",""pages"":5,""sheetDisposition"":""No released copy indicated on the sheet""},{""itemNumber"":""06"",""type"":""Letter"",""title"":""From POTUS to Chancellor Kohl"",""date"":""n.d."",""restriction"":""(b)(1)"",""classification"":""Not stated"",""pages"":5,""sheetDisposition"":""No released copy indicated on the sheet"",""possibleDuplicateMatch"":""Possible duplicate or parallel copy: CF00696–016 item 07.""},{""itemNumber"":""07"",""type"":""Letter"",""title"":""From POTUS to President Mitterrand"",""date"":""n.d."",""restriction"":""(b)(1)"",""classification"":""Not stated"",""pages"":5,""sheetDisposition"":""No released copy indicated on the sheet"",""possibleDuplicateMatch"":""Possible duplicate or parallel copy: CF00696–016 item 08.""},{""itemNumber"":""08"",""type"":""Letter"",""title"":""From POTUS to Prime Minister Andreotti"",""date"":""n.d."",""restriction"":""(b)(1)"",""classification"":""Not stated"",""pages"":5,""sheetDisposition"":""No released copy indicated on the sheet""},{""itemNumber"":""09"",""type"":""Letter"",""title"":""From POTUS to Prime Minister Kaifu"",""date"":""n.d."",""restriction"":""(b)(1)"",""classification"":""Not stated"",""pages"":5,""sheetDisposition"":""No released copy indicated on the sheet"",""possibleDuplicateMatch"":""Possible duplicate or parallel copy: CF00696–016 item 06.""},{""itemNumber"":""10"",""type"":""Letter"",""title"":""From POTUS to Prime Minister Mulroney"",""date"":""n.d."",""restriction"":""(b)(1)"",""classification"":""Not stated"",""pages"":5,""sheetDisposition"":""No released copy indicated on the sheet""},{""itemNumber"":""11"",""type"":""Memo"",""title"":""From Director of European Analysis to Timothy Deal Re: Research Plan for FY1992"",""date"":""5/16/91"",""restriction"":""(b)(1)"",""classification"":""Secret"",""pages"":3,""sheetDisposition"":""No released copy indicated on the sheet""},{""itemNumber"":""12"",""type"":""Paper"",""title"":""Re: Attachment A"",""date"":""5/16/91"",""restriction"":""(b)(1)"",""classification"":""Secret"",""pages"":11,""sheetDisposition"":""No released copy indicated on the sheet""},{""itemNumber"":""13"",""type"":""Paper"",""title"":""Re: Attachment B"",""date"":""5/16/91"",""restriction"":""(b)(1)"",""classification"":""Secret"",""pages"":6,""sheetDisposition"":""No released copy indicated on the sheet""},{""itemNumber"":""14"",""type"":""Paper"",""title"":""Re: London Summit: Draft Political Declaration"",""date"":""n.d."",""restriction"":""(b)(1)"",""classification"":""Not stated"",""pages"":4,""sheetDisposition"":""No released copy indicated on the sheet""}]","George H.W. Bush Library, Bush Presidential Records, National Security Council, Timothy E. Deal Files, Chronological Files, OA/ID CF00958–009, Chron File: July 1991 [2].","Source: George H.W. Bush Library, Bush Presidential Records, National Security Council, Timothy E. Deal Files, Chronological Files, OA/ID CF00958–009, Chron File: July 1991 [2].","https://catalog.archives.gov/id/452050481","https://catalog.archives.gov/medialz/presidential-libraries/bush/gb-nsc/deal/chron_2554807/41-bpr-nsc-deal-chron-cf00958-009.pdf"
"452050482","1991-08-01","1991-08-31","August 1991 [1]","Catalog folder coverage dates and title; the first-of-month value is a sorting key only","Chron File: August 1991 [1]","CF00958-010","Transition Economies and International Economic Strategy","Core","Volume XXX review","Transition economies and economic reform; Debt, finance, and international institutions; Trade and market access; Timothy E. Deal chronological files","Begin with “U.S. PROPOSAL FOR REMOVAL OF HUNGARY, RLP CZECHOSLOVAKIA, AND POLAND FROM THE LIST OF PROSCRIBED”; “Multilateral Investment Fund Secretary Brady has requested (Tab II) that the President send a”; “Multilateral Investment Fund Purpose”; “Proposed letter from President Bush to the G-7 on the Multilateral Investment Fund”.","93 served-PDF pages; 13 economic-policy subject-line leads; 12 individual withdrawal/redaction sheets describe 28 pages; 6 descriptions match Volume XXX topics, and none says that a released copy follows.","verified","Deal, Timothy E., Files","Chronological Files","CF00958-010","true","93","38988992","38988992","HTTP Content-Length","Restricted - Possibly","118123","4","8","0","0","14","372","37","116","168","2","3","2","44","13","6","[""U.S. PROPOSAL FOR REMOVAL OF HUNGARY, RLP CZECHOSLOVAKIA, AND POLAND FROM THE LIST OF PROSCRIBED"",""Multilateral Investment Fund Secretary Brady has requested (Tab II) that the President send a"",""Multilateral Investment Fund Purpose"",""Proposed letter from President Bush to the G-7 on the Multilateral Investment Fund"",""Multilateral Investment Fund Florence/Wilma: I need to know ASAP whether the President raised"",""TREASURY PROPOSED RPT RE S-984 INTL POLLUTION DETERRENCE ACT OF 1991"",""TREASURY Proposed Report RE: S 984, International Pollution Deterrence Act of"",""COCOM: Response to Soviet Events Robin: Do you have any guidance from Bob Gates on my E-mail note"",""National Security Council Deputies Committee Meeting on International Economic Cooperation With"",""National Security Council Deputies Committee Meeting on International Economic Cooperation With the USSR, August 26, 1991"",""DC Meeting on International Economic Cooperation With the USSR, August 26, 1991"",""Proposed Press Release and Fact Sheet on U.S. -Jamaican Debt Reduction Agreement"",""Proposed Press Release and Fact Sheet on U.S. -Bolivian Debt Reduction Agreements""]","14","2","12","28","0","12","[{""itemNumber"":""01"",""type"":""Memo"",""title"":""From Timothy Deal to Brent Scowcroft Re: Canadian Lumber: Proposed Press Release"",""date"":""8/29/91"",""restriction"":""(b)(1)"",""classification"":""Confidential"",""pages"":2,""sheetDisposition"":""No released copy indicated on the sheet""},{""itemNumber"":""02"",""type"":""List"",""title"":""Distribution"",""date"":""n.d."",""restriction"":""(b)(3)"",""classification"":""Not stated"",""pages"":1,""sheetDisposition"":""No released copy indicated on the sheet""},{""itemNumber"":""03"",""type"":""Paper"",""title"":""Re: Proposed Message to Kohl, Mitterrand, Mulroney, Major and Andreotti"",""date"":""n.d."",""restriction"":""(b)(1)"",""classification"":""Not stated"",""pages"":1,""sheetDisposition"":""No released copy indicated on the sheet"",""possibleDuplicateMatch"":""Possible duplicate or parallel copy: CF00958–010 item 04.""},{""itemNumber"":""04"",""type"":""Paper"",""title"":""Re: Proposed Message to Kohl, Mitterrand, Mulroney, Major and Andreotti"",""date"":""n.d."",""restriction"":""(b)(1)"",""classification"":""Not stated"",""pages"":1,""sheetDisposition"":""No released copy indicated on the sheet"",""possibleDuplicateMatch"":""Possible duplicate or parallel copy: CF00958–010 item 03.""},{""itemNumber"":""05"",""type"":""Message"",""title"":""From POTUS to Prime Minister Mulroney"",""date"":""8/28/91"",""restriction"":""(b)(1)"",""classification"":""Secret"",""pages"":1,""sheetDisposition"":""No released copy indicated on the sheet"",""possibleDuplicateMatch"":""Possible duplicate or parallel copy: CF00958–013 item 11.""},{""itemNumber"":""06"",""type"":""Memo"",""title"":""From Timothy Deal to Robin Uhl Re: COCOM/Export Controls: USSR"",""date"":""8/19/91"",""restriction"":""(b)(1)"",""classification"":""Confidential"",""pages"":2,""sheetDisposition"":""No released copy indicated on the sheet"",""possibleDuplicateMatch"":""Possible duplicate or parallel copy: CF00958–011 item 01.""},{""itemNumber"":""07"",""type"":""Paper"",""title"":""Re: International Economic Cooperation with the USSR"",""date"":""n.d."",""restriction"":""(b)(1)"",""classification"":""Confidential"",""pages"":5,""sheetDisposition"":""No released copy indicated on the sheet"",""possibleDuplicateMatch"":""Possible duplicate or parallel copy: CF00958–010 item 09, CF00958–010 item 11.""},{""itemNumber"":""08"",""type"":""Memorandum"",""title"":""William Sittmann for Distribution Re: NSC Deputies Committee Meeting"",""date"":""n.d."",""restriction"":""(b)(3)"",""classification"":""Not stated"",""pages"":1,""sheetDisposition"":""No released copy indicated on the sheet"",""possibleDuplicateMatch"":""Possible duplicate or parallel copy: CF00958–004 item 02, CF00959–013 item 05.""},{""itemNumber"":""09"",""type"":""Paper"",""title"":""Re: International Economic Cooperation with the USSR"",""date"":""n.d."",""restriction"":""(b)(1)"",""classification"":""Not stated"",""pages"":5,""sheetDisposition"":""No released copy indicated on the sheet"",""possibleDuplicateMatch"":""Possible duplicate or parallel copy: CF00958–010 item 07, CF00958–010 item 11.""},{""itemNumber"":""10"",""type"":""Paper"",""title"":""Re: International Economic Cooperation with the Soviet Union: Draft Chairman's Note on the Agenda"",""date"":""n.d."",""restriction"":""(b)(1)"",""classification"":""Confidential"",""pages"":2,""sheetDisposition"":""No released copy indicated on the sheet"",""possibleDuplicateMatch"":""Possible duplicate or parallel copy: CF00958–010 item 12.""},{""itemNumber"":""11"",""type"":""Paper"",""title"":""Re: International Economic Cooperation with the USSR"",""date"":""n.d."",""restriction"":""(b)(1)"",""classification"":""Confidential"",""pages"":5,""sheetDisposition"":""No released copy indicated on the sheet"",""possibleDuplicateMatch"":""Possible duplicate or parallel copy: CF00958–010 item 07, CF00958–010 item 09.""},{""itemNumber"":""12"",""type"":""Paper"",""title"":""Re: International Economic Cooperation with the Soviet Union: Draft Chairman's Note on the Agenda"",""date"":""n.d."",""restriction"":""(b)(1)"",""classification"":""Confidential"",""pages"":2,""sheetDisposition"":""No released copy indicated on the sheet"",""possibleDuplicateMatch"":""Possible duplicate or parallel copy: CF00958–010 item 10.""}]","George H.W. Bush Library, Bush Presidential Records, National Security Council, Timothy E. Deal Files, Chronological Files, OA/ID CF00958–010, Chron File: August 1991 [1].","Source: George H.W. Bush Library, Bush Presidential Records, National Security Council, Timothy E. Deal Files, Chronological Files, OA/ID CF00958–010, Chron File: August 1991 [1].","https://catalog.archives.gov/id/452050482","https://catalog.archives.gov/medialz/presidential-libraries/bush/gb-nsc/deal/chron_2554807/41-bpr-nsc-deal-chron-cf00958-010.pdf"
"452050483","1991-08-01","1991-08-31","August 1991 [2]","Catalog folder coverage dates and title; the first-of-month value is a sorting key only","Chron File: August 1991 [2]","CF00958-011","Strategic Trade, Technology, and Investment Controls","Consider","Selective review","Strategic trade and technology; Transition economies and economic reform; Trade and market access; Timothy E. Deal chronological files","Begin with “Congressional Inquiries on Encryption Export Controls”; “DEPARTMENT POLICY FOR ACCEPTING U.S. CURRENCY L. SUMMARY: ON FRIDAY, AUGUST 16 AP NEWS SERVICE REPORTED THAT THE U.S. GOVERNMENT AND IN PARTICULAR THE”; “COCOM: Response to Soviet Events Robin: Do you have any guidance from Bob Gates on my E-mail note”; “G-24 MINISTERIAL - ELIGIBILITY OF ALBANIA FOR - G-24 ASSISTANCE”.","100 served-PDF pages; 4 economic-policy subject-line leads; 1 individual withdrawal/redaction sheets describe 2 pages; 1 descriptions match Volume XXX topics, and none says that a released copy follows.","verified","Deal, Timothy E., Files","Chronological Files","CF00958-011","true","100","41555567","41555568","HTTP Content-Length","Restricted - Possibly","120763","2","5","0","0","2","175","25","21","70","8","5","23","23","4","1","[""Congressional Inquiries on Encryption Export Controls"",""DEPARTMENT POLICY FOR ACCEPTING U.S. CURRENCY L. SUMMARY: ON FRIDAY, AUGUST 16 AP NEWS SERVICE REPORTED THAT THE U.S. GOVERNMENT AND IN PARTICULAR THE"",""COCOM: Response to Soviet Events Robin: Do you have any guidance from Bob Gates on my E-mail note"",""G-24 MINISTERIAL - ELIGIBILITY OF ALBANIA FOR - G-24 ASSISTANCE""]","2","1","1","2","0","1","[{""itemNumber"":""01"",""type"":""Memo"",""title"":""From Timothy Deal to Robin Uhl Re: COCOM/Export Controls: USSR"",""date"":""8/19/91"",""restriction"":""(b)(1)"",""classification"":""Confidential"",""pages"":2,""sheetDisposition"":""No released copy indicated on the sheet"",""possibleDuplicateMatch"":""Possible duplicate or parallel copy: CF00958–010 item 06.""}]","George H.W. Bush Library, Bush Presidential Records, National Security Council, Timothy E. Deal Files, Chronological Files, OA/ID CF00958–011, Chron File: August 1991 [2].","Source: George H.W. Bush Library, Bush Presidential Records, National Security Council, Timothy E. Deal Files, Chronological Files, OA/ID CF00958–011, Chron File: August 1991 [2].","https://catalog.archives.gov/id/452050483","https://catalog.archives.gov/medialz/presidential-libraries/bush/gb-nsc/deal/chron_2554807/41-bpr-nsc-deal-chron-cf00958-011.pdf"
"452050484","1991-09-01","1991-09-30","September 1991 [1]","Catalog folder coverage dates and title; the first-of-month value is a sorting key only","Chron File: September 1991 [1]","CF00958-012","Trade Policy and Market Access","Core","Volume XXX review","Trade and market access; Debt, finance, and international institutions; Transition economies and economic reform; Timothy E. Deal chronological files","Begin with “IMF Quota Increase This is in response to your query regarding the IMF quota”; “Meeting of the President's Economic Policy Council, Friday, September 27, 1991 The Economic Policy Council will hold a meeting with the”; “Meeting of the President's Economic Policy Council, Wednesday, September 25, 1991 The Economic Policy Council will hold a meeting with the”; “Report to the President: CFIUS Report on Timenlex Investigation”.","85 served-PDF pages; 11 economic-policy subject-line leads; 10 individual withdrawal/redaction sheets describe 28 pages; 9 descriptions match Volume XXX topics, and none says that a released copy follows.","verified","Deal, Timothy E., Files","Chronological Files","CF00958-012","true","85","38786359","38786360","HTTP Content-Length","Restricted - Possibly","124251","5","8","0","1","12","435","67","98","159","59","0","30","22","11","9","[""IMF Quota Increase This is in response to your query regarding the IMF quota"",""Meeting of the President's Economic Policy Council, Friday, September 27, 1991 The Economic Policy Council will hold a meeting with the"",""Meeting of the President's Economic Policy Council, Wednesday, September 25, 1991 The Economic Policy Council will hold a meeting with the"",""Report to the President: CFIUS Report on Timenlex Investigation"",""USSR: Agricultural Export Credits Attached, as requested, is a briefing memorandum for the"",""USSR: Agricultural Export Credits Secretary Madigan and Director Darman have asked to meet with you"",""Core Points on Assistance to the USSR Treasury called back with two changes, one significant and one"",""USSR: Agricultural Export Credit Guarantees At Tab I is a memorandum from you to the President which responds"",""USSR: Agricultural Export Credit Guarantees save theo So"",""Secretary Brady's Trip to the USSR: Your Meeting on September 12, 4 p.m."",""TAIWAN AND THE GATT: REQUEST FOR CP VIEWS SK JM""]","12","2","10","28","0","10","[{""itemNumber"":""01"",""type"":""Cable"",""title"":""Re: 46th UN General Assembly"",""date"":""9/21/91"",""restriction"":""(b)(3)"",""classification"":""Not stated"",""pages"":1,""sheetDisposition"":""No released copy indicated on the sheet""},{""itemNumber"":""02"",""type"":""Memo"",""title"":""From Timothy Deal to Brent Scowcroft Re: Foreign Investment in the U.S.: Timeplex, Inc."",""date"":""9/13/91"",""restriction"":""(b)(1)"",""classification"":""Secret"",""pages"":2,""sheetDisposition"":""No released copy indicated on the sheet""},{""itemNumber"":""03"",""type"":""Memo"",""title"":""From Brent Scowcroft to POTUS Re: Foreign Investment in the U.S.: Timeplex, Inc."",""date"":""9/16/91"",""restriction"":""(b)(1)"",""classification"":""Secret"",""pages"":2,""sheetDisposition"":""No released copy indicated on the sheet""},{""itemNumber"":""04"",""type"":""Memo"",""title"":""From Nicholas Brady to POTUS Re: CFIUS Report on Timeplex Transaction"",""date"":""9/12/91"",""restriction"":""(b)(1)"",""classification"":""Secret"",""pages"":2,""sheetDisposition"":""No released copy indicated on the sheet""},{""itemNumber"":""05"",""type"":""Report"",""title"":""Re: Report of the Committee on Foreign Investment in the United States"",""date"":""9/11/91"",""restriction"":""(b)(1)"",""classification"":""Secret"",""pages"":7,""sheetDisposition"":""No released copy indicated on the sheet""},{""itemNumber"":""06"",""type"":""Memo"",""title"":""From Director of Resources, Trade, and Technology to Olin Wethington Re: CFIUS"",""date"":""9/10/91"",""restriction"":""(b)(1)"",""classification"":""Secret"",""pages"":2,""sheetDisposition"":""No released copy indicated on the sheet""},{""itemNumber"":""07"",""type"":""Memo"",""title"":""Re: CFIUS"",""date"":""8/27/91"",""restriction"":""(b)(1)"",""classification"":""Secret"",""pages"":3,""sheetDisposition"":""No released copy indicated on the sheet""},{""itemNumber"":""08"",""type"":""Memo"",""title"":""From William Sittmann to Philip Brady Re: Foreign Investment in the U.S.: Timeplex, Inc."",""date"":""9/16/91"",""restriction"":""(b)(1)"",""classification"":""Secret"",""pages"":1,""sheetDisposition"":""No released copy indicated on the sheet""},{""itemNumber"":""09"",""type"":""Telegram"",""title"":""Re: Multilateral Investment Fund"",""date"":""9/11/91"",""restriction"":""(b)(1)"",""classification"":""Secret"",""pages"":5,""sheetDisposition"":""No released copy indicated on the sheet""},{""itemNumber"":""10"",""type"":""Paper"",""title"":""Re: [debt relief]"",""date"":""n.d."",""restriction"":""(b)(1)"",""classification"":""Not stated"",""pages"":3,""sheetDisposition"":""No released copy indicated on the sheet""}]","George H.W. Bush Library, Bush Presidential Records, National Security Council, Timothy E. Deal Files, Chronological Files, OA/ID CF00958–012, Chron File: September 1991 [1].","Source: George H.W. Bush Library, Bush Presidential Records, National Security Council, Timothy E. Deal Files, Chronological Files, OA/ID CF00958–012, Chron File: September 1991 [1].","https://catalog.archives.gov/id/452050484","https://catalog.archives.gov/medialz/presidential-libraries/bush/gb-nsc/deal/chron_2554807/41-bpr-nsc-deal-chron-cf00958-012.pdf"
"452050485","1991-09-01","1991-09-30","September 1991 [2]","Catalog folder coverage dates and title; the first-of-month value is a sorting key only","Chron File: September 1991 [2]","CF00958-013","Monetary Policy, Debt, and International Institutions","Core","Volume XXX review","Debt, finance, and international institutions; Trade and market access; Transition economies and economic reform; Timothy E. Deal chronological files","Begin with “DEPT. GUIDANCE FOR SEPT. 12 OECD COUNCIL DISCUSSION ON ASSISTANCE TO THE USSR REF: A} PARIS 20581; B} PARIS 22064”; “Trinidad Terms Attached is my first draft of the decision memo on Trinidad terms. It draws heavily on earlier Treasury/State drafts. Since”; “IEPR Breakfast -- Debt Relief for Senegal President Diouf's State Visit begins on Monday and there is still”; “FIELD ASSESSMENTS OF SEED PROGRAMS 1. AS COORDINATOR OF OUR ASSISTANCE PROGRAMS FOR CENTRAL AND EASTERN EUROPE, DEPUTY SECRETARY EAGLEBURGER”.","77 served-PDF pages; 10 economic-policy subject-line leads; 14 individual withdrawal/redaction sheets describe 30 pages; 3 descriptions match Volume XXX topics, and none says that a released copy follows.","verified","Deal, Timothy E., Files","Chronological Files","CF00958-013","true","77","31640180","31640180","HTTP Content-Length","Restricted - Possibly","96342","0","1","0","0","16","196","15","74","67","6","2","4","28","10","3","[""DEPT. GUIDANCE FOR SEPT. 12 OECD COUNCIL DISCUSSION ON ASSISTANCE TO THE USSR REF: A} PARIS 20581; B} PARIS 22064"",""Trinidad Terms Attached is my first draft of the decision memo on Trinidad terms. It draws heavily on earlier Treasury/State drafts. Since"",""IEPR Breakfast -- Debt Relief for Senegal President Diouf's State Visit begins on Monday and there is still"",""FIELD ASSESSMENTS OF SEED PROGRAMS 1. AS COORDINATOR OF OUR ASSISTANCE PROGRAMS FOR CENTRAL AND EASTERN EUROPE, DEPUTY SECRETARY EAGLEBURGER"",""TREASURY PROPOSED RPT RE S-650 / ACTIONS BY US TRADE REP"",""TREASURY Proposed Report RE: S 650, Actions by the U.S. Trade Representative"",""TREASURY PROPOSED RPT RE S-665 / USE TARIFFS ATTRIBUTABLE TO IMPORTED TEXTILE MACHINERY TO SUPPORT MODERNIZATION OF TEXTILE"",""TREASURY Proposed Report RE: S 665, Use Tariffs Attributable to Imported Textile"",""TREASURY PROPOSED RPT RE S-625 / TO AMEND TRADE ACT OF 1974 TO REQUIRE RECIPROCAL RESPONSES TO FORN ACTS / POLICIES & PRACTICES"",""TREASURY Proposed Report RE: S 625, To amend the Trade Act of 1974 in order to require""]","16","2","14","30","0","14","[{""itemNumber"":""01"",""type"":""Paper"",""title"":""Re: [debt relief]"",""date"":""n.d."",""restriction"":""(b)(1)"",""classification"":""Not stated"",""pages"":3,""sheetDisposition"":""No released copy indicated on the sheet""},{""itemNumber"":""02"",""type"":""Memo"",""title"":""From Timothy Deal to Brent Scowcroft Re: Soviet Debt: Major's Message to the President"",""date"":""9/6/91"",""restriction"":""(b)(1)"",""classification"":""Secret"",""pages"":1,""sheetDisposition"":""No released copy indicated on the sheet""},{""itemNumber"":""03"",""type"":""Memo"",""title"":""From Brent Scowcroft to POTUS Re: Soviet Debt: Prime Minister Major's Message to You"",""date"":""9/7/91"",""restriction"":""(b)(1)"",""classification"":""Secret"",""pages"":1,""sheetDisposition"":""No released copy indicated on the sheet""},{""itemNumber"":""04"",""type"":""Memo"",""title"":""From Robin Renwick to Brent Scowcroft"",""date"":""9/4/91"",""restriction"":""(b)(1)"",""classification"":""Secret"",""pages"":1,""sheetDisposition"":""No released copy indicated on the sheet"",""possibleDuplicateMatch"":""Possible duplicate or parallel copy: CF00958–013 item 08.""},{""itemNumber"":""05"",""type"":""Message"",""title"":""From Prime Minister Major to POTUS"",""date"":""9/4/91"",""restriction"":""(b)(1)"",""classification"":""Secret"",""pages"":4,""sheetDisposition"":""No released copy indicated on the sheet"",""possibleDuplicateMatch"":""Possible duplicate or parallel copy: CF00958–013 item 09."",""crossCollectionMatch"":""Possible title match to Deal Summit CF00960–010 and CF00960–011; generic letter description requires source-image comparison.""},{""itemNumber"":""06"",""type"":""Message"",""title"":""Re: Annex to Letter from Prime Minister Major to POTUS"",""date"":""n.d."",""restriction"":""(b)(1)"",""classification"":""Secret"",""pages"":4,""sheetDisposition"":""No released copy indicated on the sheet"",""possibleDuplicateMatch"":""Possible duplicate or parallel copy: CF00958–013 item 10.""},{""itemNumber"":""07"",""type"":""Memo"",""title"":""From Timothy Deal to Brent Scowcroft Re: IEPR Breakfast"",""date"":""9/5/91"",""restriction"":""(b)(1)"",""classification"":""Secret"",""pages"":2,""sheetDisposition"":""No released copy indicated on the sheet""},{""itemNumber"":""08"",""type"":""Memo"",""title"":""From Robin Renwick to Brent Scowcroft"",""date"":""9/4/91"",""restriction"":""(b)(1)"",""classification"":""Secret"",""pages"":1,""sheetDisposition"":""No released copy indicated on the sheet"",""possibleDuplicateMatch"":""Possible duplicate or parallel copy: CF00958–013 item 04.""},{""itemNumber"":""09"",""type"":""Message"",""title"":""From Prime Minister Major to POTUS"",""date"":""9/4/91"",""restriction"":""(b)(1)"",""classification"":""Secret"",""pages"":4,""sheetDisposition"":""No released copy indicated on the sheet"",""possibleDuplicateMatch"":""Possible duplicate or parallel copy: CF00958–013 item 05."",""crossCollectionMatch"":""Possible title match to Deal Summit CF00960–010 and CF00960–011; generic letter description requires source-image comparison.""},{""itemNumber"":""10"",""type"":""Message"",""title"":""Re: Annex to Letter from Prime Minister Major to POTUS"",""date"":""n.d."",""restriction"":""(b)(1)"",""classification"":""Secret"",""pages"":4,""sheetDisposition"":""No released copy indicated on the sheet"",""possibleDuplicateMatch"":""Possible duplicate or parallel copy: CF00958–013 item 06.""},{""itemNumber"":""11"",""type"":""Message"",""title"":""From POTUS to Prime Minister Mulroney"",""date"":""8/28/91"",""restriction"":""(b)(1)"",""classification"":""Secret"",""pages"":1,""sheetDisposition"":""No released copy indicated on the sheet"",""possibleDuplicateMatch"":""Possible duplicate or parallel copy: CF00958–010 item 05.""},{""itemNumber"":""12"",""type"":""Summary"",""title"":""Re: PCC-Technology Transfer"",""date"":""8/15/91"",""restriction"":""(b)(1)"",""classification"":""Confidential"",""pages"":1,""sheetDisposition"":""No released copy indicated on the sheet""},{""itemNumber"":""13"",""type"":""Memo"",""title"":""From Tim Deal to David Gompert"",""date"":""9/3/91"",""restriction"":""(b)(1)"",""classification"":""Secret"",""pages"":1,""sheetDisposition"":""No released copy indicated on the sheet""},{""itemNumber"":""14"",""type"":""Paper"",""title"":""Re: Fiber Optics"",""date"":""n.d."",""restriction"":""(b)(1)"",""classification"":""Secret"",""pages"":2,""sheetDisposition"":""No released copy indicated on the sheet""}]","George H.W. Bush Library, Bush Presidential Records, National Security Council, Timothy E. Deal Files, Chronological Files, OA/ID CF00958–013, Chron File: September 1991 [2].","Source: George H.W. Bush Library, Bush Presidential Records, National Security Council, Timothy E. Deal Files, Chronological Files, OA/ID CF00958–013, Chron File: September 1991 [2].","https://catalog.archives.gov/id/452050485","https://catalog.archives.gov/medialz/presidential-libraries/bush/gb-nsc/deal/chron_2554807/41-bpr-nsc-deal-chron-cf00958-013.pdf"
"452050486","1991-10-01","1991-10-31","October 1991 [1]","Catalog folder coverage dates and title; the first-of-month value is a sorting key only","Chron File: October 1991 [1]","CF00958-014","Economic Summits and Industrialized-Country Cooperation","Core","Volume XXX review","Economic summits and G-7 coordination; Debt, finance, and international institutions; Trade and market access; Timothy E. Deal chronological files","Begin with “LTR FM MCPHERSON RE INDONESIAN INTL INVESTMENT”; “Export Control Policy for Iran XS”; “Agriculture in the Uruguay Round Doug: Take what you want from what follows below. I hope that”; “TREASURY PROPOSED TESTIMONY ON IMF & STATUS OF ECONOMIC REFORM”.","131 served-PDF pages; 15 economic-policy subject-line leads; 8 individual withdrawal/redaction sheets describe 23 pages; 4 descriptions match Volume XXX topics, and none says that a released copy follows.","verified","Deal, Timothy E., Files","Chronological Files","CF00958-014","true","131","66971037","66971036","HTTP Content-Length","Restricted - Possibly","224865","2","5","5","1","9","724","188","183","207","20","48","39","39","15","4","[""LTR FM MCPHERSON RE INDONESIAN INTL INVESTMENT"",""Export Control Policy for Iran XS"",""Agriculture in the Uruguay Round Doug: Take what you want from what follows below. I hope that"",""TREASURY PROPOSED TESTIMONY ON IMF & STATUS OF ECONOMIC REFORM"",""TREASURY Proposed Testimony on The International Monetary Fund and status of"",""Foreign Aid: Continuing Resolution for Foreign Operations Bill"",""Foreign Aid: Continuing Resolution for Foreign Operations Bill (U)"",""Foreign Assistance Appropriation Continuing Resolution Following on our conversation in the Oval Office the other day, I approached Senator Leahy to ask whether he would"",""IMF Quota Increase Very important"",""U.S. POSITION ON FORMING A VIETNAM SUPPORT GROUP AT THE IMF REF: BRUSSELS 11727 ENOTAL}"",""London Economic Summit Memcons Attached for the files are the memcons (Tab I-V) from the London"",""Opening Session of the London Economic Summit (U)"",""First Plenary, London Economic Summit (U) PARTICIPANTS:"",""Second Plenary, London Economic Summit PARTICIPANTS:"",""Third Plenary, London Economic Summit PARTICIPANTS:""]","9","1","8","23","0","8","[{""itemNumber"":""01"",""type"":""Memorandum"",""title"":""Timothy Deal for Distribution Re: Export Control Policy for Iran"",""date"":""10/30/91"",""restriction"":""(b)(3)"",""classification"":""Not stated"",""pages"":1,""sheetDisposition"":""No released copy indicated on the sheet""},{""itemNumber"":""02"",""type"":""Memo"",""title"":""From Carl Ford, Jr. to Special Assistant to the President and Senior Director for International Economic Affairs"",""date"":""10/4/91"",""restriction"":""(b)(1)"",""classification"":""Confidential"",""pages"":2,""sheetDisposition"":""No released copy indicated on the sheet""},{""itemNumber"":""03"",""type"":""Paper"",""title"":""Re: Export Policy Toward Iran"",""date"":""n.d."",""restriction"":""(b)(1)"",""classification"":""Secret"",""pages"":2,""sheetDisposition"":""No released copy indicated on the sheet""},{""itemNumber"":""04"",""type"":""Memorandum"",""title"":""Douglas Paal/Tim Deal for Brent Scowcroft Re: Your Meeting"",""date"":""10/28/91"",""restriction"":""(b)(1)"",""classification"":""Confidential"",""pages"":2,""sheetDisposition"":""No released copy indicated on the sheet""},{""itemNumber"":""05"",""type"":""Profile"",""title"":""Re: Tim Deal"",""date"":""10/5/91"",""restriction"":""(b)(1)"",""classification"":""Secret"",""pages"":1,""sheetDisposition"":""No released copy indicated on the sheet""},{""itemNumber"":""06"",""type"":""List"",""title"":""Re: Serial Publications"",""date"":""n.d."",""restriction"":""(b)(1)"",""classification"":""Confidential"",""pages"":1,""sheetDisposition"":""No released copy indicated on the sheet""},{""itemNumber"":""07"",""type"":""Summary"",""title"":""Re: PCC-Technology Transfer"",""date"":""10/10/91"",""restriction"":""(b)(1)"",""classification"":""Confidential"",""pages"":1,""sheetDisposition"":""No released copy indicated on the sheet""},{""itemNumber"":""08"",""type"":""Notes"",""title"":""Re: Opening Session [London Economic Summit]"",""date"":""7/15/91"",""restriction"":""(b)(1)"",""classification"":""Not stated"",""pages"":13,""sheetDisposition"":""No released copy indicated on the sheet""}]","George H.W. Bush Library, Bush Presidential Records, National Security Council, Timothy E. Deal Files, Chronological Files, OA/ID CF00958–014, Chron File: October 1991 [1].","Source: George H.W. Bush Library, Bush Presidential Records, National Security Council, Timothy E. Deal Files, Chronological Files, OA/ID CF00958–014, Chron File: October 1991 [1].","https://catalog.archives.gov/id/452050486","https://catalog.archives.gov/medialz/presidential-libraries/bush/gb-nsc/deal/chron_2554807/41-bpr-nsc-deal-chron-cf00958-014.pdf"
"452050487","1991-10-01","1991-10-31","October 1991 [2]","Catalog folder coverage dates and title; the first-of-month value is a sorting key only","Chron File: October 1991 [2]","CF00958-015","Trade Policy and Market Access","Core","Volume XXX review","Trade and market access; Debt, finance, and international institutions; Timothy E. Deal chronological files","Begin with “EPC Meeting on October 8: Credit Crunch, 11:30 a.m., Cabinet Room”; “Draft Memorandum on the Credit Crunch and Accompanying Fact Sheets for the EPC”; “The Economy and Responses to the Credit Crunch I. INTRODUCTION”; “EPC Meeting on U.S. Economy: October 8, 1991; 11:30 a.m. - 12:30 p.m., Cabinet Room”.","120 served-PDF pages; 7 economic-policy subject-line leads; 9 individual withdrawal/redaction sheets describe 33 pages; 4 descriptions match Volume XXX topics, and none says that a released copy follows.","verified","Deal, Timothy E., Files","Chronological Files","CF00958-015","true","120","51295621","51295620","HTTP Content-Length","Restricted - Possibly","143832","2","3","0","0","10","649","74","249","76","81","1","142","26","7","4","[""EPC Meeting on October 8: Credit Crunch, 11:30 a.m., Cabinet Room"",""Draft Memorandum on the Credit Crunch and Accompanying Fact Sheets for the EPC"",""The Economy and Responses to the Credit Crunch I. INTRODUCTION"",""EPC Meeting on U.S. Economy: October 8, 1991; 11:30 a.m. - 12:30 p.m., Cabinet Room"",""TITLE I, PUBLIC LAW 480 DEBT FORGIVENESS MC REH"",""TITLE I. PUBLIC LAW 480 DEBT FORGIVENESS MC JPAfr"",""TITLE I, PUBLIC LAW 480 DEBT FORGIVENESS MC 10AL""]","10","1","9","33","0","9","[{""itemNumber"":""01"",""type"":""Memo"",""title"":""From Timothy Deal to Robert Zoellick Re: Comments on Potential Foreign Responses to Possible US Offers to Conclude Uruguay Round"",""date"":""10/7/91"",""restriction"":""(b)(1)"",""classification"":""Confidential"",""pages"":1,""sheetDisposition"":""No released copy indicated on the sheet""},{""itemNumber"":""02"",""type"":""Memo"",""title"":""Re: Comments on Potential Foreign Responses to Possible US Offers to Conclude Uruguay Round"",""date"":""10/2/91"",""restriction"":""(b)(1)"",""classification"":""Secret"",""pages"":4,""sheetDisposition"":""No released copy indicated on the sheet""},{""itemNumber"":""03"",""type"":""Table"",""title"":""Re: GATT Uruguay Round"",""date"":""n.d."",""restriction"":""(b)(1)"",""classification"":""Secret"",""pages"":10,""sheetDisposition"":""No released copy indicated on the sheet""},{""itemNumber"":""04"",""type"":""Cable"",""title"":""Re: Vladislavlev Proposal"",""date"":""10/2/91"",""restriction"":""(b)(1)"",""classification"":""Confidential"",""pages"":7,""sheetDisposition"":""No released copy indicated on the sheet""},{""itemNumber"":""05"",""type"":""Cable"",""title"":""271641Z SEP 92"",""date"":""9/27/91"",""restriction"":""(b)(1)"",""classification"":""Confidential"",""pages"":2,""sheetDisposition"":""No released copy indicated on the sheet""},{""itemNumber"":""06"",""type"":""Memo"",""title"":""From Robert Mosbacher/Julius Katz to POTUS Re: Canadian Softwood Issue"",""date"":""10/3/91"",""restriction"":""(b)(1)"",""classification"":""Confidential"",""pages"":4,""sheetDisposition"":""No released copy indicated on the sheet""},{""itemNumber"":""07"",""type"":""Letter"",""title"":""From Ambassador D. H. Burney to Brent Scowcroft"",""date"":""10/3/91"",""restriction"":""(b)(1)"",""classification"":""Confidential"",""pages"":1,""sheetDisposition"":""No released copy indicated on the sheet""},{""itemNumber"":""08"",""type"":""Cable"",""title"":""Re: Switzerland's Views"",""date"":""9/24/91"",""restriction"":""(b)(1)"",""classification"":""Confidential"",""pages"":2,""sheetDisposition"":""No released copy indicated on the sheet""},{""itemNumber"":""09"",""type"":""Telegram"",""title"":""Re: Possible Sanctions Violations"",""date"":""9/30/91"",""restriction"":""(b)(1)"",""classification"":""Secret"",""pages"":2,""sheetDisposition"":""No released copy indicated on the sheet""}]","George H.W. Bush Library, Bush Presidential Records, National Security Council, Timothy E. Deal Files, Chronological Files, OA/ID CF00958–015, Chron File: October 1991 [2].","Source: George H.W. Bush Library, Bush Presidential Records, National Security Council, Timothy E. Deal Files, Chronological Files, OA/ID CF00958–015, Chron File: October 1991 [2].","https://catalog.archives.gov/id/452050487","https://catalog.archives.gov/medialz/presidential-libraries/bush/gb-nsc/deal/chron_2554807/41-bpr-nsc-deal-chron-cf00958-015.pdf"
"452050488","1991-11-01","1991-11-30","November 1991 [1]","Catalog folder coverage dates and title; the first-of-month value is a sorting key only","Chron File: November 1991 [1]","CF00958-016","Trade Policy and Market Access","Core","Volume XXX review","Trade and market access; Debt, finance, and international institutions; Strategic trade and technology; Timothy E. Deal chronological files","Begin with “Major Issues for International Economics Directorate”; “Responsibilities of International Economic Affairs Directorate”; “Uruguay Round (U) Attached is an informal paper, outlining what we might seek as a”; “EPC Meeting: Growth and the American Economy, 1 p.m., November 20, Room 180 OEOB”.","97 served-PDF pages; 11 economic-policy subject-line leads; 6 individual withdrawal/redaction sheets describe 23 pages; 4 descriptions match Volume XXX topics, and none says that a released copy follows.","verified","Deal, Timothy E., Files","Chronological Files","CF00958-016","true","97","45001677","45001676","HTTP Content-Length","Restricted - Possibly","137057","1","2","4","0","7","478","88","146","123","44","9","47","21","11","4","[""Major Issues for International Economics Directorate"",""Responsibilities of International Economic Affairs Directorate"",""Uruguay Round (U) Attached is an informal paper, outlining what we might seek as a"",""EPC Meeting: Growth and the American Economy, 1 p.m., November 20, Room 180 OEOB"",""Iran Export Control Policy (C) (C)"",""LTR TO PRES RE STIMULATING US ECONOMY"",""EPC Meeting on U.S. Economy: 3:00 p.m., November 13, Cabinet Room"",""Agriculture Proposed Report on Congressional Draft Bill Authorizing Additional Functions"",""AGRICULTURE Proposed Report on Congressional draft bill authorising additional functions"",""AGRICULTURE Proposed Report on Congressional draft bill authorizing additional functions"",""to strict firewalls. Commercial firms will be an important source of much-needed capital for the banking industry and should at least be able to purchase""]","7","1","6","23","0","6","[{""itemNumber"":""01"",""type"":""Draft"",""title"":""Re: Machine Tool VRAs"",""date"":""n.d."",""restriction"":""(b)(1)"",""classification"":""Confidential"",""pages"":3,""sheetDisposition"":""No released copy indicated on the sheet""},{""itemNumber"":""02"",""type"":""Paper"",""title"":""Re: Uruguay Round Issues"",""date"":""n.d."",""restriction"":""(b)(1)"",""classification"":""Secret"",""pages"":3,""sheetDisposition"":""No released copy indicated on the sheet""},{""itemNumber"":""03"",""type"":""Paper"",""title"":""Re: Export Licensing Policy for Iran"",""date"":""n.d."",""restriction"":""(b)(1)"",""classification"":""Secret"",""pages"":1,""sheetDisposition"":""No released copy indicated on the sheet"",""possibleDuplicateMatch"":""Possible duplicate or parallel copy: CF00958–017 item 02.""},{""itemNumber"":""04"",""type"":""Note"",""title"":""From Tim Deal to Bob Howard"",""date"":""11/19/91"",""restriction"":""(b)(1)"",""classification"":""Secret"",""pages"":1,""sheetDisposition"":""No released copy indicated on the sheet""},{""itemNumber"":""05"",""type"":""Paper"",""title"":""Re: [debt relief]"",""date"":""n.d."",""restriction"":""(b)(1)"",""classification"":""Secret"",""pages"":7,""sheetDisposition"":""No released copy indicated on the sheet""},{""itemNumber"":""06"",""type"":""Memcon"",""title"":""Memorandum of Conversation Re: Meeting on Soviet Debt"",""date"":""11/5/91"",""restriction"":""(b)(1)"",""classification"":""Secret"",""pages"":8,""sheetDisposition"":""No released copy indicated on the sheet""}]","George H.W. Bush Library, Bush Presidential Records, National Security Council, Timothy E. Deal Files, Chronological Files, OA/ID CF00958–016, Chron File: November 1991 [1].","Source: George H.W. Bush Library, Bush Presidential Records, National Security Council, Timothy E. Deal Files, Chronological Files, OA/ID CF00958–016, Chron File: November 1991 [1].","https://catalog.archives.gov/id/452050488","https://catalog.archives.gov/medialz/presidential-libraries/bush/gb-nsc/deal/chron_2554807/41-bpr-nsc-deal-chron-cf00958-016.pdf"
"452050489","1991-11-01","1991-11-30","November 1991 [2]","Catalog folder coverage dates and title; the first-of-month value is a sorting key only","Chron File: November 1991 [2]","CF00958-017","Monetary Policy, Debt, and International Institutions","Core","Volume XXX review","Debt, finance, and international institutions; Trade and market access; Transition economies and economic reform; Timothy E. Deal chronological files","Begin with “ACTING SECRETARY'S RESPONSE TO UKRAINIAN PM LCNdeN FOKIN'S REQUEST FOR FOOD AID”; “Uruguay Round At Tab II is Ambassador Hills' memorandum to the President,”; “TREASURY PROPOSED RPT RE HR- 2624 TECHNOLOGY PRESERVATION ACT OF 1991”; “TREASURY Proposed Report RE: HR 2624, Technology Preservation Act of 1991”.","42 served-PDF pages; 7 economic-policy subject-line leads; 11 individual withdrawal/redaction sheets describe 32 pages; 7 descriptions match Volume XXX topics, and none says that a released copy follows.","verified","Deal, Timothy E., Files","Chronological Files","CF00958-017","true","42","18426111","18426112","HTTP Content-Length","Restricted - Possibly","55343","5","2","0","0","12","152","8","31","74","1","3","23","12","7","7","[""ACTING SECRETARY'S RESPONSE TO UKRAINIAN PM LCNdeN FOKIN'S REQUEST FOR FOOD AID"",""Uruguay Round At Tab II is Ambassador Hills' memorandum to the President,"",""TREASURY PROPOSED RPT RE HR- 2624 TECHNOLOGY PRESERVATION ACT OF 1991"",""TREASURY Proposed Report RE: HR 2624, Technology Preservation Act of 1991"",""Export Control Policy for Iran ()"",""Soviet Debt Please pass to the General ASAP (it's for the Soviet debt meeting"",""Meeting with the President on Soviet Debt, 2 p.m., November 5, Cabinet Room""]","12","1","11","32","0","11","[{""itemNumber"":""01"",""type"":""Memo"",""title"":""From Timothy Deal to Joan McEntee, et al. Re: Meeting on Export Control Policy"",""date"":""11/12/91"",""restriction"":""(b)(1)"",""classification"":""Secret"",""pages"":1,""sheetDisposition"":""No released copy indicated on the sheet""},{""itemNumber"":""02"",""type"":""Paper"",""title"":""Re: Export Licensing Policy for Iran"",""date"":""n.d."",""restriction"":""(b)(1)"",""classification"":""Secret"",""pages"":1,""sheetDisposition"":""No released copy indicated on the sheet"",""possibleDuplicateMatch"":""Possible duplicate or parallel copy: CF00958–016 item 03.""},{""itemNumber"":""03"",""type"":""Memorandum"",""title"":""Timothy Deal for Distribution Re: Export Control Policy for Iran"",""date"":""11/5/91"",""restriction"":""(b)(3)"",""classification"":""Not stated"",""pages"":1,""sheetDisposition"":""No released copy indicated on the sheet""},{""itemNumber"":""04"",""type"":""Memo"",""title"":""From William Rudman to Director, International Economic Affairs Re: Export Control Policy for Iran"",""date"":""11/1/91"",""restriction"":""(b)(1)"",""classification"":""Secret"",""pages"":1,""sheetDisposition"":""No released copy indicated on the sheet""},{""itemNumber"":""05"",""type"":""Letter"",""title"":""From Trisha Dedik to Richard Barth"",""date"":""11/1/91"",""restriction"":""(b)(1)"",""classification"":""Confidential"",""pages"":1,""sheetDisposition"":""No released copy indicated on the sheet""},{""itemNumber"":""06"",""type"":""Draft"",""title"":""Re: Export Policy Toward Iran"",""date"":""11/5/91"",""restriction"":""(b)(1)"",""classification"":""Secret"",""pages"":7,""sheetDisposition"":""No released copy indicated on the sheet""},{""itemNumber"":""07"",""type"":""Proposal"",""title"":""Re: Meeting on Soviet Debt"",""date"":""11/5/91"",""restriction"":""(b)(1)"",""classification"":""Secret"",""pages"":3,""sheetDisposition"":""No released copy indicated on the sheet""},{""itemNumber"":""08"",""type"":""Talking points"",""title"":""Re: Points to be Made for Meeting on Soviet Debt"",""date"":""n.d."",""restriction"":""(b)(1)"",""classification"":""Secret"",""pages"":1,""sheetDisposition"":""No released copy indicated on the sheet""},{""itemNumber"":""09"",""type"":""Paper"",""title"":""Re: USG Approach to Soviet Payments Situation"",""date"":""10/31/91"",""restriction"":""(b)(1)"",""classification"":""Secret"",""pages"":7,""sheetDisposition"":""No released copy indicated on the sheet""},{""itemNumber"":""10"",""type"":""Talking points"",""title"":""Re: Talking Points"",""date"":""n.d."",""restriction"":""(b)(1)"",""classification"":""Secret"",""pages"":1,""sheetDisposition"":""No released copy indicated on the sheet""},{""itemNumber"":""11"",""type"":""Paper"",""title"":""Re: USG Approach to Soviet Payments Situation"",""date"":""11/4/91"",""restriction"":""(b)(1)"",""classification"":""Secret"",""pages"":8,""sheetDisposition"":""No released copy indicated on the sheet""}]","George H.W. Bush Library, Bush Presidential Records, National Security Council, Timothy E. Deal Files, Chronological Files, OA/ID CF00958–017, Chron File: November 1991 [2].","Source: George H.W. Bush Library, Bush Presidential Records, National Security Council, Timothy E. Deal Files, Chronological Files, OA/ID CF00958–017, Chron File: November 1991 [2].","https://catalog.archives.gov/id/452050489","https://catalog.archives.gov/medialz/presidential-libraries/bush/gb-nsc/deal/chron_2554807/41-bpr-nsc-deal-chron-cf00958-017.pdf"
"452050490","1991-12-01","1991-12-31","December 1991 [1]","Catalog folder coverage dates and title; the first-of-month value is a sorting key only","Chron File: December 1991 [1]","CF00958-018","Trade Policy and Market Access","Core","Volume XXX review","Trade and market access; Debt, finance, and international institutions; Transition economies and economic reform; Timothy E. Deal chronological files","Begin with “OPIC Draft Bill, Overseas Private Investment Corporation Amendments Act of 1992”; “OPIC Draft Bill, Overseas Private Investment Corporation Amendments Act of 1992 (LRM #D-626,”; “OPIC Draft Bill Overseas Private Investment Corporation Amendments Act of 1992”; “SOVIET DEBT DEFERRAL NEGOTIATIONS”.","90 served-PDF pages; 10 economic-policy subject-line leads; 9 individual withdrawal/redaction sheets describe 27 pages; 4 descriptions match Volume XXX topics, and none says that a released copy follows.","verified","Deal, Timothy E., Files","Chronological Files","CF00958-018","true","90","36757051","36757052","HTTP Content-Length","Restricted - Possibly","111558","6","4","1","1","10","251","16","82","96","45","1","2","9","10","4","[""OPIC Draft Bill, Overseas Private Investment Corporation Amendments Act of 1992"",""OPIC Draft Bill, Overseas Private Investment Corporation Amendments Act of 1992 (LRM #D-626,"",""OPIC Draft Bill Overseas Private Investment Corporation Amendments Act of 1992"",""SOVIET DEBT DEFERRAL NEGOTIATIONS"",""Determination Pursuant to Section 545 of the Foreign Operations, Export Financing, and Related"",""USSR DEBT CONVERSION FUND / PRELIMINARY THOUGHTS"",""Sec. Brady OF MESSAGE CLASSIFICATION/CONTROLS NO. OF PAGES"",""Uruguay Round: Dunkel's Final Report At your request, I asked Ambassador Hills to prepare for the"",""Uruguay Round Attached is a memorandum from Ambassador Hills on the draft text"",""Uruguay Round: Dunkel's Draft Final Act Late Friday evening, December 20, Arthur Dunkel released his""]","10","1","9","27","0","9","[{""itemNumber"":""01"",""type"":""Memo"",""title"":""From Timothy Deal/Nicholas Burns to Brent Scowcroft Re: Soviet Debt Deferral Negotiations"",""date"":""12/31/91"",""restriction"":""(b)(1)"",""classification"":""Secret"",""pages"":3,""sheetDisposition"":""No released copy indicated on the sheet""},{""itemNumber"":""02"",""type"":""Draft"",""title"":""Re: [debt relief]"",""date"":""n.d."",""restriction"":""(b)(1)"",""classification"":""Secret"",""pages"":8,""sheetDisposition"":""No released copy indicated on the sheet""},{""itemNumber"":""03"",""type"":""Memo"",""title"":""From Brent Scowcroft to POTUS Re: Uruguay Round: Dunkel's Final Report"",""date"":""12/24/91"",""restriction"":""(b)(1)"",""classification"":""Secret"",""pages"":1,""sheetDisposition"":""No released copy indicated on the sheet""},{""itemNumber"":""04"",""type"":""Memo"",""title"":""From Carla Hills to POTUS Re: Preliminary Assessment of Dunkel Draft Final Act"",""date"":""n.d."",""restriction"":""(b)(1)"",""classification"":""Secret"",""pages"":4,""sheetDisposition"":""No released copy indicated on the sheet""},{""itemNumber"":""05"",""type"":""Memo"",""title"":""From Timothy Deal to Brent Scowcroft Re: Canadian Beer: More Trade Problems with Canada"",""date"":""12/23/91"",""restriction"":""(b)(1)"",""classification"":""Confidential"",""pages"":2,""sheetDisposition"":""No released copy indicated on the sheet""},{""itemNumber"":""06"",""type"":""Memo"",""title"":""From Timothy Deal to Brent Scowcroft Re: Message to Prime Minister Miyazawa"",""date"":""12/23/91"",""restriction"":""(b)(1)"",""classification"":""Secret"",""pages"":1,""sheetDisposition"":""No released copy indicated on the sheet""},{""itemNumber"":""07"",""type"":""Memo"",""title"":""From Brent Scowcroft to POTUS Re: Message to Prime Minister Miyazawa"",""date"":""n.d."",""restriction"":""(b)(1)"",""classification"":""Secret"",""pages"":1,""sheetDisposition"":""No released copy indicated on the sheet""},{""itemNumber"":""08"",""type"":""Message"",""title"":""From POTUS to Prime Minister Miyazama"",""date"":""n.d."",""restriction"":""(b)(1)"",""classification"":""Secret"",""pages"":2,""sheetDisposition"":""No released copy indicated on the sheet""},{""itemNumber"":""09"",""type"":""Memo"",""title"":""From Carla Hills to POTUS Re: A Growth Strategy for Your Trip to Japan"",""date"":""12/17/91"",""restriction"":""(b)(1)"",""classification"":""Secret"",""pages"":5,""sheetDisposition"":""No released copy indicated on the sheet""}]","George H.W. Bush Library, Bush Presidential Records, National Security Council, Timothy E. Deal Files, Chronological Files, OA/ID CF00958–018, Chron File: December 1991 [1].","Source: George H.W. Bush Library, Bush Presidential Records, National Security Council, Timothy E. Deal Files, Chronological Files, OA/ID CF00958–018, Chron File: December 1991 [1].","https://catalog.archives.gov/id/452050490","https://catalog.archives.gov/medialz/presidential-libraries/bush/gb-nsc/deal/chron_2554807/41-bpr-nsc-deal-chron-cf00958-018.pdf"
"452050491","1991-12-01","1991-12-31","December 1991 [2]","Catalog folder coverage dates and title; the first-of-month value is a sorting key only","Chron File: December 1991 [2]","CF00958-019","Trade Policy and Market Access","Core","Volume XXX review","Trade and market access; Debt, finance, and international institutions; Transition economies and economic reform; Timothy E. Deal chronological files","Begin with “STATEMENT OF U.S. POLICY TOWARD FOREIGN DIRECT INVESTMENT/FACT SHEET/ QUESTIONS AND ANSWERS”; “Statement of U.S. Policy Toward Foreign Direct Investment”; “STATEMENT ON U.S. POLICY TOWARD FOREIGN DIRECT INVESTMENT”; “Presidential Statement on Foreign Direct Investment”.","78 served-PDF pages; 9 economic-policy subject-line leads; 9 individual withdrawal/redaction sheets describe 28 pages; 3 descriptions match Volume XXX topics, and none says that a released copy follows.","verified","Deal, Timothy E., Files","Chronological Files","CF00958-019","true","78","34751749","34751748","HTTP Content-Length","Restricted - Possibly","104128","7","2","4","2","10","399","67","81","192","18","6","5","30","9","3","[""STATEMENT OF U.S. POLICY TOWARD FOREIGN DIRECT INVESTMENT/FACT SHEET/ QUESTIONS AND ANSWERS"",""Statement of U.S. Policy Toward Foreign Direct Investment"",""STATEMENT ON U.S. POLICY TOWARD FOREIGN DIRECT INVESTMENT"",""Presidential Statement on Foreign Direct Investment"",""Uruguay Round: Msg from Chancellor Kohl"",""Second Special Message for FY 1992 Phil Brady has requested comments by 5 p.m. today on the attached"",""EX-IM Proposed Testimony on Tied Aid Financing"",""EX-IM Proposed Testimony on Tied Aid Financing (LRM #M-755)"",""IMF/World Bank Membership for Soviet Republics Issue:""]","10","1","9","28","0","9","[{""itemNumber"":""01"",""type"":""Memo"",""title"":""From Timothy Deal/Eric Melby to Brent Scowcroft Re: Post-Dunkel Report Trade Strategy"",""date"":""12/20/91"",""restriction"":""(b)(1)"",""classification"":""Confidential"",""pages"":5,""sheetDisposition"":""No released copy indicated on the sheet""},{""itemNumber"":""02"",""type"":""Memo"",""title"":""From Timothy Deal to Torkel Patterson Re: Japan: Growth Package"",""date"":""12/21/91"",""restriction"":""(b)(1)"",""classification"":""Secret"",""pages"":1,""sheetDisposition"":""No released copy indicated on the sheet""},{""itemNumber"":""03"",""type"":""Draft"",""title"":""From POTUS to Prime Minister Miyazawa"",""date"":""12/19/91"",""restriction"":""(b)(1)"",""classification"":""Secret"",""pages"":1,""sheetDisposition"":""No released copy indicated on the sheet""},{""itemNumber"":""04"",""type"":""Minutes"",""title"":""Re: Meeting of NSC Principals Committee"",""date"":""12/16/91"",""restriction"":""(b)(1)"",""classification"":""Confidential"",""pages"":8,""sheetDisposition"":""No released copy indicated on the sheet""},{""itemNumber"":""05"",""type"":""Draft"",""title"":""From Brent Scowcroft to POTUS Re: Machine Tool Voluntary Restraint Agreements"",""date"":""n.d."",""restriction"":""(b)(1)"",""classification"":""Confidential"",""pages"":5,""sheetDisposition"":""No released copy indicated on the sheet""},{""itemNumber"":""06"",""type"":""Memcon"",""title"":""Memorandum of Conversation Re: Munich Economic Summit: Yugoslavia"",""date"":""12/13/91"",""restriction"":""(b)(1)"",""classification"":""Confidential"",""pages"":4,""sheetDisposition"":""No released copy indicated on the sheet""},{""itemNumber"":""07"",""type"":""Memo"",""title"":""From Timothy Deal/David Gompert to Brent Scowcroft Re: Uruguay Round: German Response to President's Letter and Next Steps"",""date"":""12/13/91"",""restriction"":""(b)(1)"",""classification"":""Confidential"",""pages"":2,""sheetDisposition"":""No released copy indicated on the sheet""},{""itemNumber"":""08"",""type"":""Letter"",""title"":""Prime Minister Major for President Bush"",""date"":""12/8/91"",""restriction"":""(b)(1)"",""classification"":""Confidential"",""pages"":1,""sheetDisposition"":""No released copy indicated on the sheet"",""possibleDuplicateMatch"":""Possible duplicate or parallel copy: CF00958–019 item 09.""},{""itemNumber"":""09"",""type"":""Letter"",""title"":""Prime Minister Major for President Bush"",""date"":""12/8/91"",""restriction"":""(b)(1)"",""classification"":""Confidential"",""pages"":1,""sheetDisposition"":""No released copy indicated on the sheet"",""possibleDuplicateMatch"":""Possible duplicate or parallel copy: CF00958–019 item 08.""}]","George H.W. Bush Library, Bush Presidential Records, National Security Council, Timothy E. Deal Files, Chronological Files, OA/ID CF00958–019, Chron File: December 1991 [2].","Source: George H.W. Bush Library, Bush Presidential Records, National Security Council, Timothy E. Deal Files, Chronological Files, OA/ID CF00958–019, Chron File: December 1991 [2].","https://catalog.archives.gov/id/452050491","https://catalog.archives.gov/medialz/presidential-libraries/bush/gb-nsc/deal/chron_2554807/41-bpr-nsc-deal-chron-cf00958-019.pdf"
"452050492","1991-12-01","1991-12-31","December 1991 [3]","Catalog folder coverage dates and title; the first-of-month value is a sorting key only","Chron File: December 1991 [3]","CF00958-020","Monetary Policy, Debt, and International Institutions","Consider","Selective review","Debt, finance, and international institutions; Trade and market access; Timothy E. Deal chronological files","Begin with “EPC Meeting on Uruguay Round, 2:30 p.m., December 13, Roosevelt Room”; “MEETING OF THE PRESIDENT'S ECONOMIC POLICY COUNCIL, FRIDAY, DECEMBER 13, 1991”; “Re: [debt relief]”.","63 served-PDF pages; 2 economic-policy subject-line leads; 7 individual withdrawal/redaction sheets describe 20 pages; 1 descriptions match Volume XXX topics, and none says that a released copy follows.","verified","Deal, Timothy E., Files","Chronological Files","CF00958-020","true","63","26789279","26789280","HTTP Content-Length","Restricted - Possibly","76885","2","6","0","0","8","285","59","91","108","4","2","10","11","2","1","[""EPC Meeting on Uruguay Round, 2:30 p.m., December 13, Roosevelt Room"",""MEETING OF THE PRESIDENT'S ECONOMIC POLICY COUNCIL, FRIDAY, DECEMBER 13, 1991""]","8","1","7","20","0","7","[{""itemNumber"":""01"",""type"":""Letter"",""title"":""From Prime Minister Mulroney to POTUS"",""date"":""11/26/91"",""restriction"":""(b)(1)"",""classification"":""Not stated"",""pages"":1,""sheetDisposition"":""No released copy indicated on the sheet""},{""itemNumber"":""02"",""type"":""Resume"",""title"":""Resume"",""date"":""n.d."",""restriction"":""(b)(6)"",""classification"":""Not stated"",""pages"":3,""sheetDisposition"":""No released copy indicated on the sheet""},{""itemNumber"":""03"",""type"":""Resume"",""title"":""Resume"",""date"":""n.d."",""restriction"":""(b)(6)"",""classification"":""Not stated"",""pages"":3,""sheetDisposition"":""No released copy indicated on the sheet""},{""itemNumber"":""04"",""type"":""Resume"",""title"":""Resume"",""date"":""n.d."",""restriction"":""(b)(6)"",""classification"":""Not stated"",""pages"":3,""sheetDisposition"":""No released copy indicated on the sheet""},{""itemNumber"":""05"",""type"":""Summary"",""title"":""Re: PCC-Technology Transfer"",""date"":""12/3/91"",""restriction"":""(b)(1)"",""classification"":""Secret"",""pages"":2,""sheetDisposition"":""No released copy indicated on the sheet""},{""itemNumber"":""06"",""type"":""Paper"",""title"":""Re: [debt relief]"",""date"":""n.d."",""restriction"":""(b)(1)"",""classification"":""Secret"",""pages"":7,""sheetDisposition"":""No released copy indicated on the sheet""},{""itemNumber"":""07"",""type"":""Memcon"",""title"":""Re: [between 'M' and 'P']"",""date"":""n.d."",""restriction"":""(b)(1)"",""classification"":""Confidential"",""pages"":1,""sheetDisposition"":""No released copy indicated on the sheet""}]","George H.W. Bush Library, Bush Presidential Records, National Security Council, Timothy E. Deal Files, Chronological Files, OA/ID CF00958–020, Chron File: December 1991 [3].","Source: George H.W. Bush Library, Bush Presidential Records, National Security Council, Timothy E. Deal Files, Chronological Files, OA/ID CF00958–020, Chron File: December 1991 [3].","https://catalog.archives.gov/id/452050492","https://catalog.archives.gov/medialz/presidential-libraries/bush/gb-nsc/deal/chron_2554807/41-bpr-nsc-deal-chron-cf00958-020.pdf"
"452050493","1992-01-01","1992-01-31","January 1992 [1]","Catalog folder coverage dates and title; the first-of-month value is a sorting key only","Chron File: January 1992 [1]","CF00959-001","Trade Policy and Market Access","Consider","Selective review","Trade and market access; Debt, finance, and international institutions; Timothy E. Deal chronological files","Begin with “Desert Shield/Desert Storm: Financing Attached is the most recent table prepared by OMB on”; “Draft of President's Message for the 1992 Economic Report of the President”; “1992 Economic Report of the President Chapter 3 -- The American Labor Market”; “Options For Addressing Climate Change As we discussed on Monday, January 13 in your office, I believe the United States has an opportunity to regain leadership on what is, perha...”.","132 served-PDF pages; 4 economic-policy subject-line leads; 1 individual withdrawal/redaction sheets describe 1 pages; 0 descriptions match Volume XXX topics, and none says that a released copy follows.","verified","Deal, Timothy E., Files","Chronological Files","CF00959-001","true","132","61603791","61603792","HTTP Content-Length","Restricted - Possibly","200589","1","7","0","0","2","324","124","40","80","14","34","24","8","4","0","[""Desert Shield/Desert Storm: Financing Attached is the most recent table prepared by OMB on"",""Draft of President's Message for the 1992 Economic Report of the President"",""1992 Economic Report of the President Chapter 3 -- The American Labor Market"",""Options For Addressing Climate Change As we discussed on Monday, January 13 in your office, I believe the United States has an opportunity to regain leadership on what is, perhaps, the most important international""]","2","1","1","1","0","1","[{""itemNumber"":""01"",""type"":""Cover Sheet"",""title"":""Fax Cover Sheet"",""date"":""1/31/92"",""restriction"":""(b)(6)"",""classification"":""Not stated"",""pages"":1,""sheetDisposition"":""No released copy indicated on the sheet""}]","George H.W. Bush Library, Bush Presidential Records, National Security Council, Timothy E. Deal Files, Chronological Files, OA/ID CF00959–001, Chron File: January 1992 [1].","Source: George H.W. Bush Library, Bush Presidential Records, National Security Council, Timothy E. Deal Files, Chronological Files, OA/ID CF00959–001, Chron File: January 1992 [1].","https://catalog.archives.gov/id/452050493","https://catalog.archives.gov/medialz/presidential-libraries/bush/gb-nsc/deal/chron_2554807/41-bpr-nsc-deal-chron-cf00959-001.pdf"
"452050494","1992-01-01","1992-01-31","January 1992 [2]","Catalog folder coverage dates and title; the first-of-month value is a sorting key only","Chron File: January 1992 [2]","CF00959-002","Trade Policy and Market Access","Core","Volume XXX review","Trade and market access; Strategic trade and technology; Timothy E. Deal chronological files","Begin with “. Chapter 2, Economic Developments and Prospects”; “1992 Economic Report of the President Chapter 2 -- Economic Developments and Prospects”; “President Bush's UN Bilaterals President Bush will have an important opportunity at his”; “The Multilateral Investment Fund platform for the President to deliver the message that the”.","129 served-PDF pages; 7 economic-policy subject-line leads; no individual withdrawal/redaction sheets were identified.","verified","Deal, Timothy E., Files","Chronological Files","CF00959-002","true","129","57942346","57942344","HTTP Content-Length","Restricted - Possibly","185474","0","6","0","0","0","671","233","127","210","46","26","8","21","7","0","["". Chapter 2, Economic Developments and Prospects"",""1992 Economic Report of the President Chapter 2 -- Economic Developments and Prospects"",""President Bush's UN Bilaterals President Bush will have an important opportunity at his"",""The Multilateral Investment Fund platform for the President to deliver the message that the"",""THE CHANGING AMERICAN ECONOMY"",""REP HUNTER FWDS CY OF MEMO TO BUILDING INDUSTRY RE ECONOMIC GROWTH / INVESTMENT & JOB CREATION ACT"",""Export Controls: Your Meeting with Boyden Gray et al, Monday, January 27, 1:30 p.m.""]","0","0","0","0","0","0","[]","George H.W. Bush Library, Bush Presidential Records, National Security Council, Timothy E. Deal Files, Chronological Files, OA/ID CF00959–002, Chron File: January 1992 [2].","Source: George H.W. Bush Library, Bush Presidential Records, National Security Council, Timothy E. Deal Files, Chronological Files, OA/ID CF00959–002, Chron File: January 1992 [2].","https://catalog.archives.gov/id/452050494","https://catalog.archives.gov/medialz/presidential-libraries/bush/gb-nsc/deal/chron_2554807/41-bpr-nsc-deal-chron-cf00959-002.pdf"
"452050495","1992-01-01","1992-01-31","January 1992 [3]","Catalog folder coverage dates and title; the first-of-month value is a sorting key only","Chron File: January 1992 [3]","CF00959-003","Monetary Policy, Debt, and International Institutions","Core","Volume XXX review","Debt, finance, and international institutions; Trade and market access; Economic summits and G-7 coordination; Timothy E. Deal chronological files","Begin with “G-7 Finance Ministers and the Uruguay Round Please pass the following message to the General and Admiral Howe.”; “Treasury Proposed Report re: S. 1394, Tax Simplification Act of 1991 and other proposals”; “TREASURY Proposed Report RE: S 1394, Tax Simplification Act of 1991 and other proposals.”; “TREASURY Proposed Report RE: S 1394, Tax simplification Act of 1991.”.","139 served-PDF pages; 7 economic-policy subject-line leads; no individual withdrawal/redaction sheets were identified.","verified","Deal, Timothy E., Files","Chronological Files","CF00959-003","true","139","69230924","69230928","HTTP Content-Length","Restricted - Possibly","248645","0","1","0","0","0","490","241","81","92","45","2","8","21","7","0","[""G-7 Finance Ministers and the Uruguay Round Please pass the following message to the General and Admiral Howe."",""Treasury Proposed Report re: S. 1394, Tax Simplification Act of 1991 and other proposals"",""TREASURY Proposed Report RE: S 1394, Tax Simplification Act of 1991 and other proposals."",""TREASURY Proposed Report RE: S 1394, Tax simplification Act of 1991."",""Desert Shield/Desert Storm: Financing Attached is the most recent table prepared by OMB on"",""1992 Economic Report of the President Chapter 7 -- Economic Statistics: Measuring Economic"",""1992 Economic Report of the President Chapter 4 -- Government and the Level and Distribution""]","0","0","0","0","0","0","[]","George H.W. Bush Library, Bush Presidential Records, National Security Council, Timothy E. Deal Files, Chronological Files, OA/ID CF00959–003, Chron File: January 1992 [3].","Source: George H.W. Bush Library, Bush Presidential Records, National Security Council, Timothy E. Deal Files, Chronological Files, OA/ID CF00959–003, Chron File: January 1992 [3].","https://catalog.archives.gov/id/452050495","https://catalog.archives.gov/medialz/presidential-libraries/bush/gb-nsc/deal/chron_2554807/41-bpr-nsc-deal-chron-cf00959-003.pdf"
"452050496","1992-01-01","1992-01-31","January 1992 [4]","Catalog folder coverage dates and title; the first-of-month value is a sorting key only","Chron File: January 1992 [4]","CF00959-004","Trade Policy and Market Access","Consider","Selective review","Trade and market access; Timothy E. Deal chronological files","Begin with “ECONOMIC DEVELOPMENTS AND PROSPECTS”; “1992 Economic Report of the President Chapter 2 -- Economic Developments and Prospects”; “U.S. Stake in the World Economy Attached at Tab II is a more extensive set of tables and charts”; “U.S. Stake in the World Economy: A Fact Sheet Attached, as requested, is a general fact sheet on the U.S. stake”.","159 served-PDF pages; 4 economic-policy subject-line leads; 1 individual withdrawal/redaction sheets describe 1 pages; 0 descriptions match Volume XXX topics, and none says that a released copy follows.","verified","Deal, Timothy E., Files","Chronological Files","CF00959-004","true","159","73222438","73222440","HTTP Content-Length","Restricted - Possibly","202695","0","2","0","0","2","797","185","100","425","37","23","18","9","4","0","[""ECONOMIC DEVELOPMENTS AND PROSPECTS"",""1992 Economic Report of the President Chapter 2 -- Economic Developments and Prospects"",""U.S. Stake in the World Economy Attached at Tab II is a more extensive set of tables and charts"",""U.S. Stake in the World Economy: A Fact Sheet Attached, as requested, is a general fact sheet on the U.S. stake""]","2","1","1","1","0","1","[{""itemNumber"":""01"",""type"":""Memo"",""title"":""From Timothy Deal to Brent Scowcroft Re: Taiwanese Purchase of McDonnell Douglas: Proposed Replies to Sentaors Bingaman, Baucus, et al."",""date"":""1/21/92"",""restriction"":""(b)(1)"",""classification"":""Confidential"",""pages"":1,""sheetDisposition"":""No released copy indicated on the sheet""}]","George H.W. Bush Library, Bush Presidential Records, National Security Council, Timothy E. Deal Files, Chronological Files, OA/ID CF00959–004, Chron File: January 1992 [4].","Source: George H.W. Bush Library, Bush Presidential Records, National Security Council, Timothy E. Deal Files, Chronological Files, OA/ID CF00959–004, Chron File: January 1992 [4].","https://catalog.archives.gov/id/452050496","https://catalog.archives.gov/medialz/presidential-libraries/bush/gb-nsc/deal/chron_2554807/41-bpr-nsc-deal-chron-cf00959-004.pdf"
"452050497","1992-01-01","1992-01-31","January 1992 [5]","Catalog folder coverage dates and title; the first-of-month value is a sorting key only","Chron File: January 1992 [5]","CF00959-005","Trade Policy and Market Access","Consider","Selective review","Trade and market access; Timothy E. Deal chronological files","Begin with “1992 Economic Report of the President Chapter 5 -- Competitive Forces and Regulation”; “U.S. Stake in the World Economy: A Fact Sheet Attached, as requested, is a general fact sheet on the U.S. stake”; “1992 Economic Report of the President, Chapter 3 -- the American Labor”; “1992 Economic Report of the President Chapter 3 -- The American Labor Market”.","151 served-PDF pages; 4 economic-policy subject-line leads; no individual withdrawal/redaction sheets were identified.","verified","Deal, Timothy E., Files","Chronological Files","CF00959-005","true","151","73420578","73420576","HTTP Content-Length","Restricted - Possibly","227909","0","2","0","0","0","223","111","11","51","1","32","14","3","4","0","[""1992 Economic Report of the President Chapter 5 -- Competitive Forces and Regulation"",""U.S. Stake in the World Economy: A Fact Sheet Attached, as requested, is a general fact sheet on the U.S. stake"",""1992 Economic Report of the President, Chapter 3 -- the American Labor"",""1992 Economic Report of the President Chapter 3 -- The American Labor Market""]","0","0","0","0","0","0","[]","George H.W. Bush Library, Bush Presidential Records, National Security Council, Timothy E. Deal Files, Chronological Files, OA/ID CF00959–005, Chron File: January 1992 [5].","Source: George H.W. Bush Library, Bush Presidential Records, National Security Council, Timothy E. Deal Files, Chronological Files, OA/ID CF00959–005, Chron File: January 1992 [5].","https://catalog.archives.gov/id/452050497","https://catalog.archives.gov/medialz/presidential-libraries/bush/gb-nsc/deal/chron_2554807/41-bpr-nsc-deal-chron-cf00959-005.pdf"
"452050498","1992-01-01","1992-01-31","January 1992 [6]","Catalog folder coverage dates and title; the first-of-month value is a sorting key only","Chron File: January 1992 [6]","CF00959-006","Monetary Policy, Debt, and International Institutions","Consider","Selective review","Debt, finance, and international institutions; Economic summits and G-7 coordination; Timothy E. Deal chronological files","Begin with “Trinidad Terms: Debt Relief for the Poorest Countries”; “Debt Relief for the Poorest Countries Purpose”; “PRES LTR TO CHANCELLOR KOHL OF GERMANY RE DEBT RELIEF FOR POOREST COUNTRIES”; “Munich Economic Summit At the first Sherpa meeting this past weekend, our German hosts”.","19 served-PDF pages; 4 economic-policy subject-line leads; 5 individual withdrawal/redaction sheets describe 8 pages; 0 descriptions match Volume XXX topics, and none says that a released copy follows.","verified","Deal, Timothy E., Files","Chronological Files","CF00959-006","true","19","7439643","7439643","Catalog objectFileSize; HTTP Content-Length unavailable","Restricted - Possibly","24037","2","2","0","0","6","54","7","36","7","2","0","0","2","4","0","[""Trinidad Terms: Debt Relief for the Poorest Countries"",""Debt Relief for the Poorest Countries Purpose"",""PRES LTR TO CHANCELLOR KOHL OF GERMANY RE DEBT RELIEF FOR POOREST COUNTRIES"",""Munich Economic Summit At the first Sherpa meeting this past weekend, our German hosts""]","6","1","5","8","0","5","[{""itemNumber"":""01"",""type"":""Message"",""title"":""From Prime Minister Major to POTUS"",""date"":""12/8/91"",""restriction"":""(b)(1)"",""classification"":""Not stated"",""pages"":1,""sheetDisposition"":""No released copy indicated on the sheet"",""crossCollectionMatch"":""Possible title match to Deal Summit CF00960–010 and CF00960–011; generic letter description requires source-image comparison.""},{""itemNumber"":""02"",""type"":""Translation"",""title"":""From Prime Minister Andreotti to POTUS"",""date"":""12/6/91"",""restriction"":""(b)(1)"",""classification"":""Not stated"",""pages"":1,""sheetDisposition"":""No released copy indicated on the sheet"",""possibleDuplicateMatch"":""Possible duplicate or parallel copy: CF00959–006 item 03.""},{""itemNumber"":""03"",""type"":""Message"",""title"":""From Prime Minister Andreotti to POTUS"",""date"":""12/6/91"",""restriction"":""(b)(1)"",""classification"":""Not stated"",""pages"":1,""sheetDisposition"":""No released copy indicated on the sheet"",""possibleDuplicateMatch"":""Possible duplicate or parallel copy: CF00959–006 item 02.""},{""itemNumber"":""04"",""type"":""Translation"",""title"":""From Chancellor Kohl to POTUS"",""date"":""12/2/91"",""restriction"":""(b)(1)"",""classification"":""Not stated"",""pages"":2,""sheetDisposition"":""No released copy indicated on the sheet"",""possibleDuplicateMatch"":""Possible duplicate or parallel copy: CF00959–006 item 05.""},{""itemNumber"":""05"",""type"":""Message"",""title"":""From Chancellor Kohl to POTUS"",""date"":""12/2/91"",""restriction"":""(b)(1)"",""classification"":""Not stated"",""pages"":3,""sheetDisposition"":""No released copy indicated on the sheet"",""possibleDuplicateMatch"":""Possible duplicate or parallel copy: CF00959–006 item 04.""}]","George H.W. Bush Library, Bush Presidential Records, National Security Council, Timothy E. Deal Files, Chronological Files, OA/ID CF00959–006, Chron File: January 1992 [6].","Source: George H.W. Bush Library, Bush Presidential Records, National Security Council, Timothy E. Deal Files, Chronological Files, OA/ID CF00959–006, Chron File: January 1992 [6].","https://catalog.archives.gov/id/452050498","https://catalog.archives.gov/medialz/presidential-libraries/bush/gb-nsc/deal/chron_2554807/41-bpr-nsc-deal-chron-cf00959-006.pdf"
"452050499","1992-01-01","1992-01-31","January 1992 [7]","Catalog folder coverage dates and title; the first-of-month value is a sorting key only","Chron File: January 1992 [7]","CF00959-007","Economic Summits and Industrialized-Country Cooperation","Consider","Selective review","Economic summits and G-7 coordination; Trade and market access; Strategic trade and technology; Timothy E. Deal chronological files","Begin with “Meeting on Export Licenses (U) This memorandum is to confirm that we will be meeting at 10:00 AM”; “ECONOMIC STATISTICS: MEASURING ECONOMIC PERFORMANCE”; “1992 Economic Report of the President Chapter 7 -- Economic Statistics: Measuring Economic”; “From Timothy Deal to Brent Scowcroft Re: Munich Economic Summit: First Preparatory Meeting”.","137 served-PDF pages; 3 economic-policy subject-line leads; 2 individual withdrawal/redaction sheets describe 7 pages; 2 descriptions match Volume XXX topics, and none says that a released copy follows.","verified","Deal, Timothy E., Files","Chronological Files","CF00959-007","true","137","59966513","59966512","HTTP Content-Length","Restricted - Possibly","171733","0","2","0","0","3","474","228","59","144","8","19","12","4","3","2","[""Meeting on Export Licenses (U) This memorandum is to confirm that we will be meeting at 10:00 AM"",""ECONOMIC STATISTICS: MEASURING ECONOMIC PERFORMANCE"",""1992 Economic Report of the President Chapter 7 -- Economic Statistics: Measuring Economic""]","3","1","2","7","0","2","[{""itemNumber"":""01"",""type"":""Memo"",""title"":""From Timothy Deal to Brent Scowcroft Re: Munich Economic Summit: First Preparatory Meeting"",""date"":""1/14/92"",""restriction"":""(b)(1)"",""classification"":""Confidential"",""pages"":5,""sheetDisposition"":""No released copy indicated on the sheet""},{""itemNumber"":""02"",""type"":""Memo"",""title"":""From Brent Scowcroft to POTUS Re: Munich Economic Summit: First Preparatory Meeting"",""date"":""1/21/92"",""restriction"":""(b)(1)"",""classification"":""Confidential"",""pages"":2,""sheetDisposition"":""No released copy indicated on the sheet""}]","George H.W. Bush Library, Bush Presidential Records, National Security Council, Timothy E. Deal Files, Chronological Files, OA/ID CF00959–007, Chron File: January 1992 [7].","Source: George H.W. Bush Library, Bush Presidential Records, National Security Council, Timothy E. Deal Files, Chronological Files, OA/ID CF00959–007, Chron File: January 1992 [7].","https://catalog.archives.gov/id/452050499","https://catalog.archives.gov/medialz/presidential-libraries/bush/gb-nsc/deal/chron_2554807/41-bpr-nsc-deal-chron-cf00959-007.pdf"
"452050500","1992-02-01","1992-02-29","February 1992 [1]","Catalog folder coverage dates and title; the first-of-month value is a sorting key only","Chron File: February 1992 [1]","CF00959-008","Monetary Policy, Debt, and International Institutions","Consider","Selective review","Debt, finance, and international institutions; Timothy E. Deal chronological files","Begin with “Treasury Proposed Position Paper re H.R. 4059, Enterprise for Americas”; “Treasury Proposed Position Paper re: H.R. 4059, Enterprise for the Americas Initiative Act of 1991”; “, the NSC staff concurs with the Treasury proposed position paper regarding H.R. 4059. 02/24/92”; “Treasury PROPOSED POSITION PAPER RE: HR 4059, Enterprise for the Americas Initiative Act of”.","98 served-PDF pages; 5 economic-policy subject-line leads; no individual withdrawal/redaction sheets were identified.","verified","Deal, Timothy E., Files","Chronological Files","CF00959-008","true","98","46444971","46444972","HTTP Content-Length","Restricted - Possibly","126006","0","4","0","0","0","271","63","41","96","14","11","29","17","5","0","[""Treasury Proposed Position Paper re H.R. 4059, Enterprise for Americas"",""Treasury Proposed Position Paper re: H.R. 4059, Enterprise for the Americas Initiative Act of 1991"","", the NSC staff concurs with the Treasury proposed position paper regarding H.R. 4059. 02/24/92"",""Treasury PROPOSED POSITION PAPER RE: HR 4059, Enterprise for the Americas Initiative Act of"",""ROLL CALL OP-ED ON SHORT-TERM ECONOMIC PACKAGE""]","0","0","0","0","0","0","[]","George H.W. Bush Library, Bush Presidential Records, National Security Council, Timothy E. Deal Files, Chronological Files, OA/ID CF00959–008, Chron File: February 1992 [1].","Source: George H.W. Bush Library, Bush Presidential Records, National Security Council, Timothy E. Deal Files, Chronological Files, OA/ID CF00959–008, Chron File: February 1992 [1].","https://catalog.archives.gov/id/452050500","https://catalog.archives.gov/medialz/presidential-libraries/bush/gb-nsc/deal/chron_2554807/41-bpr-nsc-deal-chron-cf00959-008.pdf"
"452050501","1992-02-01","1992-02-29","February 1992 [2]","Catalog folder coverage dates and title; the first-of-month value is a sorting key only","Chron File: February 1992 [2]","CF00959-009","Trade Policy and Market Access","Core","Volume XXX review","Trade and market access; Transition economies and economic reform; Economic summits and G-7 coordination; Timothy E. Deal chronological files","Begin with “EX-IM Draft Bill to Amend the Export-Import Bank Act of 1945 (LRM #D-695)”; “EX-IM Draft Bill To amend the Export-Import Bank Act of 1945”; “EX-IM - Draft Bill To amend the Export-Import Bank Act of 1945”; “Fact Sheet for Multilateral Investment Fund Signing Ceremony”.","143 served-PDF pages; 13 economic-policy subject-line leads; 9 individual withdrawal/redaction sheets describe 26 pages; 2 descriptions match Volume XXX topics, and none says that a released copy follows.","verified","Deal, Timothy E., Files","Chronological Files","CF00959-009","true","143","72212216","72212216","HTTP Content-Length","Restricted - Possibly","225546","6","11","2","3","10","659","115","145","267","38","42","36","16","13","2","[""EX-IM Draft Bill to Amend the Export-Import Bank Act of 1945 (LRM #D-695)"",""EX-IM Draft Bill To amend the Export-Import Bank Act of 1945"",""EX-IM - Draft Bill To amend the Export-Import Bank Act of 1945"",""Fact Sheet for Multilateral Investment Fund Signing Ceremony"",""DRAFT FACT SHEETS ON ECONOMY,"",""Commerce Technical Comments re: H.R. 3489, Omnibus Export Amendments"",""COMMERCE TECHNICAL COMMENTS RE: HR 3489, Omnibus Export Amendments"",""Technical Language for Export Administration"",""Surplus Commodities for Donation to Russia and Other Republics of the Former USSR"",""SURPLUS COMMODITIES FOR DONATION TO RUSSIA & OTHER REPUBLICS OF FORMER USSR"",""Enterprise for the Americas Initiative (EAI) and IMF Quota Increase"",""Budget Authority for the President's Enterprise for the Americas Initiative (EAI) and the IMF"",""Munich Economic Summit about Munich and the \""Residence\"" site of the 1992 Economic Summit.""]","10","1","9","26","0","9","[{""itemNumber"":""01"",""type"":""Note"",""title"":""From Bill Working to Nick Rostow, et al."",""date"":""2/13/92"",""restriction"":""(b)(1)"",""classification"":""Secret"",""pages"":1,""sheetDisposition"":""No released copy indicated on the sheet""},{""itemNumber"":""02"",""type"":""Draft"",""title"":""Re: Intelligence Priorities"",""date"":""n.d."",""restriction"":""(b)(1)"",""classification"":""Secret"",""pages"":2,""sheetDisposition"":""No released copy indicated on the sheet""},{""itemNumber"":""03"",""type"":""Chart"",""title"":""Re: National Security Review 29 Requirements"",""date"":""n.d."",""restriction"":""(b)(1)"",""classification"":""Secret"",""pages"":5,""sheetDisposition"":""No released copy indicated on the sheet""},{""itemNumber"":""04"",""type"":""Memorandum"",""title"":""Robert Peterson for Legislative Liaison Officer Re: Legislative Referral Memorandum"",""date"":""2/10/92"",""restriction"":""(b)(3)"",""classification"":""Not stated"",""pages"":1,""sheetDisposition"":""No released copy indicated on the sheet""},{""itemNumber"":""05"",""type"":""Paper"",""title"":""Re: Draft Minutes of February 6 NSC Working Group Meeting on Machine Tools"",""date"":""n.d."",""restriction"":""(b)(1)"",""classification"":""Confidential"",""pages"":1,""sheetDisposition"":""No released copy indicated on the sheet""},{""itemNumber"":""06"",""type"":""Memcon"",""title"":""Re: Meeting of the Export Enhancement Program"",""date"":""2/10/92"",""restriction"":""(b)(1)"",""classification"":""Confidential"",""pages"":7,""sheetDisposition"":""No released copy indicated on the sheet""},{""itemNumber"":""07"",""type"":""Minutes"",""title"":""Re: Meeting of the NSC Deputies Committee [on Iran]"",""date"":""1/31/92"",""restriction"":""(b)(1)"",""classification"":""Secret"",""pages"":7,""sheetDisposition"":""No released copy indicated on the sheet""},{""itemNumber"":""08"",""type"":""Memorandum"",""title"":""Robert Peterson for Legislative Liaison Officer Re: Legislative Referral Memorandum"",""date"":""2/4/92"",""restriction"":""(b)(3)"",""classification"":""Not stated"",""pages"":1,""sheetDisposition"":""No released copy indicated on the sheet""},{""itemNumber"":""09"",""type"":""Memorandum"",""title"":""James LeMunyon for Distribution Re: Technical Language for Export Administration Act Reauthorization"",""date"":""2/5/92"",""restriction"":""(b)(3)"",""classification"":""Not stated"",""pages"":1,""sheetDisposition"":""No released copy indicated on the sheet""}]","George H.W. Bush Library, Bush Presidential Records, National Security Council, Timothy E. Deal Files, Chronological Files, OA/ID CF00959–009, Chron File: February 1992 [2].","Source: George H.W. Bush Library, Bush Presidential Records, National Security Council, Timothy E. Deal Files, Chronological Files, OA/ID CF00959–009, Chron File: February 1992 [2].","https://catalog.archives.gov/id/452050501","https://catalog.archives.gov/medialz/presidential-libraries/bush/gb-nsc/deal/chron_2554807/41-bpr-nsc-deal-chron-cf00959-009.pdf"
"452050502","1992-03-01","1992-03-31","March 1992 [1]","Catalog folder coverage dates and title; the first-of-month value is a sorting key only","Chron File: March 1992 [1]","CF00959-010","Monetary Policy, Debt, and International Institutions","Core","Volume XXX review","Debt, finance, and international institutions; Trade and market access; Strategic trade and technology; Timothy E. Deal chronological files","Begin with “RE: Brady-EAI I talked with Brady prior to the meeting (I was the best he could find, BS was”; “International Priorities and FY '92 Budget Action Following our meeting with the President on EAI and IMF”; “matter is dightly different, bruth letters dealt with us economic perspects and The General”; “IMF Quotas This is in response to your question about IMF quotas.”.","109 served-PDF pages; 12 economic-policy subject-line leads; 12 individual withdrawal/redaction sheets describe 43 pages; 3 descriptions match Volume XXX topics, and none says that a released copy follows.","verified","Deal, Timothy E., Files","Chronological Files","CF00959-010","true","109","44587372","44587372","HTTP Content-Length","Restricted - Possibly","122383","3","5","0","0","14","323","21","127","109","11","2","9","44","12","3","[""RE: Brady-EAI I talked with Brady prior to the meeting (I was the best he could find, BS was"",""International Priorities and FY '92 Budget Action Following our meeting with the President on EAI and IMF"",""matter is dightly different, bruth letters dealt with us economic perspects and The General"",""IMF Quotas This is in response to your question about IMF quotas."",""Treasury Revised Proposed Position Paper re: H.R. 4059, Enterprise for the Americas"",""Treasury Revised Proposed Position Paper re: H.R. 4059, Enterprise for the Americas Initiative"",""Treasury REV. PROPOSED POSITION PAPER RE: HR 4059, Enterprise for the Americas Initiative"",""1862 -Treasury Position on HR 4059, EAI Act We concur in the proposed position paper."",""OMB Request for Views on \""Fair Trade in Financial Services Act of 1992\"""",""OMB Request for Views on \""Fair Trade in Financial Services Act of 1992\"" (LRM #M-868)"",""OMB Request for views on \""Fair Trade in Financial Services Act of 1992\""."",""OMB Request for Views on \""Fair Trade in Financial Services Act of 1992\"".""]","14","2","12","43","0","12","[{""itemNumber"":""01"",""type"":""Summary"",""title"":""Re: PCC-Technology Transfer"",""date"":""3/25/92"",""restriction"":""(b)(1)"",""classification"":""Confidential"",""pages"":2,""sheetDisposition"":""No released copy indicated on the sheet""},{""itemNumber"":""02"",""type"":""Paper"",""title"":""Re: Machine Tool Voluntary Restraint Arrangements"",""date"":""n.d."",""restriction"":""(b)(1)"",""classification"":""Confidential"",""pages"":3,""sheetDisposition"":""No released copy indicated on the sheet""},{""itemNumber"":""03"",""type"":""Memorandum"",""title"":""William Sittmann for Distribution Re: Machine Tool Voluntary Restraint Arrangements"",""date"":""n.d."",""restriction"":""(b)(3)"",""classification"":""Not stated"",""pages"":1,""sheetDisposition"":""No released copy indicated on the sheet""},{""itemNumber"":""04"",""type"":""Memo"",""title"":""From Eric Melby to Brent Scowcroft Re: Mulroney Letter on GATT Article XI"",""date"":""3/26/92"",""restriction"":""(b)(1)"",""classification"":""Confidential"",""pages"":1,""sheetDisposition"":""No released copy indicated on the sheet""},{""itemNumber"":""05"",""type"":""Memo"",""title"":""From Brent Scowcroft to POTUS Re: Mulroney Letter on GATT Article XI"",""date"":""n.d."",""restriction"":""(b)(1)"",""classification"":""Confidential"",""pages"":2,""sheetDisposition"":""No released copy indicated on the sheet""},{""itemNumber"":""06"",""type"":""Letter"",""title"":""From Prime Minister Mulroney to POTUS"",""date"":""2/21/92"",""restriction"":""(b)(1)"",""classification"":""Not stated"",""pages"":2,""sheetDisposition"":""No released copy indicated on the sheet""},{""itemNumber"":""07"",""type"":""Memo"",""title"":""From Timothy Deal to Chief, Information Service Staff"",""date"":""3/24/92"",""restriction"":""(b)(1)"",""classification"":""Confidential"",""pages"":1,""sheetDisposition"":""No released copy indicated on the sheet""},{""itemNumber"":""08"",""type"":""Message"",""title"":""From Pierre De Boissieu to Timothy Deal"",""date"":""n.d."",""restriction"":""(b)(1)"",""classification"":""Not stated"",""pages"":1,""sheetDisposition"":""No released copy indicated on the sheet""},{""itemNumber"":""09"",""type"":""Paper"",""title"":""Re: Export Control Regulatory Reform"",""date"":""3/16/92"",""restriction"":""(b)(1)"",""classification"":""Secret"",""pages"":19,""sheetDisposition"":""No released copy indicated on the sheet""},{""itemNumber"":""10"",""type"":""Memo"",""title"":""From Timothy Deal for the Files Re: Ambassador Burney's Meeting with General Scowcroft"",""date"":""3/14/92"",""restriction"":""(b)(1)"",""classification"":""Confidential"",""pages"":2,""sheetDisposition"":""No released copy indicated on the sheet""},{""itemNumber"":""11"",""type"":""Paper"",""title"":""Re: [Paper Ambassador Presented to Carla Hills]"",""date"":""n.d."",""restriction"":""(b)(1)"",""classification"":""Not stated"",""pages"":2,""sheetDisposition"":""No released copy indicated on the sheet""},{""itemNumber"":""12"",""type"":""Paper"",""title"":""Re: Article XI as a Safeguard"",""date"":""3/12/92"",""restriction"":""(b)(1)"",""classification"":""Secret"",""pages"":7,""sheetDisposition"":""No released copy indicated on the sheet""}]","George H.W. Bush Library, Bush Presidential Records, National Security Council, Timothy E. Deal Files, Chronological Files, OA/ID CF00959–010, Chron File: March 1992 [1].","Source: George H.W. Bush Library, Bush Presidential Records, National Security Council, Timothy E. Deal Files, Chronological Files, OA/ID CF00959–010, Chron File: March 1992 [1].","https://catalog.archives.gov/id/452050502","https://catalog.archives.gov/medialz/presidential-libraries/bush/gb-nsc/deal/chron_2554807/41-bpr-nsc-deal-chron-cf00959-010.pdf"
"452050503","1992-03-01","1992-03-31","March 1992 [2]","Catalog folder coverage dates and title; the first-of-month value is a sorting key only","Chron File: March 1992 [2]","CF00959-011","Trade Policy and Market Access","Core","Volume XXX review","Trade and market access; Strategic trade and technology; Economic summits and G-7 coordination; Timothy E. Deal chronological files","Begin with “Export Control Regulatory Reform (U) Attached are four papers on the export control topics suggested”; “Export Control Regulatory Reform (U) Your office has already been notified of the change in time of”; “Export Control Regulatory Reform REF: NSC Memo of March 3, 1992 (Same Subject)”; “Working Group on Export Control Regulatory Reform Attached pursuant to your request is suggested language for”.","124 served-PDF pages; 13 economic-policy subject-line leads; 9 individual withdrawal/redaction sheets describe 26 pages; 6 descriptions match Volume XXX topics, and none says that a released copy follows.","verified","Deal, Timothy E., Files","Chronological Files","CF00959-011","true","124","61236847","61236848","HTTP Content-Length","Restricted - Possibly","180250","2","2","0","0","10","542","89","91","268","16","24","40","14","13","6","[""Export Control Regulatory Reform (U) Attached are four papers on the export control topics suggested"",""Export Control Regulatory Reform (U) Your office has already been notified of the change in time of"",""Export Control Regulatory Reform REF: NSC Memo of March 3, 1992 (Same Subject)"",""Working Group on Export Control Regulatory Reform Attached pursuant to your request is suggested language for"",""Sherpa Follow-up on Export Controls (U) After our discussions in Germany on the harmonization of export"",""Uruguay Round Feiter called again, supposedly at Kohl's behest, to pass on the"",""Munich Economic Summit: Second Sherpa Meeting"",""Export Control Regulatory Reform (U) Attached at Tab I are draft analyses of the problems and proposed"",""Working Group on Export Control Regulatory Reform Pursuant to the tasking from your February 24 meeting, attached are a paper on the single mailbox concept and"",""Treasury Proposed Testimony on Enterprise for the Americas and Developments in Eastern"",""Treasury Proposed Testimony on Enterprise for the Americas and Developments in Eastem Europe"",""TREASURY Proposed Testimony on Enterprise for the Americas and developments in Eastern"",""Your action 1604 Nick Rostow concurs on your action 1604 -- Treasury proposed testimony on""]","10","1","9","26","0","9","[{""itemNumber"":""01"",""type"":""Paper"",""title"":""Re: Unilateral Export Controls"",""date"":""3/10/92"",""restriction"":""(b)(1)"",""classification"":""Confidential"",""pages"":4,""sheetDisposition"":""No released copy indicated on the sheet""},{""itemNumber"":""02"",""type"":""Draft"",""title"":""Re: Harmonization of Nonproliferation and Export Control Regimes"",""date"":""3/10/92"",""restriction"":""(b)(1)"",""classification"":""Secret"",""pages"":6,""sheetDisposition"":""No released copy indicated on the sheet""},{""itemNumber"":""03"",""type"":""Draft"",""title"":""Re: [Export Controls]"",""date"":""n.d."",""restriction"":""(b)(1)"",""classification"":""Confidential"",""pages"":6,""sheetDisposition"":""No released copy indicated on the sheet""},{""itemNumber"":""04"",""type"":""Letter"",""title"":""From Prime Minister Mulroney to POTUS"",""date"":""3/5/92"",""restriction"":""(b)(1)"",""classification"":""Not stated"",""pages"":1,""sheetDisposition"":""No released copy indicated on the sheet""},{""itemNumber"":""05"",""type"":""Memo"",""title"":""From Brent Scowcroft to POTUS Re: Munich Economic Summit: First Sherpa Meeting"",""date"":""n.d."",""restriction"":""(b)(1)"",""classification"":""Confidential"",""pages"":3,""sheetDisposition"":""No released copy indicated on the sheet""},{""itemNumber"":""06"",""type"":""Paper"",""title"":""Re: Unilateral Export Controls"",""date"":""n.d."",""restriction"":""(b)(1)"",""classification"":""Confidential"",""pages"":2,""sheetDisposition"":""No released copy indicated on the sheet""},{""itemNumber"":""07"",""type"":""Paper"",""title"":""Re: Single Mail Box"",""date"":""n.d."",""restriction"":""(b)(1)"",""classification"":""Not stated"",""pages"":2,""sheetDisposition"":""No released copy indicated on the sheet""},{""itemNumber"":""08"",""type"":""Draft"",""title"":""Re: Unilateral Export Controls"",""date"":""2/27/92"",""restriction"":""(b)(1)"",""classification"":""Not stated"",""pages"":1,""sheetDisposition"":""No released copy indicated on the sheet""},{""itemNumber"":""09"",""type"":""Schedule"",""title"":""Re: NSD 53 Timeline"",""date"":""n.d."",""restriction"":""(b)(1)"",""classification"":""Confidential"",""pages"":1,""sheetDisposition"":""No released copy indicated on the sheet""}]","George H.W. Bush Library, Bush Presidential Records, National Security Council, Timothy E. Deal Files, Chronological Files, OA/ID CF00959–011, Chron File: March 1992 [2].","Source: George H.W. Bush Library, Bush Presidential Records, National Security Council, Timothy E. Deal Files, Chronological Files, OA/ID CF00959–011, Chron File: March 1992 [2].","https://catalog.archives.gov/id/452050503","https://catalog.archives.gov/medialz/presidential-libraries/bush/gb-nsc/deal/chron_2554807/41-bpr-nsc-deal-chron-cf00959-011.pdf"
"452050504","1992-04-01","1992-04-30","April 1992 [1]","Catalog folder coverage dates and title; the first-of-month value is a sorting key only","Chron File: April 1992 [1]","CF00959-012","Trade Policy and Market Access","Core","Volume XXX review","Trade and market access; Debt, finance, and international institutions; Timothy E. Deal chronological files","Begin with “EX-IM Proposed Testimony on Export-Import Bank Reauthorization and Activities”; “EX-IM Proposed Testimony on Export-Import Bank Reauthorization and Activities (LRM #M-1011)”; “Oilseeds Determination: Recent Developments Ambassador Dobbins in Brussels and my deputy in Geneva, Rufus”; “OILSEEDS -- EC COMMISSION HOPES TO OFFER ART. 28 NEGOTIATIONS AT JUNE GATT COUNCIL REFTEL: STATE 135109, DOBBINS-EDSON TELECON”.","99 served-PDF pages; 9 economic-policy subject-line leads; 1 individual withdrawal/redaction sheets describe 1 pages; 0 descriptions match Volume XXX topics, and none says that a released copy follows.","verified","Deal, Timothy E., Files","Chronological Files","CF00959-012","true","99","52462101","52462100","HTTP Content-Length","Restricted - Possibly","186733","0","2","0","0","2","457","60","71","166","74","26","45","15","9","0","[""EX-IM Proposed Testimony on Export-Import Bank Reauthorization and Activities"",""EX-IM Proposed Testimony on Export-Import Bank Reauthorization and Activities (LRM #M-1011)"",""Oilseeds Determination: Recent Developments Ambassador Dobbins in Brussels and my deputy in Geneva, Rufus"",""OILSEEDS -- EC COMMISSION HOPES TO OFFER ART. 28 NEGOTIATIONS AT JUNE GATT COUNCIL REFTEL: STATE 135109, DOBBINS-EDSON TELECON"",""Iraq. STEVE Attached are possible materials for clients with any aspect of the U.S. export"",""Letter to Treasury Deputy Secre-"",""Proposed Report on Credit Reform Costs for International Programs"",""Proposed Report on Credit Reform Costs for International Programs (LRM #M-1006)"",""Presidential Statement The Committee on Economic Development (CED) is a reputable""]","2","1","1","1","0","1","[{""itemNumber"":""01"",""type"":""Meorandum"",""title"":""Ronald Peterson for Legislative Liaison Officer Re: Legislative Referral Memorandum"",""date"":""4/27/92"",""restriction"":""(b)(3)"",""classification"":""Not stated"",""pages"":1,""sheetDisposition"":""No released copy indicated on the sheet""}]","George H.W. Bush Library, Bush Presidential Records, National Security Council, Timothy E. Deal Files, Chronological Files, OA/ID CF00959–012, Chron File: April 1992 [1].","Source: George H.W. Bush Library, Bush Presidential Records, National Security Council, Timothy E. Deal Files, Chronological Files, OA/ID CF00959–012, Chron File: April 1992 [1].","https://catalog.archives.gov/id/452050504","https://catalog.archives.gov/medialz/presidential-libraries/bush/gb-nsc/deal/chron_2554807/41-bpr-nsc-deal-chron-cf00959-012.pdf"
"452050505","1992-04-01","1992-04-30","April 1992 [2]","Catalog folder coverage dates and title; the first-of-month value is a sorting key only","Chron File: April 1992 [2]","CF00959-013","Trade Policy and Market Access","Core","Volume XXX review","Trade and market access; Strategic trade and technology; Timothy E. Deal chronological files","Begin with “Mozambique Oil Spill This is in response to your questions about the oil spill off”; “Export Control Regulatory Reform As discussed, attached at Tab I is a memorandum from Bill”; “Export Control Regulatory Reform (U) Attached for comment by DC Principals is a proposed excerpt on”; “EXPORT CONTROL REGULATORY REFORM”.","144 served-PDF pages; 10 economic-policy subject-line leads; 7 individual withdrawal/redaction sheets describe 14 pages; 2 descriptions match Volume XXX topics, and none says that a released copy follows.","verified","Deal, Timothy E., Files","Chronological Files","CF00959-013","true","144","64286722","64286720","HTTP Content-Length","Restricted - Possibly","201648","0","1","0","0","8","594","243","58","242","3","37","9","2","10","2","[""Mozambique Oil Spill This is in response to your questions about the oil spill off"",""Export Control Regulatory Reform As discussed, attached at Tab I is a memorandum from Bill"",""Export Control Regulatory Reform (U) Attached for comment by DC Principals is a proposed excerpt on"",""EXPORT CONTROL REGULATORY REFORM"",""EXPORT CONTROL REGULATORY REFORM DOCUMENT CLASSIFICATION: CONFIDENTIAL EXTERNAL DISTRIBUTION:"",""EXPORT CONTROL REGULATORY REFORM DOCUMENT CLASSIFICATION: CONFIDENTIAL- EXTERNAL DISTRIBUTION:"",""Export Control Regulatory Reform: DC Meeting on April 22"",""NSC Deputies Committee Meeting on Export Control Regulatory Reform (U)"",""Export Control Regulatory Reform (U) Attached are two analyses of the munitions and dual-use export"",""RESPONSE TO STADTLER LTR TO SCOWCROFT RE MEASUREMENT OF ECONOMIC POWER STUDY""]","8","1","7","14","0","7","[{""itemNumber"":""01"",""type"":""Resume"",""title"":""Resume"",""date"":""n.d."",""restriction"":""(b)(6)"",""classification"":""Not stated"",""pages"":2,""sheetDisposition"":""No released copy indicated on the sheet""},{""itemNumber"":""02"",""type"":""Form"",""title"":""Re: Foreign Service Personnel Audit Report"",""date"":""4/15/92"",""restriction"":""(b)(6)"",""classification"":""Not stated"",""pages"":6,""sheetDisposition"":""No released copy indicated on the sheet""},{""itemNumber"":""03"",""type"":""Memorandum"",""title"":""William Sittmann for Distribution Re: Export Control Regulatory Reform"",""date"":""4/23/92"",""restriction"":""(b)(3)"",""classification"":""Not stated"",""pages"":1,""sheetDisposition"":""No released copy indicated on the sheet""},{""itemNumber"":""04"",""type"":""Cover Sheet"",""title"":""Cover Sheet"",""date"":""n.d."",""restriction"":""(b)(3)"",""classification"":""Not stated"",""pages"":1,""sheetDisposition"":""No released copy indicated on the sheet""},{""itemNumber"":""05"",""type"":""Memorandum"",""title"":""William Sittmann for Distribution Re: NSC Deputies Committee Meeting"",""date"":""n.d."",""restriction"":""(b)(3)"",""classification"":""Not stated"",""pages"":1,""sheetDisposition"":""No released copy indicated on the sheet"",""possibleDuplicateMatch"":""Possible duplicate or parallel copy: CF00958–004 item 02, CF00958–010 item 08.""},{""itemNumber"":""06"",""type"":""Paper"",""title"":""Re: Export Control Regulatory Reform"",""date"":""n.d."",""restriction"":""(b)(1)"",""classification"":""Confidential"",""pages"":2,""sheetDisposition"":""No released copy indicated on the sheet""},{""itemNumber"":""07"",""type"":""Summary"",""title"":""Re: PCC-Technology Transfer"",""date"":""4/2/92"",""restriction"":""(b)(1)"",""classification"":""Confidential"",""pages"":1,""sheetDisposition"":""No released copy indicated on the sheet""}]","George H.W. Bush Library, Bush Presidential Records, National Security Council, Timothy E. Deal Files, Chronological Files, OA/ID CF00959–013, Chron File: April 1992 [2].","Source: George H.W. Bush Library, Bush Presidential Records, National Security Council, Timothy E. Deal Files, Chronological Files, OA/ID CF00959–013, Chron File: April 1992 [2].","https://catalog.archives.gov/id/452050505","https://catalog.archives.gov/medialz/presidential-libraries/bush/gb-nsc/deal/chron_2554807/41-bpr-nsc-deal-chron-cf00959-013.pdf"
"452050506","1992-04-01","1992-04-30","April 1992 [3]","Catalog folder coverage dates and title; the first-of-month value is a sorting key only","Chron File: April 1992 [3]","CF00959-014","Trade Policy and Market Access","Core","Volume XXX review","Trade and market access; Strategic trade and technology; Debt, finance, and international institutions; Timothy E. Deal chronological files","Begin with “Richard T. McCormack ltr.; Obstacles to developing oil and gas resources in former Soviet Union SS #: 9205615”; “REQUESTS THE PRESIDENT'S ENDORSEMENT OF HIS EFFORT TO EXAMINE SOME OF THE REGULATORY AND BUREAUCRATIC OBSTACLES TO DEVELOP OIL AND GAS”; “Brady Talking Points McAllister and Shane ask that the attached talking point be added to Brady's points to make in Paris on aviation. This”; “NSC Deputies Committee Meeting on Export Control Regulatory Reform at 11:00 a.m. on Thursday,”.","92 served-PDF pages; 5 economic-policy subject-line leads; 9 individual withdrawal/redaction sheets describe 25 pages; 3 descriptions match Volume XXX topics, and none says that a released copy follows.","verified","Deal, Timothy E., Files","Chronological Files","CF00959-014","true","92","40541700","40541700","HTTP Content-Length","Restricted - Possibly","121723","1","3","0","0","10","213","70","34","59","4","39","3","4","5","3","[""Richard T. McCormack ltr.; Obstacles to developing oil and gas resources in former Soviet Union SS #: 9205615"",""REQUESTS THE PRESIDENT'S ENDORSEMENT OF HIS EFFORT TO EXAMINE SOME OF THE REGULATORY AND BUREAUCRATIC OBSTACLES TO DEVELOP OIL AND GAS"",""Brady Talking Points McAllister and Shane ask that the attached talking point be added to Brady's points to make in Paris on aviation. This"",""NSC Deputies Committee Meeting on Export Control Regulatory Reform at 11:00 a.m. on Thursday,"",""LTR TO SCOWCROFT FM REP DREIER RE PRES ECONOMIC GROWTH PCKG / TRADE ISSUES & ILLEGAL IMMIGRATION""]","10","1","9","25","0","9","[{""itemNumber"":""01"",""type"":""Paper"",""title"":""Re: Civil Aviation Dispute with France"",""date"":""n.d."",""restriction"":""(b)(1)"",""classification"":""Confidential"",""pages"":2,""sheetDisposition"":""No released copy indicated on the sheet""},{""itemNumber"":""02"",""type"":""Memo"",""title"":""From Timothy Deal to Boyden Gray/Michael Boskin Re: Deputies Committee Meeting on Export Control Regulatory Reform"",""date"":""4/7/92"",""restriction"":""(b)(1)"",""classification"":""Confidential"",""pages"":1,""sheetDisposition"":""No released copy indicated on the sheet""},{""itemNumber"":""03"",""type"":""Memorandum"",""title"":""William Sittmann for Distribution Re: NSC Deputies Committee Meeting"",""date"":""4/6/92"",""restriction"":""(b)(3)"",""classification"":""Not stated"",""pages"":1,""sheetDisposition"":""No released copy indicated on the sheet""},{""itemNumber"":""04"",""type"":""Paper"",""title"":""Re: Issues for Decision"",""date"":""3/30/92"",""restriction"":""(b)(1)"",""classification"":""Secret"",""pages"":2,""sheetDisposition"":""No released copy indicated on the sheet""},{""itemNumber"":""05"",""type"":""Paper"",""title"":""Re: Export Control Regulatory Reform"",""date"":""4/6/92"",""restriction"":""(b)(1)"",""classification"":""Secret"",""pages"":11,""sheetDisposition"":""No released copy indicated on the sheet""},{""itemNumber"":""06"",""type"":""Message"",""title"":""From Prime Minister Beregovoy to Secretary Brady"",""date"":""4/5/92"",""restriction"":""(b)(1)"",""classification"":""Confidential"",""pages"":1,""sheetDisposition"":""No released copy indicated on the sheet""},{""itemNumber"":""07"",""type"":""Message"",""title"":""From Secretary General Vedrine to Brent Scowcroft"",""date"":""n.d."",""restriction"":""(b)(1)"",""classification"":""Secret"",""pages"":1,""sheetDisposition"":""No released copy indicated on the sheet""},{""itemNumber"":""08"",""type"":""Message"",""title"":""From Secretary General Vedrine to Brent Scowcroft [in French]"",""date"":""4/3/92"",""restriction"":""(b)(1)"",""classification"":""Top Secret"",""pages"":2,""sheetDisposition"":""No released copy indicated on the sheet""},{""itemNumber"":""09"",""type"":""Message"",""title"":""Re: CIVAIR: April 2 Update"",""date"":""4/2/92"",""restriction"":""(b)(1)"",""classification"":""Confidential"",""pages"":4,""sheetDisposition"":""No released copy indicated on the sheet""}]","George H.W. Bush Library, Bush Presidential Records, National Security Council, Timothy E. Deal Files, Chronological Files, OA/ID CF00959–014, Chron File: April 1992 [3].","Source: George H.W. Bush Library, Bush Presidential Records, National Security Council, Timothy E. Deal Files, Chronological Files, OA/ID CF00959–014, Chron File: April 1992 [3].","https://catalog.archives.gov/id/452050506","https://catalog.archives.gov/medialz/presidential-libraries/bush/gb-nsc/deal/chron_2554807/41-bpr-nsc-deal-chron-cf00959-014.pdf"
"452050507","1992-05-01","1992-05-31","May 1992","Catalog folder coverage dates and title; the first-of-month value is a sorting key only","Chron File: May 1992","CF00959-015","Strategic Trade, Technology, and Investment Controls","Core","Volume XXX review","Strategic trade and technology; Economic summits and G-7 coordination; Debt, finance, and international institutions; Timothy E. Deal chronological files","Begin with “Munich Economic Summit: Fourth Preparatory Meeting”; “Uruguay Round: Call from Feiter Feiter called this morning and asked that I pass on the following”; “Treasury Proposed Testimony on Tied Aid Credits”; “Treasury Proposed Testimony on Tied Aid Credits (LRM #M-1061)”.","106 served-PDF pages; 6 economic-policy subject-line leads; 10 individual withdrawal/redaction sheets describe 16 pages; 6 descriptions match Volume XXX topics, and none says that a released copy follows.","verified","Deal, Timothy E., Files","Chronological Files","CF00959-015","true","106","50409769","50409768","HTTP Content-Length","Restricted - Possibly","148504","5","6","0","1","12","440","63","77","178","90","7","8","17","6","6","[""Munich Economic Summit: Fourth Preparatory Meeting"",""Uruguay Round: Call from Feiter Feiter called this morning and asked that I pass on the following"",""Treasury Proposed Testimony on Tied Aid Credits"",""Treasury Proposed Testimony on Tied Aid Credits (LRM #M-1061)"",""TREASURY Proposed Testimony on Tied Aid Credits"",""Munich Economic Summit: Third Preparatory Meeting Attached for your signature at Tab I is a memorandum to the""]","12","2","10","16","0","10","[{""itemNumber"":""01"",""type"":""Summary"",""title"":""Re: PCC-Technology Transfer"",""date"":""5/19/92"",""restriction"":""(b)(1)"",""classification"":""Confidential"",""pages"":1,""sheetDisposition"":""No released copy indicated on the sheet""},{""itemNumber"":""02"",""type"":""Table"",""title"":""Re: Agency [Positions for the COCOM HLM]"",""date"":""n.d."",""restriction"":""(b)(1)"",""classification"":""Confidential"",""pages"":1,""sheetDisposition"":""No released copy indicated on the sheet""},{""itemNumber"":""03"",""type"":""Telegram"",""title"":""Re: Letter from Secretary Baker to Foreign Minister [of COCOM-Member countries]"",""date"":""5/12/92"",""restriction"":""(b)(1)"",""classification"":""Secret"",""pages"":3,""sheetDisposition"":""No released copy indicated on the sheet""},{""itemNumber"":""04"",""type"":""Memo"",""title"":""From Timothy Deal to Allan Wendt, et al. Re: Compromise Position for COCOM"",""date"":""5/20/92"",""restriction"":""(b)(1)"",""classification"":""Confidential"",""pages"":1,""sheetDisposition"":""No released copy indicated on the sheet""},{""itemNumber"":""05"",""type"":""Table"",""title"":""Re: Agency [Positions for the COCOM HLM]"",""date"":""n.d."",""restriction"":""(b)(1)"",""classification"":""Confidential"",""pages"":1,""sheetDisposition"":""No released copy indicated on the sheet""},{""itemNumber"":""06"",""type"":""Memo"",""title"":""From Timothy Deal to Brent Scowcroft Re: Lumber: Your Meeting with Lumber Industry Representatives"",""date"":""5/12/92"",""restriction"":""(b)(1)"",""classification"":""Confidential"",""pages"":2,""sheetDisposition"":""No released copy indicated on the sheet""},{""itemNumber"":""07"",""type"":""Memo"",""title"":""From Timothy Deal to Brent Scowcroft Re: Canadian Trade Issues: Follow-up to Amb. Burney's Meeting With You"",""date"":""5/8/92"",""restriction"":""(b)(1)"",""classification"":""Confidential"",""pages"":2,""sheetDisposition"":""No released copy indicated on the sheet""},{""itemNumber"":""08"",""type"":""Paper"",""title"":""Re: Principles of a Settlement"",""date"":""5/6/92"",""restriction"":""(b)(1)"",""classification"":""Not stated"",""pages"":1,""sheetDisposition"":""No released copy indicated on the sheet"",""possibleDuplicateMatch"":""Possible duplicate or parallel copy: CF00959–015 item 10.""},{""itemNumber"":""09"",""type"":""Memo"",""title"":""From Brent Scowcroft to POTUS Re: Munich Economic Summit: Third Preparatory Meeting"",""date"":""5/18/92"",""restriction"":""(b)(1)"",""classification"":""Confidential"",""pages"":3,""sheetDisposition"":""No released copy indicated on the sheet""},{""itemNumber"":""10"",""type"":""Paper"",""title"":""Re: Principles of a Settlement"",""date"":""5/6/92"",""restriction"":""(b)(1)"",""classification"":""Not stated"",""pages"":1,""sheetDisposition"":""No released copy indicated on the sheet"",""possibleDuplicateMatch"":""Possible duplicate or parallel copy: CF00959–015 item 08.""}]","George H.W. Bush Library, Bush Presidential Records, National Security Council, Timothy E. Deal Files, Chronological Files, OA/ID CF00959–015, Chron File: May 1992.","Source: George H.W. Bush Library, Bush Presidential Records, National Security Council, Timothy E. Deal Files, Chronological Files, OA/ID CF00959–015, Chron File: May 1992.","https://catalog.archives.gov/id/452050507","https://catalog.archives.gov/medialz/presidential-libraries/bush/gb-nsc/deal/chron_2554807/41-bpr-nsc-deal-chron-cf00959-015.pdf"
