"id","date","title","heading","dateline","type","chapter","selection","releaseStatus","pageCount","withheldPages","extentLabel","classification","naid","localId","sourceNoteStatus","archivalLocator","notes","catalogUrl","pdfUrl"
"lead-470760976","1989-02-14","NSC/DC 002—February 14, 1989—NSC/DC Meeting on Review of FSX for Japan, Keywords: Japan, Technology, Transfers","National Security Council Deputies Committee Meeting File: NSC/DC 002—February 14, 1989—NSC/DC Meeting on Review of FSX for Japan, Keywords: Japan, Technology, Transfers","February 14, 1989","NSC/Deputies Committee file","Strategic Trade, Technology, and Investment Controls","Boundary","Online file unit; item audit pending","58","","58 PDF pages; document-level release and withdrawal audit pending","Mixed; document-level audit required","470760976","90009–002","locator","George H.W. Bush Library, Bush Presidential Records, National Security Council, H-Files, NSC/DC Meetings Files, OA/ID 90009–002, NSC/DC 002—February 14, 1989—NSC/DC Meeting on Review of FSX for Japan, Keywords: Japan, Technology, Transfers.","Boundary review. The packet frames the FSX co-development decision as an international-trade, industrial-base, and technology-transfer question; adjudicate it against the Japan and security volumes. Promote individual documents only after the heading, dateline, terminal marking, and release or withdrawal status are checked in the source images.","https://catalog.archives.gov/id/470760976","https://catalog.archives.gov/medialz/presidential-libraries/bush/gb-nsc/H-Files/NSC-DC_Mtgs_312294079/41-bpr-nsc-hfiles-dc_mtgs-2-90009-002.pdf"
"lead-470760981","1989-03-10","NSC/DC 007—March 10, 1989—NSC/DC Meeting on FSX for Japan, Keywords: Japan","National Security Council Deputies Committee Meeting File: NSC/DC 007—March 10, 1989—NSC/DC Meeting on FSX for Japan, Keywords: Japan","March 10, 1989","NSC/Deputies Committee file","Strategic Trade, Technology, and Investment Controls","Boundary","Online file unit; item audit pending","59","","59 PDF pages; document-level release and withdrawal audit pending","Mixed; document-level audit required","470760981","90009–007","locator","George H.W. Bush Library, Bush Presidential Records, National Security Council, H-Files, NSC/DC Meetings Files, OA/ID 90009–007, NSC/DC 007—March 10, 1989—NSC/DC Meeting on FSX for Japan, Keywords: Japan.","Boundary review. The folder includes the March 10 Deputies Committee memcon and decision papers on technology, procurement, production share, and trade implications; compare it with the February FSX review. Promote individual documents only after the heading, dateline, terminal marking, and release or withdrawal status are checked in the source images.","https://catalog.archives.gov/id/470760981","https://catalog.archives.gov/medialz/presidential-libraries/bush/gb-nsc/H-Files/NSC-DC_Mtgs_312294079/41-bpr-nsc-hfiles-dc_mtgs-7-90009-007.pdf"
"lead-470760982","1989-03-17","NSC/DC 008—March 17, 1989—NSC/DC Meeting on NSR-4 re: U.S. / Eastern Europe Relations, Keywords: Europe, East","National Security Council Deputies Committee Meeting File: NSC/DC 008—March 17, 1989—NSC/DC Meeting on NSR-4 re: U.S. / Eastern Europe Relations, Keywords: Europe, East","March 17, 1989","NSC/Deputies Committee file","Transition Economies and International Economic Strategy","Core","Online file unit; item audit pending","72","","72 PDF pages; document-level release and withdrawal audit pending","Mixed; document-level audit required","470760982","90009–008","locator","George H.W. Bush Library, Bush Presidential Records, National Security Council, H-Files, NSC/DC Meetings Files, OA/ID 90009–008, NSC/DC 008—March 17, 1989—NSC/DC Meeting on NSR-4 re: U.S. / Eastern Europe Relations, Keywords: Europe, East.","Direct Volume XXX review. The minutes and NSR-4 papers address reform-linked assistance, Polish debt, Paris Club leverage, trade tools, and possible IMF and World Bank action. Promote individual documents only after the heading, dateline, terminal marking, and release or withdrawal status are checked in the source images.","https://catalog.archives.gov/id/470760982","https://catalog.archives.gov/medialz/presidential-libraries/bush/gb-nsc/H-Files/NSC-DC_Mtgs_312294079/41-bpr-nsc-hfiles-dc_mtgs-8-90009-008.pdf"
"lead-470760984","1989-03-22","NSC/DC 010—March 22, 1989—NSC/DC Meeting on NSR-5 / U.S. and Western Europe Relations, Keywords: Europe, West, Economics","National Security Council Deputies Committee Meeting File: NSC/DC 010—March 22, 1989—NSC/DC Meeting on NSR-5 / U.S. and Western Europe Relations, Keywords: Europe, West, Economics","March 22, 1989","NSC/Deputies Committee file","Trade Policy and Market Access","Core","Online file unit; item audit pending","65","","65 PDF pages; document-level release and withdrawal audit pending","Mixed; document-level audit required","470760984","90009–010","locator","George H.W. Bush Library, Bush Presidential Records, National Security Council, H-Files, NSC/DC Meetings Files, OA/ID 90009–010, NSC/DC 010—March 22, 1989—NSC/DC Meeting on NSR-5 / U.S. and Western Europe Relations, Keywords: Europe, West, Economics.","Direct Volume XXX review. The meeting record is explicitly the economic-aspects review of NSR-5 and covers European integration, the 1992 program, trade disputes, and related U.S. strategy. Promote individual documents only after the heading, dateline, terminal marking, and release or withdrawal status are checked in the source images.","https://catalog.archives.gov/id/470760984","https://catalog.archives.gov/medialz/presidential-libraries/bush/gb-nsc/H-Files/NSC-DC_Mtgs_312294079/41-bpr-nsc-hfiles-dc_mtgs-10-90009-010.pdf"
"lead-470760988","1989-03-29","NSC/DC 014—March 29, 1989—NSC/DC Meeting on NSR-3 re: U.S.—Soviet Economic Relations, Keywords: USSR Economics","National Security Council Deputies Committee Meeting File: NSC/DC 014—March 29, 1989—NSC/DC Meeting on NSR-3 re: U.S.—Soviet Economic Relations, Keywords: USSR Economics","March 29, 1989","NSC/Deputies Committee file","Transition Economies and International Economic Strategy","Core","Online file unit; item audit pending","22","","22 PDF pages; document-level release and withdrawal audit pending","Mixed; document-level audit required","470760988","90009–014","locator","George H.W. Bush Library, Bush Presidential Records, National Security Council, H-Files, NSC/DC Meetings Files, OA/ID 90009–014, NSC/DC 014—March 29, 1989—NSC/DC Meeting on NSR-3 re: U.S.—Soviet Economic Relations, Keywords: USSR Economics.","Direct Volume XXX review. The released minutes and summary treat U.S.-Soviet economic relations, reform, trade, credits, joint ventures, and possible liberalization as a distinct policy track. Promote individual documents only after the heading, dateline, terminal marking, and release or withdrawal status are checked in the source images.","https://catalog.archives.gov/id/470760988","https://catalog.archives.gov/medialz/presidential-libraries/bush/gb-nsc/H-Files/NSC-DC_Mtgs_312294079/41-bpr-nsc-hfiles-dc_mtgs-14-90009-014.pdf"
"lead-470760989","1989-03-30","NSC/DC 015—March 30, 1989—NSC/DC Meeting on Poland, Keywords: Poland","National Security Council Deputies Committee Meeting File: NSC/DC 015—March 30, 1989—NSC/DC Meeting on Poland, Keywords: Poland","March 30, 1989","NSC/Deputies Committee file","Transition Economies and International Economic Strategy","Core","Online file unit; item audit pending","78","","78 PDF pages; document-level release and withdrawal audit pending","Mixed; document-level audit required","470760989","90009–015","locator","George H.W. Bush Library, Bush Presidential Records, National Security Council, H-Files, NSC/DC Meetings Files, OA/ID 90009–015, NSC/DC 015—March 30, 1989—NSC/DC Meeting on Poland, Keywords: Poland.","Direct Volume XXX review. The packet includes a memorandum from Scowcroft to the President and interagency options for responding to a successful Polish Round Table, including economic support. Promote individual documents only after the heading, dateline, terminal marking, and release or withdrawal status are checked in the source images.","https://catalog.archives.gov/id/470760989","https://catalog.archives.gov/medialz/presidential-libraries/bush/gb-nsc/H-Files/NSC-DC_Mtgs_312294079/41-bpr-nsc-hfiles-dc_mtgs-15-90009-015.pdf"
"lead-470760991","1989-04-07","NSC/DC 017—April 07, 1989—NSC/DC Meeting on South Asia, Keywords: South Asia","National Security Council Deputies Committee Meeting File: NSC/DC 017—April 07, 1989—NSC/DC Meeting on South Asia, Keywords: South Asia","April 7, 1989","NSC/Deputies Committee file","Monetary Policy, Debt, and International Institutions","Boundary","Online file unit; item audit pending","102","","102 PDF pages; document-level release and withdrawal audit pending","Mixed; document-level audit required","470760991","90009–017","locator","George H.W. Bush Library, Bush Presidential Records, National Security Council, H-Files, NSC/DC Meetings Files, OA/ID 90009–017, NSC/DC 017—April 07, 1989—NSC/DC Meeting on South Asia, Keywords: South Asia.","Boundary review. The South Asia review weighs aid levels to Pakistan, nuclear-certification consequences, trade and nonmilitary technology with India, and regional development; route against the South Asia volume. Promote individual documents only after the heading, dateline, terminal marking, and release or withdrawal status are checked in the source images.","https://catalog.archives.gov/id/470760991","https://catalog.archives.gov/medialz/presidential-libraries/bush/gb-nsc/H-Files/NSC-DC_Mtgs_312294079/41-bpr-nsc-hfiles-dc_mtgs-17-90009-017.pdf"
"lead-470760994","1989-04-13","NSC/DC 020—April 13, 1989—NSC/DC Meeting on Persian Gulf, Keywords: Persian Gulf","National Security Council Deputies Committee Meeting File: NSC/DC 020—April 13, 1989—NSC/DC Meeting on Persian Gulf, Keywords: Persian Gulf","April 13, 1989","NSC/Deputies Committee file","Monetary Policy, Debt, and International Institutions","Boundary","Online file unit; item audit pending","60","","60 PDF pages; document-level release and withdrawal audit pending","Mixed; document-level audit required","470760994","90009–020","locator","George H.W. Bush Library, Bush Presidential Records, National Security Council, H-Files, NSC/DC Meetings Files, OA/ID 90009–020, NSC/DC 020—April 13, 1989—NSC/DC Meeting on Persian Gulf, Keywords: Persian Gulf.","Boundary review. The minutes examine dependence on Gulf oil, prices, infrastructure, and the economic rationale for regional policy; primary placement may remain in the Gulf volume. Promote individual documents only after the heading, dateline, terminal marking, and release or withdrawal status are checked in the source images.","https://catalog.archives.gov/id/470760994","https://catalog.archives.gov/medialz/presidential-libraries/bush/gb-nsc/H-Files/NSC-DC_Mtgs_312294079/41-bpr-nsc-hfiles-dc_mtgs-20-90009-020.pdf"
"lead-470761017","1989-08-09","NSC/DC 043—August 09, 1989—NSC/DC Meeting on Panama Economic Sanctions, Keywords: Panama, Economics, Sanctions, DC Minutes","National Security Council Deputies Committee Meeting File: NSC/DC 043—August 09, 1989—NSC/DC Meeting on Panama Economic Sanctions, Keywords: Panama, Economics, Sanctions, DC Minutes","August 9, 1989","NSC/Deputies Committee file","Strategic Trade, Technology, and Investment Controls","Boundary","Online file unit; item audit pending","94","","94 PDF pages; document-level release and withdrawal audit pending","Mixed; document-level audit required","470761017","90010–022","locator","George H.W. Bush Library, Bush Presidential Records, National Security Council, H-Files, NSC/DC Meetings Files, OA/ID 90010–022, NSC/DC 043—August 09, 1989—NSC/DC Meeting on Panama Economic Sanctions, Keywords: Panama, Economics, Sanctions, DC Minutes.","Boundary review. The file contains minutes, a summary of conclusions, and options on Panama sanctions and blocked government assets; route against the Latin America volume. Promote individual documents only after the heading, dateline, terminal marking, and release or withdrawal status are checked in the source images.","https://catalog.archives.gov/id/470761017","https://catalog.archives.gov/medialz/presidential-libraries/bush/gb-nsc/H-Files/NSC-DC_Mtgs_312294079/41-bpr-nsc-hfiles-dc_mtgs-43-90010-022.pdf"
"lead-470761020","1989-08-30","NSC/DC 046—August 30, 1989—NSC/DC Meeting on Poland, Keywords: Poland","National Security Council Deputies Committee Meeting File: NSC/DC 046—August 30, 1989—NSC/DC Meeting on Poland, Keywords: Poland","August 30, 1989","NSC/Deputies Committee file","Transition Economies and International Economic Strategy","Core","Online file unit; item audit pending","35","","35 PDF pages; document-level release and withdrawal audit pending","Mixed; document-level audit required","470761020","90010–025","locator","George H.W. Bush Library, Bush Presidential Records, National Security Council, H-Files, NSC/DC Meetings Files, OA/ID 90010–025, NSC/DC 046—August 30, 1989—NSC/DC Meeting on Poland, Keywords: Poland.","Direct Volume XXX review. The meeting preparation and presidential talking points concern signaling U.S. support for democratic change in Poland and the accompanying support package. Promote individual documents only after the heading, dateline, terminal marking, and release or withdrawal status are checked in the source images.","https://catalog.archives.gov/id/470761020","https://catalog.archives.gov/medialz/presidential-libraries/bush/gb-nsc/H-Files/NSC-DC_Mtgs_312294079/41-bpr-nsc-hfiles-dc_mtgs-46-90010-025.pdf"
"lead-470761024","1989-09-06","NSC/DC 050—September 06, 1989—NSC/DC Meeting on Additional Assistance to Poland, Keywords: Poland, Food","National Security Council Deputies Committee Meeting File: NSC/DC 050—September 06, 1989—NSC/DC Meeting on Additional Assistance to Poland, Keywords: Poland, Food","September 6, 1989","NSC/Deputies Committee file","Transition Economies and International Economic Strategy","Core","Online file unit; item audit pending","132","","132 PDF pages; document-level release and withdrawal audit pending","Mixed; document-level audit required","470761024","90011–003","locator","George H.W. Bush Library, Bush Presidential Records, National Security Council, H-Files, NSC/DC Meetings Files, OA/ID 90011–003, NSC/DC 050—September 06, 1989—NSC/DC Meeting on Additional Assistance to Poland, Keywords: Poland, Food.","Direct Volume XXX review. The packet includes Scowcroft's decision memorandum to the President, Deputies Committee recommendations, and repeated versions of the additional-support paper; deduplicate the copies. Promote individual documents only after the heading, dateline, terminal marking, and release or withdrawal status are checked in the source images.","https://catalog.archives.gov/id/470761024","https://catalog.archives.gov/medialz/presidential-libraries/bush/gb-nsc/H-Files/NSC-DC_Mtgs_312294079/41-bpr-nsc-hfiles-dc_mtgs-50-90011-003.pdf"
"lead-470761031","1989-09-18","NSC/DC 057—September 18, 1989—NSC/DC Meeting on South Africa, Keywords: South Africa","National Security Council Deputies Committee Meeting File: NSC/DC 057—September 18, 1989—NSC/DC Meeting on South Africa, Keywords: South Africa","September 18, 1989","NSC/Deputies Committee file","Strategic Trade, Technology, and Investment Controls","Boundary","Online file unit; item audit pending","56","","56 PDF pages; document-level release and withdrawal audit pending","Mixed; document-level audit required","470761031","90011–010","locator","George H.W. Bush Library, Bush Presidential Records, National Security Council, H-Files, NSC/DC Meetings Files, OA/ID 90011–010, NSC/DC 057—September 18, 1989—NSC/DC Meeting on South Africa, Keywords: South Africa.","Boundary review. NSR-15 considers sanctions, incentives, investment in black-owned firms, and nuclear-trade restrictions; route against the Africa and nonproliferation volumes. Promote individual documents only after the heading, dateline, terminal marking, and release or withdrawal status are checked in the source images.","https://catalog.archives.gov/id/470761031","https://catalog.archives.gov/medialz/presidential-libraries/bush/gb-nsc/H-Files/NSC-DC_Mtgs_312294079/41-bpr-nsc-hfiles-dc_mtgs-57-90011-010.pdf"
"lead-470761033","1989-09-20","NSC/DC 059—September 20, 1989—NSC/DC Meeting on Machine Tools, Keywords: COCOM","National Security Council Deputies Committee Meeting File: NSC/DC 059—September 20, 1989—NSC/DC Meeting on Machine Tools, Keywords: COCOM","September 20, 1989","NSC/Deputies Committee file","Strategic Trade, Technology, and Investment Controls","Core","Online file unit; item audit pending","49","","49 PDF pages; document-level release and withdrawal audit pending","Mixed; document-level audit required","470761033","90011–012","locator","George H.W. Bush Library, Bush Presidential Records, National Security Council, H-Files, NSC/DC Meetings Files, OA/ID 90011–012, NSC/DC 059—September 20, 1989—NSC/DC Meeting on Machine Tools, Keywords: COCOM.","Direct Volume XXX review. The file contains options and meeting preparation for machine-tool negotiations in COCOM, including control-list streamlining. Promote individual documents only after the heading, dateline, terminal marking, and release or withdrawal status are checked in the source images.","https://catalog.archives.gov/id/470761033","https://catalog.archives.gov/medialz/presidential-libraries/bush/gb-nsc/H-Files/NSC-DC_Mtgs_312294079/41-bpr-nsc-hfiles-dc_mtgs-59-90011-012.pdf"
"lead-470761034","1989-09-21","NSC/DC 060—September 21, 1989—NSC/DC Meeting on Economic Assistance for Poland, Keywords: Poland, Economic Assistance","National Security Council Deputies Committee Meeting File: NSC/DC 060—September 21, 1989—NSC/DC Meeting on Economic Assistance for Poland, Keywords: Poland, Economic Assistance","September 21, 1989","NSC/Deputies Committee file","Transition Economies and International Economic Strategy","Core","Online file unit; item audit pending","28","","28 PDF pages; document-level release and withdrawal audit pending","Mixed; document-level audit required","470761034","90011–013","locator","George H.W. Bush Library, Bush Presidential Records, National Security Council, H-Files, NSC/DC Meetings Files, OA/ID 90011–013, NSC/DC 060—September 21, 1989—NSC/DC Meeting on Economic Assistance for Poland, Keywords: Poland, Economic Assistance.","Direct Volume XXX review. The packet centers on options and memoranda for the next steps in Poland's recovery program. Promote individual documents only after the heading, dateline, terminal marking, and release or withdrawal status are checked in the source images.","https://catalog.archives.gov/id/470761034","https://catalog.archives.gov/medialz/presidential-libraries/bush/gb-nsc/H-Files/NSC-DC_Mtgs_312294079/41-bpr-nsc-hfiles-dc_mtgs-60-90011-013.pdf"
"lead-470761035","1989-09-25","NSC/DC 061—September 25, 1989—NSC/DC Meeting on Poland and Economic Assistance, Keywords: Poland, Economic Assistance","National Security Council Deputies Committee Meeting File: NSC/DC 061—September 25, 1989—NSC/DC Meeting on Poland and Economic Assistance, Keywords: Poland, Economic Assistance","September 25, 1989","NSC/Deputies Committee file","Transition Economies and International Economic Strategy","Core","Online file unit; item audit pending","20","","20 PDF pages; document-level release and withdrawal audit pending","Mixed; document-level audit required","470761035","90011–014","locator","George H.W. Bush Library, Bush Presidential Records, National Security Council, H-Files, NSC/DC Meetings Files, OA/ID 90011–014, NSC/DC 061—September 25, 1989—NSC/DC Meeting on Poland and Economic Assistance, Keywords: Poland, Economic Assistance.","Direct Volume XXX review. This follow-on file contains the concept paper and related memorandum on economic assistance for Poland; compare it with NSC/DC 060. Promote individual documents only after the heading, dateline, terminal marking, and release or withdrawal status are checked in the source images.","https://catalog.archives.gov/id/470761035","https://catalog.archives.gov/medialz/presidential-libraries/bush/gb-nsc/H-Files/NSC-DC_Mtgs_312294079/41-bpr-nsc-hfiles-dc_mtgs-61-90011-014.pdf"
"lead-470761044","1989-10-19","NSC/DC 067—October 19, 1989—NSC/DC Meeting on Machine Tools and COCOM, Keywords: COCOM","National Security Council Deputies Committee Meeting File: NSC/DC 067—October 19, 1989—NSC/DC Meeting on Machine Tools and COCOM, Keywords: COCOM","October 19, 1989","NSC/Deputies Committee file","Strategic Trade, Technology, and Investment Controls","Core","Online file unit; item audit pending","86","","86 PDF pages; document-level release and withdrawal audit pending","Mixed; document-level audit required","470761044","90011–023","locator","George H.W. Bush Library, Bush Presidential Records, National Security Council, H-Files, NSC/DC Meetings Files, OA/ID 90011–023, NSC/DC 067—October 19, 1989—NSC/DC Meeting on Machine Tools and COCOM, Keywords: COCOM.","Direct Volume XXX review. The minutes and summary record the Deputies Committee decisions on machine tools, COCOM list review, and streamlining. Promote individual documents only after the heading, dateline, terminal marking, and release or withdrawal status are checked in the source images.","https://catalog.archives.gov/id/470761044","https://catalog.archives.gov/medialz/presidential-libraries/bush/gb-nsc/H-Files/NSC-DC_Mtgs_312294079/41-bpr-nsc-hfiles-dc_mtgs-67-90011-023.pdf"
"lead-470761050","1989-11-03","NSC/DC 073—November 03, 1989—NSC/DC Meeting on, Keywords: Philippines","National Security Council Deputies Committee Meeting File: NSC/DC 073—November 03, 1989—NSC/DC Meeting on, Keywords: Philippines","November 3, 1989","NSC/Deputies Committee file","Monetary Policy, Debt, and International Institutions","Boundary","Online file unit; item audit pending","168","","168 PDF pages; document-level release and withdrawal audit pending","Mixed; document-level audit required","470761050","90012–004","locator","George H.W. Bush Library, Bush Presidential Records, National Security Council, H-Files, NSC/DC Meetings Files, OA/ID 90012–004, NSC/DC 073—November 03, 1989—NSC/DC Meeting on, Keywords: Philippines.","Boundary review. The packet develops debt-for-bases, economic-development, Japanese-financing, trade, and investment options around the Philippine base negotiation; route against the East Asia volume. Promote individual documents only after the heading, dateline, terminal marking, and release or withdrawal status are checked in the source images.","https://catalog.archives.gov/id/470761050","https://catalog.archives.gov/medialz/presidential-libraries/bush/gb-nsc/H-Files/NSC-DC_Mtgs_312294079/41-bpr-nsc-hfiles-dc_mtgs-73-90012-004.pdf"
"lead-470761053","1989-11-17","NSC/DC 076—November 17, 1989—NSC/DC Meeting on Economic Sanctions / Panama, Keywords: Panama","National Security Council Deputies Committee Meeting File: NSC/DC 076—November 17, 1989—NSC/DC Meeting on Economic Sanctions / Panama, Keywords: Panama","November 17, 1989","NSC/Deputies Committee file","Strategic Trade, Technology, and Investment Controls","Boundary","Online file unit; item audit pending","118","","118 PDF pages; document-level release and withdrawal audit pending","Mixed; document-level audit required","470761053","90012–007","locator","George H.W. Bush Library, Bush Presidential Records, National Security Council, H-Files, NSC/DC Meetings Files, OA/ID 90012–007, NSC/DC 076—November 17, 1989—NSC/DC Meeting on Economic Sanctions / Panama, Keywords: Panama.","Boundary review. The file documents a further Deputies Committee review of Panama economic sanctions and options for financial pressure; compare it with NSC/DC 043. Promote individual documents only after the heading, dateline, terminal marking, and release or withdrawal status are checked in the source images.","https://catalog.archives.gov/id/470761053","https://catalog.archives.gov/medialz/presidential-libraries/bush/gb-nsc/H-Files/NSC-DC_Mtgs_312294079/41-bpr-nsc-hfiles-dc_mtgs-76-90012-007.pdf"
"lead-470761067","1989-12-19","NSC/DC 084—December 19, 1989—NSC/DC Meeting on Philippines, Keywords: Philippines","National Security Council Deputies Committee Meeting File: NSC/DC 084—December 19, 1989—NSC/DC Meeting on Philippines, Keywords: Philippines","December 19, 1989","NSC/Deputies Committee file","Monetary Policy, Debt, and International Institutions","Boundary","Online file unit; item audit pending","58","","58 PDF pages; document-level release and withdrawal audit pending","Mixed; document-level audit required","470761067","90012–021","locator","George H.W. Bush Library, Bush Presidential Records, National Security Council, H-Files, NSC/DC Meetings Files, OA/ID 90012–021, NSC/DC 084—December 19, 1989—NSC/DC Meeting on Philippines, Keywords: Philippines.","Boundary review. The minutes and briefing tie additional U.S. assistance to Philippine economic and military reforms intended to improve investment conditions. Promote individual documents only after the heading, dateline, terminal marking, and release or withdrawal status are checked in the source images.","https://catalog.archives.gov/id/470761067","https://catalog.archives.gov/medialz/presidential-libraries/bush/gb-nsc/H-Files/NSC-DC_Mtgs_312294079/41-bpr-nsc-hfiles-dc_mtgs-84-90012-021.pdf"
"lead-470761080","1990-01-12","NSC/DC 096—January 12, 1990—NSC/DC Meeting on Panama, Keywords: Panama","National Security Council Deputies Committee Meeting File: NSC/DC 096—January 12, 1990—NSC/DC Meeting on Panama, Keywords: Panama","January 12, 1990","NSC/Deputies Committee file","Monetary Policy, Debt, and International Institutions","Boundary","Online file unit; item audit pending","138","","138 PDF pages; document-level release and withdrawal audit pending","Mixed; document-level audit required","470761080","90013–003","locator","George H.W. Bush Library, Bush Presidential Records, National Security Council, H-Files, NSC/DC Meetings Files, OA/ID 90013–003, NSC/DC 096—January 12, 1990—NSC/DC Meeting on Panama, Keywords: Panama.","Boundary review. The post-Noriega policy papers include recovery, aid, and economic-reconstruction questions; route the principal record against the Latin America volume. Promote individual documents only after the heading, dateline, terminal marking, and release or withdrawal status are checked in the source images.","https://catalog.archives.gov/id/470761080","https://catalog.archives.gov/medialz/presidential-libraries/bush/gb-nsc/H-Files/NSC-DC_Mtgs_312294079/41-bpr-nsc-hfiles-dc_mtgs-96-90013-003.pdf"
"lead-470761085","1990-01-27","NSC/DC 101—January 27, 1990—NSC/DC Meeting on COCOM, Keywords: COCOM","National Security Council Deputies Committee Meeting File: NSC/DC 101—January 27, 1990—NSC/DC Meeting on COCOM, Keywords: COCOM","January 27, 1990","NSC/Deputies Committee file","Strategic Trade, Technology, and Investment Controls","Core","Online file unit; item audit pending","67","","67 PDF pages; document-level release and withdrawal audit pending","Mixed; document-level audit required","470761085","90013–008","locator","George H.W. Bush Library, Bush Presidential Records, National Security Council, H-Files, NSC/DC Meetings Files, OA/ID 90013–008, NSC/DC 101—January 27, 1990—NSC/DC Meeting on COCOM, Keywords: COCOM.","Direct Volume XXX review. The minutes and summary cover the COCOM core list, differentiation, telecommunications, computers, and machine-tool negotiations. Promote individual documents only after the heading, dateline, terminal marking, and release or withdrawal status are checked in the source images.","https://catalog.archives.gov/id/470761085","https://catalog.archives.gov/medialz/presidential-libraries/bush/gb-nsc/H-Files/NSC-DC_Mtgs_312294079/41-bpr-nsc-hfiles-dc_mtgs-101-90013-008.pdf"
"lead-470761086","1990-01-31","NSC/DC 102—January 31, 1990—NSC/DC Meeting on Philippines, Keywords: Philippines, Military Bases","National Security Council Deputies Committee Meeting File: NSC/DC 102—January 31, 1990—NSC/DC Meeting on Philippines, Keywords: Philippines, Military Bases","January 31, 1990","NSC/Deputies Committee file","Monetary Policy, Debt, and International Institutions","Boundary","Online file unit; item audit pending","79","","79 PDF pages; document-level release and withdrawal audit pending","Mixed; document-level audit required","470761086","90013–009","locator","George H.W. Bush Library, Bush Presidential Records, National Security Council, H-Files, NSC/DC Meetings Files, OA/ID 90013–009, NSC/DC 102—January 31, 1990—NSC/DC Meeting on Philippines, Keywords: Philippines, Military Bases.","Boundary review. The military-bases packet contains detailed debt-reduction, long-term financing, Japanese participation, and nontraditional trade-compensation options. Promote individual documents only after the heading, dateline, terminal marking, and release or withdrawal status are checked in the source images.","https://catalog.archives.gov/id/470761086","https://catalog.archives.gov/medialz/presidential-libraries/bush/gb-nsc/H-Files/NSC-DC_Mtgs_312294079/41-bpr-nsc-hfiles-dc_mtgs-102-90013-009.pdf"
"lead-470761087","1990-02-02","NSC/DC 103—February 02, 1990—NSC/DC Meeting on Technology Transfer, Keywords: Technology Transfers","National Security Council Deputies Committee Meeting File: NSC/DC 103—February 02, 1990—NSC/DC Meeting on Technology Transfer, Keywords: Technology Transfers","February 2, 1990","NSC/Deputies Committee file","Strategic Trade, Technology, and Investment Controls","Core","Online file unit; item audit pending","84","","84 PDF pages; document-level release and withdrawal audit pending","Mixed; document-level audit required","470761087","90013–010","locator","George H.W. Bush Library, Bush Presidential Records, National Security Council, H-Files, NSC/DC Meetings Files, OA/ID 90013–010, NSC/DC 103—February 02, 1990—NSC/DC Meeting on Technology Transfer, Keywords: Technology Transfers.","Direct Volume XXX review. The meeting preparation addresses trans-Soviet fiber-optic proposals, COCOM policy, and technology-transfer controls. Promote individual documents only after the heading, dateline, terminal marking, and release or withdrawal status are checked in the source images.","https://catalog.archives.gov/id/470761087","https://catalog.archives.gov/medialz/presidential-libraries/bush/gb-nsc/H-Files/NSC-DC_Mtgs_312294079/41-bpr-nsc-hfiles-dc_mtgs-103-90013-010.pdf"
"lead-470761097","1990-03-21","NSC/DC 110—March 21, 1990—NSC/DC Meeting on Technology Transfer, Keywords: Technology Transfers","National Security Council Deputies Committee Meeting File: NSC/DC 110—March 21, 1990—NSC/DC Meeting on Technology Transfer, Keywords: Technology Transfers","March 21, 1990","NSC/Deputies Committee file","Strategic Trade, Technology, and Investment Controls","Core","Online file unit; item audit pending","59","","59 PDF pages; document-level release and withdrawal audit pending","Mixed; document-level audit required","470761097","90013–020","locator","George H.W. Bush Library, Bush Presidential Records, National Security Council, H-Files, NSC/DC Meetings Files, OA/ID 90013–020, NSC/DC 110—March 21, 1990—NSC/DC Meeting on Technology Transfer, Keywords: Technology Transfers.","Direct Volume XXX review. The minutes and background papers address fiber optics, NSR-22, and the national-security implications of technology transfer. Promote individual documents only after the heading, dateline, terminal marking, and release or withdrawal status are checked in the source images.","https://catalog.archives.gov/id/470761097","https://catalog.archives.gov/medialz/presidential-libraries/bush/gb-nsc/H-Files/NSC-DC_Mtgs_312294079/41-bpr-nsc-hfiles-dc_mtgs-110-90013-020.pdf"
"lead-470761106","1990-04-11","NSC/DC 115—April 11, 1990—NSC/DC Meeting on Technology Transfer, Keywords: Technology Transfers [1]","National Security Council Deputies Committee Meeting File: NSC/DC 115—April 11, 1990—NSC/DC Meeting on Technology Transfer, Keywords: Technology Transfers [1]","April 11, 1990","NSC/Deputies Committee file","Strategic Trade, Technology, and Investment Controls","Core","Online file unit; item audit pending","31","","31 PDF pages; document-level release and withdrawal audit pending","Mixed; document-level audit required","470761106","90014–003","locator","George H.W. Bush Library, Bush Presidential Records, National Security Council, H-Files, NSC/DC Meetings Files, OA/ID 90014–003, NSC/DC 115—April 11, 1990—NSC/DC Meeting on Technology Transfer, Keywords: Technology Transfers [1].","Direct Volume XXX review. Part 1 preserves the minutes and summary of the April 11 technology-transfer meeting; review it with part 2. Promote individual documents only after the heading, dateline, terminal marking, and release or withdrawal status are checked in the source images.","https://catalog.archives.gov/id/470761106","https://catalog.archives.gov/medialz/presidential-libraries/bush/gb-nsc/H-Files/NSC-DC_Mtgs_312294079/41-bpr-nsc-hfiles-dc_mtgs-115_1-90014-003.pdf"
"lead-470761107","1990-04-11","NSC/DC 115—April 11, 1990—NSC/DC Meeting on Technology Transfer, Keywords: Technology Transfers [2]","National Security Council Deputies Committee Meeting File: NSC/DC 115—April 11, 1990—NSC/DC Meeting on Technology Transfer, Keywords: Technology Transfers [2]","April 11, 1990","NSC/Deputies Committee file","Strategic Trade, Technology, and Investment Controls","Core","Online file unit; item audit pending","80","","80 PDF pages; document-level release and withdrawal audit pending","Mixed; document-level audit required","470761107","90014–004","locator","George H.W. Bush Library, Bush Presidential Records, National Security Council, H-Files, NSC/DC Meetings Files, OA/ID 90014–004, NSC/DC 115—April 11, 1990—NSC/DC Meeting on Technology Transfer, Keywords: Technology Transfers [2].","Direct Volume XXX review. Part 2 adds policy papers on technology transfer to Eastern Europe, COCOM, information systems, and military-critical technologies. Promote individual documents only after the heading, dateline, terminal marking, and release or withdrawal status are checked in the source images.","https://catalog.archives.gov/id/470761107","https://catalog.archives.gov/medialz/presidential-libraries/bush/gb-nsc/H-Files/NSC-DC_Mtgs_312294079/41-bpr-nsc-hfiles-dc_mtgs-115_2-90014-004.pdf"
"lead-470761111","1990-04-20","NSC/DC 119—April 20, 1990—NSC/DC Meeting on Technology Transfer, Keywords: Technology Transfers","National Security Council Deputies Committee Meeting File: NSC/DC 119—April 20, 1990—NSC/DC Meeting on Technology Transfer, Keywords: Technology Transfers","April 20, 1990","NSC/Deputies Committee file","Strategic Trade, Technology, and Investment Controls","Core","Online file unit; item audit pending","72","","72 PDF pages; document-level release and withdrawal audit pending","Mixed; document-level audit required","470761111","90014–008","locator","George H.W. Bush Library, Bush Presidential Records, National Security Council, H-Files, NSC/DC Meetings Files, OA/ID 90014–008, NSC/DC 119—April 20, 1990—NSC/DC Meeting on Technology Transfer, Keywords: Technology Transfers.","Direct Volume XXX review. The file records the April 20 review of the COCOM core list, industrial-list eliminations, telecommunications, China, and differentiation. Promote individual documents only after the heading, dateline, terminal marking, and release or withdrawal status are checked in the source images.","https://catalog.archives.gov/id/470761111","https://catalog.archives.gov/medialz/presidential-libraries/bush/gb-nsc/H-Files/NSC-DC_Mtgs_312294079/41-bpr-nsc-hfiles-dc_mtgs-119-90014-008.pdf"
"lead-470761112","1990-05-01","NSC/DC 120—May 01, 1990—NSC/DC Meeting on Philippine Base Negotiations, Keywords: Philippines, Military Bases","National Security Council Deputies Committee Meeting File: NSC/DC 120—May 01, 1990—NSC/DC Meeting on Philippine Base Negotiations, Keywords: Philippines, Military Bases","May 1, 1990","NSC/Deputies Committee file","Monetary Policy, Debt, and International Institutions","Boundary","Online file unit; item audit pending","69","","69 PDF pages; document-level release and withdrawal audit pending","Mixed; document-level audit required","470761112","90014–009","locator","George H.W. Bush Library, Bush Presidential Records, National Security Council, H-Files, NSC/DC Meetings Files, OA/ID 90014–009, NSC/DC 120—May 01, 1990—NSC/DC Meeting on Philippine Base Negotiations, Keywords: Philippines, Military Bases.","Boundary review. The base-negotiation packet continues the interagency financing, assistance, and compensation record; route against the East Asia volume. Promote individual documents only after the heading, dateline, terminal marking, and release or withdrawal status are checked in the source images.","https://catalog.archives.gov/id/470761112","https://catalog.archives.gov/medialz/presidential-libraries/bush/gb-nsc/H-Files/NSC-DC_Mtgs_312294079/41-bpr-nsc-hfiles-dc_mtgs-120-90014-009.pdf"
"lead-470761125","1990-05-29","NSC/DC 133—May 29, 1990—NSC/DC Meeting on COCOM via SVTS, Keywords: COCOM","National Security Council Deputies Committee Meeting File: NSC/DC 133—May 29, 1990—NSC/DC Meeting on COCOM via SVTS, Keywords: COCOM","May 29, 1990","NSC/Deputies Committee file","Strategic Trade, Technology, and Investment Controls","Core","Online file unit; item audit pending","44","","44 PDF pages; document-level release and withdrawal audit pending","Mixed; document-level audit required","470761125","90014–022","locator","George H.W. Bush Library, Bush Presidential Records, National Security Council, H-Files, NSC/DC Meetings Files, OA/ID 90014–022, NSC/DC 133—May 29, 1990—NSC/DC Meeting on COCOM via SVTS, Keywords: COCOM.","Direct Volume XXX review. The minutes and summary record the May 29 Deputies Committee review of the COCOM core-list approach. Promote individual documents only after the heading, dateline, terminal marking, and release or withdrawal status are checked in the source images.","https://catalog.archives.gov/id/470761125","https://catalog.archives.gov/medialz/presidential-libraries/bush/gb-nsc/H-Files/NSC-DC_Mtgs_312294079/41-bpr-nsc-hfiles-dc_mtgs-133-90014-022.pdf"
"lead-470761151","1990-07-19","NSC/DC 158—July 19, 1990—NSC/DC Meeting on Soviet Commercial Presence in U.S., Keywords: USSR","National Security Council Deputies Committee Meeting File: NSC/DC 158—July 19, 1990—NSC/DC Meeting on Soviet Commercial Presence in U.S., Keywords: USSR","July 19, 1990","NSC/Deputies Committee file","Transition Economies and International Economic Strategy","Core","Online file unit; item audit pending","45","","45 PDF pages; document-level release and withdrawal audit pending","Mixed; document-level audit required","470761151","90015–017","locator","George H.W. Bush Library, Bush Presidential Records, National Security Council, H-Files, NSC/DC Meetings Files, OA/ID 90015–017, NSC/DC 158—July 19, 1990—NSC/DC Meeting on Soviet Commercial Presence in U.S., Keywords: USSR.","Direct Volume XXX review. The meeting papers address Soviet commercial operations in the United States and the legal and policy framework governing them. Promote individual documents only after the heading, dateline, terminal marking, and release or withdrawal status are checked in the source images.","https://catalog.archives.gov/id/470761151","https://catalog.archives.gov/medialz/presidential-libraries/bush/gb-nsc/H-Files/NSC-DC_Mtgs_312294079/41-bpr-nsc-hfiles-dc_mtgs-158-90015-017.pdf"
"lead-470761208","1990-10-09","NSC/DC 209—October 09, 1990—NSC/DC Meeting on Philippine Policy, Keywords: Philippines","National Security Council Deputies Committee Meeting File: NSC/DC 209—October 09, 1990—NSC/DC Meeting on Philippine Policy, Keywords: Philippines","October 9, 1990","NSC/Deputies Committee file","Monetary Policy, Debt, and International Institutions","Boundary","Online file unit; item audit pending","42","","42 PDF pages; document-level release and withdrawal audit pending","Mixed; document-level audit required","470761208","90017–002","locator","George H.W. Bush Library, Bush Presidential Records, National Security Council, H-Files, NSC/DC Meetings Files, OA/ID 90017–002, NSC/DC 209—October 09, 1990—NSC/DC Meeting on Philippine Policy, Keywords: Philippines.","Boundary review. The Philippine policy review contains assistance and reform questions that may supplement the debt-and-bases files; route against the East Asia volume. Promote individual documents only after the heading, dateline, terminal marking, and release or withdrawal status are checked in the source images.","https://catalog.archives.gov/id/470761208","https://catalog.archives.gov/medialz/presidential-libraries/bush/gb-nsc/H-Files/NSC-DC_Mtgs_312294079/41-bpr-nsc-hfiles-dc_mtgs-209-90017-002.pdf"
"lead-470761209","1990-10-09","NSC/DC 210—October 09, 1990—NSC/DC Meeting on Computer Exports, Keywords: Export Controls","National Security Council Deputies Committee Meeting File: NSC/DC 210—October 09, 1990—NSC/DC Meeting on Computer Exports, Keywords: Export Controls","October 9, 1990","NSC/Deputies Committee file","Strategic Trade, Technology, and Investment Controls","Core","Online file unit; item audit pending","44","","44 PDF pages; document-level release and withdrawal audit pending","Mixed; document-level audit required","470761209","90017–003","locator","George H.W. Bush Library, Bush Presidential Records, National Security Council, H-Files, NSC/DC Meetings Files, OA/ID 90017–003, NSC/DC 210—October 09, 1990—NSC/DC Meeting on Computer Exports, Keywords: Export Controls.","Direct Volume XXX review. The packet presents decisions on supercomputer export licenses to high-risk non-OECD destinations. Promote individual documents only after the heading, dateline, terminal marking, and release or withdrawal status are checked in the source images.","https://catalog.archives.gov/id/470761209","https://catalog.archives.gov/medialz/presidential-libraries/bush/gb-nsc/H-Files/NSC-DC_Mtgs_312294079/41-bpr-nsc-hfiles-dc_mtgs-210-90017-003.pdf"
"lead-470761214","1990-10-19","NSC/DC 214—October 19, 1990—NSC/DC Meeting on Israeli Machine Tools, Keywords: Israel Technology Transfers","National Security Council Deputies Committee Meeting File: NSC/DC 214—October 19, 1990—NSC/DC Meeting on Israeli Machine Tools, Keywords: Israel Technology Transfers","October 19, 1990","NSC/Deputies Committee file","Strategic Trade, Technology, and Investment Controls","Core","Online file unit; item audit pending","129","","129 PDF pages; document-level release and withdrawal audit pending","Mixed; document-level audit required","470761214","90017–008","locator","George H.W. Bush Library, Bush Presidential Records, National Security Council, H-Files, NSC/DC Meetings Files, OA/ID 90017–008, NSC/DC 214—October 19, 1990—NSC/DC Meeting on Israeli Machine Tools, Keywords: Israel Technology Transfers.","Direct Volume XXX review. The file concerns Israeli machine-tool capabilities and technology-transfer controls; retain a cross-reference to the Middle East volume. Promote individual documents only after the heading, dateline, terminal marking, and release or withdrawal status are checked in the source images.","https://catalog.archives.gov/id/470761214","https://catalog.archives.gov/medialz/presidential-libraries/bush/gb-nsc/H-Files/NSC-DC_Mtgs_312294079/41-bpr-nsc-hfiles-dc_mtgs-214-90017-008.pdf"
"lead-470761216","1990-10-24","NSC/DC 216—October 24, 1990—NSC/DC Meeting on Computers, Keywords: COCOM, Export Controls [1]","National Security Council Deputies Committee Meeting File: NSC/DC 216—October 24, 1990—NSC/DC Meeting on Computers, Keywords: COCOM, Export Controls [1]","October 24, 1990","NSC/Deputies Committee file","Strategic Trade, Technology, and Investment Controls","Core","Online file unit; item audit pending","103","","103 PDF pages; document-level release and withdrawal audit pending","Mixed; document-level audit required","470761216","90017–010","locator","George H.W. Bush Library, Bush Presidential Records, National Security Council, H-Files, NSC/DC Meetings Files, OA/ID 90017–010, NSC/DC 216—October 24, 1990—NSC/DC Meeting on Computers, Keywords: COCOM, Export Controls [1].","Direct Volume XXX review. Part 1 includes minutes, a summary, and policy papers on computer export licenses and negotiating positions. Promote individual documents only after the heading, dateline, terminal marking, and release or withdrawal status are checked in the source images.","https://catalog.archives.gov/id/470761216","https://catalog.archives.gov/medialz/presidential-libraries/bush/gb-nsc/H-Files/NSC-DC_Mtgs_312294079/41-bpr-nsc-hfiles-dc_mtgs-216_1-90017-010.pdf"
"lead-470761217","1990-10-24","NSC/DC 216—October 24, 1990—NSC/DC Meeting on Computers, Keywords: COCOM, Export Controls [2]","National Security Council Deputies Committee Meeting File: NSC/DC 216—October 24, 1990—NSC/DC Meeting on Computers, Keywords: COCOM, Export Controls [2]","October 24, 1990","NSC/Deputies Committee file","Strategic Trade, Technology, and Investment Controls","Core","Online file unit; item audit pending","49","","49 PDF pages; document-level release and withdrawal audit pending","Mixed; document-level audit required","470761217","90017–011","locator","George H.W. Bush Library, Bush Presidential Records, National Security Council, H-Files, NSC/DC Meetings Files, OA/ID 90017–011, NSC/DC 216—October 24, 1990—NSC/DC Meeting on Computers, Keywords: COCOM, Export Controls [2].","Direct Volume XXX review. Part 2 continues the computer-control review, including China and high-risk non-OECD licensing issues; deduplicate repeated papers with part 1. Promote individual documents only after the heading, dateline, terminal marking, and release or withdrawal status are checked in the source images.","https://catalog.archives.gov/id/470761217","https://catalog.archives.gov/medialz/presidential-libraries/bush/gb-nsc/H-Files/NSC-DC_Mtgs_312294079/41-bpr-nsc-hfiles-dc_mtgs-216_2-90017-011.pdf"
"lead-470761219","1990-11-07","NSC/DC 218—November 07, 1990—NSC/DC Meeting on Computers, Keywords: CPU","National Security Council Deputies Committee Meeting File: NSC/DC 218—November 07, 1990—NSC/DC Meeting on Computers, Keywords: CPU","November 7, 1990","NSC/Deputies Committee file","Strategic Trade, Technology, and Investment Controls","Core","Online file unit; item audit pending","105","","105 PDF pages; document-level release and withdrawal audit pending","Mixed; document-level audit required","470761219","90017–013","locator","George H.W. Bush Library, Bush Presidential Records, National Security Council, H-Files, NSC/DC Meetings Files, OA/ID 90017–013, NSC/DC 218—November 07, 1990—NSC/DC Meeting on Computers, Keywords: CPU.","Direct Volume XXX review. The November 7 meeting record addresses computer export applications and policy questions involving China, Brazil, and other destinations. Promote individual documents only after the heading, dateline, terminal marking, and release or withdrawal status are checked in the source images.","https://catalog.archives.gov/id/470761219","https://catalog.archives.gov/medialz/presidential-libraries/bush/gb-nsc/H-Files/NSC-DC_Mtgs_312294079/41-bpr-nsc-hfiles-dc_mtgs-218-90017-013.pdf"
"lead-470761222","1990-11-08","NSC/DC 220—November 08, 1990—NSC/DC Meeting on Computers, Keywords: Computers, COCOM, Technology Transfers","National Security Council Deputies Committee Meeting File: NSC/DC 220—November 08, 1990—NSC/DC Meeting on Computers, Keywords: Computers, COCOM, Technology Transfers","November 8, 1990","NSC/Deputies Committee file","Strategic Trade, Technology, and Investment Controls","Core","Online file unit; item audit pending","39","","39 PDF pages; document-level release and withdrawal audit pending","Mixed; document-level audit required","470761222","90017–016","locator","George H.W. Bush Library, Bush Presidential Records, National Security Council, H-Files, NSC/DC Meetings Files, OA/ID 90017–016, NSC/DC 220—November 08, 1990—NSC/DC Meeting on Computers, Keywords: Computers, COCOM, Technology Transfers.","Direct Volume XXX review. The folder includes the November 8 minutes and summary of conclusions on computer controls. Promote individual documents only after the heading, dateline, terminal marking, and release or withdrawal status are checked in the source images.","https://catalog.archives.gov/id/470761222","https://catalog.archives.gov/medialz/presidential-libraries/bush/gb-nsc/H-Files/NSC-DC_Mtgs_312294079/41-bpr-nsc-hfiles-dc_mtgs-220-90017-016.pdf"
"lead-470761224","1990-11-13","NSC/DC 222—November 13, 1990—NSC/DC Meeting on Computers, Keywords: Korea, Korea South, Korea North","National Security Council Deputies Committee Meeting File: NSC/DC 222—November 13, 1990—NSC/DC Meeting on Computers, Keywords: Korea, Korea South, Korea North","November 13, 1990","NSC/Deputies Committee file","Strategic Trade, Technology, and Investment Controls","Core","Online file unit; item audit pending","15","","15 PDF pages; document-level release and withdrawal audit pending","Mixed; document-level audit required","470761224","90017–018","locator","George H.W. Bush Library, Bush Presidential Records, National Security Council, H-Files, NSC/DC Meetings Files, OA/ID 90017–018, NSC/DC 222—November 13, 1990—NSC/DC Meeting on Computers, Keywords: Korea, Korea South, Korea North.","Direct Volume XXX review. The compact file preserves duplicate copies of the November 13 computer-control minutes and the summary of conclusions; deduplicate before item-level promotion. Promote individual documents only after the heading, dateline, terminal marking, and release or withdrawal status are checked in the source images.","https://catalog.archives.gov/id/470761224","https://catalog.archives.gov/medialz/presidential-libraries/bush/gb-nsc/H-Files/NSC-DC_Mtgs_312294079/41-bpr-nsc-hfiles-dc_mtgs-222-90017-018.pdf"
"lead-470761236","1990-12-20","NSC/DC 233—December 20, 1990—NSC/DC Meeting on Export Administration Act and CBW, Keywords: Export, Administration Act, CBW","National Security Council Deputies Committee Meeting File: NSC/DC 233—December 20, 1990—NSC/DC Meeting on Export Administration Act and CBW, Keywords: Export, Administration Act, CBW","December 20, 1990","NSC/Deputies Committee file","Strategic Trade, Technology, and Investment Controls","Core","Online file unit; item audit pending","75","","75 PDF pages; document-level release and withdrawal audit pending","Mixed; document-level audit required","470761236","90018–007","locator","George H.W. Bush Library, Bush Presidential Records, National Security Council, H-Files, NSC/DC Meetings Files, OA/ID 90018–007, NSC/DC 233—December 20, 1990—NSC/DC Meeting on Export Administration Act and CBW, Keywords: Export, Administration Act, CBW.","Direct Volume XXX review. The minutes and summary document decisions on the Export Administration Act and chemical and biological weapons controls. Promote individual documents only after the heading, dateline, terminal marking, and release or withdrawal status are checked in the source images.","https://catalog.archives.gov/id/470761236","https://catalog.archives.gov/medialz/presidential-libraries/bush/gb-nsc/H-Files/NSC-DC_Mtgs_312294079/41-bpr-nsc-hfiles-dc_mtgs-233-90018-007.pdf"
"lead-470761265","1991-02-13","NSC/DC 255B—February 13, 1991—NSC/DC Meeting on Persian Gulf via SVTS, Keywords: Persian Gulf","National Security Council Deputies Committee Meeting File: NSC/DC 255B—February 13, 1991—NSC/DC Meeting on Persian Gulf via SVTS, Keywords: Persian Gulf","February 13, 1991","NSC/Deputies Committee file","Monetary Policy, Debt, and International Institutions","Boundary","Online file unit; item audit pending","205","","205 PDF pages; document-level release and withdrawal audit pending","Mixed; document-level audit required","470761265","90018–036","locator","George H.W. Bush Library, Bush Presidential Records, National Security Council, H-Files, NSC/DC Meetings Files, OA/ID 90018–036, NSC/DC 255B—February 13, 1991—NSC/DC Meeting on Persian Gulf via SVTS, Keywords: Persian Gulf.","Boundary review. The postwar Gulf packet contains an eight-page economic-issues outline, reconstruction material, and memoranda to Scowcroft and the President; route against the Gulf volume. Promote individual documents only after the heading, dateline, terminal marking, and release or withdrawal status are checked in the source images.","https://catalog.archives.gov/id/470761265","https://catalog.archives.gov/medialz/presidential-libraries/bush/gb-nsc/H-Files/NSC-DC_Mtgs_312294079/41-bpr-nsc-hfiles-dc_mtgs-255b-90018-036.pdf"
"lead-470761267","1991-02-14","NSC/DC 257—February 14, 1991—NSC/DC Meeting on Computers / Export Control, Keywords: Computers, Export Controls","National Security Council Deputies Committee Meeting File: NSC/DC 257—February 14, 1991—NSC/DC Meeting on Computers / Export Control, Keywords: Computers, Export Controls","February 14, 1991","NSC/Deputies Committee file","Strategic Trade, Technology, and Investment Controls","Core","Online file unit; item audit pending","112","","112 PDF pages; document-level release and withdrawal audit pending","Mixed; document-level audit required","470761267","90018–038","locator","George H.W. Bush Library, Bush Presidential Records, National Security Council, H-Files, NSC/DC Meetings Files, OA/ID 90018–038, NSC/DC 257—February 14, 1991—NSC/DC Meeting on Computers / Export Control, Keywords: Computers, Export Controls.","Direct Volume XXX review. The file preserves the February 14 minutes and extensive background on computer and export-control policy. Promote individual documents only after the heading, dateline, terminal marking, and release or withdrawal status are checked in the source images.","https://catalog.archives.gov/id/470761267","https://catalog.archives.gov/medialz/presidential-libraries/bush/gb-nsc/H-Files/NSC-DC_Mtgs_312294079/41-bpr-nsc-hfiles-dc_mtgs-257-90018-038.pdf"
"lead-470761268","1991-02-19","NSC/DC 258—February 19, 1991—NSC/DC Meeting on Export Control Issues, Keywords: Export Controls, Computers","National Security Council Deputies Committee Meeting File: NSC/DC 258—February 19, 1991—NSC/DC Meeting on Export Control Issues, Keywords: Export Controls, Computers","February 19, 1991","NSC/Deputies Committee file","Strategic Trade, Technology, and Investment Controls","Core","Online file unit; item audit pending","28","","28 PDF pages; document-level release and withdrawal audit pending","Mixed; document-level audit required","470761268","90018–039","locator","George H.W. Bush Library, Bush Presidential Records, National Security Council, H-Files, NSC/DC Meetings Files, OA/ID 90018–039, NSC/DC 258—February 19, 1991—NSC/DC Meeting on Export Control Issues, Keywords: Export Controls, Computers.","Direct Volume XXX review. The February 19 folder contains minutes, a summary, and options for computer-control negotiations in COCOM. Promote individual documents only after the heading, dateline, terminal marking, and release or withdrawal status are checked in the source images.","https://catalog.archives.gov/id/470761268","https://catalog.archives.gov/medialz/presidential-libraries/bush/gb-nsc/H-Files/NSC-DC_Mtgs_312294079/41-bpr-nsc-hfiles-dc_mtgs-258-90018-039.pdf"
"lead-470761277","1991-04-04","NSC/DC 264—April 04, 1991—NSC/DC Meeting on Philippine-American Cooperation Treaty, Keywords: Philippines, Economic Assistance [1]","National Security Council Deputies Committee Meeting File: NSC/DC 264—April 04, 1991—NSC/DC Meeting on Philippine-American Cooperation Treaty, Keywords: Philippines, Economic Assistance [1]","April 4, 1991","NSC/Deputies Committee file","Monetary Policy, Debt, and International Institutions","Boundary","Online file unit; item audit pending","60","","60 PDF pages; document-level release and withdrawal audit pending","Mixed; document-level audit required","470761277","90019–008","locator","George H.W. Bush Library, Bush Presidential Records, National Security Council, H-Files, NSC/DC Meetings Files, OA/ID 90019–008, NSC/DC 264—April 04, 1991—NSC/DC Meeting on Philippine-American Cooperation Treaty, Keywords: Philippines, Economic Assistance [1].","Boundary review. Part 1 of the Philippine-American Cooperation Treaty packet includes debt-reduction, financing, Japanese-assistance, and trade-compensation options. Promote individual documents only after the heading, dateline, terminal marking, and release or withdrawal status are checked in the source images.","https://catalog.archives.gov/id/470761277","https://catalog.archives.gov/medialz/presidential-libraries/bush/gb-nsc/H-Files/NSC-DC_Mtgs_312294079/41-bpr-nsc-hfiles-dc_mtgs-264_1-90019-008.pdf"
"lead-470761278","1991-04-04","NSC/DC 264—April 04, 1991—NSC/DC Meeting on Philippine-American Cooperation Treaty, Keywords: Philippines, Economic Assistance [2]","National Security Council Deputies Committee Meeting File: NSC/DC 264—April 04, 1991—NSC/DC Meeting on Philippine-American Cooperation Treaty, Keywords: Philippines, Economic Assistance [2]","April 4, 1991","NSC/Deputies Committee file","Monetary Policy, Debt, and International Institutions","Boundary","Online file unit; item audit pending","60","","60 PDF pages; document-level release and withdrawal audit pending","Mixed; document-level audit required","470761278","90019–009","locator","George H.W. Bush Library, Bush Presidential Records, National Security Council, H-Files, NSC/DC Meetings Files, OA/ID 90019–009, NSC/DC 264—April 04, 1991—NSC/DC Meeting on Philippine-American Cooperation Treaty, Keywords: Philippines, Economic Assistance [2].","Boundary review. Part 2 adds proposals for ESF and FMF use, debt service, and the Multilateral Assistance Initiative; compare all five parts. Promote individual documents only after the heading, dateline, terminal marking, and release or withdrawal status are checked in the source images.","https://catalog.archives.gov/id/470761278","https://catalog.archives.gov/medialz/presidential-libraries/bush/gb-nsc/H-Files/NSC-DC_Mtgs_312294079/41-bpr-nsc-hfiles-dc_mtgs-264_2-90019-009.pdf"
"lead-470761279","1991-04-04","NSC/DC 264—April 04, 1991—NSC/DC Meeting on Philippine-American Cooperation Treaty, Keywords: Philippines, Economic Assistance [3]","National Security Council Deputies Committee Meeting File: NSC/DC 264—April 04, 1991—NSC/DC Meeting on Philippine-American Cooperation Treaty, Keywords: Philippines, Economic Assistance [3]","April 4, 1991","NSC/Deputies Committee file","Monetary Policy, Debt, and International Institutions","Boundary","Online file unit; item audit pending","90","","90 PDF pages; document-level release and withdrawal audit pending","Mixed; document-level audit required","470761279","90019–010","locator","George H.W. Bush Library, Bush Presidential Records, National Security Council, H-Files, NSC/DC Meetings Files, OA/ID 90019–010, NSC/DC 264—April 04, 1991—NSC/DC Meeting on Philippine-American Cooperation Treaty, Keywords: Philippines, Economic Assistance [3].","Boundary review. Part 3 repeats and extends the debt-reduction, financing, Japanese-participation, and trade-compensation record. Promote individual documents only after the heading, dateline, terminal marking, and release or withdrawal status are checked in the source images.","https://catalog.archives.gov/id/470761279","https://catalog.archives.gov/medialz/presidential-libraries/bush/gb-nsc/H-Files/NSC-DC_Mtgs_312294079/41-bpr-nsc-hfiles-dc_mtgs-264_3-90019-010.pdf"
"lead-470761280","1991-04-04","NSC/DC 264—April 04, 1991—NSC/DC Meeting on Philippine-American Cooperation Treaty, Keywords: Philippines, Economic Assistance [4]","National Security Council Deputies Committee Meeting File: NSC/DC 264—April 04, 1991—NSC/DC Meeting on Philippine-American Cooperation Treaty, Keywords: Philippines, Economic Assistance [4]","April 4, 1991","NSC/Deputies Committee file","Monetary Policy, Debt, and International Institutions","Boundary","Online file unit; item audit pending","48","","48 PDF pages; document-level release and withdrawal audit pending","Mixed; document-level audit required","470761280","90019–011","locator","George H.W. Bush Library, Bush Presidential Records, National Security Council, H-Files, NSC/DC Meetings Files, OA/ID 90019–011, NSC/DC 264—April 04, 1991—NSC/DC Meeting on Philippine-American Cooperation Treaty, Keywords: Philippines, Economic Assistance [4].","Boundary review. Part 4 is a parallel packet for the April 4 meeting; retain only distinct decision records or materially different drafts. Promote individual documents only after the heading, dateline, terminal marking, and release or withdrawal status are checked in the source images.","https://catalog.archives.gov/id/470761280","https://catalog.archives.gov/medialz/presidential-libraries/bush/gb-nsc/H-Files/NSC-DC_Mtgs_312294079/41-bpr-nsc-hfiles-dc_mtgs-264_4-90019-011.pdf"
"lead-470761281","1991-04-04","NSC/DC 264—April 04, 1991—NSC/DC Meeting on Philippine-American Cooperation Treaty, Keywords: Philippines, Economic Assistance [5]","National Security Council Deputies Committee Meeting File: NSC/DC 264—April 04, 1991—NSC/DC Meeting on Philippine-American Cooperation Treaty, Keywords: Philippines, Economic Assistance [5]","April 4, 1991","NSC/Deputies Committee file","Monetary Policy, Debt, and International Institutions","Boundary","Online file unit; item audit pending","59","","59 PDF pages; document-level release and withdrawal audit pending","Mixed; document-level audit required","470761281","90019–012","locator","George H.W. Bush Library, Bush Presidential Records, National Security Council, H-Files, NSC/DC Meetings Files, OA/ID 90019–012, NSC/DC 264—April 04, 1991—NSC/DC Meeting on Philippine-American Cooperation Treaty, Keywords: Philippines, Economic Assistance [5].","Boundary review. Part 5 includes FMS debt projections and Multilateral Assistance Initiative material; deduplicate against parts 1 through 4. Promote individual documents only after the heading, dateline, terminal marking, and release or withdrawal status are checked in the source images.","https://catalog.archives.gov/id/470761281","https://catalog.archives.gov/medialz/presidential-libraries/bush/gb-nsc/H-Files/NSC-DC_Mtgs_312294079/41-bpr-nsc-hfiles-dc_mtgs-264_5-90019-012.pdf"
"lead-352356450","1991-05-08","NSC/DC 278—May 08, 1991—NSC/DC Meeting on Strategic Petroleum Reserve / SPR, Keywords: Oil, Energy","National Security Council Deputies Committee Meeting File: NSC/DC 278—May 08, 1991—NSC/DC Meeting on Strategic Petroleum Reserve / SPR, Keywords: Oil, Energy","May 8, 1991","NSC/Deputies Committee file","Monetary Policy, Debt, and International Institutions","Core","Online file unit; item audit pending","65","","65 PDF pages; document-level release and withdrawal audit pending","Mixed; document-level audit required","352356450","90019–028","locator","George H.W. Bush Library, Bush Presidential Records, National Security Council, H-Files, NSC/DC Meetings Files, OA/ID 90019–028, NSC/DC 278—May 08, 1991—NSC/DC Meeting on Strategic Petroleum Reserve / SPR, Keywords: Oil, Energy.","Direct Volume XXX review. The released minutes, summary, and decision papers address Strategic Petroleum Reserve acquisition choices and their fiscal and energy-policy effects. Promote individual documents only after the heading, dateline, terminal marking, and release or withdrawal status are checked in the source images.","https://catalog.archives.gov/id/352356450","https://catalog.archives.gov/medialz/presidential-libraries/bush/gb-nsc/H-Files/NSC-DC_Mtgs_312294079/41-bpr-nsc-hfiles-dc_mtgs-278-90019-028.pdf"
"lead-470761303","1991-05-31","NSC/DC 284—May 31, 1991—NSC/DC Meeting on Middle East Export Control Policy, Keywords: Middle East, Export Controls","National Security Council Deputies Committee Meeting File: NSC/DC 284—May 31, 1991—NSC/DC Meeting on Middle East Export Control Policy, Keywords: Middle East, Export Controls","May 31, 1991","NSC/Deputies Committee file","Strategic Trade, Technology, and Investment Controls","Core","Online file unit; item audit pending","68","","68 PDF pages; document-level release and withdrawal audit pending","Mixed; document-level audit required","470761303","90020–003","locator","George H.W. Bush Library, Bush Presidential Records, National Security Council, H-Files, NSC/DC Meetings Files, OA/ID 90020–003, NSC/DC 284—May 31, 1991—NSC/DC Meeting on Middle East Export Control Policy, Keywords: Middle East, Export Controls.","Direct Volume XXX review. The folder contains the summary and policy papers for a review of Middle East export-control policy; retain regional cross-references. Promote individual documents only after the heading, dateline, terminal marking, and release or withdrawal status are checked in the source images.","https://catalog.archives.gov/id/470761303","https://catalog.archives.gov/medialz/presidential-libraries/bush/gb-nsc/H-Files/NSC-DC_Mtgs_312294079/41-bpr-nsc-hfiles-dc_mtgs-284-90020-003.pdf"
"lead-470761329","1991-08-28","NSC/DC 308—August 28, 1991—NSC/DC Meeting re: Humanitarian Assistance to USSR, Keywords: USSR, Economic Assistance","National Security Council Deputies Committee Meeting File: NSC/DC 308—August 28, 1991—NSC/DC Meeting re: Humanitarian Assistance to USSR, Keywords: USSR, Economic Assistance","August 28, 1991","NSC/Deputies Committee file","Transition Economies and International Economic Strategy","Core","Online file unit; item audit pending","65","","65 PDF pages; document-level release and withdrawal audit pending","Mixed; document-level audit required","470761329","90020–030","locator","George H.W. Bush Library, Bush Presidential Records, National Security Council, H-Files, NSC/DC Meetings Files, OA/ID 90020–030, NSC/DC 308—August 28, 1991—NSC/DC Meeting re: Humanitarian Assistance to USSR, Keywords: USSR, Economic Assistance.","Direct Volume XXX review. The packet combines humanitarian-assistance planning with papers on international economic cooperation with the Soviet Union and a Sherpa meeting. Promote individual documents only after the heading, dateline, terminal marking, and release or withdrawal status are checked in the source images.","https://catalog.archives.gov/id/470761329","https://catalog.archives.gov/medialz/presidential-libraries/bush/gb-nsc/H-Files/NSC-DC_Mtgs_312294079/41-bpr-nsc-hfiles-dc_mtgs-308-90020-030.pdf"
"lead-470761336","1991-09-27","NSC/DC 313A—September 27, 1991—NSC/DC Meeting re: International Coordination of Humanitarian Assistance to USSR, Keywords: USSR, Economic Assistance","National Security Council Deputies Committee Meeting File: NSC/DC 313A—September 27, 1991—NSC/DC Meeting re: International Coordination of Humanitarian Assistance to USSR, Keywords: USSR, Economic Assistance","September 27, 1991","NSC/Deputies Committee file","Transition Economies and International Economic Strategy","Core","Online file unit; item audit pending","11","","11 PDF pages; document-level release and withdrawal audit pending","Mixed; document-level audit required","470761336","90021–001","locator","George H.W. Bush Library, Bush Presidential Records, National Security Council, H-Files, NSC/DC Meetings Files, OA/ID 90021–001, NSC/DC 313A—September 27, 1991—NSC/DC Meeting re: International Coordination of Humanitarian Assistance to USSR, Keywords: USSR, Economic Assistance.","Direct Volume XXX review. This short follow-up file concerns international coordination of humanitarian assistance to the Soviet Union. Promote individual documents only after the heading, dateline, terminal marking, and release or withdrawal status are checked in the source images.","https://catalog.archives.gov/id/470761336","https://catalog.archives.gov/medialz/presidential-libraries/bush/gb-nsc/H-Files/NSC-DC_Mtgs_312294079/41-bpr-nsc-hfiles-dc_mtgs-313a-90021-001.pdf"
"lead-470761339","1991-10-25","NSC/DC 316—October 25, 1991—NSC/DC Meeting on Haiti, Keywords: Haiti","National Security Council Deputies Committee Meeting File: NSC/DC 316—October 25, 1991—NSC/DC Meeting on Haiti, Keywords: Haiti","October 25, 1991","NSC/Deputies Committee file","Strategic Trade, Technology, and Investment Controls","Boundary","Online file unit; item audit pending","69","","69 PDF pages; document-level release and withdrawal audit pending","Mixed; document-level audit required","470761339","90021–004","locator","George H.W. Bush Library, Bush Presidential Records, National Security Council, H-Files, NSC/DC Meetings Files, OA/ID 90021–004, NSC/DC 316—October 25, 1991—NSC/DC Meeting on Haiti, Keywords: Haiti.","Boundary review. The Haiti meeting file includes trade-sanctions papers and a proposed executive order imposing financial sanctions; route against the Latin America volume. Promote individual documents only after the heading, dateline, terminal marking, and release or withdrawal status are checked in the source images.","https://catalog.archives.gov/id/470761339","https://catalog.archives.gov/medialz/presidential-libraries/bush/gb-nsc/H-Files/NSC-DC_Mtgs_312294079/41-bpr-nsc-hfiles-dc_mtgs-316-90021-004.pdf"
"lead-470761340","1991-10-29","NSC/DC 317—October 29, 1991—NSC/DC Meeting re: Intra COCOM Trade in MTCR Annex Items, Keywords: COCOM, MTCR, Non-Proliferation, Arms Control","National Security Council Deputies Committee Meeting File: NSC/DC 317—October 29, 1991—NSC/DC Meeting re: Intra COCOM Trade in MTCR Annex Items, Keywords: COCOM, MTCR, Non-Proliferation, Arms Control","October 29, 1991","NSC/Deputies Committee file","Strategic Trade, Technology, and Investment Controls","Core","Online file unit; item audit pending","41","","41 PDF pages; document-level release and withdrawal audit pending","Mixed; document-level audit required","470761340","90021–005","locator","George H.W. Bush Library, Bush Presidential Records, National Security Council, H-Files, NSC/DC Meetings Files, OA/ID 90021–005, NSC/DC 317—October 29, 1991—NSC/DC Meeting re: Intra COCOM Trade in MTCR Annex Items, Keywords: COCOM, MTCR, Non-Proliferation, Arms Control.","Direct Volume XXX review. The file contains minutes, a summary, and a decision paper on intra-COCOM trade in MTCR Annex items. Promote individual documents only after the heading, dateline, terminal marking, and release or withdrawal status are checked in the source images.","https://catalog.archives.gov/id/470761340","https://catalog.archives.gov/medialz/presidential-libraries/bush/gb-nsc/H-Files/NSC-DC_Mtgs_312294079/41-bpr-nsc-hfiles-dc_mtgs-317-90021-005.pdf"
"lead-470761346","1991-12-02","NSC/DC 323—December 2, 1991—NSC/DC Meeting re: Libyan-Sanctions for Pan Am 103, Keywords: Libya, Pan Am 103, Sanctions","National Security Council Deputies Committee Meeting File: NSC/DC 323—December 2, 1991—NSC/DC Meeting re: Libyan-Sanctions for Pan Am 103, Keywords: Libya, Pan Am 103, Sanctions","December 2, 1991","NSC/Deputies Committee file","Strategic Trade, Technology, and Investment Controls","Boundary","Online file unit; item audit pending","55","","55 PDF pages; document-level release and withdrawal audit pending","Mixed; document-level audit required","470761346","90021–011","locator","George H.W. Bush Library, Bush Presidential Records, National Security Council, H-Files, NSC/DC Meetings Files, OA/ID 90021–011, NSC/DC 323—December 2, 1991—NSC/DC Meeting re: Libyan-Sanctions for Pan Am 103, Keywords: Libya, Pan Am 103, Sanctions.","Boundary review. The Deputies Committee packet develops a sanctions menu and allied consultation strategy after the Pan Am 103 indictments; route against the terrorism and regional volumes. Promote individual documents only after the heading, dateline, terminal marking, and release or withdrawal status are checked in the source images.","https://catalog.archives.gov/id/470761346","https://catalog.archives.gov/medialz/presidential-libraries/bush/gb-nsc/H-Files/NSC-DC_Mtgs_312294079/41-bpr-nsc-hfiles-dc_mtgs-323-90021-011.pdf"
"lead-470761347","1991-12-05","NSC/DC 324—December 05, 1991—NSC/DC Meeting re: Machine Tool Voluntary Restraint Agreements, Keywords: International Trade","National Security Council Deputies Committee Meeting File: NSC/DC 324—December 05, 1991—NSC/DC Meeting re: Machine Tool Voluntary Restraint Agreements, Keywords: International Trade","December 5, 1991","NSC/Deputies Committee file","Trade Policy and Market Access","Core","Online file unit; item audit pending","53","","53 PDF pages; document-level release and withdrawal audit pending","Mixed; document-level audit required","470761347","90021–012","locator","George H.W. Bush Library, Bush Presidential Records, National Security Council, H-Files, NSC/DC Meetings Files, OA/ID 90021–012, NSC/DC 324—December 05, 1991—NSC/DC Meeting re: Machine Tool Voluntary Restraint Agreements, Keywords: International Trade.","Direct Volume XXX review. The file presents machine-tool voluntary-restraint options and the Deputies Committee briefing record. Promote individual documents only after the heading, dateline, terminal marking, and release or withdrawal status are checked in the source images.","https://catalog.archives.gov/id/470761347","https://catalog.archives.gov/medialz/presidential-libraries/bush/gb-nsc/H-Files/NSC-DC_Mtgs_312294079/41-bpr-nsc-hfiles-dc_mtgs-324-90021-012.pdf"
"lead-470761348","1991-12-13","NSC/DC 325—December 13, 1991—NSC/DC Meeting re: Yugoslavia, Keywords: Yugoslavia","National Security Council Deputies Committee Meeting File: NSC/DC 325—December 13, 1991—NSC/DC Meeting re: Yugoslavia, Keywords: Yugoslavia","December 13, 1991","NSC/Deputies Committee file","Strategic Trade, Technology, and Investment Controls","Boundary","Online file unit; item audit pending","122","","122 PDF pages; document-level release and withdrawal audit pending","Mixed; document-level audit required","470761348","90021–013","locator","George H.W. Bush Library, Bush Presidential Records, National Security Council, H-Files, NSC/DC Meetings Files, OA/ID 90021–013, NSC/DC 325—December 13, 1991—NSC/DC Meeting re: Yugoslavia, Keywords: Yugoslavia.","Boundary review. The Yugoslavia packet weighs selective sanctions, a trade embargo, and the impact of an oil embargo; route against the Western Europe volume. Promote individual documents only after the heading, dateline, terminal marking, and release or withdrawal status are checked in the source images.","https://catalog.archives.gov/id/470761348","https://catalog.archives.gov/medialz/presidential-libraries/bush/gb-nsc/H-Files/NSC-DC_Mtgs_312294079/41-bpr-nsc-hfiles-dc_mtgs-325-90021-013.pdf"
"lead-470761353","1991-12-23","NSC/DC 330—December 23, 1991—NSC/DC Meeting on Yugoslavia, Keywords: Yugoslavia","National Security Council Deputies Committee Meeting File: NSC/DC 330—December 23, 1991—NSC/DC Meeting on Yugoslavia, Keywords: Yugoslavia","December 23, 1991","NSC/Deputies Committee file","Strategic Trade, Technology, and Investment Controls","Boundary","Online file unit; item audit pending","83","","83 PDF pages; document-level release and withdrawal audit pending","Mixed; document-level audit required","470761353","90021–018","locator","George H.W. Bush Library, Bush Presidential Records, National Security Council, H-Files, NSC/DC Meetings Files, OA/ID 90021–018, NSC/DC 330—December 23, 1991—NSC/DC Meeting on Yugoslavia, Keywords: Yugoslavia.","Boundary review. The December 23 review links recognition policy to selective sanctions and possible relief or escalation; compare it with the December 13 packet. Promote individual documents only after the heading, dateline, terminal marking, and release or withdrawal status are checked in the source images.","https://catalog.archives.gov/id/470761353","https://catalog.archives.gov/medialz/presidential-libraries/bush/gb-nsc/H-Files/NSC-DC_Mtgs_312294079/41-bpr-nsc-hfiles-dc_mtgs-330-90021-018.pdf"
"lead-470761355","1992-01-17","NSC/DC 332—January 17, 1992—NSC/DC Meeting on Combating Spread of Militarily Useful Technology FM Former Soviet Union, Keywords: Technology Transfers, USSR, Non-Proliferation","National Security Council Deputies Committee Meeting File: NSC/DC 332—January 17, 1992—NSC/DC Meeting on Combating Spread of Militarily Useful Technology FM Former Soviet Union, Keywords: Technology Transfers, USSR, Non-Proliferation","January 17, 1992","NSC/Deputies Committee file","Strategic Trade, Technology, and Investment Controls","Core","Online file unit; item audit pending","74","","74 PDF pages; document-level release and withdrawal audit pending","Mixed; document-level audit required","470761355","90021–020","locator","George H.W. Bush Library, Bush Presidential Records, National Security Council, H-Files, NSC/DC Meetings Files, OA/ID 90021–020, NSC/DC 332—January 17, 1992—NSC/DC Meeting on Combating Spread of Militarily Useful Technology FM Former Soviet Union, Keywords: Technology Transfers, USSR, Non-Proliferation.","Direct Volume XXX review. The minutes and issue papers address the spread of militarily useful technology from the former Soviet Union. Promote individual documents only after the heading, dateline, terminal marking, and release or withdrawal status are checked in the source images.","https://catalog.archives.gov/id/470761355","https://catalog.archives.gov/medialz/presidential-libraries/bush/gb-nsc/H-Files/NSC-DC_Mtgs_312294079/41-bpr-nsc-hfiles-dc_mtgs-332-90021-020.pdf"
"lead-470761356","1992-01-31","NSC/DC 333—January 31, 1992—NSC/DC Meeting re: Iran and Export Controls, Keywords: Iran Export Controls","National Security Council Deputies Committee Meeting File: NSC/DC 333—January 31, 1992—NSC/DC Meeting re: Iran and Export Controls, Keywords: Iran Export Controls","January 31, 1992","NSC/Deputies Committee file","Strategic Trade, Technology, and Investment Controls","Core","Online file unit; item audit pending","102","","102 PDF pages; document-level release and withdrawal audit pending","Mixed; document-level audit required","470761356","90021–021","locator","George H.W. Bush Library, Bush Presidential Records, National Security Council, H-Files, NSC/DC Meetings Files, OA/ID 90021–021, NSC/DC 333—January 31, 1992—NSC/DC Meeting re: Iran and Export Controls, Keywords: Iran Export Controls.","Direct Volume XXX review. The Iran packet contains political-response and export-control papers; compare it with NSC/DC 336 and the November COCOM Cooperation Forum review. Promote individual documents only after the heading, dateline, terminal marking, and release or withdrawal status are checked in the source images.","https://catalog.archives.gov/id/470761356","https://catalog.archives.gov/medialz/presidential-libraries/bush/gb-nsc/H-Files/NSC-DC_Mtgs_312294079/41-bpr-nsc-hfiles-dc_mtgs-333-90021-021.pdf"
"lead-470761359","1992-02-13","NSC/DC 336—February 13, 1992—NSC/DC Meeting on Export Controls, Keywords: Export Controls","National Security Council Deputies Committee Meeting File: NSC/DC 336—February 13, 1992—NSC/DC Meeting on Export Controls, Keywords: Export Controls","February 13, 1992","NSC/Deputies Committee file","Strategic Trade, Technology, and Investment Controls","Core","Online file unit; item audit pending","134","","134 PDF pages; document-level release and withdrawal audit pending","Mixed; document-level audit required","470761359","90021–024","locator","George H.W. Bush Library, Bush Presidential Records, National Security Council, H-Files, NSC/DC Meetings Files, OA/ID 90021–024, NSC/DC 336—February 13, 1992—NSC/DC Meeting on Export Controls, Keywords: Export Controls.","Direct Volume XXX review. The folder centers on export-control and licensing policy toward Iran and options for multilateral implementation. Promote individual documents only after the heading, dateline, terminal marking, and release or withdrawal status are checked in the source images.","https://catalog.archives.gov/id/470761359","https://catalog.archives.gov/medialz/presidential-libraries/bush/gb-nsc/H-Files/NSC-DC_Mtgs_312294079/41-bpr-nsc-hfiles-dc_mtgs-336-90021-024.pdf"
"lead-470761360","1992-02-14","NSC/DC 337—February 14, 1992—NSC/DC Meeting on Counternarcotics / San Antonio Summit, Keywords: Drugs, Latin America","National Security Council Deputies Committee Meeting File: NSC/DC 337—February 14, 1992—NSC/DC Meeting on Counternarcotics / San Antonio Summit, Keywords: Drugs, Latin America","February 14, 1992","NSC/Deputies Committee file","Monetary Policy, Debt, and International Institutions","Boundary","Online file unit; item audit pending","123","","123 PDF pages; document-level release and withdrawal audit pending","Mixed; document-level audit required","470761360","90021–025","locator","George H.W. Bush Library, Bush Presidential Records, National Security Council, H-Files, NSC/DC Meetings Files, OA/ID 90021–025, NSC/DC 337—February 14, 1992—NSC/DC Meeting on Counternarcotics / San Antonio Summit, Keywords: Drugs, Latin America.","Boundary review. The summit packet includes strategies in the economic and financial areas and a review of U.S. economic assistance; route against the Latin America and counternarcotics volumes. Promote individual documents only after the heading, dateline, terminal marking, and release or withdrawal status are checked in the source images.","https://catalog.archives.gov/id/470761360","https://catalog.archives.gov/medialz/presidential-libraries/bush/gb-nsc/H-Files/NSC-DC_Mtgs_312294079/41-bpr-nsc-hfiles-dc_mtgs-337-90021-025.pdf"
"lead-470761362","1992-03-11","NSC/DC 339—March 11, 1992—NSC/DC Meeting on Iraq, Keywords: Iraq","National Security Council Deputies Committee Meeting File: NSC/DC 339—March 11, 1992—NSC/DC Meeting on Iraq, Keywords: Iraq","March 11, 1992","NSC/Deputies Committee file","Monetary Policy, Debt, and International Institutions","Boundary","Online file unit; item audit pending","166","","166 PDF pages; document-level release and withdrawal audit pending","Mixed; document-level audit required","470761362","90021–027","locator","George H.W. Bush Library, Bush Presidential Records, National Security Council, H-Files, NSC/DC Meetings Files, OA/ID 90021–027, NSC/DC 339—March 11, 1992—NSC/DC Meeting on Iraq, Keywords: Iraq.","Boundary review. The Iraq meeting includes options for financing UN operations and using frozen Iraqi oil proceeds; route against the Gulf volume. Promote individual documents only after the heading, dateline, terminal marking, and release or withdrawal status are checked in the source images.","https://catalog.archives.gov/id/470761362","https://catalog.archives.gov/medialz/presidential-libraries/bush/gb-nsc/H-Files/NSC-DC_Mtgs_312294079/41-bpr-nsc-hfiles-dc_mtgs-339-90021-027.pdf"
"lead-470761363","1992-03-17","NSC/DC 340—March 17, 1992—NSC/DC Meeting on Combating Spread of Militarily Useful Technology FM Former Soviet Union, Keywords: Technology Transfers, USSR","National Security Council Deputies Committee Meeting File: NSC/DC 340—March 17, 1992—NSC/DC Meeting on Combating Spread of Militarily Useful Technology FM Former Soviet Union, Keywords: Technology Transfers, USSR","March 17, 1992","NSC/Deputies Committee file","Strategic Trade, Technology, and Investment Controls","Core","Online file unit; item audit pending","55","","55 PDF pages; document-level release and withdrawal audit pending","Mixed; document-level audit required","470761363","90021–028","locator","George H.W. Bush Library, Bush Presidential Records, National Security Council, H-Files, NSC/DC Meetings Files, OA/ID 90021–028, NSC/DC 340—March 17, 1992—NSC/DC Meeting on Combating Spread of Militarily Useful Technology FM Former Soviet Union, Keywords: Technology Transfers, USSR.","Direct Volume XXX review. This follow-up meeting records decisions on limiting the spread of militarily useful technology from the former Soviet Union. Promote individual documents only after the heading, dateline, terminal marking, and release or withdrawal status are checked in the source images.","https://catalog.archives.gov/id/470761363","https://catalog.archives.gov/medialz/presidential-libraries/bush/gb-nsc/H-Files/NSC-DC_Mtgs_312294079/41-bpr-nsc-hfiles-dc_mtgs-340-90021-028.pdf"
"lead-470761366","1992-03-25","NSC/DC 342—March 25, 1992—NSC/DC Meeting on Non-Proliferation Initiative, Keywords: Non-Proliferation","National Security Council Deputies Committee Meeting File: NSC/DC 342—March 25, 1992—NSC/DC Meeting on Non-Proliferation Initiative, Keywords: Non-Proliferation","March 25, 1992","NSC/Deputies Committee file","Strategic Trade, Technology, and Investment Controls","Boundary","Online file unit; item audit pending","145","","145 PDF pages; document-level release and withdrawal audit pending","Mixed; document-level audit required","470761366","90022–001","locator","George H.W. Bush Library, Bush Presidential Records, National Security Council, H-Files, NSC/DC Meetings Files, OA/ID 90022–001, NSC/DC 342—March 25, 1992—NSC/DC Meeting on Non-Proliferation Initiative, Keywords: Non-Proliferation.","Boundary review. The broad nonproliferation initiative includes export-control measures but may belong primarily in a security volume; retain it for item-level cross-volume review. Promote individual documents only after the heading, dateline, terminal marking, and release or withdrawal status are checked in the source images.","https://catalog.archives.gov/id/470761366","https://catalog.archives.gov/medialz/presidential-libraries/bush/gb-nsc/H-Files/NSC-DC_Mtgs_312294079/41-bpr-nsc-hfiles-dc_mtgs-342-90022-001.pdf"
"lead-470761367","1992-03-26","NSC/DC 343—May 26, 1992—NSC/DC Meeting on Machine Tool Voluntary Restraint Arrangements / VRA, Keywords: International Trade, Japan","National Security Council Deputies Committee Meeting File: NSC/DC 343—May 26, 1992—NSC/DC Meeting on Machine Tool Voluntary Restraint Arrangements / VRA, Keywords: International Trade, Japan","March 26, 1992","NSC/Deputies Committee file","Trade Policy and Market Access","Core","Online file unit; item audit pending","105","","105 PDF pages; document-level release and withdrawal audit pending","Mixed; document-level audit required","470761367","90022–002","locator","George H.W. Bush Library, Bush Presidential Records, National Security Council, H-Files, NSC/DC Meetings Files, OA/ID 90022–002, NSC/DC 343—May 26, 1992—NSC/DC Meeting on Machine Tool Voluntary Restraint Arrangements / VRA, Keywords: International Trade, Japan.","Direct Volume XXX review. The meeting record reviews machine-tool VRAs, including Scowcroft and Treasury correspondence. Catalog coverage and the documents establish March 26, 1992; the folder title incorrectly says May 26. Promote individual documents only after the heading, dateline, terminal marking, and release or withdrawal status are checked in the source images.","https://catalog.archives.gov/id/470761367","https://catalog.archives.gov/medialz/presidential-libraries/bush/gb-nsc/H-Files/NSC-DC_Mtgs_312294079/41-bpr-nsc-hfiles-dc_mtgs-343-90022-002.pdf"
"lead-470761369","1992-04-09","NSC/DC 345—April 09, 1992—NSC/DC Meeting on Export Control Regulatory Reform, Keywords: Export Controls","National Security Council Deputies Committee Meeting File: NSC/DC 345—April 09, 1992—NSC/DC Meeting on Export Control Regulatory Reform, Keywords: Export Controls","April 9, 1992","NSC/Deputies Committee file","Strategic Trade, Technology, and Investment Controls","Core","Online file unit; item audit pending","60","","60 PDF pages; document-level release and withdrawal audit pending","Mixed; document-level audit required","470761369","90022–004","locator","George H.W. Bush Library, Bush Presidential Records, National Security Council, H-Files, NSC/DC Meetings Files, OA/ID 90022–004, NSC/DC 345—April 09, 1992—NSC/DC Meeting on Export Control Regulatory Reform, Keywords: Export Controls.","Direct Volume XXX review. The packet includes a summary of conclusions and issues papers for export-control regulatory reform. Promote individual documents only after the heading, dateline, terminal marking, and release or withdrawal status are checked in the source images.","https://catalog.archives.gov/id/470761369","https://catalog.archives.gov/medialz/presidential-libraries/bush/gb-nsc/H-Files/NSC-DC_Mtgs_312294079/41-bpr-nsc-hfiles-dc_mtgs-345-90022-004.pdf"
"lead-470761371","1992-04-22","NSC/DC 347—April 22, 1992—NSC/DC Meeting on Export Control Regulatory Review, Keywords: Export Controls [1]","National Security Council Deputies Committee Meeting File: NSC/DC 347—April 22, 1992—NSC/DC Meeting on Export Control Regulatory Review, Keywords: Export Controls [1]","April 22, 1992","NSC/Deputies Committee file","Strategic Trade, Technology, and Investment Controls","Core","Online file unit; item audit pending","87","","87 PDF pages; document-level release and withdrawal audit pending","Mixed; document-level audit required","470761371","90022–006","locator","George H.W. Bush Library, Bush Presidential Records, National Security Council, H-Files, NSC/DC Meetings Files, OA/ID 90022–006, NSC/DC 347—April 22, 1992—NSC/DC Meeting on Export Control Regulatory Review, Keywords: Export Controls [1].","Direct Volume XXX review. Part 1 contains the April 22 briefing and reform papers on defense trade, industry concerns, and regulatory review. Promote individual documents only after the heading, dateline, terminal marking, and release or withdrawal status are checked in the source images.","https://catalog.archives.gov/id/470761371","https://catalog.archives.gov/medialz/presidential-libraries/bush/gb-nsc/H-Files/NSC-DC_Mtgs_312294079/41-bpr-nsc-hfiles-dc_mtgs-347_1-90022-006.pdf"
"lead-470761372","1992-04-22","NSC/DC 347—April 22, 1992—NSC/DC Meeting on Export Control Regulatory Review, Keywords: Export Controls [2]","National Security Council Deputies Committee Meeting File: NSC/DC 347—April 22, 1992—NSC/DC Meeting on Export Control Regulatory Review, Keywords: Export Controls [2]","April 22, 1992","NSC/Deputies Committee file","Strategic Trade, Technology, and Investment Controls","Core","Online file unit; item audit pending","92","","92 PDF pages; document-level release and withdrawal audit pending","Mixed; document-level audit required","470761372","90022–007","locator","George H.W. Bush Library, Bush Presidential Records, National Security Council, H-Files, NSC/DC Meetings Files, OA/ID 90022–007, NSC/DC 347—April 22, 1992—NSC/DC Meeting on Export Control Regulatory Review, Keywords: Export Controls [2].","Direct Volume XXX review. Part 2 contains implementation and follow-up records for the April 22 decisions; deduplicate repeated reform papers with part 1. Promote individual documents only after the heading, dateline, terminal marking, and release or withdrawal status are checked in the source images.","https://catalog.archives.gov/id/470761372","https://catalog.archives.gov/medialz/presidential-libraries/bush/gb-nsc/H-Files/NSC-DC_Mtgs_312294079/41-bpr-nsc-hfiles-dc_mtgs-347_2-90022-007.pdf"
"lead-470761376","1992-05-05","NSC/DC 350—May 05, 1992—NSC/DC Meeting on Non-Proliferation Policy, Keywords: Non-Proliferation","National Security Council Deputies Committee Meeting File: NSC/DC 350—May 05, 1992—NSC/DC Meeting on Non-Proliferation Policy, Keywords: Non-Proliferation","May 5, 1992","NSC/Deputies Committee file","Strategic Trade, Technology, and Investment Controls","Boundary","Online file unit; item audit pending","92","","92 PDF pages; document-level release and withdrawal audit pending","Mixed; document-level audit required","470761376","90022–011","locator","George H.W. Bush Library, Bush Presidential Records, National Security Council, H-Files, NSC/DC Meetings Files, OA/ID 90022–011, NSC/DC 350—May 05, 1992—NSC/DC Meeting on Non-Proliferation Policy, Keywords: Non-Proliferation.","Boundary review. The nonproliferation-policy packet includes agency export-control achievements and proposed initiatives; route principal security documents to the appropriate volume. Promote individual documents only after the heading, dateline, terminal marking, and release or withdrawal status are checked in the source images.","https://catalog.archives.gov/id/470761376","https://catalog.archives.gov/medialz/presidential-libraries/bush/gb-nsc/H-Files/NSC-DC_Mtgs_312294079/41-bpr-nsc-hfiles-dc_mtgs-350-90022-011.pdf"
"lead-470761377","1992-05-13","NSC/DC 351—May 13, 1992—NSC/DC Meeting on Safety of Soviet Designed Nuclear Reactors, Keywords: Nuclear Safeguards, Nuclear Energy, USSR","National Security Council Deputies Committee Meeting File: NSC/DC 351—May 13, 1992—NSC/DC Meeting on Safety of Soviet Designed Nuclear Reactors, Keywords: Nuclear Safeguards, Nuclear Energy, USSR","May 13, 1992","NSC/Deputies Committee file","Transition Economies and International Economic Strategy","Core","Online file unit; item audit pending","71","","71 PDF pages; document-level release and withdrawal audit pending","Mixed; document-level audit required","470761377","90022–012","locator","George H.W. Bush Library, Bush Presidential Records, National Security Council, H-Files, NSC/DC Meetings Files, OA/ID 90022–012, NSC/DC 351—May 13, 1992—NSC/DC Meeting on Safety of Soviet Designed Nuclear Reactors, Keywords: Nuclear Safeguards, Nuclear Energy, USSR.","Direct Volume XXX review. The minutes and working papers address financing and coordinating U.S. action on Soviet-designed reactor safety. Promote individual documents only after the heading, dateline, terminal marking, and release or withdrawal status are checked in the source images.","https://catalog.archives.gov/id/470761377","https://catalog.archives.gov/medialz/presidential-libraries/bush/gb-nsc/H-Files/NSC-DC_Mtgs_312294079/41-bpr-nsc-hfiles-dc_mtgs-351-90022-012.pdf"
"lead-470761381","1992-05-27","NSC/DC 354—May 27, 1992—NSC/DC Meeting on Bosnia-Herzegovina and Macedonia, Keywords: Bosnia-Herzegovina, Macedonia","National Security Council Deputies Committee Meeting File: NSC/DC 354—May 27, 1992—NSC/DC Meeting on Bosnia-Herzegovina and Macedonia, Keywords: Bosnia-Herzegovina, Macedonia","May 27, 1992","NSC/Deputies Committee file","Strategic Trade, Technology, and Investment Controls","Boundary","Online file unit; item audit pending","62","","62 PDF pages; document-level release and withdrawal audit pending","Mixed; document-level audit required","470761381","90022–016","locator","George H.W. Bush Library, Bush Presidential Records, National Security Council, H-Files, NSC/DC Meetings Files, OA/ID 90022–016, NSC/DC 354—May 27, 1992—NSC/DC Meeting on Bosnia-Herzegovina and Macedonia, Keywords: Bosnia-Herzegovina, Macedonia.","Boundary review. The meeting weighs EC sanctions, asset freezes, export-credit and license restrictions, and oil or trade embargoes; route against the Western Europe volume. Promote individual documents only after the heading, dateline, terminal marking, and release or withdrawal status are checked in the source images.","https://catalog.archives.gov/id/470761381","https://catalog.archives.gov/medialz/presidential-libraries/bush/gb-nsc/H-Files/NSC-DC_Mtgs_312294079/41-bpr-nsc-hfiles-dc_mtgs-354-90022-016.pdf"
"lead-470761383","1992-06-03","NSC/DC 356—June 03, 1992—NSC/DC Meeting on Russian Bid to Launch Inmarsat Satellite, Keywords: Space Policy, Russia","National Security Council Deputies Committee Meeting File: NSC/DC 356—June 03, 1992—NSC/DC Meeting on Russian Bid to Launch Inmarsat Satellite, Keywords: Space Policy, Russia","June 3, 1992","NSC/Deputies Committee file","Strategic Trade, Technology, and Investment Controls","Core","Online file unit; item audit pending","73","","73 PDF pages; document-level release and withdrawal audit pending","Mixed; document-level audit required","470761383","90022–018","locator","George H.W. Bush Library, Bush Presidential Records, National Security Council, H-Files, NSC/DC Meetings Files, OA/ID 90022–018, NSC/DC 356—June 03, 1992—NSC/DC Meeting on Russian Bid to Launch Inmarsat Satellite, Keywords: Space Policy, Russia.","Direct Volume XXX review. The minutes address a Russian commercial bid to launch an INMARSAT satellite and the remaining technology and policy issues. Promote individual documents only after the heading, dateline, terminal marking, and release or withdrawal status are checked in the source images.","https://catalog.archives.gov/id/470761383","https://catalog.archives.gov/medialz/presidential-libraries/bush/gb-nsc/H-Files/NSC-DC_Mtgs_312294079/41-bpr-nsc-hfiles-dc_mtgs-356-90022-018.pdf"
"lead-470761411","1992-09-11","NSC/DC 376—September 11, 1992—NSC/DC Meeting on Yugoslavia, Keywords: Yugoslavia","National Security Council Deputies Committee Meeting File: NSC/DC 376—September 11, 1992—NSC/DC Meeting on Yugoslavia, Keywords: Yugoslavia","September 11, 1992","NSC/Deputies Committee file","Strategic Trade, Technology, and Investment Controls","Boundary","Online file unit; item audit pending","82","","82 PDF pages; document-level release and withdrawal audit pending","Mixed; document-level audit required","470761411","90023–020","locator","George H.W. Bush Library, Bush Presidential Records, National Security Council, H-Files, NSC/DC Meetings Files, OA/ID 90023–020, NSC/DC 376—September 11, 1992—NSC/DC Meeting on Yugoslavia, Keywords: Yugoslavia.","Boundary review. The September work program combines sanctions enforcement, oil and gas controls, and humanitarian priorities; route against the Western Europe volume. Promote individual documents only after the heading, dateline, terminal marking, and release or withdrawal status are checked in the source images.","https://catalog.archives.gov/id/470761411","https://catalog.archives.gov/medialz/presidential-libraries/bush/gb-nsc/H-Files/NSC-DC_Mtgs_312294079/41-bpr-nsc-hfiles-dc_mtgs-376-90023-020.pdf"
"lead-470761415","1992-10-01","NSC/DC 380—October 01, 1992—NSC/DC Meeting on Yugoslavia, Keywords: Yugoslavia","National Security Council Deputies Committee Meeting File: NSC/DC 380—October 01, 1992—NSC/DC Meeting on Yugoslavia, Keywords: Yugoslavia","October 1, 1992","NSC/Deputies Committee file","Strategic Trade, Technology, and Investment Controls","Boundary","Online file unit; item audit pending","108","","108 PDF pages; document-level release and withdrawal audit pending","Mixed; document-level audit required","470761415","90023–024","locator","George H.W. Bush Library, Bush Presidential Records, National Security Council, H-Files, NSC/DC Meetings Files, OA/ID 90023–024, NSC/DC 380—October 01, 1992—NSC/DC Meeting on Yugoslavia, Keywords: Yugoslavia.","Boundary review. The October 1 packet evaluates the effectiveness and enforcement of UN sanctions, including trade, asset, financial, aviation, and transit controls. Promote individual documents only after the heading, dateline, terminal marking, and release or withdrawal status are checked in the source images.","https://catalog.archives.gov/id/470761415","https://catalog.archives.gov/medialz/presidential-libraries/bush/gb-nsc/H-Files/NSC-DC_Mtgs_312294079/41-bpr-nsc-hfiles-dc_mtgs-380-90023-024.pdf"
"lead-470761420","1992-10-21","NSC/DC 385—October 21, 1992—NSC/DC Meeting on Somalia, Keywords: Somalia","National Security Council Deputies Committee Meeting File: NSC/DC 385—October 21, 1992—NSC/DC Meeting on Somalia, Keywords: Somalia","October 21, 1992","NSC/Deputies Committee file","Monetary Policy, Debt, and International Institutions","Boundary","Online file unit; item audit pending","93","","93 PDF pages; document-level release and withdrawal audit pending","Mixed; document-level audit required","470761420","90023–029","locator","George H.W. Bush Library, Bush Presidential Records, National Security Council, H-Files, NSC/DC Meetings Files, OA/ID 90023–029, NSC/DC 385—October 21, 1992—NSC/DC Meeting on Somalia, Keywords: Somalia.","Boundary review. The Somalia packet considers monetization of relief food, commercial airlift, and AID and Defense financing; route against the Africa volume. Promote individual documents only after the heading, dateline, terminal marking, and release or withdrawal status are checked in the source images.","https://catalog.archives.gov/id/470761420","https://catalog.archives.gov/medialz/presidential-libraries/bush/gb-nsc/H-Files/NSC-DC_Mtgs_312294079/41-bpr-nsc-hfiles-dc_mtgs-385-90023-029.pdf"
"lead-470761423","1992-11-05","NSC/DC 388—November 05, 1992—NSC/DC Meeting on Iran and COCOM Cooperative Forum, Keywords: Iran, COCOM [1]","National Security Council Deputies Committee Meeting File: NSC/DC 388—November 05, 1992—NSC/DC Meeting on Iran and COCOM Cooperative Forum, Keywords: Iran, COCOM [1]","November 5, 1992","NSC/Deputies Committee file","Strategic Trade, Technology, and Investment Controls","Core","Online file unit; item audit pending","53","","53 PDF pages; document-level release and withdrawal audit pending","Mixed; document-level audit required","470761423","90023–032","locator","George H.W. Bush Library, Bush Presidential Records, National Security Council, H-Files, NSC/DC Meetings Files, OA/ID 90023–032, NSC/DC 388—November 05, 1992—NSC/DC Meeting on Iran and COCOM Cooperative Forum, Keywords: Iran, COCOM [1].","Direct Volume XXX review. Part 1 contains follow-up records and a draft cable to G-7 partners on Iran export controls and the COCOM Cooperation Forum. Promote individual documents only after the heading, dateline, terminal marking, and release or withdrawal status are checked in the source images.","https://catalog.archives.gov/id/470761423","https://catalog.archives.gov/medialz/presidential-libraries/bush/gb-nsc/H-Files/NSC-DC_Mtgs_312294079/41-bpr-nsc-hfiles-dc_mtgs-388_1-90023-032.pdf"
"lead-470761424","1992-11-05","NSC/DC 388—November 05, 1992—NSC/DC Meeting on Iran and COCOM Cooperative Forum, Keywords: Iran, COCOM [2]","National Security Council Deputies Committee Meeting File: NSC/DC 388—November 05, 1992—NSC/DC Meeting on Iran and COCOM Cooperative Forum, Keywords: Iran, COCOM [2]","November 5, 1992","NSC/Deputies Committee file","Strategic Trade, Technology, and Investment Controls","Core","Online file unit; item audit pending","50","","50 PDF pages; document-level release and withdrawal audit pending","Mixed; document-level audit required","470761424","90023–033","locator","George H.W. Bush Library, Bush Presidential Records, National Security Council, H-Files, NSC/DC Meetings Files, OA/ID 90023–033, NSC/DC 388—November 05, 1992—NSC/DC Meeting on Iran and COCOM Cooperative Forum, Keywords: Iran, COCOM [2].","Direct Volume XXX review. Part 2 includes the G-7 export-control initiative, unilateral Iran controls, and an export-control assistance plan; compare it with part 1. Promote individual documents only after the heading, dateline, terminal marking, and release or withdrawal status are checked in the source images.","https://catalog.archives.gov/id/470761424","https://catalog.archives.gov/medialz/presidential-libraries/bush/gb-nsc/H-Files/NSC-DC_Mtgs_312294079/41-bpr-nsc-hfiles-dc_mtgs-388_2-90023-033.pdf"
"lead-470761425","1992-11-06","NSC/DC 389—November 06, 1992—NSC/DC Meeting on U.S. Policy toward Russia, Keywords: Russia, Economic Assistance, IMF","National Security Council Deputies Committee Meeting File: NSC/DC 389—November 06, 1992—NSC/DC Meeting on U.S. Policy toward Russia, Keywords: Russia, Economic Assistance, IMF","November 6, 1992","NSC/Deputies Committee file","Transition Economies and International Economic Strategy","Core","Online file unit; item audit pending","43","","43 PDF pages; document-level release and withdrawal audit pending","Mixed; document-level audit required","470761425","90023–034","locator","George H.W. Bush Library, Bush Presidential Records, National Security Council, H-Files, NSC/DC Meetings Files, OA/ID 90023–034, NSC/DC 389—November 06, 1992—NSC/DC Meeting on U.S. Policy toward Russia, Keywords: Russia, Economic Assistance, IMF.","Direct Volume XXX review. The meeting packet includes papers on the IMF and Russian reform and the U.S. response to Russia's economic and political situation. Promote individual documents only after the heading, dateline, terminal marking, and release or withdrawal status are checked in the source images.","https://catalog.archives.gov/id/470761425","https://catalog.archives.gov/medialz/presidential-libraries/bush/gb-nsc/H-Files/NSC-DC_Mtgs_312294079/41-bpr-nsc-hfiles-dc_mtgs-389-90023-034.pdf"
"lead-470761427","1992-11-10","NSC/DC 391—November 10, 1992—Small Group Meeting on Yugoslavia, Keywords: Yugoslavia Bosnia-Herzegovina","National Security Council Deputies Committee Meeting File: NSC/DC 391—November 10, 1992—Small Group Meeting on Yugoslavia, Keywords: Yugoslavia Bosnia-Herzegovina","November 10, 1992","NSC/Deputies Committee file","Strategic Trade, Technology, and Investment Controls","Boundary","Online file unit; item audit pending","102","","102 PDF pages; document-level release and withdrawal audit pending","Mixed; document-level audit required","470761427","90023–036","locator","George H.W. Bush Library, Bush Presidential Records, National Security Council, H-Files, NSC/DC Meetings Files, OA/ID 90023–036, NSC/DC 391—November 10, 1992—Small Group Meeting on Yugoslavia, Keywords: Yugoslavia Bosnia-Herzegovina.","Boundary review. The small-group packet combines Serbia-sanctions enforcement, a sanctions-assistance mission, and Kosovo policy; route against the Western Europe volume. Promote individual documents only after the heading, dateline, terminal marking, and release or withdrawal status are checked in the source images.","https://catalog.archives.gov/id/470761427","https://catalog.archives.gov/medialz/presidential-libraries/bush/gb-nsc/H-Files/NSC-DC_Mtgs_312294079/41-bpr-nsc-hfiles-dc_mtgs-391-90023-036.pdf"
