"naid","workingStartDate","workingEndDate","dateBasis","title","localId","chapter","routing","markerStatus","hasOnlinePdf","pdfBytes","catalogPdfBytes","pdfByteBasis","accessStatus","memosToPresident","memosToScowcroft","memorandaOfConversation","meetingRecords","withdrawalSheets","economicSignalTotal","economySignals","financeSignals","tradeSignals","assistanceSanctionsSignals","energySignals","agricultureSignals","treasurySignals","archivalLocator","catalogUrl","pdfUrl"
"470760975","1989-02-08","1989-02-08","Catalog coverage dates","NSC/DC 001 - February 08, 1989 - NSC/DC Meeting on Afghanistan, Keywords: Afghanistan","90009-001","Series context and cross-volume routing","Series context","verified","true","4716102","4716102","HTTP Content-Length","Restricted - Possibly","0","1","0","0","22","41","2","20","4","2","3","4","6","George H.W. Bush Library, Bush Presidential Records, National Security Council, H-Files, NSC/DC Meetings Files, OA/ID 90009–001, NSC/DC 001—February 08, 1989—NSC/DC Meeting on Afghanistan, Keywords: Afghanistan.","https://catalog.archives.gov/id/470760975","https://catalog.archives.gov/medialz/presidential-libraries/bush/gb-nsc/H-Files/NSC-DC_Mtgs_312294079/41-bpr-nsc-hfiles-dc_mtgs-1-90009-001.pdf"
"470760976","1989-02-14","1989-02-14","Catalog coverage dates","NSC/DC 002 - February 14, 1989 - NSC/DC Meeting on Review of FSX for Japan, Keywords: Japan, Technology, Transfers","90009-002","Strategic Trade, Technology, and Investment Controls","Boundary review","verified","true","15014737","15014737","HTTP Content-Length","Restricted - Possibly","0","1","0","0","10","59","8","9","21","0","2","2","17","George H.W. Bush Library, Bush Presidential Records, National Security Council, H-Files, NSC/DC Meetings Files, OA/ID 90009–002, NSC/DC 002—February 14, 1989—NSC/DC Meeting on Review of FSX for Japan, Keywords: Japan, Technology, Transfers.","https://catalog.archives.gov/id/470760976","https://catalog.archives.gov/medialz/presidential-libraries/bush/gb-nsc/H-Files/NSC-DC_Mtgs_312294079/41-bpr-nsc-hfiles-dc_mtgs-2-90009-002.pdf"
"470760977","1989-02-17","1989-02-17","Catalog coverage dates","NSC/DC 003 - February 17, 1989 - NSC/DC Meeting on Panama, Keywords: Panama","90009-003","Series context and cross-volume routing","Series context","verified","true","2607901","2607901","HTTP Content-Length","Restricted - Possibly","0","0","0","0","4","10","0","3","0","2","0","0","5","George H.W. Bush Library, Bush Presidential Records, National Security Council, H-Files, NSC/DC Meetings Files, OA/ID 90009–003, NSC/DC 003—February 17, 1989—NSC/DC Meeting on Panama, Keywords: Panama.","https://catalog.archives.gov/id/470760977","https://catalog.archives.gov/medialz/presidential-libraries/bush/gb-nsc/H-Files/NSC-DC_Mtgs_312294079/41-bpr-nsc-hfiles-dc_mtgs-3-90009-003.pdf"
"470760978","1989-03-07","1989-03-07","Catalog coverage dates","NSC/DC 004 - March 07, 1989 - NSC/DC Meeting on NSR-6 re: Nicaragua, Keywords: Nicaragua (File located @ NLMS)","90009-004","Series context and cross-volume routing","Series context","verified","true","451713","451713","HTTP Content-Length","Restricted - Possibly","0","0","0","0","0","0","0","0","0","0","0","0","0","George H.W. Bush Library, Bush Presidential Records, National Security Council, H-Files, NSC/DC Meetings Files, OA/ID 90009–004, NSC/DC 004—March 07, 1989—NSC/DC Meeting on NSR-6 re: Nicaragua, Keywords: Nicaragua (File located @ NLMS).","https://catalog.archives.gov/id/470760978","https://catalog.archives.gov/medialz/presidential-libraries/bush/gb-nsc/H-Files/NSC-DC_Mtgs_312294079/41-bpr-nsc-hfiles-dc_mtgs-4-90009-004.pdf"
"470760979","1989-03-08","1989-03-08","Catalog coverage dates","NSC/DC 005 - March 08, 1989 - NSC/DC Meeting on Non-Lethal Finding and Transfer of Funds re: Afghanistan, Keywords: Afghanistan","90009-005","Series context and cross-volume routing","Series context","verified","true","576483","576483","HTTP Content-Length","Restricted - Possibly","0","0","0","0","4","3","0","3","0","0","0","0","0","George H.W. Bush Library, Bush Presidential Records, National Security Council, H-Files, NSC/DC Meetings Files, OA/ID 90009–005, NSC/DC 005—March 08, 1989—NSC/DC Meeting on Non-Lethal Finding and Transfer of Funds re: Afghanistan, Keywords: Afghanistan.","https://catalog.archives.gov/id/470760979","https://catalog.archives.gov/medialz/presidential-libraries/bush/gb-nsc/H-Files/NSC-DC_Mtgs_312294079/41-bpr-nsc-hfiles-dc_mtgs-5-90009-005.pdf"
"470760980","1989-03-08","1989-03-08","Catalog coverage dates","NSC/DC 006 - March 08, 1989 - NSC/DC Meeting on Panama, Keywords: Panama","90009-006","Series context and cross-volume routing","Series context","verified","true","14580018","14580018","HTTP Content-Length","Restricted - Possibly","0","0","0","1","19","66","4","16","9","0","9","7","21","George H.W. Bush Library, Bush Presidential Records, National Security Council, H-Files, NSC/DC Meetings Files, OA/ID 90009–006, NSC/DC 006—March 08, 1989—NSC/DC Meeting on Panama, Keywords: Panama.","https://catalog.archives.gov/id/470760980","https://catalog.archives.gov/medialz/presidential-libraries/bush/gb-nsc/H-Files/NSC-DC_Mtgs_312294079/41-bpr-nsc-hfiles-dc_mtgs-6-90009-006.pdf"
"470760981","1989-03-10","1989-03-10","Catalog coverage dates","NSC/DC 007 - March 10, 1989 - NSC/DC Meeting on FSX for Japan, Keywords: Japan","90009-007","Strategic Trade, Technology, and Investment Controls","Boundary review","verified","true","8909557","8909557","HTTP Content-Length","Restricted - Possibly","0","0","1","0","13","75","1","11","21","0","13","7","22","George H.W. Bush Library, Bush Presidential Records, National Security Council, H-Files, NSC/DC Meetings Files, OA/ID 90009–007, NSC/DC 007—March 10, 1989—NSC/DC Meeting on FSX for Japan, Keywords: Japan.","https://catalog.archives.gov/id/470760981","https://catalog.archives.gov/medialz/presidential-libraries/bush/gb-nsc/H-Files/NSC-DC_Mtgs_312294079/41-bpr-nsc-hfiles-dc_mtgs-7-90009-007.pdf"
"470760982","1989-03-17","1989-03-17","Catalog coverage dates","NSC/DC 008 - March 17, 1989 - NSC/DC Meeting on NSR-4 re: U.S. / Eastern Europe Relations, Keywords: Europe, East","90009-008","Transition Economies and International Economic Strategy","Volume XXX review","verified","true","15087281","15087281","HTTP Content-Length","Restricted - Possibly","0","0","0","3","1","448","167","114","102","44","1","11","9","George H.W. Bush Library, Bush Presidential Records, National Security Council, H-Files, NSC/DC Meetings Files, OA/ID 90009–008, NSC/DC 008—March 17, 1989—NSC/DC Meeting on NSR-4 re: U.S. / Eastern Europe Relations, Keywords: Europe, East.","https://catalog.archives.gov/id/470760982","https://catalog.archives.gov/medialz/presidential-libraries/bush/gb-nsc/H-Files/NSC-DC_Mtgs_312294079/41-bpr-nsc-hfiles-dc_mtgs-8-90009-008.pdf"
"470760983","1989-03-20","1989-03-20","Catalog coverage dates","NSC/DC 009 - March 20, 1989 - NSC/DC Meeting on NSR-5 re: Political and Security Aspects / U.S.-Western European Relations, Keywords: Europe, West","90009-009","Series context and cross-volume routing","Series context","verified","true","10676074","10676074","HTTP Content-Length","Restricted - Possibly","0","1","0","16","11","55","22","15","10","0","1","3","4","George H.W. Bush Library, Bush Presidential Records, National Security Council, H-Files, NSC/DC Meetings Files, OA/ID 90009–009, NSC/DC 009—March 20, 1989—NSC/DC Meeting on NSR-5 re: Political and Security Aspects / U.S.-Western European Relations, Keywords: Europe, West.","https://catalog.archives.gov/id/470760983","https://catalog.archives.gov/medialz/presidential-libraries/bush/gb-nsc/H-Files/NSC-DC_Mtgs_312294079/41-bpr-nsc-hfiles-dc_mtgs-9-90009-009.pdf"
"470760984","1989-03-22","1989-03-22","Catalog coverage dates","NSC/DC 010 - March 22, 1989 - NSC/DC Meeting on NSR-5 / U.S. and Western Europe Relations, Keywords: Europe, West, Economics","90009-010","Trade Policy and Market Access","Volume XXX review","verified","true","11661459","11661459","HTTP Content-Length","Restricted - Possibly","0","2","0","6","9","222","112","11","66","1","2","16","14","George H.W. Bush Library, Bush Presidential Records, National Security Council, H-Files, NSC/DC Meetings Files, OA/ID 90009–010, NSC/DC 010—March 22, 1989—NSC/DC Meeting on NSR-5 / U.S. and Western Europe Relations, Keywords: Europe, West, Economics.","https://catalog.archives.gov/id/470760984","https://catalog.archives.gov/medialz/presidential-libraries/bush/gb-nsc/H-Files/NSC-DC_Mtgs_312294079/41-bpr-nsc-hfiles-dc_mtgs-10-90009-010.pdf"
"470760986","1989-03-27","1989-03-27","Catalog coverage dates","NSC/DC 012 - March 27, 1989 - NSC/DC Meeting on Middle East Peace Process, Keywords: Middle East","90009-012","Series context and cross-volume routing","Series context","verified","true","8710881","8710881","HTTP Content-Length","Restricted - Possibly","0","0","0","0","6","17","0","5","3","0","3","3","3","George H.W. Bush Library, Bush Presidential Records, National Security Council, H-Files, NSC/DC Meetings Files, OA/ID 90009–012, NSC/DC 012—March 27, 1989—NSC/DC Meeting on Middle East Peace Process, Keywords: Middle East.","https://catalog.archives.gov/id/470760986","https://catalog.archives.gov/medialz/presidential-libraries/bush/gb-nsc/H-Files/NSC-DC_Mtgs_312294079/41-bpr-nsc-hfiles-dc_mtgs-12-90009-012.pdf"
"470760987","1989-03-28","1989-03-28","Catalog coverage dates","NSC/DC 013 - March 28, 1989 - NSC/DC Meeting on NSR-3 re: Political and Security Issues, Keywords: USSR","90009-013","Series context and cross-volume routing","Series context","verified","true","14926064","14926064","HTTP Content-Length","Restricted - Possibly","0","1","0","10","12","56","5","9","11","0","6","8","17","George H.W. Bush Library, Bush Presidential Records, National Security Council, H-Files, NSC/DC Meetings Files, OA/ID 90009–013, NSC/DC 013—March 28, 1989—NSC/DC Meeting on NSR-3 re: Political and Security Issues, Keywords: USSR.","https://catalog.archives.gov/id/470760987","https://catalog.archives.gov/medialz/presidential-libraries/bush/gb-nsc/H-Files/NSC-DC_Mtgs_312294079/41-bpr-nsc-hfiles-dc_mtgs-13-90009-013.pdf"
"470760985","1989-03-29","1989-03-29","Catalog coverage dates","NSC/DC 011 - March 29, 1989 - NSC/DC Meeting on Libya, Keywords: Libya (File located @ LM)","90009-011","Series context and cross-volume routing","Series context","verified","true","426073","426073","Catalog objectFileSize","Restricted - Possibly","0","0","0","0","0","0","0","0","0","0","0","0","0","George H.W. Bush Library, Bush Presidential Records, National Security Council, H-Files, NSC/DC Meetings Files, OA/ID 90009–011, NSC/DC 011—March 29, 1989—NSC/DC Meeting on Libya, Keywords: Libya (File located @ LM).","https://catalog.archives.gov/id/470760985","https://catalog.archives.gov/medialz/presidential-libraries/bush/gb-nsc/H-Files/NSC-DC_Mtgs_312294079/41-bpr-nsc-hfiles-dc_mtgs-11-90009-011.pdf"
"470760988","1989-03-29","1989-03-29","Catalog coverage dates","NSC/DC 014 - March 29, 1989 - NSC/DC Meeting on NSR-3 re: U.S. - Soviet Economic Relations, Keywords: USSR Economics","90009-014","Transition Economies and International Economic Strategy","Volume XXX review","verified","true","6342202","6342202","HTTP Content-Length","Restricted - Possibly","0","0","0","6","2","45","31","2","8","1","1","1","1","George H.W. Bush Library, Bush Presidential Records, National Security Council, H-Files, NSC/DC Meetings Files, OA/ID 90009–014, NSC/DC 014—March 29, 1989—NSC/DC Meeting on NSR-3 re: U.S.—Soviet Economic Relations, Keywords: USSR Economics.","https://catalog.archives.gov/id/470760988","https://catalog.archives.gov/medialz/presidential-libraries/bush/gb-nsc/H-Files/NSC-DC_Mtgs_312294079/41-bpr-nsc-hfiles-dc_mtgs-14-90009-014.pdf"
"470760989","1989-03-30","1989-03-30","Catalog coverage dates","NSC/DC 015 - March 30, 1989 - NSC/DC Meeting on Poland, Keywords: Poland","90009-015","Transition Economies and International Economic Strategy","Volume XXX review","verified","true","15482451","15482451","HTTP Content-Length","Restricted - Possibly","2","1","0","0","6","361","104","121","53","23","11","21","28","George H.W. Bush Library, Bush Presidential Records, National Security Council, H-Files, NSC/DC Meetings Files, OA/ID 90009–015, NSC/DC 015—March 30, 1989—NSC/DC Meeting on Poland, Keywords: Poland.","https://catalog.archives.gov/id/470760989","https://catalog.archives.gov/medialz/presidential-libraries/bush/gb-nsc/H-Files/NSC-DC_Mtgs_312294079/41-bpr-nsc-hfiles-dc_mtgs-15-90009-015.pdf"
"470760990","1989-04-04","1989-04-04","Catalog coverage dates","NSC/DC 016 - April 04, 1989 - NSC/DC Meeting on NSR-12 Section I RPT re: Current U.S. Defense Strategy and Key Trends and Uncertainties, Keywords: Defense Policy","90009-016","Series context and cross-volume routing","Series context","verified","true","16852939","16852940","HTTP Content-Length","Restricted - Possibly","0","0","0","8","11","61","18","8","11","0","12","6","6","George H.W. Bush Library, Bush Presidential Records, National Security Council, H-Files, NSC/DC Meetings Files, OA/ID 90009–016, NSC/DC 016—April 04, 1989—NSC/DC Meeting on NSR-12 Section I RPT re: Current U.S. Defense Strategy and Key Trends and Uncertainties, Keywords: Defense Policy.","https://catalog.archives.gov/id/470760990","https://catalog.archives.gov/medialz/presidential-libraries/bush/gb-nsc/H-Files/NSC-DC_Mtgs_312294079/41-bpr-nsc-hfiles-dc_mtgs-16-90009-016.pdf"
"470760991","1989-04-07","1989-04-07","Catalog coverage dates","NSC/DC 017 - April 07, 1989 - NSC/DC Meeting on South Asia, Keywords: South Asia","90009-017","Monetary Policy, Debt, and International Institutions","Boundary review","verified","true","23938099","23938100","HTTP Content-Length","Restricted - Possibly","0","0","0","1","7","190","63","9","85","14","5","9","5","George H.W. Bush Library, Bush Presidential Records, National Security Council, H-Files, NSC/DC Meetings Files, OA/ID 90009–017, NSC/DC 017—April 07, 1989—NSC/DC Meeting on South Asia, Keywords: South Asia.","https://catalog.archives.gov/id/470760991","https://catalog.archives.gov/medialz/presidential-libraries/bush/gb-nsc/H-Files/NSC-DC_Mtgs_312294079/41-bpr-nsc-hfiles-dc_mtgs-17-90009-017.pdf"
"470760992","1989-04-10","1989-04-10","Catalog coverage dates","NSC/DC 018 - April 10, 1989 - NSC/DC Meeting on Cambodia, Keywords: Cambodia (File located @ LM)","90009-018","Series context and cross-volume routing","Series context","verified","true","8887417","8887417","HTTP Content-Length","Restricted - Possibly","0","0","0","0","53","76","0","48","6","4","6","6","6","George H.W. Bush Library, Bush Presidential Records, National Security Council, H-Files, NSC/DC Meetings Files, OA/ID 90009–018, NSC/DC 018—April 10, 1989—NSC/DC Meeting on Cambodia, Keywords: Cambodia (File located @ LM).","https://catalog.archives.gov/id/470760992","https://catalog.archives.gov/medialz/presidential-libraries/bush/gb-nsc/H-Files/NSC-DC_Mtgs_312294079/41-bpr-nsc-hfiles-dc_mtgs-18-90009-018.pdf"
"470760993","1989-04-11","1989-04-11","Catalog coverage dates","NSC/DC 019 - April 11, 1989 - NSC/DC Meeting on Panama, Keywords: Panama","90009-019","Series context and cross-volume routing","Series context","verified","true","5298797","5298797","HTTP Content-Length","Restricted - Possibly","0","0","0","0","5","19","6","4","3","4","0","0","2","George H.W. Bush Library, Bush Presidential Records, National Security Council, H-Files, NSC/DC Meetings Files, OA/ID 90009–019, NSC/DC 019—April 11, 1989—NSC/DC Meeting on Panama, Keywords: Panama.","https://catalog.archives.gov/id/470760993","https://catalog.archives.gov/medialz/presidential-libraries/bush/gb-nsc/H-Files/NSC-DC_Mtgs_312294079/41-bpr-nsc-hfiles-dc_mtgs-19-90009-019.pdf"
"470760994","1989-04-13","1989-04-13","Catalog coverage dates","NSC/DC 020 - April 13, 1989 - NSC/DC Meeting on Persian Gulf, Keywords: Persian Gulf","90009-020","Monetary Policy, Debt, and International Institutions","Boundary review","verified","true","10369919","10369919","HTTP Content-Length","Restricted - Possibly","0","0","0","9","11","113","12","9","38","2","45","4","3","George H.W. Bush Library, Bush Presidential Records, National Security Council, H-Files, NSC/DC Meetings Files, OA/ID 90009–020, NSC/DC 020—April 13, 1989—NSC/DC Meeting on Persian Gulf, Keywords: Persian Gulf.","https://catalog.archives.gov/id/470760994","https://catalog.archives.gov/medialz/presidential-libraries/bush/gb-nsc/H-Files/NSC-DC_Mtgs_312294079/41-bpr-nsc-hfiles-dc_mtgs-20-90009-020.pdf"
"470760995","1989-04-14","1989-04-14","Catalog coverage dates","NSC/DC 021 - April 14, 1989 - NSC/DC Meeting on NSR-12 Section 11 re: Strategic Nuclear Deterrence, Keywords: Defense Policy","90009-021","Series context and cross-volume routing","Series context","verified","true","6220754","6220754","HTTP Content-Length","Restricted - Possibly","0","0","0","3","13","28","1","11","4","0","6","3","3","George H.W. Bush Library, Bush Presidential Records, National Security Council, H-Files, NSC/DC Meetings Files, OA/ID 90009–021, NSC/DC 021—April 14, 1989—NSC/DC Meeting on NSR-12 Section 11 re: Strategic Nuclear Deterrence, Keywords: Defense Policy.","https://catalog.archives.gov/id/470760995","https://catalog.archives.gov/medialz/presidential-libraries/bush/gb-nsc/H-Files/NSC-DC_Mtgs_312294079/41-bpr-nsc-hfiles-dc_mtgs-21-90009-021.pdf"
"470760996","1989-05-04","1989-05-04","Catalog coverage dates","NSC/DC 022 - May 04, 1989 - NSC/DC Meeting on South Asia, Keywords: South Asia, India (File located @ LM)","90010-001","Series context and cross-volume routing","Series context","verified","true","4375023","4375023","HTTP Content-Length","Restricted - Possibly","0","0","0","6","36","31","0","30","0","1","0","0","0","George H.W. Bush Library, Bush Presidential Records, National Security Council, H-Files, NSC/DC Meetings Files, OA/ID 90010–001, NSC/DC 022—May 04, 1989—NSC/DC Meeting on South Asia, Keywords: South Asia, India (File located @ LM).","https://catalog.archives.gov/id/470760996","https://catalog.archives.gov/medialz/presidential-libraries/bush/gb-nsc/H-Files/NSC-DC_Mtgs_312294079/41-bpr-nsc-hfiles-dc_mtgs-22-90010-001.pdf"
"470760997","1989-05-10","1989-05-10","Catalog coverage dates","NSC/DC 023 - May 10, 1989 - NSC/DC Meeting on Counternarcotics Program in Peru, Keywords: Peru Drugs","90010-002","Series context and cross-volume routing","Series context","verified","true","16665964","16665964","HTTP Content-Length","Restricted - Possibly","0","0","0","1","7","26","2","5","5","2","3","3","6","George H.W. Bush Library, Bush Presidential Records, National Security Council, H-Files, NSC/DC Meetings Files, OA/ID 90010–002, NSC/DC 023—May 10, 1989—NSC/DC Meeting on Counternarcotics Program in Peru, Keywords: Peru Drugs.","https://catalog.archives.gov/id/470760997","https://catalog.archives.gov/medialz/presidential-libraries/bush/gb-nsc/H-Files/NSC-DC_Mtgs_312294079/41-bpr-nsc-hfiles-dc_mtgs-23-90010-002.pdf"
"470760998","1989-05-17","1989-05-17","Catalog coverage dates","NSC/DC 024 - May 17, 1989 - NSC/DC Meeting on French Cooperation Program, Keywords: France Nuclear Matters","90010-003","Series context and cross-volume routing","Series context","verified","true","1966581","1966581","HTTP Content-Length","Restricted - Possibly","0","0","0","0","2","1","0","1","0","0","0","0","0","George H.W. Bush Library, Bush Presidential Records, National Security Council, H-Files, NSC/DC Meetings Files, OA/ID 90010–003, NSC/DC 024—May 17, 1989—NSC/DC Meeting on French Cooperation Program, Keywords: France Nuclear Matters.","https://catalog.archives.gov/id/470760998","https://catalog.archives.gov/medialz/presidential-libraries/bush/gb-nsc/H-Files/NSC-DC_Mtgs_312294079/41-bpr-nsc-hfiles-dc_mtgs-24-90010-003.pdf"
"470760999","1989-05-17","1989-05-17","Catalog coverage dates","NSC/DC 025 - May 17, 1989 - NSC/DC Meeting on NSR-12 Section ii and iii / U.S. Defense Strategy for the 1990s and Force Posture Issues, Keywords: Defense Policy","90010-004","Series context and cross-volume routing","Series context","verified","true","11357959","11357959","HTTP Content-Length","Restricted - Possibly","0","0","0","8","4","25","1","2","5","0","8","4","5","George H.W. Bush Library, Bush Presidential Records, National Security Council, H-Files, NSC/DC Meetings Files, OA/ID 90010–004, NSC/DC 025—May 17, 1989—NSC/DC Meeting on NSR-12 Section ii and iii / U.S. Defense Strategy for the 1990s and Force Posture Issues, Keywords: Defense Policy.","https://catalog.archives.gov/id/470760999","https://catalog.archives.gov/medialz/presidential-libraries/bush/gb-nsc/H-Files/NSC-DC_Mtgs_312294079/41-bpr-nsc-hfiles-dc_mtgs-25-90010-004.pdf"
"470761001","1989-05-20","1989-05-20","Catalog coverage dates","NSC/DC 027 - May 20, 1989 - NSC/DC Meeting on Security and Arms Control, Keywords: Arms Control Defense Policy","90010-006","Series context and cross-volume routing","Series context","verified","true","9911700","9911700","HTTP Content-Length","Restricted - Possibly","0","0","0","0","2","5","0","1","0","0","4","0","0","George H.W. Bush Library, Bush Presidential Records, National Security Council, H-Files, NSC/DC Meetings Files, OA/ID 90010–006, NSC/DC 027—May 20, 1989—NSC/DC Meeting on Security and Arms Control, Keywords: Arms Control Defense Policy.","https://catalog.archives.gov/id/470761001","https://catalog.archives.gov/medialz/presidential-libraries/bush/gb-nsc/H-Files/NSC-DC_Mtgs_312294079/41-bpr-nsc-hfiles-dc_mtgs-27-90010-006.pdf"
"470761000","1989-05-24","1989-05-24","Catalog coverage dates","NSC/DC 026 - May 24, 1989 - NSC/DC Meeting on [...], Keywords: Angola (File located @ LM)","90010-005","Series context and cross-volume routing","Series context","verified","true","487640","487640","HTTP Content-Length","Restricted - Possibly","0","0","0","0","2","1","0","1","0","0","0","0","0","George H.W. Bush Library, Bush Presidential Records, National Security Council, H-Files, NSC/DC Meetings Files, OA/ID 90010–005, NSC/DC 026—May 24, 1989—NSC/DC Meeting on [...], Keywords: Angola (File located @ LM).","https://catalog.archives.gov/id/470761000","https://catalog.archives.gov/medialz/presidential-libraries/bush/gb-nsc/H-Files/NSC-DC_Mtgs_312294079/41-bpr-nsc-hfiles-dc_mtgs-26-90010-005.pdf"
"470761002","1989-05-31","1989-05-31","Catalog coverage dates","NSC/DC 028 - May 31, 1989 - NSC/DC Meeting on NSR-14 / Defense and Space / Start Fundamental Limits, Keywords: Start","90010-007","Series context and cross-volume routing","Series context","verified","true","12493496","12493496","HTTP Content-Length","Restricted - Possibly","0","0","0","14","7","18","0","5","1","0","10","1","1","George H.W. Bush Library, Bush Presidential Records, National Security Council, H-Files, NSC/DC Meetings Files, OA/ID 90010–007, NSC/DC 028—May 31, 1989—NSC/DC Meeting on NSR-14 / Defense and Space / Start Fundamental Limits, Keywords: Start.","https://catalog.archives.gov/id/470761002","https://catalog.archives.gov/medialz/presidential-libraries/bush/gb-nsc/H-Files/NSC-DC_Mtgs_312294079/41-bpr-nsc-hfiles-dc_mtgs-28-90010-007.pdf"
"470761003","1989-06-02","1989-06-02","Catalog coverage dates","NSC/DC 029 - June 02, 1989 - NSC/DC Meeting on Panama, Keywords: Panama","90010-008","Series context and cross-volume routing","Series context","verified","true","1264803","1264803","HTTP Content-Length","Restricted - Possibly","0","0","0","0","7","7","0","6","0","0","0","0","1","George H.W. Bush Library, Bush Presidential Records, National Security Council, H-Files, NSC/DC Meetings Files, OA/ID 90010–008, NSC/DC 029—June 02, 1989—NSC/DC Meeting on Panama, Keywords: Panama.","https://catalog.archives.gov/id/470761003","https://catalog.archives.gov/medialz/presidential-libraries/bush/gb-nsc/H-Files/NSC-DC_Mtgs_312294079/41-bpr-nsc-hfiles-dc_mtgs-29-90010-008.pdf"
"470761006","1989-06-07","1989-06-07","Catalog coverage dates","NSC/DC 032 - June 07, 1989 - NSC/DC Meeting on NSR-14 re: U.S. Start Position on Air Breathing Systems and Non-Deployed Missiles, Keywords: Start, Arms Control, ICBM","90010-011","Series context and cross-volume routing","Series context","verified","true","12949752","12949752","HTTP Content-Length","Restricted - Possibly","0","0","0","27","16","35","2","13","4","0","10","3","3","George H.W. Bush Library, Bush Presidential Records, National Security Council, H-Files, NSC/DC Meetings Files, OA/ID 90010–011, NSC/DC 032—June 07, 1989—NSC/DC Meeting on NSR-14 re: U.S. Start Position on Air Breathing Systems and Non-Deployed Missiles, Keywords: Start, Arms Control, ICBM.","https://catalog.archives.gov/id/470761006","https://catalog.archives.gov/medialz/presidential-libraries/bush/gb-nsc/H-Files/NSC-DC_Mtgs_312294079/41-bpr-nsc-hfiles-dc_mtgs-32-90010-011.pdf"
"470761007","1989-06-09","1989-06-09","Catalog coverage dates","NSC/DC 033 - June 09, 1989 - NSC/DC Meeting on NSR-14 / Start Position on Mobile ICBMs, Mobile ICBM Verification and New Initiatives, Keywords: Start, Verification, Arms Control","90010-012","Series context and cross-volume routing","Series context","verified","true","7573976","7573976","HTTP Content-Length","Restricted - Possibly","0","0","0","9","39","61","0","35","6","0","8","6","6","George H.W. Bush Library, Bush Presidential Records, National Security Council, H-Files, NSC/DC Meetings Files, OA/ID 90010–012, NSC/DC 033—June 09, 1989—NSC/DC Meeting on NSR-14 / Start Position on Mobile ICBMs, Mobile ICBM Verification and New Initiatives, Keywords: Start, Verification, Arms Control.","https://catalog.archives.gov/id/470761007","https://catalog.archives.gov/medialz/presidential-libraries/bush/gb-nsc/H-Files/NSC-DC_Mtgs_312294079/41-bpr-nsc-hfiles-dc_mtgs-33-90010-012.pdf"
"470761008","1989-06-12","1989-06-12","Catalog coverage dates","NSC/DC 034 - June 12, 1989 - NSC/DC Meeting on NSR-14 re: U.S. Start Position on New Initiatives, Keywords: Start, Arms Control","90010-013","Series context and cross-volume routing","Series context","verified","true","3289065","3289065","HTTP Content-Length","Restricted - Possibly","0","0","0","11","1","11","0","0","2","0","5","2","2","George H.W. Bush Library, Bush Presidential Records, National Security Council, H-Files, NSC/DC Meetings Files, OA/ID 90010–013, NSC/DC 034—June 12, 1989—NSC/DC Meeting on NSR-14 re: U.S. Start Position on New Initiatives, Keywords: Start, Arms Control.","https://catalog.archives.gov/id/470761008","https://catalog.archives.gov/medialz/presidential-libraries/bush/gb-nsc/H-Files/NSC-DC_Mtgs_312294079/41-bpr-nsc-hfiles-dc_mtgs-34-90010-013.pdf"
"470761009","1989-06-13","1989-06-13","Catalog coverage dates","NSC/DC 035 - June 13, 1989 - NSC/DC Meeting on Security for Americans serving in Philippines, Keywords: Philippines, Terrorism","90010-014","Series context and cross-volume routing","Series context","verified","true","10333439","10333439","HTTP Content-Length","Restricted - Possibly","0","0","0","10","11","23","1","9","6","1","2","2","2","George H.W. Bush Library, Bush Presidential Records, National Security Council, H-Files, NSC/DC Meetings Files, OA/ID 90010–014, NSC/DC 035—June 13, 1989—NSC/DC Meeting on Security for Americans serving in Philippines, Keywords: Philippines, Terrorism.","https://catalog.archives.gov/id/470761009","https://catalog.archives.gov/medialz/presidential-libraries/bush/gb-nsc/H-Files/NSC-DC_Mtgs_312294079/41-bpr-nsc-hfiles-dc_mtgs-35-90010-014.pdf"
"470761010","1989-06-14","1989-06-14","Catalog coverage dates","NSC/DC 036 - June 14, 1989 - NSC/DC Meeting on Annual Review of Covert Action Programs Part III, Keywords: [...] (File located @ LM)","90010-015","Series context and cross-volume routing","Series context","not online","false","0","0","No online PDF","Restricted - Possibly","0","0","0","0","0","0","0","0","0","0","0","0","0","George H.W. Bush Library, Bush Presidential Records, National Security Council, H-Files, NSC/DC Meetings Files, OA/ID 90010–015, NSC/DC 036—June 14, 1989—NSC/DC Meeting on Annual Review of Covert Action Programs Part III, Keywords: [...] (File located @ LM).","https://catalog.archives.gov/id/470761010",""
"470761004","1989-06-15","1989-06-15","Catalog coverage dates","NSC/DC 030 - June 15, 1989 - NSC/DC Meeting on Annual Review of Covert Action Programs Part I, Keywords: Covert Action (File located @ LM)","90010-009","Series context and cross-volume routing","Series context","not online","false","0","0","No online PDF","Restricted - Possibly","0","0","0","0","0","0","0","0","0","0","0","0","0","George H.W. Bush Library, Bush Presidential Records, National Security Council, H-Files, NSC/DC Meetings Files, OA/ID 90010–009, NSC/DC 030—June 15, 1989—NSC/DC Meeting on Annual Review of Covert Action Programs Part I, Keywords: Covert Action (File located @ LM).","https://catalog.archives.gov/id/470761004",""
"470761005","1989-06-16","1989-06-16","Catalog coverage dates","NSC/DC 031 - June 16, 1989 - NSC/DC Meeting on Annual Review of Covert Action Program s Part II, Keywords: Covert Action (File located @ LM)","90010-010","Series context and cross-volume routing","Series context","not online","false","0","0","No online PDF","Restricted - Possibly","0","0","0","0","0","0","0","0","0","0","0","0","0","George H.W. Bush Library, Bush Presidential Records, National Security Council, H-Files, NSC/DC Meetings Files, OA/ID 90010–010, NSC/DC 031—June 16, 1989—NSC/DC Meeting on Annual Review of Covert Action Program s Part II, Keywords: Covert Action (File located @ LM).","https://catalog.archives.gov/id/470761005",""
"470761011","1989-06-16","1989-06-16","Catalog coverage dates","NSC/DC 037 - June 16, 1989 - NSC/DC Meeting on Panama, Keywords: Panama","90010-016","Series context and cross-volume routing","Series context","verified","true","1464549","1464549","HTTP Content-Length","Restricted - Possibly","0","0","0","2","4","5","0","3","0","0","0","0","2","George H.W. Bush Library, Bush Presidential Records, National Security Council, H-Files, NSC/DC Meetings Files, OA/ID 90010–016, NSC/DC 037—June 16, 1989—NSC/DC Meeting on Panama, Keywords: Panama.","https://catalog.archives.gov/id/470761011","https://catalog.archives.gov/medialz/presidential-libraries/bush/gb-nsc/H-Files/NSC-DC_Mtgs_312294079/41-bpr-nsc-hfiles-dc_mtgs-37-90010-016.pdf"
"470761012","1989-06-21","1989-06-21","Catalog coverage dates","NSC/DC 038 - June 21, 1989 - NSC/DC Meeting on Limitations on Nuclear Testing, Keywords: Nuclear Testing","90010-017","Series context and cross-volume routing","Series context","verified","true","10142915","10142915","HTTP Content-Length","Restricted - Possibly","0","0","0","9","6","18","0","4","3","0","5","3","3","George H.W. Bush Library, Bush Presidential Records, National Security Council, H-Files, NSC/DC Meetings Files, OA/ID 90010–017, NSC/DC 038—June 21, 1989—NSC/DC Meeting on Limitations on Nuclear Testing, Keywords: Nuclear Testing.","https://catalog.archives.gov/id/470761012","https://catalog.archives.gov/medialz/presidential-libraries/bush/gb-nsc/H-Files/NSC-DC_Mtgs_312294079/41-bpr-nsc-hfiles-dc_mtgs-38-90010-017.pdf"
"470761013","1989-07-07","1989-07-07","Catalog coverage dates","NSC/DC 039 - July 07, 1989 - NSC/DC Meeting on Countercocaine Strategy for Latin America, Keywords: Latin America, Counternarcotics (File located @ LM)","90010-018","Series context and cross-volume routing","Series context","not online","false","0","0","No online PDF","Restricted - Possibly","0","0","0","0","0","0","0","0","0","0","0","0","0","George H.W. Bush Library, Bush Presidential Records, National Security Council, H-Files, NSC/DC Meetings Files, OA/ID 90010–018, NSC/DC 039—July 07, 1989—NSC/DC Meeting on Countercocaine Strategy for Latin America, Keywords: Latin America, Counternarcotics (File located @ LM).","https://catalog.archives.gov/id/470761013",""
"470761014","1989-07-10","1989-07-10","Catalog coverage dates","NSC/DC 040 - July 10, 1989 - NSC/DC Meeting on Start PPM Initiative, Keywords: Arms Control, Start, ICBM","90010-019","Series context and cross-volume routing","Series context","verified","true","7620170","7620170","HTTP Content-Length","Restricted - Possibly","0","0","0","0","9","22","0","7","5","0","8","1","1","George H.W. Bush Library, Bush Presidential Records, National Security Council, H-Files, NSC/DC Meetings Files, OA/ID 90010–019, NSC/DC 040—July 10, 1989—NSC/DC Meeting on Start PPM Initiative, Keywords: Arms Control, Start, ICBM.","https://catalog.archives.gov/id/470761014","https://catalog.archives.gov/medialz/presidential-libraries/bush/gb-nsc/H-Files/NSC-DC_Mtgs_312294079/41-bpr-nsc-hfiles-dc_mtgs-40-90010-019.pdf"
"470761015","1989-07-21","1989-07-21","Catalog coverage dates","NSC/DC 041 - July 21, 1989 - NSC/DC Meeting on Conventional Arms Control, Keywords: Arms Control","90010-020","Series context and cross-volume routing","Series context","verified","true","19783100","19783100","HTTP Content-Length","Restricted - Possibly","0","0","0","27","3","46","0","1","9","0","18","9","9","George H.W. Bush Library, Bush Presidential Records, National Security Council, H-Files, NSC/DC Meetings Files, OA/ID 90010–020, NSC/DC 041—July 21, 1989—NSC/DC Meeting on Conventional Arms Control, Keywords: Arms Control.","https://catalog.archives.gov/id/470761015","https://catalog.archives.gov/medialz/presidential-libraries/bush/gb-nsc/H-Files/NSC-DC_Mtgs_312294079/41-bpr-nsc-hfiles-dc_mtgs-41-90010-020.pdf"
"470761016","1989-08-03","1989-08-03","Catalog coverage dates","NSC/DC 042 - August 03, 1989 - NSC/DC Meeting on Countercocaine Strategy, Keywords: Counternarcotics (File located @ LM)","90010-021","Series context and cross-volume routing","Series context","not online","false","0","0","No online PDF","Restricted - Possibly","0","0","0","0","0","0","0","0","0","0","0","0","0","George H.W. Bush Library, Bush Presidential Records, National Security Council, H-Files, NSC/DC Meetings Files, OA/ID 90010–021, NSC/DC 042—August 03, 1989—NSC/DC Meeting on Countercocaine Strategy, Keywords: Counternarcotics (File located @ LM).","https://catalog.archives.gov/id/470761016",""
"470761017","1989-08-09","1989-08-09","Catalog coverage dates","NSC/DC 043 - August 09, 1989 - NSC/DC Meeting on Panama Economic Sanctions, Keywords: Panama, Economics, Sanctions, DC Minutes","90010-022","Strategic Trade, Technology, and Investment Controls","Boundary review","verified","true","12971528","12971528","HTTP Content-Length","Restricted - Possibly","0","1","0","6","18","442","115","20","30","216","18","6","37","George H.W. Bush Library, Bush Presidential Records, National Security Council, H-Files, NSC/DC Meetings Files, OA/ID 90010–022, NSC/DC 043—August 09, 1989—NSC/DC Meeting on Panama Economic Sanctions, Keywords: Panama, Economics, Sanctions, DC Minutes.","https://catalog.archives.gov/id/470761017","https://catalog.archives.gov/medialz/presidential-libraries/bush/gb-nsc/H-Files/NSC-DC_Mtgs_312294079/41-bpr-nsc-hfiles-dc_mtgs-43-90010-022.pdf"
"470761018","1989-08-17","1989-08-17","Catalog coverage dates","NSC/DC 044 - August 17, 1989 - NSC/DC Meeting on International Drug Strategy, Keywords: Drugs","90010-023","Series context and cross-volume routing","Series context","verified","true","12123773","12123773","HTTP Content-Length","Restricted - Possibly","0","0","0","2","6","35","0","5","10","0","6","6","8","George H.W. Bush Library, Bush Presidential Records, National Security Council, H-Files, NSC/DC Meetings Files, OA/ID 90010–023, NSC/DC 044—August 17, 1989—NSC/DC Meeting on International Drug Strategy, Keywords: Drugs.","https://catalog.archives.gov/id/470761018","https://catalog.archives.gov/medialz/presidential-libraries/bush/gb-nsc/H-Files/NSC-DC_Mtgs_312294079/41-bpr-nsc-hfiles-dc_mtgs-44-90010-023.pdf"
"470761019","1989-08-29","1989-08-29","Catalog coverage dates","NSC/DC 045 - August 29, 1989 - NSC/DC Meeting on Soviet Emigration, Keywords: USSR","90010-024","Series context and cross-volume routing","Series context","verified","true","24711568","24711568","HTTP Content-Length","Restricted - Possibly","0","0","0","13","13","54","10","12","8","1","7","8","8","George H.W. Bush Library, Bush Presidential Records, National Security Council, H-Files, NSC/DC Meetings Files, OA/ID 90010–024, NSC/DC 045—August 29, 1989—NSC/DC Meeting on Soviet Emigration, Keywords: USSR.","https://catalog.archives.gov/id/470761019","https://catalog.archives.gov/medialz/presidential-libraries/bush/gb-nsc/H-Files/NSC-DC_Mtgs_312294079/41-bpr-nsc-hfiles-dc_mtgs-45-90010-024.pdf"
"470761020","1989-08-30","1989-08-30","Catalog coverage dates","NSC/DC 046 - August 30, 1989 - NSC/DC Meeting on Poland, Keywords: Poland","90010-025","Transition Economies and International Economic Strategy","Volume XXX review","verified","true","7612085","7612085","HTTP Content-Length","Restricted - Possibly","0","0","0","0","2","64","9","19","7","1","4","15","9","George H.W. Bush Library, Bush Presidential Records, National Security Council, H-Files, NSC/DC Meetings Files, OA/ID 90010–025, NSC/DC 046—August 30, 1989—NSC/DC Meeting on Poland, Keywords: Poland.","https://catalog.archives.gov/id/470761020","https://catalog.archives.gov/medialz/presidential-libraries/bush/gb-nsc/H-Files/NSC-DC_Mtgs_312294079/41-bpr-nsc-hfiles-dc_mtgs-46-90010-025.pdf"
"470761021","1989-08-30","1989-08-30","Catalog coverage dates","NSC/DC 047 - August 30, 1989 - NSC/DC Meeting on Panama, Keywords: Panama","90010-026","Series context and cross-volume routing","Series context","verified","true","16790642","16790642","HTTP Content-Length","Restricted - Possibly","0","1","0","1","29","98","8","24","12","7","10","10","27","George H.W. Bush Library, Bush Presidential Records, National Security Council, H-Files, NSC/DC Meetings Files, OA/ID 90010–026, NSC/DC 047—August 30, 1989—NSC/DC Meeting on Panama, Keywords: Panama.","https://catalog.archives.gov/id/470761021","https://catalog.archives.gov/medialz/presidential-libraries/bush/gb-nsc/H-Files/NSC-DC_Mtgs_312294079/41-bpr-nsc-hfiles-dc_mtgs-47-90010-026.pdf"
"470761022","1989-09-05","1989-09-05","Catalog coverage dates","NSC/DC 048 - September 05, 1989 - NSC/DC Meeting on CFE, Keywords: CFE, Verification, Arms Control","90011-001","Series context and cross-volume routing","Series context","verified","true","1018839","1018839","HTTP Content-Length","Restricted - Possibly","0","0","0","0","1","1","0","0","1","0","0","0","0","George H.W. Bush Library, Bush Presidential Records, National Security Council, H-Files, NSC/DC Meetings Files, OA/ID 90011–001, NSC/DC 048—September 05, 1989—NSC/DC Meeting on CFE, Keywords: CFE, Verification, Arms Control.","https://catalog.archives.gov/id/470761022","https://catalog.archives.gov/medialz/presidential-libraries/bush/gb-nsc/H-Files/NSC-DC_Mtgs_312294079/41-bpr-nsc-hfiles-dc_mtgs-48-90011-001.pdf"
"470761023","1989-09-05","1989-09-05","Catalog coverage dates","NSC/DC 049 - September 05, 1989 - NSC/DC Meeting on Soviet Emigration, Keywords: USSR","90011-002","Series context and cross-volume routing","Series context","verified","true","23569932","23569932","HTTP Content-Length","Restricted - Possibly","2","1","0","12","12","61","9","10","12","0","10","10","10","George H.W. Bush Library, Bush Presidential Records, National Security Council, H-Files, NSC/DC Meetings Files, OA/ID 90011–002, NSC/DC 049—September 05, 1989—NSC/DC Meeting on Soviet Emigration, Keywords: USSR.","https://catalog.archives.gov/id/470761023","https://catalog.archives.gov/medialz/presidential-libraries/bush/gb-nsc/H-Files/NSC-DC_Mtgs_312294079/41-bpr-nsc-hfiles-dc_mtgs-49-90011-002.pdf"
"470761024","1989-09-06","1989-09-06","Catalog coverage dates","NSC/DC 050 - September 06, 1989 - NSC/DC Meeting on Additional Assistance to Poland, Keywords: Poland, Food","90011-003","Transition Economies and International Economic Strategy","Volume XXX review","verified","true","33393525","33393524","HTTP Content-Length","Restricted - Possibly","4","2","0","0","4","442","66","149","70","8","33","94","22","George H.W. Bush Library, Bush Presidential Records, National Security Council, H-Files, NSC/DC Meetings Files, OA/ID 90011–003, NSC/DC 050—September 06, 1989—NSC/DC Meeting on Additional Assistance to Poland, Keywords: Poland, Food.","https://catalog.archives.gov/id/470761024","https://catalog.archives.gov/medialz/presidential-libraries/bush/gb-nsc/H-Files/NSC-DC_Mtgs_312294079/41-bpr-nsc-hfiles-dc_mtgs-50-90011-003.pdf"
"470761025","1989-09-11","1989-09-11","Catalog coverage dates","NSC/DC 051 - September 11, 1989 - NSC/DC Meeting on Narcotics Cooperation with Cuba, Keywords: Drugs, Cuba","90011-004","Series context and cross-volume routing","Series context","verified","true","10968768","10968768","HTTP Content-Length","Restricted - Possibly","0","0","0","7","20","52","0","18","11","0","7","7","9","George H.W. Bush Library, Bush Presidential Records, National Security Council, H-Files, NSC/DC Meetings Files, OA/ID 90011–004, NSC/DC 051—September 11, 1989—NSC/DC Meeting on Narcotics Cooperation with Cuba, Keywords: Drugs, Cuba.","https://catalog.archives.gov/id/470761025","https://catalog.archives.gov/medialz/presidential-libraries/bush/gb-nsc/H-Files/NSC-DC_Mtgs_312294079/41-bpr-nsc-hfiles-dc_mtgs-51-90011-004.pdf"
"470761026","1989-09-11","1989-09-11","Catalog coverage dates","NSC/DC 052 - September 11, 1989 - NSC/DC Meeting on Cuba and TV MARTI, Keywords: Cuba","90011-005","Series context and cross-volume routing","Series context","verified","true","33398964","33398964","HTTP Content-Length","Restricted - Possibly","16","0","0","14","25","96","1","22","26","0","15","15","17","George H.W. Bush Library, Bush Presidential Records, National Security Council, H-Files, NSC/DC Meetings Files, OA/ID 90011–005, NSC/DC 052—September 11, 1989—NSC/DC Meeting on Cuba and TV MARTI, Keywords: Cuba.","https://catalog.archives.gov/id/470761026","https://catalog.archives.gov/medialz/presidential-libraries/bush/gb-nsc/H-Files/NSC-DC_Mtgs_312294079/41-bpr-nsc-hfiles-dc_mtgs-52-90011-005.pdf"
"470761027","1989-09-12","1989-09-12","Catalog coverage dates","NSC/DC 053 - September 12, 1989 - NSC/DC Meeting on Nuclear Testing, Keywords: Nuclear Testing","90011-006","Series context and cross-volume routing","Series context","verified","true","15073129","15073129","HTTP Content-Length","Restricted - Possibly","0","0","0","6","18","79","0","14","11","0","32","11","11","George H.W. Bush Library, Bush Presidential Records, National Security Council, H-Files, NSC/DC Meetings Files, OA/ID 90011–006, NSC/DC 053—September 12, 1989—NSC/DC Meeting on Nuclear Testing, Keywords: Nuclear Testing.","https://catalog.archives.gov/id/470761027","https://catalog.archives.gov/medialz/presidential-libraries/bush/gb-nsc/H-Files/NSC-DC_Mtgs_312294079/41-bpr-nsc-hfiles-dc_mtgs-53-90011-006.pdf"
"470761028","1989-09-13","1989-09-13","Catalog coverage dates","NSC/DC 054 - September 13, 1989 - NSC/DC Meeting on Counterterrorism, Keywords: Counterterrorism","90011-007","Series context and cross-volume routing","Series context","verified","true","7387408","7387408","HTTP Content-Length","Restricted - Possibly","0","0","0","4","12","28","0","10","6","0","4","4","4","George H.W. Bush Library, Bush Presidential Records, National Security Council, H-Files, NSC/DC Meetings Files, OA/ID 90011–007, NSC/DC 054—September 13, 1989—NSC/DC Meeting on Counterterrorism, Keywords: Counterterrorism.","https://catalog.archives.gov/id/470761028","https://catalog.archives.gov/medialz/presidential-libraries/bush/gb-nsc/H-Files/NSC-DC_Mtgs_312294079/41-bpr-nsc-hfiles-dc_mtgs-54-90011-007.pdf"
"470761029","1989-09-15","1989-09-15","Catalog coverage dates","NSC/DC 055 - September 15, 1989 - NSC/DC Meeting on Nicaragua, Keywords: Nicaragua (File located @ LM)","90011-008","Series context and cross-volume routing","Series context","verified","true","1859535","1859535","HTTP Content-Length","Restricted - Possibly","0","0","0","6","7","9","0","6","0","1","0","0","2","George H.W. Bush Library, Bush Presidential Records, National Security Council, H-Files, NSC/DC Meetings Files, OA/ID 90011–008, NSC/DC 055—September 15, 1989—NSC/DC Meeting on Nicaragua, Keywords: Nicaragua (File located @ LM).","https://catalog.archives.gov/id/470761029","https://catalog.archives.gov/medialz/presidential-libraries/bush/gb-nsc/H-Files/NSC-DC_Mtgs_312294079/41-bpr-nsc-hfiles-dc_mtgs-55-90011-008.pdf"
"470761030","1989-09-15","1989-09-15","Catalog coverage dates","NSC/DC 056 - September 15, 1989 - NSC/DC Meeting on Philippines Military Base Negotiations, Keywords: Philippines, Military Bases","90011-009","Series context and cross-volume routing","Series context","verified","true","10545061","10545061","HTTP Content-Length","Restricted - Possibly","0","0","0","8","24","58","1","22","14","1","6","6","8","George H.W. Bush Library, Bush Presidential Records, National Security Council, H-Files, NSC/DC Meetings Files, OA/ID 90011–009, NSC/DC 056—September 15, 1989—NSC/DC Meeting on Philippines Military Base Negotiations, Keywords: Philippines, Military Bases.","https://catalog.archives.gov/id/470761030","https://catalog.archives.gov/medialz/presidential-libraries/bush/gb-nsc/H-Files/NSC-DC_Mtgs_312294079/41-bpr-nsc-hfiles-dc_mtgs-56-90011-009.pdf"
"470761031","1989-09-18","1989-09-18","Catalog coverage dates","NSC/DC 057 - September 18, 1989 - NSC/DC Meeting on South Africa, Keywords: South Africa","90011-010","Strategic Trade, Technology, and Investment Controls","Boundary review","verified","true","8044048","8044048","Catalog objectFileSize","Restricted - Possibly","0","1","0","0","4","137","29","3","18","53","9","8","17","George H.W. Bush Library, Bush Presidential Records, National Security Council, H-Files, NSC/DC Meetings Files, OA/ID 90011–010, NSC/DC 057—September 18, 1989—NSC/DC Meeting on South Africa, Keywords: South Africa.","https://catalog.archives.gov/id/470761031","https://catalog.archives.gov/medialz/presidential-libraries/bush/gb-nsc/H-Files/NSC-DC_Mtgs_312294079/41-bpr-nsc-hfiles-dc_mtgs-57-90011-010.pdf"
"470761032","1989-09-20","1989-09-20","Catalog coverage dates","NSC/DC 058 - September 20, 1989 - NSC/DC Meeting on South Africa, Keywords: South Africa","90011-011","Series context and cross-volume routing","Series context","verified","true","5128979","5128979","HTTP Content-Length","Restricted - Possibly","0","0","0","15","6","21","2","6","0","12","0","0","1","George H.W. Bush Library, Bush Presidential Records, National Security Council, H-Files, NSC/DC Meetings Files, OA/ID 90011–011, NSC/DC 058—September 20, 1989—NSC/DC Meeting on South Africa, Keywords: South Africa.","https://catalog.archives.gov/id/470761032","https://catalog.archives.gov/medialz/presidential-libraries/bush/gb-nsc/H-Files/NSC-DC_Mtgs_312294079/41-bpr-nsc-hfiles-dc_mtgs-58-90011-011.pdf"
"470761033","1989-09-20","1989-09-20","Catalog coverage dates","NSC/DC 059 - September 20, 1989 - NSC/DC Meeting on Machine Tools, Keywords: COCOM","90011-012","Strategic Trade, Technology, and Investment Controls","Volume XXX review","verified","true","7424098","7424098","HTTP Content-Length","Restricted - Possibly","0","0","0","0","7","96","1","5","75","1","9","2","3","George H.W. Bush Library, Bush Presidential Records, National Security Council, H-Files, NSC/DC Meetings Files, OA/ID 90011–012, NSC/DC 059—September 20, 1989—NSC/DC Meeting on Machine Tools, Keywords: COCOM.","https://catalog.archives.gov/id/470761033","https://catalog.archives.gov/medialz/presidential-libraries/bush/gb-nsc/H-Files/NSC-DC_Mtgs_312294079/41-bpr-nsc-hfiles-dc_mtgs-59-90011-012.pdf"
"470761034","1989-09-21","1989-09-21","Catalog coverage dates","NSC/DC 060 - September 21, 1989 - NSC/DC Meeting on Economic Assistance for Poland, Keywords: Poland, Economic Assistance","90011-013","Transition Economies and International Economic Strategy","Volume XXX review","verified","true","5890165","5890165","HTTP Content-Length","Restricted - Possibly","0","0","0","0","1","77","29","1","15","14","4","10","4","George H.W. Bush Library, Bush Presidential Records, National Security Council, H-Files, NSC/DC Meetings Files, OA/ID 90011–013, NSC/DC 060—September 21, 1989—NSC/DC Meeting on Economic Assistance for Poland, Keywords: Poland, Economic Assistance.","https://catalog.archives.gov/id/470761034","https://catalog.archives.gov/medialz/presidential-libraries/bush/gb-nsc/H-Files/NSC-DC_Mtgs_312294079/41-bpr-nsc-hfiles-dc_mtgs-60-90011-013.pdf"
"470761035","1989-09-25","1989-09-25","Catalog coverage dates","NSC/DC 061 - September 25, 1989 - NSC/DC Meeting on Poland and Economic Assistance, Keywords: Poland, Economic Assistance","90011-014","Transition Economies and International Economic Strategy","Volume XXX review","verified","true","6520459","6520459","HTTP Content-Length","Restricted - Possibly","0","0","0","0","1","81","24","7","13","11","5","14","7","George H.W. Bush Library, Bush Presidential Records, National Security Council, H-Files, NSC/DC Meetings Files, OA/ID 90011–014, NSC/DC 061—September 25, 1989—NSC/DC Meeting on Poland and Economic Assistance, Keywords: Poland, Economic Assistance.","https://catalog.archives.gov/id/470761035","https://catalog.archives.gov/medialz/presidential-libraries/bush/gb-nsc/H-Files/NSC-DC_Mtgs_312294079/41-bpr-nsc-hfiles-dc_mtgs-61-90011-014.pdf"
"470761036","1989-10-06","1989-10-06","Catalog coverage dates","NSC/DC 062 - October 06, 1989 - NSC/DC Meeting on Panama, Keywords: Panama","90011-015","Series context and cross-volume routing","Series context","verified","true","8690326","8690326","HTTP Content-Length","Restricted - Possibly","0","0","0","0","19","24","0","16","2","0","2","2","2","George H.W. Bush Library, Bush Presidential Records, National Security Council, H-Files, NSC/DC Meetings Files, OA/ID 90011–015, NSC/DC 062—October 06, 1989—NSC/DC Meeting on Panama, Keywords: Panama.","https://catalog.archives.gov/id/470761036","https://catalog.archives.gov/medialz/presidential-libraries/bush/gb-nsc/H-Files/NSC-DC_Mtgs_312294079/41-bpr-nsc-hfiles-dc_mtgs-62-90011-015.pdf"
"470761037","1989-10-10","1989-10-10","Catalog coverage dates","NSC/DC 063 - October 10, 1989 - NSC/DC Meeting on Panama, Keywords; Panama","90011-016","Series context and cross-volume routing","Series context","verified","true","6289529","6289529","HTTP Content-Length","Restricted - Possibly","0","2","0","28","14","58","17","15","2","17","2","2","3","George H.W. Bush Library, Bush Presidential Records, National Security Council, H-Files, NSC/DC Meetings Files, OA/ID 90011–016, NSC/DC 063—October 10, 1989—NSC/DC Meeting on Panama, Keywords; Panama.","https://catalog.archives.gov/id/470761037","https://catalog.archives.gov/medialz/presidential-libraries/bush/gb-nsc/H-Files/NSC-DC_Mtgs_312294079/41-bpr-nsc-hfiles-dc_mtgs-63-90011-016.pdf"
"470761038","1989-10-11","1989-10-11","Catalog coverage dates","NSC/DC 063A - October 11, 1989 - NSC/DC Meeting on Strategic Cooperation with France, Keywords: France, Great Britain","90011-017","Series context and cross-volume routing","Series context","not online","false","0","0","No online PDF","Restricted - Fully","0","0","0","0","0","0","0","0","0","0","0","0","0","George H.W. Bush Library, Bush Presidential Records, National Security Council, H-Files, NSC/DC Meetings Files, OA/ID 90011–017, NSC/DC 063A—October 11, 1989—NSC/DC Meeting on Strategic Cooperation with France, Keywords: France, Great Britain.","https://catalog.archives.gov/id/470761038",""
"470761039","1989-10-11","1989-10-11","Catalog coverage dates","NSC/DC 064 - October 11, 1989 - NSC/DC Meeting on Panama, Keywords: Panama","90011-018","Series context and cross-volume routing","Series context","verified","true","5191238","5191238","Catalog objectFileSize","Restricted - Possibly","0","0","0","33","18","27","0","15","3","0","3","3","3","George H.W. Bush Library, Bush Presidential Records, National Security Council, H-Files, NSC/DC Meetings Files, OA/ID 90011–018, NSC/DC 064—October 11, 1989—NSC/DC Meeting on Panama, Keywords: Panama.","https://catalog.archives.gov/id/470761039","https://catalog.archives.gov/medialz/presidential-libraries/bush/gb-nsc/H-Files/NSC-DC_Mtgs_312294079/41-bpr-nsc-hfiles-dc_mtgs-64-90011-018.pdf"
"470761040","1989-10-13","1989-10-13","Catalog coverage dates","NSC/DC 065 - October 13, 1989 - NSC/DC Meeting on Panama, Keywords: Panama","90011-019","Series context and cross-volume routing","Series context","verified","true","12738973","12738973","HTTP Content-Length","Restricted - Possibly","0","0","0","22","25","41","4","21","4","0","4","4","4","George H.W. Bush Library, Bush Presidential Records, National Security Council, H-Files, NSC/DC Meetings Files, OA/ID 90011–019, NSC/DC 065—October 13, 1989—NSC/DC Meeting on Panama, Keywords: Panama.","https://catalog.archives.gov/id/470761040","https://catalog.archives.gov/medialz/presidential-libraries/bush/gb-nsc/H-Files/NSC-DC_Mtgs_312294079/41-bpr-nsc-hfiles-dc_mtgs-65-90011-019.pdf"
"470761042","1989-10-16","1989-10-16","Catalog coverage dates","NSC/DC 066 - October 16, 1989 - NSC/DC Meeting on Panama, Keywords: Panama","90011-021","Series context and cross-volume routing","Series context","verified","true","16132294","16132294","HTTP Content-Length","Restricted - Possibly","0","0","0","3","30","80","2","28","11","6","11","11","11","George H.W. Bush Library, Bush Presidential Records, National Security Council, H-Files, NSC/DC Meetings Files, OA/ID 90011–021, NSC/DC 066—October 16, 1989—NSC/DC Meeting on Panama, Keywords: Panama.","https://catalog.archives.gov/id/470761042","https://catalog.archives.gov/medialz/presidential-libraries/bush/gb-nsc/H-Files/NSC-DC_Mtgs_312294079/41-bpr-nsc-hfiles-dc_mtgs-66-90011-021.pdf"
"470761045","1989-10-16","1989-10-16","Catalog coverage dates","NSC/DC 068 - October 16, 1989 - NSC/DC Meeting on Panama, Keywords: Panama","90011-024","Series context and cross-volume routing","Series context","verified","true","6485863","6485863","HTTP Content-Length","Restricted - Possibly","0","1","0","4","19","35","6","18","0","6","0","0","5","George H.W. Bush Library, Bush Presidential Records, National Security Council, H-Files, NSC/DC Meetings Files, OA/ID 90011–024, NSC/DC 068—October 16, 1989—NSC/DC Meeting on Panama, Keywords: Panama.","https://catalog.archives.gov/id/470761045","https://catalog.archives.gov/medialz/presidential-libraries/bush/gb-nsc/H-Files/NSC-DC_Mtgs_312294079/41-bpr-nsc-hfiles-dc_mtgs-68-90011-024.pdf"
"470761043","1989-10-17","1989-10-17","Catalog coverage dates","NSC/DC 066A - October 17, 1989 - NSC/DC Meeting on Panama, Keywords: Panama","90011-022","Series context and cross-volume routing","Series context","verified","true","1736676","1736676","Catalog objectFileSize","Restricted - Possibly","0","0","0","10","5","4","0","4","0","0","0","0","0","George H.W. Bush Library, Bush Presidential Records, National Security Council, H-Files, NSC/DC Meetings Files, OA/ID 90011–022, NSC/DC 066A—October 17, 1989—NSC/DC Meeting on Panama, Keywords: Panama.","https://catalog.archives.gov/id/470761043","https://catalog.archives.gov/medialz/presidential-libraries/bush/gb-nsc/H-Files/NSC-DC_Mtgs_312294079/41-bpr-nsc-hfiles-dc_mtgs-66a-90011-022.pdf"
"470761041","1989-10-18","1989-10-18","Catalog coverage dates","NSC/DC 065A - October 18, 1989 - NSC/DC Meeting on Afghanistan, Keywords: Afghanistan (File located @ LM)","90011-020","Series context and cross-volume routing","Series context","verified","true","1355006","1355006","HTTP Content-Length","Restricted - Possibly","0","0","0","2","5","5","0","4","0","1","0","0","0","George H.W. Bush Library, Bush Presidential Records, National Security Council, H-Files, NSC/DC Meetings Files, OA/ID 90011–020, NSC/DC 065A—October 18, 1989—NSC/DC Meeting on Afghanistan, Keywords: Afghanistan (File located @ LM).","https://catalog.archives.gov/id/470761041","https://catalog.archives.gov/medialz/presidential-libraries/bush/gb-nsc/H-Files/NSC-DC_Mtgs_312294079/41-bpr-nsc-hfiles-dc_mtgs-65a-90011-020.pdf"
"470761044","1989-10-19","1989-10-19","Catalog coverage dates","NSC/DC 067 - October 19, 1989 - NSC/DC Meeting on Machine Tools and COCOM, Keywords: COCOM","90011-023","Strategic Trade, Technology, and Investment Controls","Volume XXX review","verified","true","15964063","15964063","HTTP Content-Length","Restricted - Possibly","0","0","0","10","11","361","19","11","310","0","16","2","3","George H.W. Bush Library, Bush Presidential Records, National Security Council, H-Files, NSC/DC Meetings Files, OA/ID 90011–023, NSC/DC 067—October 19, 1989—NSC/DC Meeting on Machine Tools and COCOM, Keywords: COCOM.","https://catalog.archives.gov/id/470761044","https://catalog.archives.gov/medialz/presidential-libraries/bush/gb-nsc/H-Files/NSC-DC_Mtgs_312294079/41-bpr-nsc-hfiles-dc_mtgs-67-90011-023.pdf"
"470761046","1989-10-23","1989-10-23","Catalog coverage dates","NSC/DC 069 - October 23, 1989 - NSC/DC Meeting on Vessey Mission to Hanoi, Keywords: Vietnam, MIAs, POWs","90011-025","Series context and cross-volume routing","Series context","verified","true","22012621","22012620","HTTP Content-Length","Restricted - Possibly","0","2","2","19","8","35","12","6","3","0","3","3","8","George H.W. Bush Library, Bush Presidential Records, National Security Council, H-Files, NSC/DC Meetings Files, OA/ID 90011–025, NSC/DC 069—October 23, 1989—NSC/DC Meeting on Vessey Mission to Hanoi, Keywords: Vietnam, MIAs, POWs.","https://catalog.archives.gov/id/470761046","https://catalog.archives.gov/medialz/presidential-libraries/bush/gb-nsc/H-Files/NSC-DC_Mtgs_312294079/41-bpr-nsc-hfiles-dc_mtgs-69-90011-025.pdf"
"470761047","1989-10-31","1989-10-31","Catalog coverage dates","NSC/DC 070 - October 31, 1989 - NSC/DC Meeting on Libya, Keywords: Libya, Navigational Freedom (File located @ NLMS)","90012-001","Series context and cross-volume routing","Series context","verified","true","410451","410451","Catalog objectFileSize","Restricted - Possibly","0","0","0","0","0","0","0","0","0","0","0","0","0","George H.W. Bush Library, Bush Presidential Records, National Security Council, H-Files, NSC/DC Meetings Files, OA/ID 90012–001, NSC/DC 070—October 31, 1989—NSC/DC Meeting on Libya, Keywords: Libya, Navigational Freedom (File located @ NLMS).","https://catalog.archives.gov/id/470761047","https://catalog.archives.gov/medialz/presidential-libraries/bush/gb-nsc/H-Files/NSC-DC_Mtgs_312294079/41-bpr-nsc-hfiles-dc_mtgs-70-90012-001.pdf"
"470761048","1989-11-01","1989-11-01","Catalog coverage dates","NSC/DC 071 - November 01, 1989 - NSC/DC Meeting on, Keywords: Chemical Warfare","90012-002","Series context and cross-volume routing","Series context","verified","true","25890067","25890068","HTTP Content-Length","Restricted - Possibly","2","0","0","10","15","82","0","12","15","0","25","14","16","George H.W. Bush Library, Bush Presidential Records, National Security Council, H-Files, NSC/DC Meetings Files, OA/ID 90012–002, NSC/DC 071—November 01, 1989—NSC/DC Meeting on, Keywords: Chemical Warfare.","https://catalog.archives.gov/id/470761048","https://catalog.archives.gov/medialz/presidential-libraries/bush/gb-nsc/H-Files/NSC-DC_Mtgs_312294079/41-bpr-nsc-hfiles-dc_mtgs-71-90012-002.pdf"
"470761049","1989-11-03","1989-11-03","Catalog coverage dates","NSC/DC 072 - November 03, 1989 - NSC/DC Meeting on, Keywords: Drugs","90012-003","Series context and cross-volume routing","Series context","verified","true","13211768","13211768","HTTP Content-Length","Restricted - Possibly","0","1","0","7","9","63","13","8","11","6","6","6","13","George H.W. Bush Library, Bush Presidential Records, National Security Council, H-Files, NSC/DC Meetings Files, OA/ID 90012–003, NSC/DC 072—November 03, 1989—NSC/DC Meeting on, Keywords: Drugs.","https://catalog.archives.gov/id/470761049","https://catalog.archives.gov/medialz/presidential-libraries/bush/gb-nsc/H-Files/NSC-DC_Mtgs_312294079/41-bpr-nsc-hfiles-dc_mtgs-72-90012-003.pdf"
"470761050","1989-11-03","1989-11-03","Catalog coverage dates","NSC/DC 073 - November 03, 1989 - NSC/DC Meeting on, Keywords: Philippines","90012-004","Monetary Policy, Debt, and International Institutions","Boundary review","verified","true","37065071","37065072","HTTP Content-Length","Restricted - Possibly","0","4","0","23","19","318","22","127","46","9","22","18","74","George H.W. Bush Library, Bush Presidential Records, National Security Council, H-Files, NSC/DC Meetings Files, OA/ID 90012–004, NSC/DC 073—November 03, 1989—NSC/DC Meeting on, Keywords: Philippines.","https://catalog.archives.gov/id/470761050","https://catalog.archives.gov/medialz/presidential-libraries/bush/gb-nsc/H-Files/NSC-DC_Mtgs_312294079/41-bpr-nsc-hfiles-dc_mtgs-73-90012-004.pdf"
"470761051","1989-11-06","1989-11-06","Catalog coverage dates","NSC/DC 074 - November 06, 1989 - NSC/DC Meeting on Lebanon, Keywords: Lebanon","90012-005","Series context and cross-volume routing","Series context","verified","true","2848340","2848340","HTTP Content-Length","Restricted - Possibly","0","0","0","0","7","7","0","6","0","0","0","0","1","George H.W. Bush Library, Bush Presidential Records, National Security Council, H-Files, NSC/DC Meetings Files, OA/ID 90012–005, NSC/DC 074—November 06, 1989—NSC/DC Meeting on Lebanon, Keywords: Lebanon.","https://catalog.archives.gov/id/470761051","https://catalog.archives.gov/medialz/presidential-libraries/bush/gb-nsc/H-Files/NSC-DC_Mtgs_312294079/41-bpr-nsc-hfiles-dc_mtgs-74-90012-005.pdf"
"470761052","1989-11-09","1989-11-09","Catalog coverage dates","NSC/DC 075 - November 09, 1989 - NSC/DC Meeting on Andean Drug Summit, Keywords: Drugs","90012-006","Series context and cross-volume routing","Series context","verified","true","20919497","20919496","HTTP Content-Length","Restricted - Possibly","0","0","0","10","7","153","43","13","27","21","14","13","22","George H.W. Bush Library, Bush Presidential Records, National Security Council, H-Files, NSC/DC Meetings Files, OA/ID 90012–006, NSC/DC 075—November 09, 1989—NSC/DC Meeting on Andean Drug Summit, Keywords: Drugs.","https://catalog.archives.gov/id/470761052","https://catalog.archives.gov/medialz/presidential-libraries/bush/gb-nsc/H-Files/NSC-DC_Mtgs_312294079/41-bpr-nsc-hfiles-dc_mtgs-75-90012-006.pdf"
"470761053","1989-11-17","1989-11-17","Catalog coverage dates","NSC/DC 076 - November 17, 1989 - NSC/DC Meeting on Economic Sanctions / Panama, Keywords: Panama","90012-007","Strategic Trade, Technology, and Investment Controls","Boundary review","verified","true","23779615","23779616","HTTP Content-Length","Restricted - Possibly","0","0","0","23","33","320","98","35","20","90","25","16","36","George H.W. Bush Library, Bush Presidential Records, National Security Council, H-Files, NSC/DC Meetings Files, OA/ID 90012–007, NSC/DC 076—November 17, 1989—NSC/DC Meeting on Economic Sanctions / Panama, Keywords: Panama.","https://catalog.archives.gov/id/470761053","https://catalog.archives.gov/medialz/presidential-libraries/bush/gb-nsc/H-Files/NSC-DC_Mtgs_312294079/41-bpr-nsc-hfiles-dc_mtgs-76-90012-007.pdf"
"470761054","1989-11-18","1989-11-18","Catalog coverage dates","NSC/DC 076A - November 18, 1989 - NSC/DC Meeting on Panama, Keywords: Panama","90012-008","Series context and cross-volume routing","Series context","verified","true","4337449","4337449","HTTP Content-Length","Restricted - Possibly","0","0","0","19","16","14","0","14","0","0","0","0","0","George H.W. Bush Library, Bush Presidential Records, National Security Council, H-Files, NSC/DC Meetings Files, OA/ID 90012–008, NSC/DC 076A—November 18, 1989—NSC/DC Meeting on Panama, Keywords: Panama.","https://catalog.archives.gov/id/470761054","https://catalog.archives.gov/medialz/presidential-libraries/bush/gb-nsc/H-Files/NSC-DC_Mtgs_312294079/41-bpr-nsc-hfiles-dc_mtgs-76a-90012-008.pdf"
"470761055","1989-11-20","1989-11-20","Catalog coverage dates","NSC/DC 077 - November 20, 1989 - NSC/DC Meeting on Panama via SVTS, Keywords: Panama","90012-009","Series context and cross-volume routing","Series context","verified","true","3110769","3110769","Catalog objectFileSize","Restricted - Possibly","0","0","0","2","12","11","0","10","0","0","0","0","1","George H.W. Bush Library, Bush Presidential Records, National Security Council, H-Files, NSC/DC Meetings Files, OA/ID 90012–009, NSC/DC 077—November 20, 1989—NSC/DC Meeting on Panama via SVTS, Keywords: Panama.","https://catalog.archives.gov/id/470761055","https://catalog.archives.gov/medialz/presidential-libraries/bush/gb-nsc/H-Files/NSC-DC_Mtgs_312294079/41-bpr-nsc-hfiles-dc_mtgs-77-90012-009.pdf"
"470761056","1989-11-20","1989-11-20","Catalog coverage dates","NSC/DC 077A - November 20, 1989 - NSC/DC Meeting on Current Panama Situation, Keywords: Panama","90012-010","Series context and cross-volume routing","Series context","verified","true","2103594","2103594","HTTP Content-Length","Restricted - Possibly","0","0","0","3","10","10","0","9","0","0","0","0","1","George H.W. Bush Library, Bush Presidential Records, National Security Council, H-Files, NSC/DC Meetings Files, OA/ID 90012–010, NSC/DC 077A—November 20, 1989—NSC/DC Meeting on Current Panama Situation, Keywords: Panama.","https://catalog.archives.gov/id/470761056","https://catalog.archives.gov/medialz/presidential-libraries/bush/gb-nsc/H-Files/NSC-DC_Mtgs_312294079/41-bpr-nsc-hfiles-dc_mtgs-77a-90012-010.pdf"
"470761057","1989-11-21","1989-11-21","Catalog coverage dates","NSC/DC 078 - November 21, 1989 - NSC/DC Meeting on El Salvador, Keywords: El Salvador","90012-011","Series context and cross-volume routing","Series context","verified","true","1676467","1676467","HTTP Content-Length","Restricted - Possibly","0","0","0","6","3","2","0","2","0","0","0","0","0","George H.W. Bush Library, Bush Presidential Records, National Security Council, H-Files, NSC/DC Meetings Files, OA/ID 90012–011, NSC/DC 078—November 21, 1989—NSC/DC Meeting on El Salvador, Keywords: El Salvador.","https://catalog.archives.gov/id/470761057","https://catalog.archives.gov/medialz/presidential-libraries/bush/gb-nsc/H-Files/NSC-DC_Mtgs_312294079/41-bpr-nsc-hfiles-dc_mtgs-78-90012-011.pdf"
"470761058","1989-11-21","1989-11-21","Catalog coverage dates","NSC/DC 078A - November 21, 1989 - NSC/DC Meeting on El Salvador, Keywords: El Salvador","90012-012","Series context and cross-volume routing","Series context","verified","true","1563256","1563256","Catalog objectFileSize","Restricted - Possibly","0","0","0","8","3","2","0","2","0","0","0","0","0","George H.W. Bush Library, Bush Presidential Records, National Security Council, H-Files, NSC/DC Meetings Files, OA/ID 90012–012, NSC/DC 078A—November 21, 1989—NSC/DC Meeting on El Salvador, Keywords: El Salvador.","https://catalog.archives.gov/id/470761058","https://catalog.archives.gov/medialz/presidential-libraries/bush/gb-nsc/H-Files/NSC-DC_Mtgs_312294079/41-bpr-nsc-hfiles-dc_mtgs-78a-90012-012.pdf"
"470761059","1989-11-21","1989-11-21","Catalog coverage dates","NSC/DC 078B - November 21, 1989 - NSC/DC Meeting on El Salvador and Panama, Keywords: El Salvador, Panama","90012-013","Series context and cross-volume routing","Series context","verified","true","1874065","1874065","HTTP Content-Length","Restricted - Possibly","0","0","0","7","4","5","0","3","0","0","0","0","2","George H.W. Bush Library, Bush Presidential Records, National Security Council, H-Files, NSC/DC Meetings Files, OA/ID 90012–013, NSC/DC 078B—November 21, 1989—NSC/DC Meeting on El Salvador and Panama, Keywords: El Salvador, Panama.","https://catalog.archives.gov/id/470761059","https://catalog.archives.gov/medialz/presidential-libraries/bush/gb-nsc/H-Files/NSC-DC_Mtgs_312294079/41-bpr-nsc-hfiles-dc_mtgs-78b-90012-013.pdf"
"470761060","1989-11-30","1989-11-30","Catalog coverage dates","NSC/DC 078C - November 30, 1989 - NSC/DC Meeting on El Salvador, Keywords: El Salvador","90012-014","Series context and cross-volume routing","Series context","verified","true","4615505","4615505","HTTP Content-Length","Restricted - Possibly","0","0","0","10","8","30","0","7","6","0","6","4","7","George H.W. Bush Library, Bush Presidential Records, National Security Council, H-Files, NSC/DC Meetings Files, OA/ID 90012–014, NSC/DC 078C—November 30, 1989—NSC/DC Meeting on El Salvador, Keywords: El Salvador.","https://catalog.archives.gov/id/470761060","https://catalog.archives.gov/medialz/presidential-libraries/bush/gb-nsc/H-Files/NSC-DC_Mtgs_312294079/41-bpr-nsc-hfiles-dc_mtgs-78c-90012-014.pdf"
"470761062","1989-12-06","1989-12-06","Catalog coverage dates","NSC/DC 079 - December 06, 1989 - NSC/DC Meeting on El Salvador via SVTS, Keywords: El Salvador","90012-016","Series context and cross-volume routing","Series context","verified","true","8202107","8202107","HTTP Content-Length","Restricted - Possibly","0","2","0","0","3","26","6","2","3","6","3","3","3","George H.W. Bush Library, Bush Presidential Records, National Security Council, H-Files, NSC/DC Meetings Files, OA/ID 90012–016, NSC/DC 079—December 06, 1989—NSC/DC Meeting on El Salvador via SVTS, Keywords: El Salvador.","https://catalog.archives.gov/id/470761062","https://catalog.archives.gov/medialz/presidential-libraries/bush/gb-nsc/H-Files/NSC-DC_Mtgs_312294079/41-bpr-nsc-hfiles-dc_mtgs-79-90012-016.pdf"
"470761061","1989-12-07","1989-12-07","Catalog coverage dates","NSC/DC 078D - December 07, 1989 - NSC/DC Meeting on Lebanon, Keywords: Lebanon (File located @ LM)","90012-015","Series context and cross-volume routing","Series context","not online","false","0","0","No online PDF","Restricted - Possibly","0","0","0","0","0","0","0","0","0","0","0","0","0","George H.W. Bush Library, Bush Presidential Records, National Security Council, H-Files, NSC/DC Meetings Files, OA/ID 90012–015, NSC/DC 078D—December 07, 1989—NSC/DC Meeting on Lebanon, Keywords: Lebanon (File located @ LM).","https://catalog.archives.gov/id/470761061",""
"470761063","1989-12-07","1989-12-07","Catalog coverage dates","NSC/DC 080 - December 07, 1989 - NSC/DC Meeting on Andean Drug Summit, Keywords: Drugs","90012-017","Series context and cross-volume routing","Series context","verified","true","14319114","14319114","HTTP Content-Length","Restricted - Possibly","0","0","0","0","24","231","69","42","78","2","12","10","18","George H.W. Bush Library, Bush Presidential Records, National Security Council, H-Files, NSC/DC Meetings Files, OA/ID 90012–017, NSC/DC 080—December 07, 1989—NSC/DC Meeting on Andean Drug Summit, Keywords: Drugs.","https://catalog.archives.gov/id/470761063","https://catalog.archives.gov/medialz/presidential-libraries/bush/gb-nsc/H-Files/NSC-DC_Mtgs_312294079/41-bpr-nsc-hfiles-dc_mtgs-80-90012-017.pdf"
"470761065","1989-12-09","1989-12-09","Catalog coverage dates","NSC/DC 082 - December 09, 1989 - NSC/DC Meeting on El Salvador, Keywords: El Salvador","90012-019","Series context and cross-volume routing","Series context","verified","true","7257328","7257328","Catalog objectFileSize","Restricted - Possibly","0","0","0","30","5","11","0","3","2","0","2","2","2","George H.W. Bush Library, Bush Presidential Records, National Security Council, H-Files, NSC/DC Meetings Files, OA/ID 90012–019, NSC/DC 082—December 09, 1989—NSC/DC Meeting on El Salvador, Keywords: El Salvador.","https://catalog.archives.gov/id/470761065","https://catalog.archives.gov/medialz/presidential-libraries/bush/gb-nsc/H-Files/NSC-DC_Mtgs_312294079/41-bpr-nsc-hfiles-dc_mtgs-82-90012-019.pdf"
"470761066","1989-12-13","1989-12-13","Catalog coverage dates","NSC/DC 083 - December 13, 1989 - NSC/DC Meeting on Philippines, Keywords: Philippines","90012-020","Series context and cross-volume routing","Series context","verified","true","6183562","6183562","HTTP Content-Length","Restricted - Possibly","0","0","0","5","9","21","0","8","3","0","2","2","6","George H.W. Bush Library, Bush Presidential Records, National Security Council, H-Files, NSC/DC Meetings Files, OA/ID 90012–020, NSC/DC 083—December 13, 1989—NSC/DC Meeting on Philippines, Keywords: Philippines.","https://catalog.archives.gov/id/470761066","https://catalog.archives.gov/medialz/presidential-libraries/bush/gb-nsc/H-Files/NSC-DC_Mtgs_312294079/41-bpr-nsc-hfiles-dc_mtgs-83-90012-020.pdf"
"470761064","1989-12-19","1989-12-19","Catalog coverage dates","NSC/DC 081 - December 19, 1989 - NSC/DC Meeting on Lebanon via SVTS, Keywords: Lebanon (File located @ LM)","90012-018","Series context and cross-volume routing","Series context","not online","false","0","0","No online PDF","Restricted - Possibly","0","0","0","0","0","0","0","0","0","0","0","0","0","George H.W. Bush Library, Bush Presidential Records, National Security Council, H-Files, NSC/DC Meetings Files, OA/ID 90012–018, NSC/DC 081—December 19, 1989—NSC/DC Meeting on Lebanon via SVTS, Keywords: Lebanon (File located @ LM).","https://catalog.archives.gov/id/470761064",""
"470761067","1989-12-19","1989-12-19","Catalog coverage dates","NSC/DC 084 - December 19, 1989 - NSC/DC Meeting on Philippines, Keywords: Philippines","90012-021","Monetary Policy, Debt, and International Institutions","Boundary review","verified","true","13181680","13181680","HTTP Content-Length","Restricted - Possibly","0","0","0","11","6","108","28","15","40","0","6","4","15","George H.W. Bush Library, Bush Presidential Records, National Security Council, H-Files, NSC/DC Meetings Files, OA/ID 90012–021, NSC/DC 084—December 19, 1989—NSC/DC Meeting on Philippines, Keywords: Philippines.","https://catalog.archives.gov/id/470761067","https://catalog.archives.gov/medialz/presidential-libraries/bush/gb-nsc/H-Files/NSC-DC_Mtgs_312294079/41-bpr-nsc-hfiles-dc_mtgs-84-90012-021.pdf"
"470761068","1989-12-19","1989-12-19","Catalog coverage dates","NSC/DC 085 - December 19, 1989 - NSC/DC Meeting on Panama, Keywords: Panama","90012-022","Series context and cross-volume routing","Series context","verified","true","3465988","3465988","HTTP Content-Length","Restricted - Possibly","0","0","0","0","3","12","0","2","2","0","2","2","4","George H.W. Bush Library, Bush Presidential Records, National Security Council, H-Files, NSC/DC Meetings Files, OA/ID 90012–022, NSC/DC 085—December 19, 1989—NSC/DC Meeting on Panama, Keywords: Panama.","https://catalog.archives.gov/id/470761068","https://catalog.archives.gov/medialz/presidential-libraries/bush/gb-nsc/H-Files/NSC-DC_Mtgs_312294079/41-bpr-nsc-hfiles-dc_mtgs-85-90012-022.pdf"
"470761069","1989-12-20","1989-12-20","Catalog coverage dates","NSC/DC 086 - December 20, 1989 - NSC/DC Meeting on Panama, Keywords: Panama","90012-023","Series context and cross-volume routing","Series context","verified","true","1514435","1514435","HTTP Content-Length","Restricted - Possibly","0","0","0","0","3","2","0","2","0","0","0","0","0","George H.W. Bush Library, Bush Presidential Records, National Security Council, H-Files, NSC/DC Meetings Files, OA/ID 90012–023, NSC/DC 086—December 20, 1989—NSC/DC Meeting on Panama, Keywords: Panama.","https://catalog.archives.gov/id/470761069","https://catalog.archives.gov/medialz/presidential-libraries/bush/gb-nsc/H-Files/NSC-DC_Mtgs_312294079/41-bpr-nsc-hfiles-dc_mtgs-86-90012-023.pdf"
"470761070","1989-12-20","1989-12-20","Catalog coverage dates","NSC/DC 087 - December 20, 1989 - NSC/DC Meeting on Panama, Keywords: Panama","90012-024","Series context and cross-volume routing","Series context","verified","true","2961733","2961733","HTTP Content-Length","Restricted - Possibly","0","0","0","2","3","4","0","2","0","0","0","0","2","George H.W. Bush Library, Bush Presidential Records, National Security Council, H-Files, NSC/DC Meetings Files, OA/ID 90012–024, NSC/DC 087—December 20, 1989—NSC/DC Meeting on Panama, Keywords: Panama.","https://catalog.archives.gov/id/470761070","https://catalog.archives.gov/medialz/presidential-libraries/bush/gb-nsc/H-Files/NSC-DC_Mtgs_312294079/41-bpr-nsc-hfiles-dc_mtgs-87-90012-024.pdf"
"470761071","1989-12-21","1989-12-21","Catalog coverage dates","NSC/DC 088 - December 21, 1989 - NSC/DC Meeting on Panama, Keywords: Panama","90012-025","Series context and cross-volume routing","Series context","verified","true","1729619","1729619","HTTP Content-Length","Restricted - Possibly","0","0","0","0","2","1","0","1","0","0","0","0","0","George H.W. Bush Library, Bush Presidential Records, National Security Council, H-Files, NSC/DC Meetings Files, OA/ID 90012–025, NSC/DC 088—December 21, 1989—NSC/DC Meeting on Panama, Keywords: Panama.","https://catalog.archives.gov/id/470761071","https://catalog.archives.gov/medialz/presidential-libraries/bush/gb-nsc/H-Files/NSC-DC_Mtgs_312294079/41-bpr-nsc-hfiles-dc_mtgs-88-90012-025.pdf"
"470761072","1989-12-21","1989-12-21","Catalog coverage dates","NSC/DC 088A - December 21, 1989 - NSC/DC Meeting on Panama and Romania, Keywords: Panama, Romania","90012-026","Series context and cross-volume routing","Series context","verified","true","1516285","1516285","Catalog objectFileSize","Restricted - Possibly","0","0","0","0","2","1","0","1","0","0","0","0","0","George H.W. Bush Library, Bush Presidential Records, National Security Council, H-Files, NSC/DC Meetings Files, OA/ID 90012–026, NSC/DC 088A—December 21, 1989—NSC/DC Meeting on Panama and Romania, Keywords: Panama, Romania.","https://catalog.archives.gov/id/470761072","https://catalog.archives.gov/medialz/presidential-libraries/bush/gb-nsc/H-Files/NSC-DC_Mtgs_312294079/41-bpr-nsc-hfiles-dc_mtgs-88a-90012-026.pdf"
"470761073","1989-12-22","1989-12-22","Catalog coverage dates","NSC/DC 089 - December 22, 1989 - NSC/DC Meeting on Panama, Keywords: Panama","90012-027","Series context and cross-volume routing","Series context","verified","true","1565377","1565377","HTTP Content-Length","Restricted - Possibly","0","0","0","0","3","2","0","2","0","0","0","0","0","George H.W. Bush Library, Bush Presidential Records, National Security Council, H-Files, NSC/DC Meetings Files, OA/ID 90012–027, NSC/DC 089—December 22, 1989—NSC/DC Meeting on Panama, Keywords: Panama.","https://catalog.archives.gov/id/470761073","https://catalog.archives.gov/medialz/presidential-libraries/bush/gb-nsc/H-Files/NSC-DC_Mtgs_312294079/41-bpr-nsc-hfiles-dc_mtgs-89-90012-027.pdf"
"470761074","1989-12-22","1989-12-22","Catalog coverage dates","NSC/DC 090 - December 22, 1989 - NSC/DC Meeting on Soviet Noncompliance, Keywords: USSR, Arms Control","90012-028","Series context and cross-volume routing","Series context","verified","true","18536581","18536580","HTTP Content-Length","Restricted - Possibly","0","0","0","13","6","9","2","4","0","2","1","0","0","George H.W. Bush Library, Bush Presidential Records, National Security Council, H-Files, NSC/DC Meetings Files, OA/ID 90012–028, NSC/DC 090—December 22, 1989—NSC/DC Meeting on Soviet Noncompliance, Keywords: USSR, Arms Control.","https://catalog.archives.gov/id/470761074","https://catalog.archives.gov/medialz/presidential-libraries/bush/gb-nsc/H-Files/NSC-DC_Mtgs_312294079/41-bpr-nsc-hfiles-dc_mtgs-90-90012-028.pdf"
"470761075","1990-01-02","1990-01-02","Catalog coverage dates","NSC/DC 091 - January 02, 1990 - NSC/DC Meeting on Panama, Keywords: Panama","90012-029","Series context and cross-volume routing","Series context","verified","true","4915125","4915125","HTTP Content-Length","Restricted - Possibly","0","0","0","13","4","8","2","3","0","1","0","0","2","George H.W. Bush Library, Bush Presidential Records, National Security Council, H-Files, NSC/DC Meetings Files, OA/ID 90012–029, NSC/DC 091—January 02, 1990—NSC/DC Meeting on Panama, Keywords: Panama.","https://catalog.archives.gov/id/470761075","https://catalog.archives.gov/medialz/presidential-libraries/bush/gb-nsc/H-Files/NSC-DC_Mtgs_312294079/41-bpr-nsc-hfiles-dc_mtgs-91-90012-029.pdf"
"470761076","1990-01-04","1990-01-04","Catalog coverage dates","NSC/DC 092 - January 04, 1990 - NSC/DC Meeting on CFE Verification, Keywords: Arms Control","90012-030","Series context and cross-volume routing","Series context","verified","true","21711625","21711624","HTTP Content-Length","Restricted - Possibly","0","0","0","21","9","64","0","7","11","0","28","6","12","George H.W. Bush Library, Bush Presidential Records, National Security Council, H-Files, NSC/DC Meetings Files, OA/ID 90012–030, NSC/DC 092—January 04, 1990—NSC/DC Meeting on CFE Verification, Keywords: Arms Control.","https://catalog.archives.gov/id/470761076","https://catalog.archives.gov/medialz/presidential-libraries/bush/gb-nsc/H-Files/NSC-DC_Mtgs_312294079/41-bpr-nsc-hfiles-dc_mtgs-92-90012-030.pdf"
"470761077","1990-01-05","1990-01-05","Catalog coverage dates","NSC/DC 093 - January 05, 1990 - NSC/DC Meeting on Panama, Keywords: Panama","90012-031","Series context and cross-volume routing","Series context","verified","true","18009409","18009408","HTTP Content-Length","Restricted - Possibly","4","1","0","18","10","36","3","8","5","0","5","5","10","George H.W. Bush Library, Bush Presidential Records, National Security Council, H-Files, NSC/DC Meetings Files, OA/ID 90012–031, NSC/DC 093—January 05, 1990—NSC/DC Meeting on Panama, Keywords: Panama.","https://catalog.archives.gov/id/470761077","https://catalog.archives.gov/medialz/presidential-libraries/bush/gb-nsc/H-Files/NSC-DC_Mtgs_312294079/41-bpr-nsc-hfiles-dc_mtgs-93-90012-031.pdf"
"470761078","1990-01-05","1990-01-05","Catalog coverage dates","NSC/DC 094 - January 05, 1990 - NSC/DC Meeting on Cuba TV MARTI, Keywords: Cuba","90013-001","Series context and cross-volume routing","Series context","verified","true","19510685","19510684","HTTP Content-Length","Restricted - Possibly","3","0","0","0","9","32","0","7","7","0","6","5","7","George H.W. Bush Library, Bush Presidential Records, National Security Council, H-Files, NSC/DC Meetings Files, OA/ID 90013–001, NSC/DC 094—January 05, 1990—NSC/DC Meeting on Cuba TV MARTI, Keywords: Cuba.","https://catalog.archives.gov/id/470761078","https://catalog.archives.gov/medialz/presidential-libraries/bush/gb-nsc/H-Files/NSC-DC_Mtgs_312294079/41-bpr-nsc-hfiles-dc_mtgs-94-90013-001.pdf"
"470761079","1990-01-09","1990-01-09","Catalog coverage dates","NSC/DC 095 - January 09, 1990 - NSC/DC Meeting on Andean Drug Summit, Keywords: Drugs, Summit","90013-002","Series context and cross-volume routing","Series context","verified","true","8385071","8385071","HTTP Content-Length","Restricted - Possibly","0","0","0","0","17","57","5","28","4","0","4","3","13","George H.W. Bush Library, Bush Presidential Records, National Security Council, H-Files, NSC/DC Meetings Files, OA/ID 90013–002, NSC/DC 095—January 09, 1990—NSC/DC Meeting on Andean Drug Summit, Keywords: Drugs, Summit.","https://catalog.archives.gov/id/470761079","https://catalog.archives.gov/medialz/presidential-libraries/bush/gb-nsc/H-Files/NSC-DC_Mtgs_312294079/41-bpr-nsc-hfiles-dc_mtgs-95-90013-002.pdf"
"470761080","1990-01-12","1990-01-12","Catalog coverage dates","NSC/DC 096 - January 12, 1990 - NSC/DC Meeting on Panama, Keywords: Panama","90013-003","Monetary Policy, Debt, and International Institutions","Boundary review","verified","true","18742897","18742896","HTTP Content-Length","Restricted - Possibly","0","5","0","19","30","175","54","44","15","31","7","4","20","George H.W. Bush Library, Bush Presidential Records, National Security Council, H-Files, NSC/DC Meetings Files, OA/ID 90013–003, NSC/DC 096—January 12, 1990—NSC/DC Meeting on Panama, Keywords: Panama.","https://catalog.archives.gov/id/470761080","https://catalog.archives.gov/medialz/presidential-libraries/bush/gb-nsc/H-Files/NSC-DC_Mtgs_312294079/41-bpr-nsc-hfiles-dc_mtgs-96-90013-003.pdf"
"470761081","1990-01-22","1990-01-22","Catalog coverage dates","NSC/DC 097 - January 22, 1990 - NSC/DC Meeting on Review of Transcaucas in USSR, Keywords: USSR","90013-004","Series context and cross-volume routing","Series context","verified","true","637467","637467","HTTP Content-Length","Restricted - Possibly","0","0","0","2","4","5","0","3","0","0","0","0","2","George H.W. Bush Library, Bush Presidential Records, National Security Council, H-Files, NSC/DC Meetings Files, OA/ID 90013–004, NSC/DC 097—January 22, 1990—NSC/DC Meeting on Review of Transcaucas in USSR, Keywords: USSR.","https://catalog.archives.gov/id/470761081","https://catalog.archives.gov/medialz/presidential-libraries/bush/gb-nsc/H-Files/NSC-DC_Mtgs_312294079/41-bpr-nsc-hfiles-dc_mtgs-97-90013-004.pdf"
"470761082","1990-01-25","1990-01-25","Catalog coverage dates","NSC/DC 098 - January 25, 1990 - NSC/DC Meeting on Review of Transcaucas in USSR via SVTS, Keywords: USSR","90013-005","Series context and cross-volume routing","Series context","verified","true","8657547","8657547","HTTP Content-Length","Restricted - Possibly","0","2","0","7","4","10","0","3","2","0","2","1","2","George H.W. Bush Library, Bush Presidential Records, National Security Council, H-Files, NSC/DC Meetings Files, OA/ID 90013–005, NSC/DC 098—January 25, 1990—NSC/DC Meeting on Review of Transcaucas in USSR via SVTS, Keywords: USSR.","https://catalog.archives.gov/id/470761082","https://catalog.archives.gov/medialz/presidential-libraries/bush/gb-nsc/H-Files/NSC-DC_Mtgs_312294079/41-bpr-nsc-hfiles-dc_mtgs-98-90013-005.pdf"
"470761083","1990-01-26","1990-01-26","Catalog coverage dates","NSC/DC 099 - January 26, 1990 - NSC/DC Meeting on East Asia Strategy Initiatives, Keywords: Asia","90013-006","Series context and cross-volume routing","Series context","verified","true","9129361","9129361","HTTP Content-Length","Restricted - Possibly","0","0","0","6","18","49","0","16","8","0","9","7","9","George H.W. Bush Library, Bush Presidential Records, National Security Council, H-Files, NSC/DC Meetings Files, OA/ID 90013–006, NSC/DC 099—January 26, 1990—NSC/DC Meeting on East Asia Strategy Initiatives, Keywords: Asia.","https://catalog.archives.gov/id/470761083","https://catalog.archives.gov/medialz/presidential-libraries/bush/gb-nsc/H-Files/NSC-DC_Mtgs_312294079/41-bpr-nsc-hfiles-dc_mtgs-99-90013-006.pdf"
"470761084","1990-01-26","1990-01-26","Catalog coverage dates","NSC/DC 100 - January 26, 1990 - NSC/DC Meeting on Start Mobile ICBM Sublimits, Keywords: Start, Arms Control","90013-007","Series context and cross-volume routing","Series context","verified","true","8877548","8877548","HTTP Content-Length","Restricted - Possibly","0","1","0","0","2","26","0","1","9","0","7","3","6","George H.W. Bush Library, Bush Presidential Records, National Security Council, H-Files, NSC/DC Meetings Files, OA/ID 90013–007, NSC/DC 100—January 26, 1990—NSC/DC Meeting on Start Mobile ICBM Sublimits, Keywords: Start, Arms Control.","https://catalog.archives.gov/id/470761084","https://catalog.archives.gov/medialz/presidential-libraries/bush/gb-nsc/H-Files/NSC-DC_Mtgs_312294079/41-bpr-nsc-hfiles-dc_mtgs-100-90013-007.pdf"
"470761085","1990-01-27","1990-01-27","Catalog coverage dates","NSC/DC 101 - January 27, 1990 - NSC/DC Meeting on COCOM, Keywords: COCOM","90013-008","Strategic Trade, Technology, and Investment Controls","Volume XXX review","verified","true","12597613","12597613","HTTP Content-Length","Restricted - Possibly","0","0","0","11","5","344","13","6","302","1","11","3","8","George H.W. Bush Library, Bush Presidential Records, National Security Council, H-Files, NSC/DC Meetings Files, OA/ID 90013–008, NSC/DC 101—January 27, 1990—NSC/DC Meeting on COCOM, Keywords: COCOM.","https://catalog.archives.gov/id/470761085","https://catalog.archives.gov/medialz/presidential-libraries/bush/gb-nsc/H-Files/NSC-DC_Mtgs_312294079/41-bpr-nsc-hfiles-dc_mtgs-101-90013-008.pdf"
"470761086","1990-01-31","1990-01-31","Catalog coverage dates","NSC/DC 102 - January 31, 1990 - NSC/DC Meeting on Philippines, Keywords: Philippines, Military Bases","90013-009","Monetary Policy, Debt, and International Institutions","Boundary review","verified","true","12003950","12003950","HTTP Content-Length","Restricted - Possibly","0","0","0","17","14","463","58","303","71","10","5","5","11","George H.W. Bush Library, Bush Presidential Records, National Security Council, H-Files, NSC/DC Meetings Files, OA/ID 90013–009, NSC/DC 102—January 31, 1990—NSC/DC Meeting on Philippines, Keywords: Philippines, Military Bases.","https://catalog.archives.gov/id/470761086","https://catalog.archives.gov/medialz/presidential-libraries/bush/gb-nsc/H-Files/NSC-DC_Mtgs_312294079/41-bpr-nsc-hfiles-dc_mtgs-102-90013-009.pdf"
"470761087","1990-02-02","1990-02-02","Catalog coverage dates","NSC/DC 103 - February 02, 1990 - NSC/DC Meeting on Technology Transfer, Keywords: Technology Transfers","90013-010","Strategic Trade, Technology, and Investment Controls","Volume XXX review","verified","true","14440686","14440686","HTTP Content-Length","Restricted - Possibly","0","0","0","9","29","117","0","26","63","0","20","3","5","George H.W. Bush Library, Bush Presidential Records, National Security Council, H-Files, NSC/DC Meetings Files, OA/ID 90013–010, NSC/DC 103—February 02, 1990—NSC/DC Meeting on Technology Transfer, Keywords: Technology Transfers.","https://catalog.archives.gov/id/470761087","https://catalog.archives.gov/medialz/presidential-libraries/bush/gb-nsc/H-Files/NSC-DC_Mtgs_312294079/41-bpr-nsc-hfiles-dc_mtgs-103-90013-010.pdf"
"470761088","1990-02-06","1990-02-06","Catalog coverage dates","NSC/DC 104 - February 06, 1990 - NSC/DC Meeting on Angola via SVTS, Keywords: Angola (File located @ LM)","90013-011","Series context and cross-volume routing","Series context","verified","true","2087114","2087114","HTTP Content-Length","Restricted - Possibly","0","0","0","2","16","16","0","14","0","2","0","0","0","George H.W. Bush Library, Bush Presidential Records, National Security Council, H-Files, NSC/DC Meetings Files, OA/ID 90013–011, NSC/DC 104—February 06, 1990—NSC/DC Meeting on Angola via SVTS, Keywords: Angola (File located @ LM).","https://catalog.archives.gov/id/470761088","https://catalog.archives.gov/medialz/presidential-libraries/bush/gb-nsc/H-Files/NSC-DC_Mtgs_312294079/41-bpr-nsc-hfiles-dc_mtgs-104-90013-011.pdf"
"470761089","1990-02-13","1990-02-13","Catalog coverage dates","NSC/DC 105 - February 13, 1990 - NSC/DC Meeting on Nicaragua / Hostages, Keywords: Nicaragua, Hostages (File located @ NLMS)","90013-012","Series context and cross-volume routing","Series context","verified","true","393830","393830","HTTP Content-Length","Restricted - Possibly","0","0","0","0","0","0","0","0","0","0","0","0","0","George H.W. Bush Library, Bush Presidential Records, National Security Council, H-Files, NSC/DC Meetings Files, OA/ID 90013–012, NSC/DC 105—February 13, 1990—NSC/DC Meeting on Nicaragua / Hostages, Keywords: Nicaragua, Hostages (File located @ NLMS).","https://catalog.archives.gov/id/470761089","https://catalog.archives.gov/medialz/presidential-libraries/bush/gb-nsc/H-Files/NSC-DC_Mtgs_312294079/41-bpr-nsc-hfiles-dc_mtgs-105-90013-012.pdf"
"470761090","1990-02-21","1990-02-21","Catalog coverage dates","NSC/DC 106 - February 21, 1990 - NSC/DC Meeting on Angola, Keywords: Angola (File located @ LM)","90013-013","Series context and cross-volume routing","Series context","verified","true","2541157","2541157","HTTP Content-Length","Restricted - Possibly","0","0","0","6","12","13","0","11","0","2","0","0","0","George H.W. Bush Library, Bush Presidential Records, National Security Council, H-Files, NSC/DC Meetings Files, OA/ID 90013–013, NSC/DC 106—February 21, 1990—NSC/DC Meeting on Angola, Keywords: Angola (File located @ LM).","https://catalog.archives.gov/id/470761090","https://catalog.archives.gov/medialz/presidential-libraries/bush/gb-nsc/H-Files/NSC-DC_Mtgs_312294079/41-bpr-nsc-hfiles-dc_mtgs-106-90013-013.pdf"
"470761091","1990-02-26","1990-02-26","Catalog coverage dates","NSC/DC 106A - February 26, 1990 - NSC/DC Meeting on [...], Keywords: (File located @ NLMS)","90013-014","Series context and cross-volume routing","Series context","not online","false","0","0","No online PDF","Restricted - Possibly","0","0","0","0","0","0","0","0","0","0","0","0","0","George H.W. Bush Library, Bush Presidential Records, National Security Council, H-Files, NSC/DC Meetings Files, OA/ID 90013–014, NSC/DC 106A—February 26, 1990—NSC/DC Meeting on [...], Keywords: (File located @ NLMS).","https://catalog.archives.gov/id/470761091",""
"470761092","1990-02-26","1990-02-26","Catalog coverage dates","NSC/DC 107 - February 26, 1990 - NSC/DC Meeting on Low intensity Conflict, Keywords: Low Intensity Conflict","90013-015","Series context and cross-volume routing","Series context","verified","true","28068073","28068072","HTTP Content-Length","Restricted - Possibly","0","3","0","12","28","95","11","25","21","10","11","5","12","George H.W. Bush Library, Bush Presidential Records, National Security Council, H-Files, NSC/DC Meetings Files, OA/ID 90013–015, NSC/DC 107—February 26, 1990—NSC/DC Meeting on Low intensity Conflict, Keywords: Low Intensity Conflict.","https://catalog.archives.gov/id/470761092","https://catalog.archives.gov/medialz/presidential-libraries/bush/gb-nsc/H-Files/NSC-DC_Mtgs_312294079/41-bpr-nsc-hfiles-dc_mtgs-107-90013-015.pdf"
"470761093","1990-02-27","1990-02-27","Catalog coverage dates","NSC/DC 107A - February 27, 1990 - NSC/DC Meeting on Cambodia, Keywords: Cambodia (File located @ LM)","90013-016","Series context and cross-volume routing","Series context","verified","true","12481009","12481009","HTTP Content-Length","Restricted - Possibly","0","0","0","0","56","107","2","60","13","1","10","3","18","George H.W. Bush Library, Bush Presidential Records, National Security Council, H-Files, NSC/DC Meetings Files, OA/ID 90013–016, NSC/DC 107A—February 27, 1990—NSC/DC Meeting on Cambodia, Keywords: Cambodia (File located @ LM).","https://catalog.archives.gov/id/470761093","https://catalog.archives.gov/medialz/presidential-libraries/bush/gb-nsc/H-Files/NSC-DC_Mtgs_312294079/41-bpr-nsc-hfiles-dc_mtgs-107a-90013-016.pdf"
"470761094","1990-02-27","1990-02-27","Catalog coverage dates","NSC/DC 107B - February 27, 1990 - NSC/DC Meeting on [...], Keywords: (File located @ LM)","90013-017","Series context and cross-volume routing","Series context","not online","false","0","0","No online PDF","Restricted - Possibly","0","0","0","0","0","0","0","0","0","0","0","0","0","George H.W. Bush Library, Bush Presidential Records, National Security Council, H-Files, NSC/DC Meetings Files, OA/ID 90013–017, NSC/DC 107B—February 27, 1990—NSC/DC Meeting on [...], Keywords: (File located @ LM).","https://catalog.archives.gov/id/470761094",""
"470761095","1990-03-09","1990-03-09","Catalog coverage dates","NSC/DC 108 - March 09, 1990 - NSC/DC Meeting on TV MARTI, Keywords: Cuba","90013-018","Series context and cross-volume routing","Series context","verified","true","5814182","5814182","HTTP Content-Length","Restricted - Possibly","0","0","0","31","12","11","0","10","0","0","0","0","1","George H.W. Bush Library, Bush Presidential Records, National Security Council, H-Files, NSC/DC Meetings Files, OA/ID 90013–018, NSC/DC 108—March 09, 1990—NSC/DC Meeting on TV MARTI, Keywords: Cuba.","https://catalog.archives.gov/id/470761095","https://catalog.archives.gov/medialz/presidential-libraries/bush/gb-nsc/H-Files/NSC-DC_Mtgs_312294079/41-bpr-nsc-hfiles-dc_mtgs-108-90013-018.pdf"
"470761096","1990-03-09","1990-03-09","Catalog coverage dates","NSC/DC 109 - March 09, 1990 - NSC/DC Meeting on Low Intensity Conflict via SVTS, Keywords: Low Intensity Conflict","90013-019","Series context and cross-volume routing","Series context","verified","true","10907660","10907660","HTTP Content-Length","Restricted - Possibly","0","0","0","0","8","52","6","6","13","0","9","6","12","George H.W. Bush Library, Bush Presidential Records, National Security Council, H-Files, NSC/DC Meetings Files, OA/ID 90013–019, NSC/DC 109—March 09, 1990—NSC/DC Meeting on Low Intensity Conflict via SVTS, Keywords: Low Intensity Conflict.","https://catalog.archives.gov/id/470761096","https://catalog.archives.gov/medialz/presidential-libraries/bush/gb-nsc/H-Files/NSC-DC_Mtgs_312294079/41-bpr-nsc-hfiles-dc_mtgs-109-90013-019.pdf"
"470761097","1990-03-21","1990-03-21","Catalog coverage dates","NSC/DC 110 - March 21, 1990 - NSC/DC Meeting on Technology Transfer, Keywords: Technology Transfers","90013-020","Strategic Trade, Technology, and Investment Controls","Volume XXX review","verified","true","9528575","9528575","HTTP Content-Length","Restricted - Possibly","0","0","0","18","17","92","0","15","69","0","6","1","1","George H.W. Bush Library, Bush Presidential Records, National Security Council, H-Files, NSC/DC Meetings Files, OA/ID 90013–020, NSC/DC 110—March 21, 1990—NSC/DC Meeting on Technology Transfer, Keywords: Technology Transfers.","https://catalog.archives.gov/id/470761097","https://catalog.archives.gov/medialz/presidential-libraries/bush/gb-nsc/H-Files/NSC-DC_Mtgs_312294079/41-bpr-nsc-hfiles-dc_mtgs-110-90013-020.pdf"
"470761098","1990-03-22","1990-03-22","Catalog coverage dates","NSC/DC 111 - March 22, 1990 - NSC/DC Meeting on Low Intensity Conflict, Keywords: Low Intensity Conflict","90013-021","Series context and cross-volume routing","Series context","verified","true","9707984","9707984","HTTP Content-Length","Restricted - Possibly","0","0","0","9","4","24","3","3","4","0","2","2","10","George H.W. Bush Library, Bush Presidential Records, National Security Council, H-Files, NSC/DC Meetings Files, OA/ID 90013–021, NSC/DC 111—March 22, 1990—NSC/DC Meeting on Low Intensity Conflict, Keywords: Low Intensity Conflict.","https://catalog.archives.gov/id/470761098","https://catalog.archives.gov/medialz/presidential-libraries/bush/gb-nsc/H-Files/NSC-DC_Mtgs_312294079/41-bpr-nsc-hfiles-dc_mtgs-111-90013-021.pdf"
"470761099","1990-03-24","1990-03-24","Catalog coverage dates","NSC/DC 111A - March 24, 1990 - NSC/DC Meeting on Lithuania, Keywords: Lithuania","90013-022","Series context and cross-volume routing","Series context","verified","true","2582276","2582276","HTTP Content-Length","Restricted - Possibly","0","0","0","0","2","2","0","1","1","0","0","0","0","George H.W. Bush Library, Bush Presidential Records, National Security Council, H-Files, NSC/DC Meetings Files, OA/ID 90013–022, NSC/DC 111A—March 24, 1990—NSC/DC Meeting on Lithuania, Keywords: Lithuania.","https://catalog.archives.gov/id/470761099","https://catalog.archives.gov/medialz/presidential-libraries/bush/gb-nsc/H-Files/NSC-DC_Mtgs_312294079/41-bpr-nsc-hfiles-dc_mtgs-111a-90013-022.pdf"
"470761100","1990-03-26","1990-03-26","Catalog coverage dates","NSC/DC 111B - March 26, 1990 - NSC/DC Meeting on Lithuania via SVTS, Keywords: Lithuania","90013-023","Series context and cross-volume routing","Series context","verified","true","3786278","3786278","HTTP Content-Length","Restricted - Possibly","0","0","0","0","3","12","8","2","0","0","2","0","0","George H.W. Bush Library, Bush Presidential Records, National Security Council, H-Files, NSC/DC Meetings Files, OA/ID 90013–023, NSC/DC 111B—March 26, 1990—NSC/DC Meeting on Lithuania via SVTS, Keywords: Lithuania.","https://catalog.archives.gov/id/470761100","https://catalog.archives.gov/medialz/presidential-libraries/bush/gb-nsc/H-Files/NSC-DC_Mtgs_312294079/41-bpr-nsc-hfiles-dc_mtgs-111b-90013-023.pdf"
"470761101","1990-03-26","1990-03-26","Catalog coverage dates","NSC/DC 112 - March 26, 1990 - NSC/DC Meeting on Kashmir, Keywords: Pakistan","90013-024","Series context and cross-volume routing","Series context","verified","true","2043782","2043782","HTTP Content-Length","Restricted - Possibly","0","0","0","9","4","4","0","3","0","0","0","0","1","George H.W. Bush Library, Bush Presidential Records, National Security Council, H-Files, NSC/DC Meetings Files, OA/ID 90013–024, NSC/DC 112—March 26, 1990—NSC/DC Meeting on Kashmir, Keywords: Pakistan.","https://catalog.archives.gov/id/470761101","https://catalog.archives.gov/medialz/presidential-libraries/bush/gb-nsc/H-Files/NSC-DC_Mtgs_312294079/41-bpr-nsc-hfiles-dc_mtgs-112-90013-024.pdf"
"470761102","1990-03-27","1990-03-27","Catalog coverage dates","NSC/DC 112A - March 27, 1990 - NSC/DC Meeting on Lithuania via SVTS, Keywords: Lithuania","90013-025","Series context and cross-volume routing","Series context","verified","true","2203428","2203428","Catalog objectFileSize","Restricted - Possibly","0","0","0","0","3","2","0","2","0","0","0","0","0","George H.W. Bush Library, Bush Presidential Records, National Security Council, H-Files, NSC/DC Meetings Files, OA/ID 90013–025, NSC/DC 112A—March 27, 1990—NSC/DC Meeting on Lithuania via SVTS, Keywords: Lithuania.","https://catalog.archives.gov/id/470761102","https://catalog.archives.gov/medialz/presidential-libraries/bush/gb-nsc/H-Files/NSC-DC_Mtgs_312294079/41-bpr-nsc-hfiles-dc_mtgs-112a-90013-025.pdf"
"470761103","1990-04-04","1990-04-04","Catalog coverage dates","NSC/DC 113 - April 04, 1990 - NSC/DC Meeting on Kashmir via SVTS, Keywords: India","90013-026","Series context and cross-volume routing","Series context","verified","true","7344711","7344711","HTTP Content-Length","Restricted - Possibly","0","0","0","10","9","9","0","8","0","0","0","0","1","George H.W. Bush Library, Bush Presidential Records, National Security Council, H-Files, NSC/DC Meetings Files, OA/ID 90013–026, NSC/DC 113—April 04, 1990—NSC/DC Meeting on Kashmir via SVTS, Keywords: India.","https://catalog.archives.gov/id/470761103","https://catalog.archives.gov/medialz/presidential-libraries/bush/gb-nsc/H-Files/NSC-DC_Mtgs_312294079/41-bpr-nsc-hfiles-dc_mtgs-113-90013-026.pdf"
"470761104","1990-04-10","1990-04-10","Catalog coverage dates","NSC/DC 114 - April 10, 1990 - NSC/DC Meeting on Andean Implementation Plan, Keywords: Drugs [1]","90014-001","Series context and cross-volume routing","Series context","verified","true","6088785","6088785","HTTP Content-Length","Restricted - Possibly","0","0","0","5","9","12","0","8","0","0","0","0","4","George H.W. Bush Library, Bush Presidential Records, National Security Council, H-Files, NSC/DC Meetings Files, OA/ID 90014–001, NSC/DC 114—April 10, 1990—NSC/DC Meeting on Andean Implementation Plan, Keywords: Drugs [1].","https://catalog.archives.gov/id/470761104","https://catalog.archives.gov/medialz/presidential-libraries/bush/gb-nsc/H-Files/NSC-DC_Mtgs_312294079/41-bpr-nsc-hfiles-dc_mtgs-114_1-90014-001.pdf"
"470761105","1990-04-10","1990-04-10","Catalog coverage dates","NSC/DC 114 - April 10, 1990 - NSC/DC Meeting on Andean Implementation Plan, Keywords: Drugs [2]","90014-002","Series context and cross-volume routing","Series context","verified","true","11752462","11752462","HTTP Content-Length","Restricted - Possibly","0","0","0","0","7","39","6","6","0","0","0","0","27","George H.W. Bush Library, Bush Presidential Records, National Security Council, H-Files, NSC/DC Meetings Files, OA/ID 90014–002, NSC/DC 114—April 10, 1990—NSC/DC Meeting on Andean Implementation Plan, Keywords: Drugs [2].","https://catalog.archives.gov/id/470761105","https://catalog.archives.gov/medialz/presidential-libraries/bush/gb-nsc/H-Files/NSC-DC_Mtgs_312294079/41-bpr-nsc-hfiles-dc_mtgs-114_2-90014-002.pdf"
"470761106","1990-04-11","1990-04-11","Catalog coverage dates","NSC/DC 115 - April 11, 1990 - NSC/DC Meeting on Technology Transfer, Keywords: Technology Transfers [1]","90014-003","Strategic Trade, Technology, and Investment Controls","Volume XXX review","verified","true","7268600","7268600","HTTP Content-Length","Restricted - Possibly","0","0","0","12","3","39","0","2","31","0","6","0","0","George H.W. Bush Library, Bush Presidential Records, National Security Council, H-Files, NSC/DC Meetings Files, OA/ID 90014–003, NSC/DC 115—April 11, 1990—NSC/DC Meeting on Technology Transfer, Keywords: Technology Transfers [1].","https://catalog.archives.gov/id/470761106","https://catalog.archives.gov/medialz/presidential-libraries/bush/gb-nsc/H-Files/NSC-DC_Mtgs_312294079/41-bpr-nsc-hfiles-dc_mtgs-115_1-90014-003.pdf"
"470761107","1990-04-11","1990-04-11","Catalog coverage dates","NSC/DC 115 - April 11, 1990 - NSC/DC Meeting on Technology Transfer, Keywords: Technology Transfers [2]","90014-004","Strategic Trade, Technology, and Investment Controls","Volume XXX review","verified","true","4045493","4045493","HTTP Content-Length","Restricted - Possibly","0","0","0","0","17","132","4","17","108","2","0","0","1","George H.W. Bush Library, Bush Presidential Records, National Security Council, H-Files, NSC/DC Meetings Files, OA/ID 90014–004, NSC/DC 115—April 11, 1990—NSC/DC Meeting on Technology Transfer, Keywords: Technology Transfers [2].","https://catalog.archives.gov/id/470761107","https://catalog.archives.gov/medialz/presidential-libraries/bush/gb-nsc/H-Files/NSC-DC_Mtgs_312294079/41-bpr-nsc-hfiles-dc_mtgs-115_2-90014-004.pdf"
"470761108","1990-04-17","1990-04-17","Catalog coverage dates","NSC/DC 116 - April 17, 1990 - NSC/DC Meeting on Iraq, Keywords: Iraq","90014-005","Series context and cross-volume routing","Series context","verified","true","10936701","10936701","HTTP Content-Length","Restricted - Possibly","0","2","0","10","7","65","5","5","15","18","5","11","6","George H.W. Bush Library, Bush Presidential Records, National Security Council, H-Files, NSC/DC Meetings Files, OA/ID 90014–005, NSC/DC 116—April 17, 1990—NSC/DC Meeting on Iraq, Keywords: Iraq.","https://catalog.archives.gov/id/470761108","https://catalog.archives.gov/medialz/presidential-libraries/bush/gb-nsc/H-Files/NSC-DC_Mtgs_312294079/41-bpr-nsc-hfiles-dc_mtgs-116-90014-005.pdf"
"470761110","1990-04-19","1990-04-19","Catalog coverage dates","NSC/DC 118 - April 19, 1990 - NSC/DC Meeting on Angola, Keywords: Angola (File located @ LM)","90014-007","Series context and cross-volume routing","Series context","verified","true","2462974","2462974","HTTP Content-Length","Restricted - Possibly","0","0","0","0","22","21","0","20","0","1","0","0","0","George H.W. Bush Library, Bush Presidential Records, National Security Council, H-Files, NSC/DC Meetings Files, OA/ID 90014–007, NSC/DC 118—April 19, 1990—NSC/DC Meeting on Angola, Keywords: Angola (File located @ LM).","https://catalog.archives.gov/id/470761110","https://catalog.archives.gov/medialz/presidential-libraries/bush/gb-nsc/H-Files/NSC-DC_Mtgs_312294079/41-bpr-nsc-hfiles-dc_mtgs-118-90014-007.pdf"
"470761109","1990-04-20","1990-04-20","Catalog coverage dates","NSC/DC 117 - April 20, 1990 - NSC/DC Meeting on Hostage situation via SVTS, Keywords: Hostages, Lebanon, Syria","90014-006","Series context and cross-volume routing","Series context","verified","true","1865192","1865192","HTTP Content-Length","Restricted - Possibly","0","0","0","6","4","4","0","3","0","0","0","0","1","George H.W. Bush Library, Bush Presidential Records, National Security Council, H-Files, NSC/DC Meetings Files, OA/ID 90014–006, NSC/DC 117—April 20, 1990—NSC/DC Meeting on Hostage situation via SVTS, Keywords: Hostages, Lebanon, Syria.","https://catalog.archives.gov/id/470761109","https://catalog.archives.gov/medialz/presidential-libraries/bush/gb-nsc/H-Files/NSC-DC_Mtgs_312294079/41-bpr-nsc-hfiles-dc_mtgs-117-90014-006.pdf"
"470761111","1990-04-20","1990-04-20","Catalog coverage dates","NSC/DC 119 - April 20, 1990 - NSC/DC Meeting on Technology Transfer, Keywords: Technology Transfers","90014-008","Strategic Trade, Technology, and Investment Controls","Volume XXX review","verified","true","14167165","14167165","HTTP Content-Length","Restricted - Possibly","0","0","0","7","11","88","4","9","60","0","14","0","1","George H.W. Bush Library, Bush Presidential Records, National Security Council, H-Files, NSC/DC Meetings Files, OA/ID 90014–008, NSC/DC 119—April 20, 1990—NSC/DC Meeting on Technology Transfer, Keywords: Technology Transfers.","https://catalog.archives.gov/id/470761111","https://catalog.archives.gov/medialz/presidential-libraries/bush/gb-nsc/H-Files/NSC-DC_Mtgs_312294079/41-bpr-nsc-hfiles-dc_mtgs-119-90014-008.pdf"
"470761112","1990-05-01","1990-05-01","Catalog coverage dates","NSC/DC 120 - May 01, 1990 - NSC/DC Meeting on Philippine Base Negotiations, Keywords: Philippines, Military Bases","90014-009","Monetary Policy, Debt, and International Institutions","Boundary review","verified","true","12393465","12393465","HTTP Content-Length","Restricted - Possibly","0","0","0","10","16","35","0","19","0","0","0","0","16","George H.W. Bush Library, Bush Presidential Records, National Security Council, H-Files, NSC/DC Meetings Files, OA/ID 90014–009, NSC/DC 120—May 01, 1990—NSC/DC Meeting on Philippine Base Negotiations, Keywords: Philippines, Military Bases.","https://catalog.archives.gov/id/470761112","https://catalog.archives.gov/medialz/presidential-libraries/bush/gb-nsc/H-Files/NSC-DC_Mtgs_312294079/41-bpr-nsc-hfiles-dc_mtgs-120-90014-009.pdf"
"470761115","1990-05-01","1990-05-01","Catalog coverage dates","NSC/DC 123 - May 01, 1990 - NSC/DC Meeting on Jordan, Keywords: Jordan (File located @ LM)","90014-012","Series context and cross-volume routing","Series context","not online","false","0","0","No online PDF","Restricted - Possibly","0","0","0","0","0","0","0","0","0","0","0","0","0","George H.W. Bush Library, Bush Presidential Records, National Security Council, H-Files, NSC/DC Meetings Files, OA/ID 90014–012, NSC/DC 123—May 01, 1990—NSC/DC Meeting on Jordan, Keywords: Jordan (File located @ LM).","https://catalog.archives.gov/id/470761115",""
"470761113","1990-05-02","1990-05-02","Catalog coverage dates","NSC/DC 121 - May 02, 1990 - NSC/DC Meeting on NSR 18 / Counterintelligence and Security Countermeasures, Keywords: Counterintelligence","90014-010","Series context and cross-volume routing","Series context","verified","true","17856804","17856804","HTTP Content-Length","Restricted - Possibly","0","0","0","39","17","66","0","15","9","0","9","5","28","George H.W. Bush Library, Bush Presidential Records, National Security Council, H-Files, NSC/DC Meetings Files, OA/ID 90014–010, NSC/DC 121—May 02, 1990—NSC/DC Meeting on NSR 18 / Counterintelligence and Security Countermeasures, Keywords: Counterintelligence.","https://catalog.archives.gov/id/470761113","https://catalog.archives.gov/medialz/presidential-libraries/bush/gb-nsc/H-Files/NSC-DC_Mtgs_312294079/41-bpr-nsc-hfiles-dc_mtgs-121-90014-010.pdf"
"470761114","1990-05-02","1990-05-02","Catalog coverage dates","NSC/DC 122 - May 02, 1990 - NSC/DC Meeting on Liberia, Keywords: Libya","90014-011","Series context and cross-volume routing","Series context","verified","true","9830112","9830112","HTTP Content-Length","Restricted - Possibly","0","0","0","14","8","11","0","7","1","0","0","0","3","George H.W. Bush Library, Bush Presidential Records, National Security Council, H-Files, NSC/DC Meetings Files, OA/ID 90014–011, NSC/DC 122—May 02, 1990—NSC/DC Meeting on Liberia, Keywords: Libya.","https://catalog.archives.gov/id/470761114","https://catalog.archives.gov/medialz/presidential-libraries/bush/gb-nsc/H-Files/NSC-DC_Mtgs_312294079/41-bpr-nsc-hfiles-dc_mtgs-122-90014-011.pdf"
"470761116","1990-05-07","1990-05-07","Catalog coverage dates","NSC/DC 124 - May 07, 1990 - NSC/DC Meeting re: Pakistan Stingers, Keywords: Pakistan (File located @ LM)","90014-013","Series context and cross-volume routing","Series context","verified","true","5434788","5434788","HTTP Content-Length","Restricted - Possibly","0","0","0","4","19","36","0","17","12","7","0","0","0","George H.W. Bush Library, Bush Presidential Records, National Security Council, H-Files, NSC/DC Meetings Files, OA/ID 90014–013, NSC/DC 124—May 07, 1990—NSC/DC Meeting re: Pakistan Stingers, Keywords: Pakistan (File located @ LM).","https://catalog.archives.gov/id/470761116","https://catalog.archives.gov/medialz/presidential-libraries/bush/gb-nsc/H-Files/NSC-DC_Mtgs_312294079/41-bpr-nsc-hfiles-dc_mtgs-124-90014-013.pdf"
"470761117","1990-05-08","1990-05-08","Catalog coverage dates","NSC/DC 125 - May 08, 1990 - NSC/DC Meeting on U.S.-Soviet Relations, Keywords: USSR","90014-014","Series context and cross-volume routing","Series context","verified","true","13473188","13473188","HTTP Content-Length","Restricted - Possibly","0","0","0","0","5","88","6","7","17","1","26","12","19","George H.W. Bush Library, Bush Presidential Records, National Security Council, H-Files, NSC/DC Meetings Files, OA/ID 90014–014, NSC/DC 125—May 08, 1990—NSC/DC Meeting on U.S.-Soviet Relations, Keywords: USSR.","https://catalog.archives.gov/id/470761117","https://catalog.archives.gov/medialz/presidential-libraries/bush/gb-nsc/H-Files/NSC-DC_Mtgs_312294079/41-bpr-nsc-hfiles-dc_mtgs-125-90014-014.pdf"
"470761118","1990-05-09","1990-05-09","Catalog coverage dates","NSC/DC 126 - May 09, 1990 - NSC/DC Meeting on Counternarcotic Interdiction in Latin America via SVTS, Keywords: Drugs, Latin America, Counternarcotics","90014-015","Series context and cross-volume routing","Series context","verified","true","2880139","2880139","HTTP Content-Length","Restricted - Possibly","0","0","0","7","7","6","0","6","0","0","0","0","0","George H.W. Bush Library, Bush Presidential Records, National Security Council, H-Files, NSC/DC Meetings Files, OA/ID 90014–015, NSC/DC 126—May 09, 1990—NSC/DC Meeting on Counternarcotic Interdiction in Latin America via SVTS, Keywords: Drugs, Latin America, Counternarcotics.","https://catalog.archives.gov/id/470761118","https://catalog.archives.gov/medialz/presidential-libraries/bush/gb-nsc/H-Files/NSC-DC_Mtgs_312294079/41-bpr-nsc-hfiles-dc_mtgs-126-90014-015.pdf"
"470761119","1990-05-10","1990-05-10","Catalog coverage dates","NSC/DC 127 - May 10, 1990 - NSC/DC Meeting on Sensitive Subject, Keywords: No Data Available","90014-016","Series context and cross-volume routing","Series context","verified","true","398364","398364","HTTP Content-Length","Restricted - Possibly","0","0","0","0","0","0","0","0","0","0","0","0","0","George H.W. Bush Library, Bush Presidential Records, National Security Council, H-Files, NSC/DC Meetings Files, OA/ID 90014–016, NSC/DC 127—May 10, 1990—NSC/DC Meeting on Sensitive Subject, Keywords: No Data Available.","https://catalog.archives.gov/id/470761119","https://catalog.archives.gov/medialz/presidential-libraries/bush/gb-nsc/H-Files/NSC-DC_Mtgs_312294079/41-bpr-nsc-hfiles-dc_mtgs-127-90014-016.pdf"
"470761120","1990-05-14","1990-05-14","Catalog coverage dates","NSC/DC 128 - May 14, 1990 - NSC/DC Meeting on TV MARTI, Keywords: Broadcasting","90014-017","Series context and cross-volume routing","Series context","verified","true","13710856","13710856","HTTP Content-Length","Restricted - Possibly","2","0","0","18","23","22","0","20","2","0","0","0","0","George H.W. Bush Library, Bush Presidential Records, National Security Council, H-Files, NSC/DC Meetings Files, OA/ID 90014–017, NSC/DC 128—May 14, 1990—NSC/DC Meeting on TV MARTI, Keywords: Broadcasting.","https://catalog.archives.gov/id/470761120","https://catalog.archives.gov/medialz/presidential-libraries/bush/gb-nsc/H-Files/NSC-DC_Mtgs_312294079/41-bpr-nsc-hfiles-dc_mtgs-128-90014-017.pdf"
"470761121","1990-05-23","1990-05-23","Catalog coverage dates","NSC/DC 129 - May 23, 1990 - NSC/DC Meeting on POW/MIA Policy, Keywords: POWs","90014-018","Series context and cross-volume routing","Series context","verified","true","19940336","19940336","HTTP Content-Length","Restricted - Possibly","0","0","0","27","32","28","0","28","0","0","0","0","0","George H.W. Bush Library, Bush Presidential Records, National Security Council, H-Files, NSC/DC Meetings Files, OA/ID 90014–018, NSC/DC 129—May 23, 1990—NSC/DC Meeting on POW/MIA Policy, Keywords: POWs.","https://catalog.archives.gov/id/470761121","https://catalog.archives.gov/medialz/presidential-libraries/bush/gb-nsc/H-Files/NSC-DC_Mtgs_312294079/41-bpr-nsc-hfiles-dc_mtgs-129-90014-018.pdf"
"470761122","1990-05-24","1990-05-24","Catalog coverage dates","NSC/DC 130 - May 24, 1990 - NSC/DC Meeting on Liberia via SVTS, Keywords: Liberia","90014-019","Series context and cross-volume routing","Series context","verified","true","5710455","5710455","HTTP Content-Length","Restricted - Possibly","0","0","0","3","3","2","0","2","0","0","0","0","0","George H.W. Bush Library, Bush Presidential Records, National Security Council, H-Files, NSC/DC Meetings Files, OA/ID 90014–019, NSC/DC 130—May 24, 1990—NSC/DC Meeting on Liberia via SVTS, Keywords: Liberia.","https://catalog.archives.gov/id/470761122","https://catalog.archives.gov/medialz/presidential-libraries/bush/gb-nsc/H-Files/NSC-DC_Mtgs_312294079/41-bpr-nsc-hfiles-dc_mtgs-130-90014-019.pdf"
"470761123","1990-05-25","1990-05-25","Catalog coverage dates","NSC/DC 131 - May 25, 1990 - NSC/DC Meeting on Liberia via SVTS, Keywords: Liberia","90014-020","Series context and cross-volume routing","Series context","verified","true","1703280","1703280","HTTP Content-Length","Restricted - Possibly","0","0","0","2","2","1","0","1","0","0","0","0","0","George H.W. Bush Library, Bush Presidential Records, National Security Council, H-Files, NSC/DC Meetings Files, OA/ID 90014–020, NSC/DC 131—May 25, 1990—NSC/DC Meeting on Liberia via SVTS, Keywords: Liberia.","https://catalog.archives.gov/id/470761123","https://catalog.archives.gov/medialz/presidential-libraries/bush/gb-nsc/H-Files/NSC-DC_Mtgs_312294079/41-bpr-nsc-hfiles-dc_mtgs-131-90014-020.pdf"
"470761124","1990-05-29","1990-05-29","Catalog coverage dates","NSC/DC 132 - May 29, 1990 - NSC/DC Meeting on Iraq, Keywords: Iraq","90014-021","Series context and cross-volume routing","Series context","verified","true","7507248","7507248","HTTP Content-Length","Restricted - Possibly","0","0","0","10","13","33","0","13","2","1","0","8","9","George H.W. Bush Library, Bush Presidential Records, National Security Council, H-Files, NSC/DC Meetings Files, OA/ID 90014–021, NSC/DC 132—May 29, 1990—NSC/DC Meeting on Iraq, Keywords: Iraq.","https://catalog.archives.gov/id/470761124","https://catalog.archives.gov/medialz/presidential-libraries/bush/gb-nsc/H-Files/NSC-DC_Mtgs_312294079/41-bpr-nsc-hfiles-dc_mtgs-132-90014-021.pdf"
"470761125","1990-05-29","1990-05-29","Catalog coverage dates","NSC/DC 133 - May 29, 1990 - NSC/DC Meeting on COCOM via SVTS, Keywords: COCOM","90014-022","Strategic Trade, Technology, and Investment Controls","Volume XXX review","verified","true","8835437","8835437","HTTP Content-Length","Restricted - Possibly","0","0","0","17","8","63","0","7","52","0","4","0","0","George H.W. Bush Library, Bush Presidential Records, National Security Council, H-Files, NSC/DC Meetings Files, OA/ID 90014–022, NSC/DC 133—May 29, 1990—NSC/DC Meeting on COCOM via SVTS, Keywords: COCOM.","https://catalog.archives.gov/id/470761125","https://catalog.archives.gov/medialz/presidential-libraries/bush/gb-nsc/H-Files/NSC-DC_Mtgs_312294079/41-bpr-nsc-hfiles-dc_mtgs-133-90014-022.pdf"
"470761126","1990-06-04","1990-06-04","Catalog coverage dates","NSC/DC 134 - June 04, 1990 - NSC/DC Meeting on Liberia via SVTS, Keywords: Liberia","90014-023","Series context and cross-volume routing","Series context","verified","true","6134434","6134434","HTTP Content-Length","Restricted - Possibly","0","0","0","17","9","8","0","7","0","0","1","0","0","George H.W. Bush Library, Bush Presidential Records, National Security Council, H-Files, NSC/DC Meetings Files, OA/ID 90014–023, NSC/DC 134—June 04, 1990—NSC/DC Meeting on Liberia via SVTS, Keywords: Liberia.","https://catalog.archives.gov/id/470761126","https://catalog.archives.gov/medialz/presidential-libraries/bush/gb-nsc/H-Files/NSC-DC_Mtgs_312294079/41-bpr-nsc-hfiles-dc_mtgs-134-90014-023.pdf"
"470761127","1990-06-05","1990-06-05","Catalog coverage dates","NSC/DC 135 - June 05, 1990 - NSC/DC Meeting on Liberia via SVTS, Keywords: Liberia","90014-024","Series context and cross-volume routing","Series context","verified","true","1228767","1228767","HTTP Content-Length","Restricted - Possibly","0","0","0","17","3","2","0","2","0","0","0","0","0","George H.W. Bush Library, Bush Presidential Records, National Security Council, H-Files, NSC/DC Meetings Files, OA/ID 90014–024, NSC/DC 135—June 05, 1990—NSC/DC Meeting on Liberia via SVTS, Keywords: Liberia.","https://catalog.archives.gov/id/470761127","https://catalog.archives.gov/medialz/presidential-libraries/bush/gb-nsc/H-Files/NSC-DC_Mtgs_312294079/41-bpr-nsc-hfiles-dc_mtgs-135-90014-024.pdf"
"470761128","1990-06-06","1990-06-06","Catalog coverage dates","NSC/DC 136 - June 06, 1990 - NSC/DC Meeting on Liberia via SVTS, Keywords: Liberia","90014-025","Series context and cross-volume routing","Series context","verified","true","4652750","4652750","HTTP Content-Length","Restricted - Possibly","0","0","0","12","3","4","1","3","0","0","0","0","0","George H.W. Bush Library, Bush Presidential Records, National Security Council, H-Files, NSC/DC Meetings Files, OA/ID 90014–025, NSC/DC 136—June 06, 1990—NSC/DC Meeting on Liberia via SVTS, Keywords: Liberia.","https://catalog.archives.gov/id/470761128","https://catalog.archives.gov/medialz/presidential-libraries/bush/gb-nsc/H-Files/NSC-DC_Mtgs_312294079/41-bpr-nsc-hfiles-dc_mtgs-136-90014-025.pdf"
"470761129","1990-06-07","1990-06-07","Catalog coverage dates","NSC/DC 137 - June 07, 1990 - NSC/DC Meeting on Liberia via SVTS, Keywords: Liberia","90014-026","Series context and cross-volume routing","Series context","verified","true","3085576","3085576","Catalog objectFileSize","Restricted - Possibly","0","0","0","12","3","2","0","2","0","0","0","0","0","George H.W. Bush Library, Bush Presidential Records, National Security Council, H-Files, NSC/DC Meetings Files, OA/ID 90014–026, NSC/DC 137—June 07, 1990—NSC/DC Meeting on Liberia via SVTS, Keywords: Liberia.","https://catalog.archives.gov/id/470761129","https://catalog.archives.gov/medialz/presidential-libraries/bush/gb-nsc/H-Files/NSC-DC_Mtgs_312294079/41-bpr-nsc-hfiles-dc_mtgs-137-90014-026.pdf"
"470761130","1990-06-08","1990-06-08","Catalog coverage dates","NSC/DC 138 - June 08, 1990 - NSC/DC Meeting on Liberia via SVTS, Keywords: Liberia","90014-027","Series context and cross-volume routing","Series context","verified","true","10562259","10562259","HTTP Content-Length","Restricted - Possibly","3","1","0","12","5","5","0","3","2","0","0","0","0","George H.W. Bush Library, Bush Presidential Records, National Security Council, H-Files, NSC/DC Meetings Files, OA/ID 90014–027, NSC/DC 138—June 08, 1990—NSC/DC Meeting on Liberia via SVTS, Keywords: Liberia.","https://catalog.archives.gov/id/470761130","https://catalog.archives.gov/medialz/presidential-libraries/bush/gb-nsc/H-Files/NSC-DC_Mtgs_312294079/41-bpr-nsc-hfiles-dc_mtgs-138-90014-027.pdf"
"470761131","1990-06-11","1990-06-11","Catalog coverage dates","NSC/DC 139 - June 11, 1990 - NSC/DC Meeting on Liberia via SVTS, Keywords: Liberia","90014-028","Series context and cross-volume routing","Series context","verified","true","4329011","4329011","HTTP Content-Length","Restricted - Possibly","0","0","0","7","6","5","0","5","0","0","0","0","0","George H.W. Bush Library, Bush Presidential Records, National Security Council, H-Files, NSC/DC Meetings Files, OA/ID 90014–028, NSC/DC 139—June 11, 1990—NSC/DC Meeting on Liberia via SVTS, Keywords: Liberia.","https://catalog.archives.gov/id/470761131","https://catalog.archives.gov/medialz/presidential-libraries/bush/gb-nsc/H-Files/NSC-DC_Mtgs_312294079/41-bpr-nsc-hfiles-dc_mtgs-139-90014-028.pdf"
"470761132","1990-06-13","1990-06-13","Catalog coverage dates","NSC/DC 140 - June 13, 1990 - NSC/DC Meeting on Counternarcotics, Keywords: Counternarcotics","90014-029","Series context and cross-volume routing","Series context","verified","true","16643512","16643512","HTTP Content-Length","Restricted - Possibly","0","0","0","7","23","39","0","20","0","0","0","0","19","George H.W. Bush Library, Bush Presidential Records, National Security Council, H-Files, NSC/DC Meetings Files, OA/ID 90014–029, NSC/DC 140—June 13, 1990—NSC/DC Meeting on Counternarcotics, Keywords: Counternarcotics.","https://catalog.archives.gov/id/470761132","https://catalog.archives.gov/medialz/presidential-libraries/bush/gb-nsc/H-Files/NSC-DC_Mtgs_312294079/41-bpr-nsc-hfiles-dc_mtgs-140-90014-029.pdf"
"470761133","1990-06-15","1990-06-15","Catalog coverage dates","NSC/DC 141 - June 15, 1990 - NSC/DC Meeting on International Broadcasting, Keywords: Broadcasting","90014-030","Series context and cross-volume routing","Series context","verified","true","30718717","30718716","HTTP Content-Length","Restricted - Possibly","1","0","0","12","3","36","30","1","2","0","0","0","3","George H.W. Bush Library, Bush Presidential Records, National Security Council, H-Files, NSC/DC Meetings Files, OA/ID 90014–030, NSC/DC 141—June 15, 1990—NSC/DC Meeting on International Broadcasting, Keywords: Broadcasting.","https://catalog.archives.gov/id/470761133","https://catalog.archives.gov/medialz/presidential-libraries/bush/gb-nsc/H-Files/NSC-DC_Mtgs_312294079/41-bpr-nsc-hfiles-dc_mtgs-141-90014-030.pdf"
"470761134","1990-06-15","1990-06-15","Catalog coverage dates","NSC/DC 142 - June 15, 1990 - NSC/DC Meeting on Liberia, Keywords: Liberia","90014-031","Series context and cross-volume routing","Series context","verified","true","3471922","3471922","HTTP Content-Length","Restricted - Possibly","0","0","0","15","2","1","0","1","0","0","0","0","0","George H.W. Bush Library, Bush Presidential Records, National Security Council, H-Files, NSC/DC Meetings Files, OA/ID 90014–031, NSC/DC 142—June 15, 1990—NSC/DC Meeting on Liberia, Keywords: Liberia.","https://catalog.archives.gov/id/470761134","https://catalog.archives.gov/medialz/presidential-libraries/bush/gb-nsc/H-Files/NSC-DC_Mtgs_312294079/41-bpr-nsc-hfiles-dc_mtgs-142-90014-031.pdf"
"470761135","1990-06-19","1990-06-19","Catalog coverage dates","NSC/DC 143 - June 19, 1990 - NSC/DC Meeting on Nicaragua, Keywords: Nicaragua (File located @ NLMS)","90014-032","Series context and cross-volume routing","Series context","verified","true","1548037","1548037","HTTP Content-Length","Restricted - Possibly","0","0","0","0","10","10","0","9","0","1","0","0","0","George H.W. Bush Library, Bush Presidential Records, National Security Council, H-Files, NSC/DC Meetings Files, OA/ID 90014–032, NSC/DC 143—June 19, 1990—NSC/DC Meeting on Nicaragua, Keywords: Nicaragua (File located @ NLMS).","https://catalog.archives.gov/id/470761135","https://catalog.archives.gov/medialz/presidential-libraries/bush/gb-nsc/H-Files/NSC-DC_Mtgs_312294079/41-bpr-nsc-hfiles-dc_mtgs-143-90014-032.pdf"
"470761136","1990-06-27","1990-06-27","Catalog coverage dates","NSC/DC 144 - June 27, 1990 - NSC/DC Meeting on NSR 18 / Counterintelligence, Keywords: Counterintelligence, Security [1]","90015-001","Series context and cross-volume routing","Series context","verified","true","3040338","3040338","HTTP Content-Length","Restricted - Possibly","0","0","0","0","15","20","0","13","1","0","2","0","4","George H.W. Bush Library, Bush Presidential Records, National Security Council, H-Files, NSC/DC Meetings Files, OA/ID 90015–001, NSC/DC 144—June 27, 1990—NSC/DC Meeting on NSR 18 / Counterintelligence, Keywords: Counterintelligence, Security [1].","https://catalog.archives.gov/id/470761136","https://catalog.archives.gov/medialz/presidential-libraries/bush/gb-nsc/H-Files/NSC-DC_Mtgs_312294079/41-bpr-nsc-hfiles-dc_mtgs-144_1-90015-001.pdf"
"470761137","1990-06-27","1990-06-27","Catalog coverage dates","NSC/DC 144 - June 27, 1990 - NSC/DC Meeting on NSR 18 / Counterintelligence, Keywords: Counterintelligence, Security [2]","90015-002","Series context and cross-volume routing","Series context","verified","true","15888885","15888885","HTTP Content-Length","Restricted - Possibly","0","0","0","33","23","38","0","20","0","0","1","0","17","George H.W. Bush Library, Bush Presidential Records, National Security Council, H-Files, NSC/DC Meetings Files, OA/ID 90015–002, NSC/DC 144—June 27, 1990—NSC/DC Meeting on NSR 18 / Counterintelligence, Keywords: Counterintelligence, Security [2].","https://catalog.archives.gov/id/470761137","https://catalog.archives.gov/medialz/presidential-libraries/bush/gb-nsc/H-Files/NSC-DC_Mtgs_312294079/41-bpr-nsc-hfiles-dc_mtgs-144_2-90015-002.pdf"
"470761138","1990-06-28","1990-06-28","Catalog coverage dates","NSC/DC 145 - June 28, 1990 - NSC/DC Meeting on Vietnamese Boat People, Keywords: Vietnam, Refugees","90015-003","Series context and cross-volume routing","Series context","verified","true","29121100","29121100","HTTP Content-Length","Restricted - Possibly","0","0","0","11","9","32","6","14","3","0","3","3","3","George H.W. Bush Library, Bush Presidential Records, National Security Council, H-Files, NSC/DC Meetings Files, OA/ID 90015–003, NSC/DC 145—June 28, 1990—NSC/DC Meeting on Vietnamese Boat People, Keywords: Vietnam, Refugees.","https://catalog.archives.gov/id/470761138","https://catalog.archives.gov/medialz/presidential-libraries/bush/gb-nsc/H-Files/NSC-DC_Mtgs_312294079/41-bpr-nsc-hfiles-dc_mtgs-145-90015-003.pdf"
"470761140","1990-06-28","1990-06-28","Catalog coverage dates","NSC/DC 147 - June 28, 1990 - NSC/DC Meeting on Pakistan's Nuclear Program, Keywords: Pakistan, Nuclear Matters","90015-005","Series context and cross-volume routing","Series context","verified","true","5281507","5281507","Catalog objectFileSize","Restricted - Possibly","0","0","0","0","6","6","0","5","1","0","0","0","0","George H.W. Bush Library, Bush Presidential Records, National Security Council, H-Files, NSC/DC Meetings Files, OA/ID 90015–005, NSC/DC 147—June 28, 1990—NSC/DC Meeting on Pakistan's Nuclear Program, Keywords: Pakistan, Nuclear Matters.","https://catalog.archives.gov/id/470761140","https://catalog.archives.gov/medialz/presidential-libraries/bush/gb-nsc/H-Files/NSC-DC_Mtgs_312294079/41-bpr-nsc-hfiles-dc_mtgs-147-90015-005.pdf"
"470761139","1990-06-29","1990-06-29","Catalog coverage dates","NSC/DC 146 - June 29, 1990 - NSC/DC Meeting on Liberia, Keywords: Liberia","90015-004","Series context and cross-volume routing","Series context","verified","true","11721644","11721644","HTTP Content-Length","Restricted - Possibly","0","0","0","7","4","9","3","5","0","0","0","0","1","George H.W. Bush Library, Bush Presidential Records, National Security Council, H-Files, NSC/DC Meetings Files, OA/ID 90015–004, NSC/DC 146—June 29, 1990—NSC/DC Meeting on Liberia, Keywords: Liberia.","https://catalog.archives.gov/id/470761139","https://catalog.archives.gov/medialz/presidential-libraries/bush/gb-nsc/H-Files/NSC-DC_Mtgs_312294079/41-bpr-nsc-hfiles-dc_mtgs-146-90015-004.pdf"
"470761141","1990-07-02","1990-07-02","Catalog coverage dates","NSC/DC 148 - July 02, 1990 - NSC/DC Meeting on Liberia via SVTS, Keywords: Liberia","90015-006","Series context and cross-volume routing","Series context","verified","true","5808567","5808567","HTTP Content-Length","Restricted - Possibly","0","0","0","17","6","5","0","5","0","0","0","0","0","George H.W. Bush Library, Bush Presidential Records, National Security Council, H-Files, NSC/DC Meetings Files, OA/ID 90015–006, NSC/DC 148—July 02, 1990—NSC/DC Meeting on Liberia via SVTS, Keywords: Liberia.","https://catalog.archives.gov/id/470761141","https://catalog.archives.gov/medialz/presidential-libraries/bush/gb-nsc/H-Files/NSC-DC_Mtgs_312294079/41-bpr-nsc-hfiles-dc_mtgs-148-90015-006.pdf"
"470761142","1990-07-03","1990-07-03","Catalog coverage dates","NSC/DC 149 - July 03, 1990 - NSC/DC Meeting on Liberia, Keywords: Liberia","90015-007","Series context and cross-volume routing","Series context","verified","true","5772464","5772464","HTTP Content-Length","Restricted - Possibly","0","0","0","10","7","6","0","6","0","0","0","0","0","George H.W. Bush Library, Bush Presidential Records, National Security Council, H-Files, NSC/DC Meetings Files, OA/ID 90015–007, NSC/DC 149—July 03, 1990—NSC/DC Meeting on Liberia, Keywords: Liberia.","https://catalog.archives.gov/id/470761142","https://catalog.archives.gov/medialz/presidential-libraries/bush/gb-nsc/H-Files/NSC-DC_Mtgs_312294079/41-bpr-nsc-hfiles-dc_mtgs-149-90015-007.pdf"
"470761143","1990-07-03","1990-07-03","Catalog coverage dates","NSC/DC 150 - July 03, 1990 - NSC/DC Meeting on [...], Keywords:","90015-008","Series context and cross-volume routing","Series context","verified","true","2340094","2340094","HTTP Content-Length","Restricted - Possibly","0","0","0","0","18","16","0","16","0","0","0","0","0","George H.W. Bush Library, Bush Presidential Records, National Security Council, H-Files, NSC/DC Meetings Files, OA/ID 90015–008, NSC/DC 150—July 03, 1990—NSC/DC Meeting on [...], Keywords:.","https://catalog.archives.gov/id/470761143","https://catalog.archives.gov/medialz/presidential-libraries/bush/gb-nsc/H-Files/NSC-DC_Mtgs_312294079/41-bpr-nsc-hfiles-dc_mtgs-150-90015-008.pdf"
"352356448","1990-07-05","1990-07-05","Folder title date","NSC/DC 151 - July 05, 1990 - NSC/DC Meeting on Definition of Covert Action, Keywords: Covert Action","90015-009","Series context and cross-volume routing","Series context","verified","true","7396895","7396895","Catalog objectFileSize","Restricted - Possibly","0","0","0","8","15","17","0","13","0","0","0","0","4","George H.W. Bush Library, Bush Presidential Records, National Security Council, H-Files, NSC/DC Meetings Files, OA/ID 90015–009, NSC/DC 151—July 05, 1990—NSC/DC Meeting on Definition of Covert Action, Keywords: Covert Action.","https://catalog.archives.gov/id/352356448","https://catalog.archives.gov/medialz/presidential-libraries/bush/gb-nsc/H-Files/NSC-DC_Mtgs_312294079/41-bpr-nsc-hfiles-dc_mtgs-151-90015-009.pdf"
"470761144","1990-07-06","1990-07-06","Catalog coverage dates","NSC/DC 152 - July 06, 1990 - NSC/DC Meeting on Philippine Internal Security, Keywords: Philippines, Military Bases","90015-010","Series context and cross-volume routing","Series context","verified","true","13460229","13460229","HTTP Content-Length","Restricted - Possibly","0","0","0","22","9","40","0","8","6","0","6","3","17","George H.W. Bush Library, Bush Presidential Records, National Security Council, H-Files, NSC/DC Meetings Files, OA/ID 90015–010, NSC/DC 152—July 06, 1990—NSC/DC Meeting on Philippine Internal Security, Keywords: Philippines, Military Bases.","https://catalog.archives.gov/id/470761144","https://catalog.archives.gov/medialz/presidential-libraries/bush/gb-nsc/H-Files/NSC-DC_Mtgs_312294079/41-bpr-nsc-hfiles-dc_mtgs-152-90015-010.pdf"
"470761145","1990-07-06","1990-07-06","Catalog coverage dates","NSC/DC 153 - July 06, 1990 - NSC/DC Meeting on Liberia, Keywords: Liberia","90015-011","Series context and cross-volume routing","Series context","verified","true","1553222","1553222","HTTP Content-Length","Restricted - Possibly","0","0","0","2","2","1","0","1","0","0","0","0","0","George H.W. Bush Library, Bush Presidential Records, National Security Council, H-Files, NSC/DC Meetings Files, OA/ID 90015–011, NSC/DC 153—July 06, 1990—NSC/DC Meeting on Liberia, Keywords: Liberia.","https://catalog.archives.gov/id/470761145","https://catalog.archives.gov/medialz/presidential-libraries/bush/gb-nsc/H-Files/NSC-DC_Mtgs_312294079/41-bpr-nsc-hfiles-dc_mtgs-153-90015-011.pdf"
"470761146","1990-07-09","1990-07-09","Catalog coverage dates","NSC/DC 154 - July 09, 1990 - NSC/DC Meeting on Pakistan Nuclear Program, Keywords: Pakistan, Nuclear Matters","90015-012","Series context and cross-volume routing","Series context","verified","true","923464","923464","HTTP Content-Length","Restricted - Possibly","0","0","0","0","7","6","0","6","0","0","0","0","0","George H.W. Bush Library, Bush Presidential Records, National Security Council, H-Files, NSC/DC Meetings Files, OA/ID 90015–012, NSC/DC 154—July 09, 1990—NSC/DC Meeting on Pakistan Nuclear Program, Keywords: Pakistan, Nuclear Matters.","https://catalog.archives.gov/id/470761146","https://catalog.archives.gov/medialz/presidential-libraries/bush/gb-nsc/H-Files/NSC-DC_Mtgs_312294079/41-bpr-nsc-hfiles-dc_mtgs-154-90015-012.pdf"
"470761147","1990-07-12","1990-07-12","Catalog coverage dates","NSC/DC 155 - July 12, 1990 - NSC/DC Meeting to Review Soviets BW Program, Keywords: USSR, CBW","90015-013","Series context and cross-volume routing","Series context","verified","true","1532016","1532016","HTTP Content-Length","Restricted - Possibly","0","0","0","5","2","1","0","1","0","0","0","0","0","George H.W. Bush Library, Bush Presidential Records, National Security Council, H-Files, NSC/DC Meetings Files, OA/ID 90015–013, NSC/DC 155—July 12, 1990—NSC/DC Meeting to Review Soviets BW Program, Keywords: USSR, CBW.","https://catalog.archives.gov/id/470761147","https://catalog.archives.gov/medialz/presidential-libraries/bush/gb-nsc/H-Files/NSC-DC_Mtgs_312294079/41-bpr-nsc-hfiles-dc_mtgs-155-90015-013.pdf"
"470761148","1990-07-18","1990-07-18","Catalog coverage dates","NSC/DC 156 - July 18, 1990 - NSC/DC Meeting on TV MARTI via SVTS, Keywords: Cuba [1]","90015-014","Series context and cross-volume routing","Series context","verified","true","10821585","10821585","HTTP Content-Length","Restricted - Possibly","0","0","0","0","41","38","0","38","0","0","0","0","0","George H.W. Bush Library, Bush Presidential Records, National Security Council, H-Files, NSC/DC Meetings Files, OA/ID 90015–014, NSC/DC 156—July 18, 1990—NSC/DC Meeting on TV MARTI via SVTS, Keywords: Cuba [1].","https://catalog.archives.gov/id/470761148","https://catalog.archives.gov/medialz/presidential-libraries/bush/gb-nsc/H-Files/NSC-DC_Mtgs_312294079/41-bpr-nsc-hfiles-dc_mtgs-156_1-90015-014.pdf"
"470761149","1990-07-18","1990-07-18","Catalog coverage dates","NSC/DC 156 - July 18, 1990 - NSC/DC Meeting on TV MARTI via SVTS, Keywords: Cuba [2]","90015-015","Series context and cross-volume routing","Series context","verified","true","4655175","4655175","HTTP Content-Length","Restricted - Possibly","0","0","0","0","17","16","0","16","0","0","0","0","0","George H.W. Bush Library, Bush Presidential Records, National Security Council, H-Files, NSC/DC Meetings Files, OA/ID 90015–015, NSC/DC 156—July 18, 1990—NSC/DC Meeting on TV MARTI via SVTS, Keywords: Cuba [2].","https://catalog.archives.gov/id/470761149","https://catalog.archives.gov/medialz/presidential-libraries/bush/gb-nsc/H-Files/NSC-DC_Mtgs_312294079/41-bpr-nsc-hfiles-dc_mtgs-156_2-90015-015.pdf"
"470761150","1990-07-18","1990-07-18","Catalog coverage dates","NSC/DC 157 - July 18, 1990 - NSC/DC Meeting on Withdrawal and Transfer of Soviet Equipment FM Europe, Keywords: CFE, USSR, Treaties","90015-016","Series context and cross-volume routing","Series context","verified","true","14117738","14117738","HTTP Content-Length","Restricted - Possibly","0","0","0","4","15","27","0","13","0","0","14","0","0","George H.W. Bush Library, Bush Presidential Records, National Security Council, H-Files, NSC/DC Meetings Files, OA/ID 90015–016, NSC/DC 157—July 18, 1990—NSC/DC Meeting on Withdrawal and Transfer of Soviet Equipment FM Europe, Keywords: CFE, USSR, Treaties.","https://catalog.archives.gov/id/470761150","https://catalog.archives.gov/medialz/presidential-libraries/bush/gb-nsc/H-Files/NSC-DC_Mtgs_312294079/41-bpr-nsc-hfiles-dc_mtgs-157-90015-016.pdf"
"470761151","1990-07-19","1990-07-19","Catalog coverage dates","NSC/DC 158 - July 19, 1990 - NSC/DC Meeting on Soviet Commercial Presence in U.S., Keywords: USSR","90015-017","Transition Economies and International Economic Strategy","Volume XXX review","verified","true","5706308","5706308","Catalog objectFileSize","Restricted - Possibly","0","0","0","0","18","28","0","16","4","0","0","0","8","George H.W. Bush Library, Bush Presidential Records, National Security Council, H-Files, NSC/DC Meetings Files, OA/ID 90015–017, NSC/DC 158—July 19, 1990—NSC/DC Meeting on Soviet Commercial Presence in U.S., Keywords: USSR.","https://catalog.archives.gov/id/470761151","https://catalog.archives.gov/medialz/presidential-libraries/bush/gb-nsc/H-Files/NSC-DC_Mtgs_312294079/41-bpr-nsc-hfiles-dc_mtgs-158-90015-017.pdf"
"470761152","1990-07-20","1990-07-20","Catalog coverage dates","NSC/DC 159 - July 20, 1990 - NSC/DC Meeting on CW at Undeclared Sites, Keywords: CBW, Arms Control","90015-018","Series context and cross-volume routing","Series context","verified","true","8755607","8755607","Catalog objectFileSize","Restricted - Possibly","0","0","0","0","9","15","0","7","0","0","7","0","1","George H.W. Bush Library, Bush Presidential Records, National Security Council, H-Files, NSC/DC Meetings Files, OA/ID 90015–018, NSC/DC 159—July 20, 1990—NSC/DC Meeting on CW at Undeclared Sites, Keywords: CBW, Arms Control.","https://catalog.archives.gov/id/470761152","https://catalog.archives.gov/medialz/presidential-libraries/bush/gb-nsc/H-Files/NSC-DC_Mtgs_312294079/41-bpr-nsc-hfiles-dc_mtgs-159-90015-018.pdf"
"470761153","1990-07-30","1990-07-30","Catalog coverage dates","NSC/DC 160 - July 30, 1990 - NSC/DC Meeting on Nicaragua, Keywords: Nicaragua (File located @ NLMS)","90015-019","Series context and cross-volume routing","Series context","verified","true","433989","433989","Catalog objectFileSize","Restricted - Possibly","0","0","0","0","0","0","0","0","0","0","0","0","0","George H.W. Bush Library, Bush Presidential Records, National Security Council, H-Files, NSC/DC Meetings Files, OA/ID 90015–019, NSC/DC 160—July 30, 1990—NSC/DC Meeting on Nicaragua, Keywords: Nicaragua (File located @ NLMS).","https://catalog.archives.gov/id/470761153","https://catalog.archives.gov/medialz/presidential-libraries/bush/gb-nsc/H-Files/NSC-DC_Mtgs_312294079/41-bpr-nsc-hfiles-dc_mtgs-160-90015-019.pdf"
"470761154","1990-07-30","1990-07-30","Catalog coverage dates","NSC/DC 161 - July 30, 1990 - NSC/DC Meeting on Liberia, Keywords: Liberia","90015-020","Series context and cross-volume routing","Series context","verified","true","1703916","1703916","Catalog objectFileSize","Restricted - Possibly","0","0","0","0","2","1","0","1","0","0","0","0","0","George H.W. Bush Library, Bush Presidential Records, National Security Council, H-Files, NSC/DC Meetings Files, OA/ID 90015–020, NSC/DC 161—July 30, 1990—NSC/DC Meeting on Liberia, Keywords: Liberia.","https://catalog.archives.gov/id/470761154","https://catalog.archives.gov/medialz/presidential-libraries/bush/gb-nsc/H-Files/NSC-DC_Mtgs_312294079/41-bpr-nsc-hfiles-dc_mtgs-161-90015-020.pdf"
"470761155","1990-08-01","1990-08-01","Catalog coverage dates","NSC/DC 162 - August 01, 1990 - NSC/DC Meeting on Iraq / Kuwait via SVTS, Keywords: Iraq, Kuwait, Persian Gulf","90015-021","Series context and cross-volume routing","Series context","verified","true","1446638","1446638","HTTP Content-Length","Restricted - Possibly","0","0","0","5","2","4","1","1","0","0","0","0","2","George H.W. Bush Library, Bush Presidential Records, National Security Council, H-Files, NSC/DC Meetings Files, OA/ID 90015–021, NSC/DC 162—August 01, 1990—NSC/DC Meeting on Iraq / Kuwait via SVTS, Keywords: Iraq, Kuwait, Persian Gulf.","https://catalog.archives.gov/id/470761155","https://catalog.archives.gov/medialz/presidential-libraries/bush/gb-nsc/H-Files/NSC-DC_Mtgs_312294079/41-bpr-nsc-hfiles-dc_mtgs-162-90015-021.pdf"
"470761156","1990-08-04","1990-08-04","Catalog coverage dates","NSC/DC 163 - August 04, 1990 - NSC/DC Meeting on Gulf Crisis via SVTS, Keywords: Iraq, Kuwait, Persian Gulf","90015-022","Series context and cross-volume routing","Series context","verified","true","1793921","1793921","HTTP Content-Length","Restricted - Possibly","0","0","0","3","2","2","0","1","0","0","0","0","1","George H.W. Bush Library, Bush Presidential Records, National Security Council, H-Files, NSC/DC Meetings Files, OA/ID 90015–022, NSC/DC 163—August 04, 1990—NSC/DC Meeting on Gulf Crisis via SVTS, Keywords: Iraq, Kuwait, Persian Gulf.","https://catalog.archives.gov/id/470761156","https://catalog.archives.gov/medialz/presidential-libraries/bush/gb-nsc/H-Files/NSC-DC_Mtgs_312294079/41-bpr-nsc-hfiles-dc_mtgs-163-90015-022.pdf"
"470761157","1990-08-04","1990-08-04","Catalog coverage dates","NSC/DC 164 - August 04, 1990 - NSC/DC Meeting on Liberia, Keywords: Liberia","90015-023","Series context and cross-volume routing","Series context","verified","true","3022497","3022497","HTTP Content-Length","Restricted - Possibly","0","1","0","0","3","2","0","2","0","0","0","0","0","George H.W. Bush Library, Bush Presidential Records, National Security Council, H-Files, NSC/DC Meetings Files, OA/ID 90015–023, NSC/DC 164—August 04, 1990—NSC/DC Meeting on Liberia, Keywords: Liberia.","https://catalog.archives.gov/id/470761157","https://catalog.archives.gov/medialz/presidential-libraries/bush/gb-nsc/H-Files/NSC-DC_Mtgs_312294079/41-bpr-nsc-hfiles-dc_mtgs-164-90015-023.pdf"
"470761158","1990-08-04","1990-08-04","Catalog coverage dates","NSC/DC 165 - August 04, 1990 - NSC/DC Meeting on Gulf Crisis via SVTS, Keywords: Iraq, Kuwait, Persian Gulf","90015-024","Series context and cross-volume routing","Series context","verified","true","901716","901716","HTTP Content-Length","Restricted - Possibly","0","0","0","0","0","1","0","0","0","0","0","0","1","George H.W. Bush Library, Bush Presidential Records, National Security Council, H-Files, NSC/DC Meetings Files, OA/ID 90015–024, NSC/DC 165—August 04, 1990—NSC/DC Meeting on Gulf Crisis via SVTS, Keywords: Iraq, Kuwait, Persian Gulf.","https://catalog.archives.gov/id/470761158","https://catalog.archives.gov/medialz/presidential-libraries/bush/gb-nsc/H-Files/NSC-DC_Mtgs_312294079/41-bpr-nsc-hfiles-dc_mtgs-165-90015-024.pdf"
"470761159","1990-08-05","1990-08-05","Catalog coverage dates","NSC/DC 166 - August 05, 1990 - NSC/DC Meeting on Gulf Crisis via SVTS, Keywords: Iraq, Kuwait, Persian Gulf","90015-025","Series context and cross-volume routing","Series context","verified","true","1821079","1821079","Catalog objectFileSize","Restricted - Possibly","0","0","0","4","2","2","0","1","0","0","0","0","1","George H.W. Bush Library, Bush Presidential Records, National Security Council, H-Files, NSC/DC Meetings Files, OA/ID 90015–025, NSC/DC 166—August 05, 1990—NSC/DC Meeting on Gulf Crisis via SVTS, Keywords: Iraq, Kuwait, Persian Gulf.","https://catalog.archives.gov/id/470761159","https://catalog.archives.gov/medialz/presidential-libraries/bush/gb-nsc/H-Files/NSC-DC_Mtgs_312294079/41-bpr-nsc-hfiles-dc_mtgs-166-90015-025.pdf"
"470761160","1990-08-08","1990-08-08","Catalog coverage dates","NSC/DC 167 - August 08, 1990 - NSC/DC Meeting on Gulf Crisis via SVTS, Keywords: Iraq, Kuwait, Persian Gulf","90015-026","Series context and cross-volume routing","Series context","verified","true","978742","978742","HTTP Content-Length","Restricted - Possibly","0","0","0","0","2","4","0","1","0","0","1","0","2","George H.W. Bush Library, Bush Presidential Records, National Security Council, H-Files, NSC/DC Meetings Files, OA/ID 90015–026, NSC/DC 167—August 08, 1990—NSC/DC Meeting on Gulf Crisis via SVTS, Keywords: Iraq, Kuwait, Persian Gulf.","https://catalog.archives.gov/id/470761160","https://catalog.archives.gov/medialz/presidential-libraries/bush/gb-nsc/H-Files/NSC-DC_Mtgs_312294079/41-bpr-nsc-hfiles-dc_mtgs-167-90015-026.pdf"
"470761161","1990-08-09","1990-08-09","Catalog coverage dates","NSC/DC 168 - August 09, 1990 - NSC/DC Meeting on Gulf Crisis via SVTS, Keywords: Iraq, Kuwait, Persian Gulf","90015-027","Series context and cross-volume routing","Series context","verified","true","929949","929949","HTTP Content-Length","Restricted - Possibly","0","0","0","0","2","4","0","1","0","0","1","0","2","George H.W. Bush Library, Bush Presidential Records, National Security Council, H-Files, NSC/DC Meetings Files, OA/ID 90015–027, NSC/DC 168—August 09, 1990—NSC/DC Meeting on Gulf Crisis via SVTS, Keywords: Iraq, Kuwait, Persian Gulf.","https://catalog.archives.gov/id/470761161","https://catalog.archives.gov/medialz/presidential-libraries/bush/gb-nsc/H-Files/NSC-DC_Mtgs_312294079/41-bpr-nsc-hfiles-dc_mtgs-168-90015-027.pdf"
"470761162","1990-08-09","1990-08-09","Catalog coverage dates","NSC/DC 169 - August 09, 1990 - NSC/DC Meeting on Liberia via SVTS, Keywords: Liberia","90015-028","Series context and cross-volume routing","Series context","verified","true","2922344","2922344","HTTP Content-Length","Restricted - Possibly","0","0","0","0","4","3","0","3","0","0","0","0","0","George H.W. Bush Library, Bush Presidential Records, National Security Council, H-Files, NSC/DC Meetings Files, OA/ID 90015–028, NSC/DC 169—August 09, 1990—NSC/DC Meeting on Liberia via SVTS, Keywords: Liberia.","https://catalog.archives.gov/id/470761162","https://catalog.archives.gov/medialz/presidential-libraries/bush/gb-nsc/H-Files/NSC-DC_Mtgs_312294079/41-bpr-nsc-hfiles-dc_mtgs-169-90015-028.pdf"
"470761163","1990-08-10","1990-08-10","Catalog coverage dates","NSC/DC 170 - August 10, 1990 - NSC/DC Meeting on Gulf Crisis via SVTS, Keywords: Iraq, Kuwait, Persian Gulf","90015-029","Series context and cross-volume routing","Series context","verified","true","3290020","3290020","HTTP Content-Length","Restricted - Possibly","0","0","0","3","4","42","8","3","4","17","3","3","4","George H.W. Bush Library, Bush Presidential Records, National Security Council, H-Files, NSC/DC Meetings Files, OA/ID 90015–029, NSC/DC 170—August 10, 1990—NSC/DC Meeting on Gulf Crisis via SVTS, Keywords: Iraq, Kuwait, Persian Gulf.","https://catalog.archives.gov/id/470761163","https://catalog.archives.gov/medialz/presidential-libraries/bush/gb-nsc/H-Files/NSC-DC_Mtgs_312294079/41-bpr-nsc-hfiles-dc_mtgs-170-90015-029.pdf"
"470761164","1990-08-10","1990-08-10","Catalog coverage dates","NSC/DC 171 - August 10, 1990 - NSC/DC Meeting on Liberia via SVTS, Keywords: Liberia","90015-030","Series context and cross-volume routing","Series context","verified","true","3272732","3272732","HTTP Content-Length","Restricted - Possibly","0","0","0","9","2","2","0","1","0","0","0","0","1","George H.W. Bush Library, Bush Presidential Records, National Security Council, H-Files, NSC/DC Meetings Files, OA/ID 90015–030, NSC/DC 171—August 10, 1990—NSC/DC Meeting on Liberia via SVTS, Keywords: Liberia.","https://catalog.archives.gov/id/470761164","https://catalog.archives.gov/medialz/presidential-libraries/bush/gb-nsc/H-Files/NSC-DC_Mtgs_312294079/41-bpr-nsc-hfiles-dc_mtgs-171-90015-030.pdf"
"470761165","1990-08-13","1990-08-13","Catalog coverage dates","NSC/DC 172 - August 13, 1990 - NSC/DC Meeting on Gulf Crisis via SVTS, Keywords: Iraq, Kuwait, Persian Gulf","90015-031","Series context and cross-volume routing","Series context","verified","true","947243","947243","HTTP Content-Length","Restricted - Possibly","0","0","0","0","2","5","0","1","0","0","1","0","3","George H.W. Bush Library, Bush Presidential Records, National Security Council, H-Files, NSC/DC Meetings Files, OA/ID 90015–031, NSC/DC 172—August 13, 1990—NSC/DC Meeting on Gulf Crisis via SVTS, Keywords: Iraq, Kuwait, Persian Gulf.","https://catalog.archives.gov/id/470761165","https://catalog.archives.gov/medialz/presidential-libraries/bush/gb-nsc/H-Files/NSC-DC_Mtgs_312294079/41-bpr-nsc-hfiles-dc_mtgs-172-90015-031.pdf"
"470761166","1990-08-14","1990-08-14","Catalog coverage dates","NSC/DC 173 - August 14, 1990 - NSC/DC Meeting on Gulf Crisis via SVTS, Keywords: Iraq, Kuwait, Persian Gulf","90015-032","Series context and cross-volume routing","Series context","verified","true","1487431","1487431","Catalog objectFileSize","Restricted - Possibly","0","0","0","4","3","10","0","2","0","1","3","0","4","George H.W. Bush Library, Bush Presidential Records, National Security Council, H-Files, NSC/DC Meetings Files, OA/ID 90015–032, NSC/DC 173—August 14, 1990—NSC/DC Meeting on Gulf Crisis via SVTS, Keywords: Iraq, Kuwait, Persian Gulf.","https://catalog.archives.gov/id/470761166","https://catalog.archives.gov/medialz/presidential-libraries/bush/gb-nsc/H-Files/NSC-DC_Mtgs_312294079/41-bpr-nsc-hfiles-dc_mtgs-173-90015-032.pdf"
"470761167","1990-08-17","1990-08-17","Catalog coverage dates","NSC/DC 174 - August 17, 1990 - NSC/DC Meeting on Liberia via SVTS, Keywords: Liberia","90016-001","Series context and cross-volume routing","Series context","verified","true","4570674","4570674","HTTP Content-Length","Restricted - Possibly","0","0","0","0","6","10","0","6","0","2","0","2","0","George H.W. Bush Library, Bush Presidential Records, National Security Council, H-Files, NSC/DC Meetings Files, OA/ID 90016–001, NSC/DC 174—August 17, 1990—NSC/DC Meeting on Liberia via SVTS, Keywords: Liberia.","https://catalog.archives.gov/id/470761167","https://catalog.archives.gov/medialz/presidential-libraries/bush/gb-nsc/H-Files/NSC-DC_Mtgs_312294079/41-bpr-nsc-hfiles-dc_mtgs-174-90016-001.pdf"
"470761168","1990-08-17","1990-08-17","Catalog coverage dates","NSC/DC 175 - August 17, 1990 - NSC/DC Meeting on Gulf Crisis via SVTS, Keywords: Iraq, Kuwait, Persian Gulf","90016-002","Series context and cross-volume routing","Series context","verified","true","875397","875397","HTTP Content-Length","Restricted - Possibly","0","0","0","0","0","2","0","0","0","0","0","0","2","George H.W. Bush Library, Bush Presidential Records, National Security Council, H-Files, NSC/DC Meetings Files, OA/ID 90016–002, NSC/DC 175—August 17, 1990—NSC/DC Meeting on Gulf Crisis via SVTS, Keywords: Iraq, Kuwait, Persian Gulf.","https://catalog.archives.gov/id/470761168","https://catalog.archives.gov/medialz/presidential-libraries/bush/gb-nsc/H-Files/NSC-DC_Mtgs_312294079/41-bpr-nsc-hfiles-dc_mtgs-175-90016-002.pdf"
"470761169","1990-08-18","1990-08-18","Catalog coverage dates","NSC/DC 176 - August 18, 1990 - NSC/DC Meeting on Gulf Crisis via SVTS, Keywords: Iraq, Kuwait, Persian Gulf","90016-003","Series context and cross-volume routing","Series context","verified","true","871275","871275","HTTP Content-Length","Restricted - Possibly","0","0","0","0","0","2","0","0","0","0","0","0","2","George H.W. Bush Library, Bush Presidential Records, National Security Council, H-Files, NSC/DC Meetings Files, OA/ID 90016–003, NSC/DC 176—August 18, 1990—NSC/DC Meeting on Gulf Crisis via SVTS, Keywords: Iraq, Kuwait, Persian Gulf.","https://catalog.archives.gov/id/470761169","https://catalog.archives.gov/medialz/presidential-libraries/bush/gb-nsc/H-Files/NSC-DC_Mtgs_312294079/41-bpr-nsc-hfiles-dc_mtgs-176-90016-003.pdf"
"470761170","1990-08-19","1990-08-19","Catalog coverage dates","NSC/DC 177 - August 19, 1990 - NSC/DC Meeting on Gulf Crisis via SVTS, Keywords: Iraq, Kuwait, Persian Gulf","90016-004","Series context and cross-volume routing","Series context","verified","true","1581733","1581733","HTTP Content-Length","Restricted - Possibly","0","0","0","4","2","10","1","1","0","6","0","0","2","George H.W. Bush Library, Bush Presidential Records, National Security Council, H-Files, NSC/DC Meetings Files, OA/ID 90016–004, NSC/DC 177—August 19, 1990—NSC/DC Meeting on Gulf Crisis via SVTS, Keywords: Iraq, Kuwait, Persian Gulf.","https://catalog.archives.gov/id/470761170","https://catalog.archives.gov/medialz/presidential-libraries/bush/gb-nsc/H-Files/NSC-DC_Mtgs_312294079/41-bpr-nsc-hfiles-dc_mtgs-177-90016-004.pdf"
"470761171","1990-08-20","1990-08-20","Catalog coverage dates","NSC/DC 178 - August 20, 1990 - NSC/DC Meeting on Gulf Crisis via SVTS, Keywords: Iraq, Kuwait, Persian Gulf","90016-005","Series context and cross-volume routing","Series context","verified","true","1477165","1477165","HTTP Content-Length","Restricted - Possibly","0","0","0","4","2","7","0","1","0","1","2","0","3","George H.W. Bush Library, Bush Presidential Records, National Security Council, H-Files, NSC/DC Meetings Files, OA/ID 90016–005, NSC/DC 178—August 20, 1990—NSC/DC Meeting on Gulf Crisis via SVTS, Keywords: Iraq, Kuwait, Persian Gulf.","https://catalog.archives.gov/id/470761171","https://catalog.archives.gov/medialz/presidential-libraries/bush/gb-nsc/H-Files/NSC-DC_Mtgs_312294079/41-bpr-nsc-hfiles-dc_mtgs-178-90016-005.pdf"
"470761172","1990-08-21","1990-08-21","Catalog coverage dates","NSC/DC 179 - August 21, 1990 - NSC/DC Meeting on Gulf Crisis via SVTS, Keywords: Iraq, Kuwait, Persian Gulf","90016-006","Series context and cross-volume routing","Series context","verified","true","1028398","1028398","HTTP Content-Length","Restricted - Possibly","0","0","0","0","3","5","0","2","0","0","0","0","3","George H.W. Bush Library, Bush Presidential Records, National Security Council, H-Files, NSC/DC Meetings Files, OA/ID 90016–006, NSC/DC 179—August 21, 1990—NSC/DC Meeting on Gulf Crisis via SVTS, Keywords: Iraq, Kuwait, Persian Gulf.","https://catalog.archives.gov/id/470761172","https://catalog.archives.gov/medialz/presidential-libraries/bush/gb-nsc/H-Files/NSC-DC_Mtgs_312294079/41-bpr-nsc-hfiles-dc_mtgs-179-90016-006.pdf"
"470761173","1990-08-22","1990-08-22","Catalog coverage dates","NSC/DC 180 - August 22, 1990 - NSC/DC Meeting on Gulf Crisis via SVTS, Keywords: Iraq, Kuwait, Persian Gulf","90016-007","Series context and cross-volume routing","Series context","verified","true","1442081","1442081","HTTP Content-Length","Restricted - Possibly","0","0","0","2","3","7","0","2","0","2","1","0","2","George H.W. Bush Library, Bush Presidential Records, National Security Council, H-Files, NSC/DC Meetings Files, OA/ID 90016–007, NSC/DC 180—August 22, 1990—NSC/DC Meeting on Gulf Crisis via SVTS, Keywords: Iraq, Kuwait, Persian Gulf.","https://catalog.archives.gov/id/470761173","https://catalog.archives.gov/medialz/presidential-libraries/bush/gb-nsc/H-Files/NSC-DC_Mtgs_312294079/41-bpr-nsc-hfiles-dc_mtgs-180-90016-007.pdf"
"470761174","1990-08-23","1990-08-23","Catalog coverage dates","NSC/DC 181 - August 23, 1990 - NSC/DC Meeting on TV MARTI, Keywords: Cuba, Broadcasting","90016-008","Series context and cross-volume routing","Series context","verified","true","16859224","16859224","HTTP Content-Length","Restricted - Possibly","0","0","0","9","39","39","0","38","0","0","0","0","1","George H.W. Bush Library, Bush Presidential Records, National Security Council, H-Files, NSC/DC Meetings Files, OA/ID 90016–008, NSC/DC 181—August 23, 1990—NSC/DC Meeting on TV MARTI, Keywords: Cuba, Broadcasting.","https://catalog.archives.gov/id/470761174","https://catalog.archives.gov/medialz/presidential-libraries/bush/gb-nsc/H-Files/NSC-DC_Mtgs_312294079/41-bpr-nsc-hfiles-dc_mtgs-181-90016-008.pdf"
"470761175","1990-08-23","1990-08-23","Catalog coverage dates","NSC/DC 181A - August 23, 1990 - NSC/DC Meeting on Iraq via SVTS, Keywords: Iraq","90016-009","Series context and cross-volume routing","Series context","verified","true","1370562","1370562","HTTP Content-Length","Restricted - Possibly","0","0","0","4","2","4","0","1","0","1","1","1","0","George H.W. Bush Library, Bush Presidential Records, National Security Council, H-Files, NSC/DC Meetings Files, OA/ID 90016–009, NSC/DC 181A—August 23, 1990—NSC/DC Meeting on Iraq via SVTS, Keywords: Iraq.","https://catalog.archives.gov/id/470761175","https://catalog.archives.gov/medialz/presidential-libraries/bush/gb-nsc/H-Files/NSC-DC_Mtgs_312294079/41-bpr-nsc-hfiles-dc_mtgs-181a-90016-009.pdf"
"470761176","1990-08-23","1990-08-23","Catalog coverage dates","NSC/DC 182 - August 23, 1990 - NSC/DC Meeting on Liberia via SVTS, Keywords: Liberia","90016-010","Series context and cross-volume routing","Series context","verified","true","6891606","6891606","HTTP Content-Length","Restricted - Possibly","0","1","0","12","4","4","0","4","0","0","0","0","0","George H.W. Bush Library, Bush Presidential Records, National Security Council, H-Files, NSC/DC Meetings Files, OA/ID 90016–010, NSC/DC 182—August 23, 1990—NSC/DC Meeting on Liberia via SVTS, Keywords: Liberia.","https://catalog.archives.gov/id/470761176","https://catalog.archives.gov/medialz/presidential-libraries/bush/gb-nsc/H-Files/NSC-DC_Mtgs_312294079/41-bpr-nsc-hfiles-dc_mtgs-182-90016-010.pdf"
"470761177","1990-08-24","1990-08-24","Catalog coverage dates","NSC/DC 183 - August 24, 1990 - NSC/DC Meeting on Persian Gulf via SVTS, Keywords: Iraq, Kuwait, Persian Gulf","90016-011","Series context and cross-volume routing","Series context","verified","true","1597781","1597781","HTTP Content-Length","Restricted - Possibly","0","0","0","4","3","10","0","2","0","5","0","0","3","George H.W. Bush Library, Bush Presidential Records, National Security Council, H-Files, NSC/DC Meetings Files, OA/ID 90016–011, NSC/DC 183—August 24, 1990—NSC/DC Meeting on Persian Gulf via SVTS, Keywords: Iraq, Kuwait, Persian Gulf.","https://catalog.archives.gov/id/470761177","https://catalog.archives.gov/medialz/presidential-libraries/bush/gb-nsc/H-Files/NSC-DC_Mtgs_312294079/41-bpr-nsc-hfiles-dc_mtgs-183-90016-011.pdf"
"470761178","1990-08-25","1990-08-25","Catalog coverage dates","NSC/DC 184 - August 25, 1990 - NSC/DC Meeting on Liberia via SVTS, Keywords: Liberia","90016-012","Series context and cross-volume routing","Series context","verified","true","7043730","7043730","HTTP Content-Length","Restricted - Possibly","0","0","0","11","5","5","0","4","0","0","1","0","0","George H.W. Bush Library, Bush Presidential Records, National Security Council, H-Files, NSC/DC Meetings Files, OA/ID 90016–012, NSC/DC 184—August 25, 1990—NSC/DC Meeting on Liberia via SVTS, Keywords: Liberia.","https://catalog.archives.gov/id/470761178","https://catalog.archives.gov/medialz/presidential-libraries/bush/gb-nsc/H-Files/NSC-DC_Mtgs_312294079/41-bpr-nsc-hfiles-dc_mtgs-184-90016-012.pdf"
"470761179","1990-08-25","1990-08-25","Catalog coverage dates","NSC/DC 185 - August 25, 1990 - NSC/DC Meeting on Gulf Crisis via SVTS, Keywords: Iraq, Kuwait, Persian Gulf","90016-013","Series context and cross-volume routing","Series context","verified","true","1377426","1377426","HTTP Content-Length","Restricted - Possibly","0","0","0","0","2","10","0","1","0","0","0","0","9","George H.W. Bush Library, Bush Presidential Records, National Security Council, H-Files, NSC/DC Meetings Files, OA/ID 90016–013, NSC/DC 185—August 25, 1990—NSC/DC Meeting on Gulf Crisis via SVTS, Keywords: Iraq, Kuwait, Persian Gulf.","https://catalog.archives.gov/id/470761179","https://catalog.archives.gov/medialz/presidential-libraries/bush/gb-nsc/H-Files/NSC-DC_Mtgs_312294079/41-bpr-nsc-hfiles-dc_mtgs-185-90016-013.pdf"
"470761180","1990-08-27","1990-08-27","Catalog coverage dates","NSC/DC 186 - August 27, 1990 - NSC/DC Meeting on Persian Gulf via SVTS, Keywords: Iraq, Kuwait, Persian Gulf","90016-014","Series context and cross-volume routing","Series context","verified","true","973073","973073","HTTP Content-Length","Restricted - Possibly","0","0","0","6","4","4","0","3","0","0","0","0","1","George H.W. Bush Library, Bush Presidential Records, National Security Council, H-Files, NSC/DC Meetings Files, OA/ID 90016–014, NSC/DC 186—August 27, 1990—NSC/DC Meeting on Persian Gulf via SVTS, Keywords: Iraq, Kuwait, Persian Gulf.","https://catalog.archives.gov/id/470761180","https://catalog.archives.gov/medialz/presidential-libraries/bush/gb-nsc/H-Files/NSC-DC_Mtgs_312294079/41-bpr-nsc-hfiles-dc_mtgs-186-90016-014.pdf"
"470761181","1990-08-28","1990-08-28","Catalog coverage dates","NSC/DC 187 - August 28, 1990 - NSC/DC Meeting on Gulf Crisis via SVTS, Keywords: Iraq, Kuwait, Persian Gulf","90016-015","Series context and cross-volume routing","Series context","verified","true","1599155","1599155","Catalog objectFileSize","Restricted - Possibly","0","0","0","4","3","10","0","2","0","1","0","0","7","George H.W. Bush Library, Bush Presidential Records, National Security Council, H-Files, NSC/DC Meetings Files, OA/ID 90016–015, NSC/DC 187—August 28, 1990—NSC/DC Meeting on Gulf Crisis via SVTS, Keywords: Iraq, Kuwait, Persian Gulf.","https://catalog.archives.gov/id/470761181","https://catalog.archives.gov/medialz/presidential-libraries/bush/gb-nsc/H-Files/NSC-DC_Mtgs_312294079/41-bpr-nsc-hfiles-dc_mtgs-187-90016-015.pdf"
"470761182","1990-08-29","1990-08-29","Catalog coverage dates","NSC/DC 188 - August 29, 1990 - NSC/DC Meeting on Gulf Crisis via SVTS, Keywords: Iraq, Kuwait, Persian Gulf","90016-016","Series context and cross-volume routing","Series context","verified","true","1468415","1468415","Catalog objectFileSize","Restricted - Possibly","0","0","0","4","3","11","1","2","0","0","0","1","7","George H.W. Bush Library, Bush Presidential Records, National Security Council, H-Files, NSC/DC Meetings Files, OA/ID 90016–016, NSC/DC 188—August 29, 1990—NSC/DC Meeting on Gulf Crisis via SVTS, Keywords: Iraq, Kuwait, Persian Gulf.","https://catalog.archives.gov/id/470761182","https://catalog.archives.gov/medialz/presidential-libraries/bush/gb-nsc/H-Files/NSC-DC_Mtgs_312294079/41-bpr-nsc-hfiles-dc_mtgs-188-90016-016.pdf"
"470761183","1990-08-30","1990-08-30","Catalog coverage dates","NSC/DC 189 - August 30, 1990 - NSC/DC Meeting on Gulf Crisis via SVTS, Keywords: Iraq, Kuwait, Persian Gulf","90016-017","Series context and cross-volume routing","Series context","verified","true","1842135","1842135","HTTP Content-Length","Restricted - Possibly","0","0","0","4","3","17","0","2","0","7","0","0","8","George H.W. Bush Library, Bush Presidential Records, National Security Council, H-Files, NSC/DC Meetings Files, OA/ID 90016–017, NSC/DC 189—August 30, 1990—NSC/DC Meeting on Gulf Crisis via SVTS, Keywords: Iraq, Kuwait, Persian Gulf.","https://catalog.archives.gov/id/470761183","https://catalog.archives.gov/medialz/presidential-libraries/bush/gb-nsc/H-Files/NSC-DC_Mtgs_312294079/41-bpr-nsc-hfiles-dc_mtgs-189-90016-017.pdf"
"470761184","1990-08-31","1990-08-31","Catalog coverage dates","NSC/DC 190 - August 31, 1990 - NSC/DC Meeting on Pakistan Nuclear Program, Keywords: Pakistan, Nuclear Matters","90016-018","Series context and cross-volume routing","Series context","verified","true","4662289","4662289","HTTP Content-Length","Restricted - Possibly","0","0","0","0","8","14","0","6","0","2","6","0","0","George H.W. Bush Library, Bush Presidential Records, National Security Council, H-Files, NSC/DC Meetings Files, OA/ID 90016–018, NSC/DC 190—August 31, 1990—NSC/DC Meeting on Pakistan Nuclear Program, Keywords: Pakistan, Nuclear Matters.","https://catalog.archives.gov/id/470761184","https://catalog.archives.gov/medialz/presidential-libraries/bush/gb-nsc/H-Files/NSC-DC_Mtgs_312294079/41-bpr-nsc-hfiles-dc_mtgs-190-90016-018.pdf"
"470761185","1990-08-31","1990-08-31","Catalog coverage dates","NSC/DC 191 - August 31, 1990 - NSC/DC Meeting on Counterterrorism and Counternarcotics, Keywords: Counterterrorism, Counternarcotics, Latin America, Africa, East Asia, Nicaragua, Cuba, Panama","90016-019","Series context and cross-volume routing","Series context","verified","true","3990023","3990023","HTTP Content-Length","Restricted - Possibly","0","0","0","4","11","13","0","10","0","2","0","0","1","George H.W. Bush Library, Bush Presidential Records, National Security Council, H-Files, NSC/DC Meetings Files, OA/ID 90016–019, NSC/DC 191—August 31, 1990—NSC/DC Meeting on Counterterrorism and Counternarcotics, Keywords: Counterterrorism, Counternarcotics, Latin America, Africa, East Asia, Nicaragua, Cuba, Panama.","https://catalog.archives.gov/id/470761185","https://catalog.archives.gov/medialz/presidential-libraries/bush/gb-nsc/H-Files/NSC-DC_Mtgs_312294079/41-bpr-nsc-hfiles-dc_mtgs-191-90016-019.pdf"
"470761186","1990-08-31","1990-08-31","Catalog coverage dates","NSC/DC 191A - August 31, 1990 - NSC/DC Meeting on Iraq via SVTS, Keywords: Iraq","90016-020","Series context and cross-volume routing","Series context","verified","true","947746","947746","HTTP Content-Length","Restricted - Possibly","0","0","0","4","2","7","0","4","0","2","0","0","1","George H.W. Bush Library, Bush Presidential Records, National Security Council, H-Files, NSC/DC Meetings Files, OA/ID 90016–020, NSC/DC 191A—August 31, 1990—NSC/DC Meeting on Iraq via SVTS, Keywords: Iraq.","https://catalog.archives.gov/id/470761186","https://catalog.archives.gov/medialz/presidential-libraries/bush/gb-nsc/H-Files/NSC-DC_Mtgs_312294079/41-bpr-nsc-hfiles-dc_mtgs-191a-90016-020.pdf"
"470761187","1990-09-04","1990-09-04","Catalog coverage dates","NSC/DC 192 - September 04, 1990 - NSC/DC Meeting on Gulf Crisis via SVTS, Keywords: Iraq, Kuwait, Persian Gulf","90016-021","Series context and cross-volume routing","Series context","verified","true","1497168","1497168","HTTP Content-Length","Restricted - Possibly","0","0","0","4","3","16","0","5","0","2","0","0","9","George H.W. Bush Library, Bush Presidential Records, National Security Council, H-Files, NSC/DC Meetings Files, OA/ID 90016–021, NSC/DC 192—September 04, 1990—NSC/DC Meeting on Gulf Crisis via SVTS, Keywords: Iraq, Kuwait, Persian Gulf.","https://catalog.archives.gov/id/470761187","https://catalog.archives.gov/medialz/presidential-libraries/bush/gb-nsc/H-Files/NSC-DC_Mtgs_312294079/41-bpr-nsc-hfiles-dc_mtgs-192-90016-021.pdf"
"470761188","1990-09-05","1990-09-05","Catalog coverage dates","NSC/DC 193 - September 05, 1990 - NSC/DC Meeting on Soviet Biological Weapons Program, Keywords: CBW, USSR, Limited Access","90016-022","Series context and cross-volume routing","Series context","verified","true","6013861","6013861","HTTP Content-Length","Restricted - Possibly","0","0","0","0","6","5","0","5","0","0","0","0","0","George H.W. Bush Library, Bush Presidential Records, National Security Council, H-Files, NSC/DC Meetings Files, OA/ID 90016–022, NSC/DC 193—September 05, 1990—NSC/DC Meeting on Soviet Biological Weapons Program, Keywords: CBW, USSR, Limited Access.","https://catalog.archives.gov/id/470761188","https://catalog.archives.gov/medialz/presidential-libraries/bush/gb-nsc/H-Files/NSC-DC_Mtgs_312294079/41-bpr-nsc-hfiles-dc_mtgs-193-90016-022.pdf"
"470761189","1990-09-05","1990-09-05","Catalog coverage dates","NSC/DC 193A - September 05, 1990 - NSC/DC Meeting on Pakistan, Keywords: Pakistan, Nuclear Matters","90016-023","Series context and cross-volume routing","Series context","verified","true","2924214","2924214","HTTP Content-Length","Restricted - Possibly","0","2","0","4","3","2","0","2","0","0","0","0","0","George H.W. Bush Library, Bush Presidential Records, National Security Council, H-Files, NSC/DC Meetings Files, OA/ID 90016–023, NSC/DC 193A—September 05, 1990—NSC/DC Meeting on Pakistan, Keywords: Pakistan, Nuclear Matters.","https://catalog.archives.gov/id/470761189","https://catalog.archives.gov/medialz/presidential-libraries/bush/gb-nsc/H-Files/NSC-DC_Mtgs_312294079/41-bpr-nsc-hfiles-dc_mtgs-193a-90016-023.pdf"
"470761190","1990-09-05","1990-09-05","Catalog coverage dates","NSC/DC 193B - September 05, 1990 - NSC/DC Meeting on Iraq via SVTS, Keywords: Iraq","90016-024","Series context and cross-volume routing","Series context","verified","true","1260667","1260667","Catalog objectFileSize","Restricted - Possibly","0","0","0","3","1","3","0","0","0","3","0","0","0","George H.W. Bush Library, Bush Presidential Records, National Security Council, H-Files, NSC/DC Meetings Files, OA/ID 90016–024, NSC/DC 193B—September 05, 1990—NSC/DC Meeting on Iraq via SVTS, Keywords: Iraq.","https://catalog.archives.gov/id/470761190","https://catalog.archives.gov/medialz/presidential-libraries/bush/gb-nsc/H-Files/NSC-DC_Mtgs_312294079/41-bpr-nsc-hfiles-dc_mtgs-193b-90016-024.pdf"
"470761191","1990-09-07","1990-09-07","Catalog coverage dates","NSC/DC 194 - September 07, 1990 - NSC/DC Meeting on Gulf Crisis via SVTS, Keywords: Iraq, Kuwait, Persian Gulf","90016-025","Series context and cross-volume routing","Series context","verified","true","1928682","1928682","HTTP Content-Length","Restricted - Possibly","0","0","0","4","3","13","0","3","1","1","1","0","7","George H.W. Bush Library, Bush Presidential Records, National Security Council, H-Files, NSC/DC Meetings Files, OA/ID 90016–025, NSC/DC 194—September 07, 1990—NSC/DC Meeting on Gulf Crisis via SVTS, Keywords: Iraq, Kuwait, Persian Gulf.","https://catalog.archives.gov/id/470761191","https://catalog.archives.gov/medialz/presidential-libraries/bush/gb-nsc/H-Files/NSC-DC_Mtgs_312294079/41-bpr-nsc-hfiles-dc_mtgs-194-90016-025.pdf"
"470761192","1990-09-10","1990-09-10","Catalog coverage dates","NSC/DC 195 - September 10, 1990 - NSC/DC Meeting on Gulf Crisis via SVTS, Keywords: Iraq, Kuwait, Persian Gulf","90016-026","Series context and cross-volume routing","Series context","verified","true","1756451","1756451","HTTP Content-Length","Restricted - Possibly","0","0","0","4","2","8","0","1","0","0","0","0","7","George H.W. Bush Library, Bush Presidential Records, National Security Council, H-Files, NSC/DC Meetings Files, OA/ID 90016–026, NSC/DC 195—September 10, 1990—NSC/DC Meeting on Gulf Crisis via SVTS, Keywords: Iraq, Kuwait, Persian Gulf.","https://catalog.archives.gov/id/470761192","https://catalog.archives.gov/medialz/presidential-libraries/bush/gb-nsc/H-Files/NSC-DC_Mtgs_312294079/41-bpr-nsc-hfiles-dc_mtgs-195-90016-026.pdf"
"470761193","1990-09-10","1990-09-10","Catalog coverage dates","NSC/DC 196 - September 10, 1990 - NSC/DC Meeting on Liberia via SVTS, Keywords: Liberia","90016-027","Series context and cross-volume routing","Series context","verified","true","6126779","6126779","HTTP Content-Length","Restricted - Possibly","0","0","0","12","6","10","1","6","0","1","1","0","1","George H.W. Bush Library, Bush Presidential Records, National Security Council, H-Files, NSC/DC Meetings Files, OA/ID 90016–027, NSC/DC 196—September 10, 1990—NSC/DC Meeting on Liberia via SVTS, Keywords: Liberia.","https://catalog.archives.gov/id/470761193","https://catalog.archives.gov/medialz/presidential-libraries/bush/gb-nsc/H-Files/NSC-DC_Mtgs_312294079/41-bpr-nsc-hfiles-dc_mtgs-196-90016-027.pdf"
"470761194","1990-09-12","1990-09-12","Catalog coverage dates","NSC/DC 197 - September 12, 1990 - NSC/DC Meeting on Gulf Crisis via SVTS, Keywords: Iraq, Kuwait, Persian Gulf","90016-028","Series context and cross-volume routing","Series context","verified","true","3812154","3812154","HTTP Content-Length","Restricted - Possibly","0","0","0","4","6","23","1","6","1","6","8","0","1","George H.W. Bush Library, Bush Presidential Records, National Security Council, H-Files, NSC/DC Meetings Files, OA/ID 90016–028, NSC/DC 197—September 12, 1990—NSC/DC Meeting on Gulf Crisis via SVTS, Keywords: Iraq, Kuwait, Persian Gulf.","https://catalog.archives.gov/id/470761194","https://catalog.archives.gov/medialz/presidential-libraries/bush/gb-nsc/H-Files/NSC-DC_Mtgs_312294079/41-bpr-nsc-hfiles-dc_mtgs-197-90016-028.pdf"
"470761195","1990-09-14","1990-09-14","Catalog coverage dates","NSC/DC 198 - September 14, 1990 - NSC/DC Meeting on Liberia, Keywords: Liberia","90016-029","Series context and cross-volume routing","Series context","verified","true","5904838","5904838","HTTP Content-Length","Restricted - Possibly","0","0","0","11","5","7","1","4","0","1","0","0","1","George H.W. Bush Library, Bush Presidential Records, National Security Council, H-Files, NSC/DC Meetings Files, OA/ID 90016–029, NSC/DC 198—September 14, 1990—NSC/DC Meeting on Liberia, Keywords: Liberia.","https://catalog.archives.gov/id/470761195","https://catalog.archives.gov/medialz/presidential-libraries/bush/gb-nsc/H-Files/NSC-DC_Mtgs_312294079/41-bpr-nsc-hfiles-dc_mtgs-198-90016-029.pdf"
"470761196","1990-09-14","1990-09-14","Catalog coverage dates","NSC/DC 198A - September 14, 1990 - NSC/DC Meeting on Iraq via SVTS, Keywords: Iraq","90016-030","Series context and cross-volume routing","Series context","verified","true","999147","999147","HTTP Content-Length","Restricted - Possibly","0","0","0","4","2","5","0","1","0","3","0","0","1","George H.W. Bush Library, Bush Presidential Records, National Security Council, H-Files, NSC/DC Meetings Files, OA/ID 90016–030, NSC/DC 198A—September 14, 1990—NSC/DC Meeting on Iraq via SVTS, Keywords: Iraq.","https://catalog.archives.gov/id/470761196","https://catalog.archives.gov/medialz/presidential-libraries/bush/gb-nsc/H-Files/NSC-DC_Mtgs_312294079/41-bpr-nsc-hfiles-dc_mtgs-198a-90016-030.pdf"
"470761197","1990-09-21","1990-09-21","Catalog coverage dates","NSC/DC 199 - September 21, 1990 - NSC/DC Meeting on Liberia via SVTS, Keywords: Liberia","90016-031","Series context and cross-volume routing","Series context","verified","true","7201201","7201201","HTTP Content-Length","Restricted - Possibly","0","0","0","10","3","3","0","3","0","0","0","0","0","George H.W. Bush Library, Bush Presidential Records, National Security Council, H-Files, NSC/DC Meetings Files, OA/ID 90016–031, NSC/DC 199—September 21, 1990—NSC/DC Meeting on Liberia via SVTS, Keywords: Liberia.","https://catalog.archives.gov/id/470761197","https://catalog.archives.gov/medialz/presidential-libraries/bush/gb-nsc/H-Files/NSC-DC_Mtgs_312294079/41-bpr-nsc-hfiles-dc_mtgs-199-90016-031.pdf"
"470761198","1990-09-21","1990-09-21","Catalog coverage dates","NSC/DC 200 - September 21, 1990 - NSC/DC Meeting on Arabian Peninsula Security, Keywords: Persian Gulf, Iraq, Kuwait, Saudi Arabia","90016-032","Series context and cross-volume routing","Series context","verified","true","1159042","1159042","HTTP Content-Length","Restricted - Possibly","0","0","0","0","0","0","0","0","0","0","0","0","0","George H.W. Bush Library, Bush Presidential Records, National Security Council, H-Files, NSC/DC Meetings Files, OA/ID 90016–032, NSC/DC 200—September 21, 1990—NSC/DC Meeting on Arabian Peninsula Security, Keywords: Persian Gulf, Iraq, Kuwait, Saudi Arabia.","https://catalog.archives.gov/id/470761198","https://catalog.archives.gov/medialz/presidential-libraries/bush/gb-nsc/H-Files/NSC-DC_Mtgs_312294079/41-bpr-nsc-hfiles-dc_mtgs-200-90016-032.pdf"
"470761199","1990-09-21","1990-09-21","Catalog coverage dates","NSC/DC 200A - September 21, 1990 - NSC/DC Meeting on Iraq via SVTS, Keywords: Iraq","90016-033","Series context and cross-volume routing","Series context","verified","true","1320514","1320514","HTTP Content-Length","Restricted - Possibly","0","0","0","4","2","7","0","1","0","4","1","0","1","George H.W. Bush Library, Bush Presidential Records, National Security Council, H-Files, NSC/DC Meetings Files, OA/ID 90016–033, NSC/DC 200A—September 21, 1990—NSC/DC Meeting on Iraq via SVTS, Keywords: Iraq.","https://catalog.archives.gov/id/470761199","https://catalog.archives.gov/medialz/presidential-libraries/bush/gb-nsc/H-Files/NSC-DC_Mtgs_312294079/41-bpr-nsc-hfiles-dc_mtgs-200a-90016-033.pdf"
"470761200","1990-09-21","1990-09-21","Catalog coverage dates","NSC/DC 201 - September 21, 1990 - NSC/DC Meeting on Gulf Crisis via SVTS, Keywords: Iraq, Kuwait, Persian Gulf","90016-034","Series context and cross-volume routing","Series context","verified","true","842771","842771","HTTP Content-Length","Restricted - Possibly","0","0","0","0","0","0","0","0","0","0","0","0","0","George H.W. Bush Library, Bush Presidential Records, National Security Council, H-Files, NSC/DC Meetings Files, OA/ID 90016–034, NSC/DC 201—September 21, 1990—NSC/DC Meeting on Gulf Crisis via SVTS, Keywords: Iraq, Kuwait, Persian Gulf.","https://catalog.archives.gov/id/470761200","https://catalog.archives.gov/medialz/presidential-libraries/bush/gb-nsc/H-Files/NSC-DC_Mtgs_312294079/41-bpr-nsc-hfiles-dc_mtgs-201-90016-034.pdf"
"470761201","1990-09-25","1990-09-25","Catalog coverage dates","NSC/DC 202 - September 25, 1990 - NSC/DC Meeting on Iran Role in Gulf Crisis via SVTS, Keywords: Iran, Persian Gulf","90016-035","Series context and cross-volume routing","Series context","verified","true","3143501","3143501","Catalog objectFileSize","Restricted - Possibly","0","0","0","7","3","30","1","3","3","10","13","0","0","George H.W. Bush Library, Bush Presidential Records, National Security Council, H-Files, NSC/DC Meetings Files, OA/ID 90016–035, NSC/DC 202—September 25, 1990—NSC/DC Meeting on Iran Role in Gulf Crisis via SVTS, Keywords: Iran, Persian Gulf.","https://catalog.archives.gov/id/470761201","https://catalog.archives.gov/medialz/presidential-libraries/bush/gb-nsc/H-Files/NSC-DC_Mtgs_312294079/41-bpr-nsc-hfiles-dc_mtgs-202-90016-035.pdf"
"470761202","1990-09-25","1990-09-25","Catalog coverage dates","NSC/DC 203 - September 25, 1990 - NSC/DC Meeting on Liberia via SVTS, Keywords: Liberia","90016-036","Series context and cross-volume routing","Series context","verified","true","4734060","4734060","HTTP Content-Length","Restricted - Possibly","0","0","0","2","2","4","0","2","0","0","2","0","0","George H.W. Bush Library, Bush Presidential Records, National Security Council, H-Files, NSC/DC Meetings Files, OA/ID 90016–036, NSC/DC 203—September 25, 1990—NSC/DC Meeting on Liberia via SVTS, Keywords: Liberia.","https://catalog.archives.gov/id/470761202","https://catalog.archives.gov/medialz/presidential-libraries/bush/gb-nsc/H-Files/NSC-DC_Mtgs_312294079/41-bpr-nsc-hfiles-dc_mtgs-203-90016-036.pdf"
"470761203","1990-10-01","1990-10-01","Catalog coverage dates","NSC/DC 204 - October 01, 1990 - NSC/DC Meeting on Gulf Crisis via SVTS, Keywords: Iraq, Kuwait, Persian Gulf","90016-037","Series context and cross-volume routing","Series context","verified","true","1571753","1571753","Catalog objectFileSize","Restricted - Possibly","0","0","0","4","3","5","0","2","0","2","0","0","1","George H.W. Bush Library, Bush Presidential Records, National Security Council, H-Files, NSC/DC Meetings Files, OA/ID 90016–037, NSC/DC 204—October 01, 1990—NSC/DC Meeting on Gulf Crisis via SVTS, Keywords: Iraq, Kuwait, Persian Gulf.","https://catalog.archives.gov/id/470761203","https://catalog.archives.gov/medialz/presidential-libraries/bush/gb-nsc/H-Files/NSC-DC_Mtgs_312294079/41-bpr-nsc-hfiles-dc_mtgs-204-90016-037.pdf"
"470761204","1990-10-02","1990-10-02","Catalog coverage dates","NSC/DC 205 - October 02, 1990 - NSC/DC Meeting on Pakistan Nuclear Program via SVTS, Keywords: Pakistan, Nuclear Matters","90016-038","Series context and cross-volume routing","Series context","verified","true","4229170","4229170","HTTP Content-Length","Restricted - Possibly","0","0","0","2","6","7","1","5","0","1","0","0","0","George H.W. Bush Library, Bush Presidential Records, National Security Council, H-Files, NSC/DC Meetings Files, OA/ID 90016–038, NSC/DC 205—October 02, 1990—NSC/DC Meeting on Pakistan Nuclear Program via SVTS, Keywords: Pakistan, Nuclear Matters.","https://catalog.archives.gov/id/470761204","https://catalog.archives.gov/medialz/presidential-libraries/bush/gb-nsc/H-Files/NSC-DC_Mtgs_312294079/41-bpr-nsc-hfiles-dc_mtgs-205-90016-038.pdf"
"470761205","1990-10-02","1990-10-02","Catalog coverage dates","NSC/DC 206 - October 02, 1990 - NSC/DC Meeting on Liberia via SVTS, Keywords: Liberia","90016-039","Series context and cross-volume routing","Series context","verified","true","4848192","4848192","HTTP Content-Length","Restricted - Possibly","0","0","0","8","4","5","0","4","0","0","1","0","0","George H.W. Bush Library, Bush Presidential Records, National Security Council, H-Files, NSC/DC Meetings Files, OA/ID 90016–039, NSC/DC 206—October 02, 1990—NSC/DC Meeting on Liberia via SVTS, Keywords: Liberia.","https://catalog.archives.gov/id/470761205","https://catalog.archives.gov/medialz/presidential-libraries/bush/gb-nsc/H-Files/NSC-DC_Mtgs_312294079/41-bpr-nsc-hfiles-dc_mtgs-206-90016-039.pdf"
"470761206","1990-10-05","1990-10-05","Catalog coverage dates","NSC/DC 207 - October 05, 1990 - NSC/DC Meeting on Afghanistan, Keywords: Afghanistan","90016-040","Series context and cross-volume routing","Series context","verified","true","6226576","6226576","HTTP Content-Length","Restricted - Possibly","0","0","0","0","3","4","1","2","1","0","0","0","0","George H.W. Bush Library, Bush Presidential Records, National Security Council, H-Files, NSC/DC Meetings Files, OA/ID 90016–040, NSC/DC 207—October 05, 1990—NSC/DC Meeting on Afghanistan, Keywords: Afghanistan.","https://catalog.archives.gov/id/470761206","https://catalog.archives.gov/medialz/presidential-libraries/bush/gb-nsc/H-Files/NSC-DC_Mtgs_312294079/41-bpr-nsc-hfiles-dc_mtgs-207-90016-040.pdf"
"470761207","1990-10-05","1990-10-05","Catalog coverage dates","NSC/DC 208 - October 05, 1990 - NSC/DC Meeting on Pakistan via SVTS, Keywords: Pakistan","90017-001","Series context and cross-volume routing","Series context","verified","true","2276984","2276984","HTTP Content-Length","Restricted - Possibly","0","0","0","0","3","4","0","2","0","0","0","0","2","George H.W. Bush Library, Bush Presidential Records, National Security Council, H-Files, NSC/DC Meetings Files, OA/ID 90017–001, NSC/DC 208—October 05, 1990—NSC/DC Meeting on Pakistan via SVTS, Keywords: Pakistan.","https://catalog.archives.gov/id/470761207","https://catalog.archives.gov/medialz/presidential-libraries/bush/gb-nsc/H-Files/NSC-DC_Mtgs_312294079/41-bpr-nsc-hfiles-dc_mtgs-208-90017-001.pdf"
"470761208","1990-10-09","1990-10-09","Catalog coverage dates","NSC/DC 209 - October 09, 1990 - NSC/DC Meeting on Philippine Policy, Keywords: Philippines","90017-002","Monetary Policy, Debt, and International Institutions","Boundary review","verified","true","7650211","7650211","HTTP Content-Length","Restricted - Possibly","0","0","0","0","13","13","0","11","2","0","0","0","0","George H.W. Bush Library, Bush Presidential Records, National Security Council, H-Files, NSC/DC Meetings Files, OA/ID 90017–002, NSC/DC 209—October 09, 1990—NSC/DC Meeting on Philippine Policy, Keywords: Philippines.","https://catalog.archives.gov/id/470761208","https://catalog.archives.gov/medialz/presidential-libraries/bush/gb-nsc/H-Files/NSC-DC_Mtgs_312294079/41-bpr-nsc-hfiles-dc_mtgs-209-90017-002.pdf"
"470761209","1990-10-09","1990-10-09","Catalog coverage dates","NSC/DC 210 - October 09, 1990 - NSC/DC Meeting on Computer Exports, Keywords: Export Controls","90017-003","Strategic Trade, Technology, and Investment Controls","Volume XXX review","verified","true","5854834","5854834","HTTP Content-Length","Restricted - Possibly","0","0","0","0","25","100","0","22","78","0","0","0","0","George H.W. Bush Library, Bush Presidential Records, National Security Council, H-Files, NSC/DC Meetings Files, OA/ID 90017–003, NSC/DC 210—October 09, 1990—NSC/DC Meeting on Computer Exports, Keywords: Export Controls.","https://catalog.archives.gov/id/470761209","https://catalog.archives.gov/medialz/presidential-libraries/bush/gb-nsc/H-Files/NSC-DC_Mtgs_312294079/41-bpr-nsc-hfiles-dc_mtgs-210-90017-003.pdf"
"470761210","1990-10-09","1990-10-09","Catalog coverage dates","NSC/DC 211 - October 09, 1990 - NSC/DC .Meeting on Iraq via SVTS, Keywords: Iraq","90017-004","Series context and cross-volume routing","Series context","verified","true","1259217","1259217","HTTP Content-Length","Restricted - Possibly","0","0","0","4","2","4","0","1","1","0","0","0","2","George H.W. Bush Library, Bush Presidential Records, National Security Council, H-Files, NSC/DC Meetings Files, OA/ID 90017–004, NSC/DC 211—October 09, 1990—NSC/DC .Meeting on Iraq via SVTS, Keywords: Iraq.","https://catalog.archives.gov/id/470761210","https://catalog.archives.gov/medialz/presidential-libraries/bush/gb-nsc/H-Files/NSC-DC_Mtgs_312294079/41-bpr-nsc-hfiles-dc_mtgs-211-90017-004.pdf"
"470761211","1990-10-12","1990-10-12","Catalog coverage dates","NSC/DC 211A - October 12, 1990 - NSC/DC Meeting on Philippines, Keywords: Philippines","90017-005","Series context and cross-volume routing","Series context","verified","true","4960161","4960161","Catalog objectFileSize","Restricted - Possibly","0","0","0","9","12","12","0","10","1","0","1","0","0","George H.W. Bush Library, Bush Presidential Records, National Security Council, H-Files, NSC/DC Meetings Files, OA/ID 90017–005, NSC/DC 211A—October 12, 1990—NSC/DC Meeting on Philippines, Keywords: Philippines.","https://catalog.archives.gov/id/470761211","https://catalog.archives.gov/medialz/presidential-libraries/bush/gb-nsc/H-Files/NSC-DC_Mtgs_312294079/41-bpr-nsc-hfiles-dc_mtgs-211a-90017-005.pdf"
"470761212","1990-10-12","1990-10-12","Catalog coverage dates","NSC/DC 212 - October 12, 1990 - NSC/DC Meeting on Yugoslavia, Keywords: Yugoslavia","90017-006","Series context and cross-volume routing","Series context","verified","true","17153735","17153736","HTTP Content-Length","Restricted - Possibly","0","0","0","18","4","22","17","2","2","1","0","0","0","George H.W. Bush Library, Bush Presidential Records, National Security Council, H-Files, NSC/DC Meetings Files, OA/ID 90017–006, NSC/DC 212—October 12, 1990—NSC/DC Meeting on Yugoslavia, Keywords: Yugoslavia.","https://catalog.archives.gov/id/470761212","https://catalog.archives.gov/medialz/presidential-libraries/bush/gb-nsc/H-Files/NSC-DC_Mtgs_312294079/41-bpr-nsc-hfiles-dc_mtgs-212-90017-006.pdf"
"470761213","1990-10-18","1990-10-18","Catalog coverage dates","NSC/DC 213 - October 18, 1990 - NSC/DC Meeting on Public Diplomacy on Persian Gulf via SVTS, Keywords: Persian Gulf, Public Diplomacy","90017-007","Series context and cross-volume routing","Series context","verified","true","12050470","12050470","HTTP Content-Length","Restricted - Possibly","0","0","0","4","10","75","28","10","4","13","14","1","5","George H.W. Bush Library, Bush Presidential Records, National Security Council, H-Files, NSC/DC Meetings Files, OA/ID 90017–007, NSC/DC 213—October 18, 1990—NSC/DC Meeting on Public Diplomacy on Persian Gulf via SVTS, Keywords: Persian Gulf, Public Diplomacy.","https://catalog.archives.gov/id/470761213","https://catalog.archives.gov/medialz/presidential-libraries/bush/gb-nsc/H-Files/NSC-DC_Mtgs_312294079/41-bpr-nsc-hfiles-dc_mtgs-213-90017-007.pdf"
"470761214","1990-10-19","1990-10-19","Catalog coverage dates","NSC/DC 214 - October 19, 1990 - NSC/DC Meeting on Israeli Machine Tools, Keywords: Israel Technology Transfers","90017-008","Strategic Trade, Technology, and Investment Controls","Volume XXX review","verified","true","16109907","16109907","HTTP Content-Length","Restricted - Possibly","0","0","0","7","29","207","6","24","149","0","2","0","26","George H.W. Bush Library, Bush Presidential Records, National Security Council, H-Files, NSC/DC Meetings Files, OA/ID 90017–008, NSC/DC 214—October 19, 1990—NSC/DC Meeting on Israeli Machine Tools, Keywords: Israel Technology Transfers.","https://catalog.archives.gov/id/470761214","https://catalog.archives.gov/medialz/presidential-libraries/bush/gb-nsc/H-Files/NSC-DC_Mtgs_312294079/41-bpr-nsc-hfiles-dc_mtgs-214-90017-008.pdf"
"470761215","1990-10-19","1990-10-19","Catalog coverage dates","NSC/DC 215 - October 19, 1990 - NSC/DC Meeting on Gulf Crisis via SVTS, Keywords: Iraq Kuwait Persian Gulf","90017-009","Series context and cross-volume routing","Series context","verified","true","1795464","1795464","HTTP Content-Length","Restricted - Possibly","0","0","0","4","3","14","1","2","0","3","1","1","6","George H.W. Bush Library, Bush Presidential Records, National Security Council, H-Files, NSC/DC Meetings Files, OA/ID 90017–009, NSC/DC 215—October 19, 1990—NSC/DC Meeting on Gulf Crisis via SVTS, Keywords: Iraq Kuwait Persian Gulf.","https://catalog.archives.gov/id/470761215","https://catalog.archives.gov/medialz/presidential-libraries/bush/gb-nsc/H-Files/NSC-DC_Mtgs_312294079/41-bpr-nsc-hfiles-dc_mtgs-215-90017-009.pdf"
"470761216","1990-10-24","1990-10-24","Catalog coverage dates","NSC/DC 216 - October 24, 1990 - NSC/DC Meeting on Computers, Keywords: COCOM, Export Controls [1]","90017-010","Strategic Trade, Technology, and Investment Controls","Volume XXX review","verified","true","12827301","12827301","HTTP Content-Length","Restricted - Possibly","0","0","0","6","54","201","0","48","137","0","16","0","0","George H.W. Bush Library, Bush Presidential Records, National Security Council, H-Files, NSC/DC Meetings Files, OA/ID 90017–010, NSC/DC 216—October 24, 1990—NSC/DC Meeting on Computers, Keywords: COCOM, Export Controls [1].","https://catalog.archives.gov/id/470761216","https://catalog.archives.gov/medialz/presidential-libraries/bush/gb-nsc/H-Files/NSC-DC_Mtgs_312294079/41-bpr-nsc-hfiles-dc_mtgs-216_1-90017-010.pdf"
"470761217","1990-10-24","1990-10-24","Catalog coverage dates","NSC/DC 216 - October 24, 1990 - NSC/DC Meeting on Computers, Keywords: COCOM, Export Controls [2]","90017-011","Strategic Trade, Technology, and Investment Controls","Volume XXX review","verified","true","3620947","3620947","HTTP Content-Length","Restricted - Possibly","0","0","0","0","37","144","0","33","109","0","2","0","0","George H.W. Bush Library, Bush Presidential Records, National Security Council, H-Files, NSC/DC Meetings Files, OA/ID 90017–011, NSC/DC 216—October 24, 1990—NSC/DC Meeting on Computers, Keywords: COCOM, Export Controls [2].","https://catalog.archives.gov/id/470761217","https://catalog.archives.gov/medialz/presidential-libraries/bush/gb-nsc/H-Files/NSC-DC_Mtgs_312294079/41-bpr-nsc-hfiles-dc_mtgs-216_2-90017-011.pdf"
"470761218","1990-10-25","1990-10-25","Catalog coverage dates","NSC/DC 217 - October 25, 1990 - NSC/DC Meeting on Biological Weapons, Keywords: CBW","90017-012","Series context and cross-volume routing","Series context","verified","true","5910978","5910978","HTTP Content-Length","Restricted - Possibly","0","0","0","0","19","17","0","17","0","0","0","0","0","George H.W. Bush Library, Bush Presidential Records, National Security Council, H-Files, NSC/DC Meetings Files, OA/ID 90017–012, NSC/DC 217—October 25, 1990—NSC/DC Meeting on Biological Weapons, Keywords: CBW.","https://catalog.archives.gov/id/470761218","https://catalog.archives.gov/medialz/presidential-libraries/bush/gb-nsc/H-Files/NSC-DC_Mtgs_312294079/41-bpr-nsc-hfiles-dc_mtgs-217-90017-012.pdf"
"470761219","1990-11-07","1990-11-07","Catalog coverage dates","NSC/DC 218 - November 07, 1990 - NSC/DC Meeting on Computers, Keywords: CPU","90017-013","Strategic Trade, Technology, and Investment Controls","Volume XXX review","verified","true","16904618","16904618","HTTP Content-Length","Restricted - Possibly","1","0","0","7","32","72","0","28","19","0","25","0","0","George H.W. Bush Library, Bush Presidential Records, National Security Council, H-Files, NSC/DC Meetings Files, OA/ID 90017–013, NSC/DC 218—November 07, 1990—NSC/DC Meeting on Computers, Keywords: CPU.","https://catalog.archives.gov/id/470761219","https://catalog.archives.gov/medialz/presidential-libraries/bush/gb-nsc/H-Files/NSC-DC_Mtgs_312294079/41-bpr-nsc-hfiles-dc_mtgs-218-90017-013.pdf"
"470761220","1990-11-07","1990-11-07","Catalog coverage dates","NSC/DC 219 - November 07, 1990 - NSC/DC Meeting on Counternarcotics, Keywords; Counternarcotics, Latin America [1]","90017-014","Series context and cross-volume routing","Series context","verified","true","17043107","17043108","HTTP Content-Length","Restricted - Possibly","0","0","0","29","29","44","9","26","0","1","0","0","8","George H.W. Bush Library, Bush Presidential Records, National Security Council, H-Files, NSC/DC Meetings Files, OA/ID 90017–014, NSC/DC 219—November 07, 1990—NSC/DC Meeting on Counternarcotics, Keywords; Counternarcotics, Latin America [1].","https://catalog.archives.gov/id/470761220","https://catalog.archives.gov/medialz/presidential-libraries/bush/gb-nsc/H-Files/NSC-DC_Mtgs_312294079/41-bpr-nsc-hfiles-dc_mtgs-219_1-90017-014.pdf"
"470761221","1990-11-07","1990-11-07","Catalog coverage dates","NSC/DC 219 - November 07, 1990 - NSC/DC Meeting on Counternarcotics, Keywords; Counternarcotics, Latin America [2]","90017-015","Series context and cross-volume routing","Series context","verified","true","5878381","5878381","HTTP Content-Length","Restricted - Possibly","0","0","0","0","27","47","10","24","0","2","0","0","11","George H.W. Bush Library, Bush Presidential Records, National Security Council, H-Files, NSC/DC Meetings Files, OA/ID 90017–015, NSC/DC 219—November 07, 1990—NSC/DC Meeting on Counternarcotics, Keywords; Counternarcotics, Latin America [2].","https://catalog.archives.gov/id/470761221","https://catalog.archives.gov/medialz/presidential-libraries/bush/gb-nsc/H-Files/NSC-DC_Mtgs_312294079/41-bpr-nsc-hfiles-dc_mtgs-219_2-90017-015.pdf"
"470761222","1990-11-08","1990-11-08","Catalog coverage dates","NSC/DC 220 - November 08, 1990 - NSC/DC Meeting on Computers, Keywords: Computers, COCOM, Technology Transfers","90017-016","Strategic Trade, Technology, and Investment Controls","Volume XXX review","verified","true","5237378","5237378","HTTP Content-Length","Restricted - Possibly","0","0","0","11","18","52","0","16","32","0","4","0","0","George H.W. Bush Library, Bush Presidential Records, National Security Council, H-Files, NSC/DC Meetings Files, OA/ID 90017–016, NSC/DC 220—November 08, 1990—NSC/DC Meeting on Computers, Keywords: Computers, COCOM, Technology Transfers.","https://catalog.archives.gov/id/470761222","https://catalog.archives.gov/medialz/presidential-libraries/bush/gb-nsc/H-Files/NSC-DC_Mtgs_312294079/41-bpr-nsc-hfiles-dc_mtgs-220-90017-016.pdf"
"470761223","1990-11-13","1990-11-13","Catalog coverage dates","NSC/DC 221 - November 13, 1990 - NSC/DC Meeting on Korea, Keywords: Korea, Korea South, Korea North, Nuclear Weapons","90017-017","Series context and cross-volume routing","Series context","verified","true","7665463","7665463","HTTP Content-Length","Restricted - Possibly","0","0","0","0","40","64","12","36","14","0","2","0","0","George H.W. Bush Library, Bush Presidential Records, National Security Council, H-Files, NSC/DC Meetings Files, OA/ID 90017–017, NSC/DC 221—November 13, 1990—NSC/DC Meeting on Korea, Keywords: Korea, Korea South, Korea North, Nuclear Weapons.","https://catalog.archives.gov/id/470761223","https://catalog.archives.gov/medialz/presidential-libraries/bush/gb-nsc/H-Files/NSC-DC_Mtgs_312294079/41-bpr-nsc-hfiles-dc_mtgs-221-90017-017.pdf"
"470761224","1990-11-13","1990-11-13","Catalog coverage dates","NSC/DC 222 - November 13, 1990 - NSC/DC Meeting on Computers, Keywords: Korea, Korea South, Korea North","90017-018","Strategic Trade, Technology, and Investment Controls","Volume XXX review","verified","true","3157233","3157233","HTTP Content-Length","Restricted - Possibly","0","0","0","9","5","4","0","4","0","0","0","0","0","George H.W. Bush Library, Bush Presidential Records, National Security Council, H-Files, NSC/DC Meetings Files, OA/ID 90017–018, NSC/DC 222—November 13, 1990—NSC/DC Meeting on Computers, Keywords: Korea, Korea South, Korea North.","https://catalog.archives.gov/id/470761224","https://catalog.archives.gov/medialz/presidential-libraries/bush/gb-nsc/H-Files/NSC-DC_Mtgs_312294079/41-bpr-nsc-hfiles-dc_mtgs-222-90017-018.pdf"
"470761225","1990-11-17","1990-11-17","Catalog coverage dates","NSC/DC 222A - November 17, 1990 - NSC/DC Meeting on Crisis Contingencies-Soviet Union, Keywords: USSR","90017-019","Series context and cross-volume routing","Series context","verified","true","3814981","3814981","HTTP Content-Length","Restricted - Possibly","0","0","0","0","7","15","7","6","1","0","1","0","0","George H.W. Bush Library, Bush Presidential Records, National Security Council, H-Files, NSC/DC Meetings Files, OA/ID 90017–019, NSC/DC 222A—November 17, 1990—NSC/DC Meeting on Crisis Contingencies-Soviet Union, Keywords: USSR.","https://catalog.archives.gov/id/470761225","https://catalog.archives.gov/medialz/presidential-libraries/bush/gb-nsc/H-Files/NSC-DC_Mtgs_312294079/41-bpr-nsc-hfiles-dc_mtgs-222a-90017-019.pdf"
"470761226","1990-11-23","1990-11-23","Catalog coverage dates","NSC/DC 223 - November 23, 1990 - NSC/DC Meeting on Persian Gulf via SVTS, Keywords: Persian Gulf, Iraq, Kuwait","90017-020","Series context and cross-volume routing","Series context","verified with handwritten correction","true","4222036","4222036","HTTP Content-Length","Restricted - Possibly","0","0","0","4","9","18","0","7","2","1","6","0","2","George H.W. Bush Library, Bush Presidential Records, National Security Council, H-Files, NSC/DC Meetings Files, OA/ID 90017–020, NSC/DC 223—November 23, 1990—NSC/DC Meeting on Persian Gulf via SVTS, Keywords: Persian Gulf, Iraq, Kuwait.","https://catalog.archives.gov/id/470761226","https://catalog.archives.gov/medialz/presidential-libraries/bush/gb-nsc/H-Files/NSC-DC_Mtgs_312294079/41-bpr-nsc-hfiles-dc_mtgs-223-90017-020.pdf"
"470761228","1990-11-27","1990-11-27","Catalog coverage dates","NSC/DC 225 - November 27, 1990 - NSC/DC Meeting on Persian Gulf via SVTS, Keywords: Persian Gulf, Iraq, Kuwait","90017-022","Series context and cross-volume routing","Series context","verified with handwritten correction","true","555663","555663","HTTP Content-Length","Restricted - Possibly","0","0","0","0","3","3","0","2","0","0","0","0","1","George H.W. Bush Library, Bush Presidential Records, National Security Council, H-Files, NSC/DC Meetings Files, OA/ID 90017–022, NSC/DC 225—November 27, 1990—NSC/DC Meeting on Persian Gulf via SVTS, Keywords: Persian Gulf, Iraq, Kuwait.","https://catalog.archives.gov/id/470761228","https://catalog.archives.gov/medialz/presidential-libraries/bush/gb-nsc/H-Files/NSC-DC_Mtgs_312294079/41-bpr-nsc-hfiles-dc_mtgs-225-90017-022.pdf"
"470761229","1990-11-29","1990-11-29","Catalog coverage dates","NSC/DC 226 - November 29, 1990 - NSC/DC Meeting on Shipboarding and Standoff Policy in Caribbean via SVTS, Keywords: Caribbean, Drugs","90017-023","Series context and cross-volume routing","Series context","verified","true","17025613","17025612","HTTP Content-Length","Restricted - Possibly","0","0","0","23","35","37","2","31","1","1","1","0","1","George H.W. Bush Library, Bush Presidential Records, National Security Council, H-Files, NSC/DC Meetings Files, OA/ID 90017–023, NSC/DC 226—November 29, 1990—NSC/DC Meeting on Shipboarding and Standoff Policy in Caribbean via SVTS, Keywords: Caribbean, Drugs.","https://catalog.archives.gov/id/470761229","https://catalog.archives.gov/medialz/presidential-libraries/bush/gb-nsc/H-Files/NSC-DC_Mtgs_312294079/41-bpr-nsc-hfiles-dc_mtgs-226-90017-023.pdf"
"470761227","1990-11-30","1990-11-30","Catalog coverage dates","NSC/DC 224 - November 30, 1990 - NSC/DC Meeting on Intelligence Authorization Bill, Keywords: Intelligence, Authorization Congressional (File located @ LM)","90017-021","Series context and cross-volume routing","Series context","not online","false","0","0","No online PDF","Restricted - Possibly","0","0","0","0","0","0","0","0","0","0","0","0","0","George H.W. Bush Library, Bush Presidential Records, National Security Council, H-Files, NSC/DC Meetings Files, OA/ID 90017–021, NSC/DC 224—November 30, 1990—NSC/DC Meeting on Intelligence Authorization Bill, Keywords: Intelligence, Authorization Congressional (File located @ LM).","https://catalog.archives.gov/id/470761227",""
"470761230","1990-12-07","1990-12-07","Catalog coverage dates","NSC/DC 227 - December 07, 1990 - NSC/DC Meeting on Intelligence Authorization Act, Keywords: Intelligence, Authorization Congressional (File located @ LM)","90018-001","Series context and cross-volume routing","Series context","verified","true","956078","956078","HTTP Content-Length","Restricted - Possibly","0","0","0","0","2","1","0","1","0","0","0","0","0","George H.W. Bush Library, Bush Presidential Records, National Security Council, H-Files, NSC/DC Meetings Files, OA/ID 90018–001, NSC/DC 227—December 07, 1990—NSC/DC Meeting on Intelligence Authorization Act, Keywords: Intelligence, Authorization Congressional (File located @ LM).","https://catalog.archives.gov/id/470761230","https://catalog.archives.gov/medialz/presidential-libraries/bush/gb-nsc/H-Files/NSC-DC_Mtgs_312294079/41-bpr-nsc-hfiles-dc_mtgs-227-90018-001.pdf"
"470761231","1990-12-10","1990-12-10","Catalog coverage dates","NSC/DC 228 - December 10, 1990 - NSC/DC Meeting on Persian Gulf via SVTS, Keywords: Iraq, Kuwait, Persian Gulf","90018-002","Series context and cross-volume routing","Series context","verified","true","6237118","6237118","Catalog objectFileSize","Restricted - Possibly","0","0","0","3","7","12","0","5","0","0","3","0","4","George H.W. Bush Library, Bush Presidential Records, National Security Council, H-Files, NSC/DC Meetings Files, OA/ID 90018–002, NSC/DC 228—December 10, 1990—NSC/DC Meeting on Persian Gulf via SVTS, Keywords: Iraq, Kuwait, Persian Gulf.","https://catalog.archives.gov/id/470761231","https://catalog.archives.gov/medialz/presidential-libraries/bush/gb-nsc/H-Files/NSC-DC_Mtgs_312294079/41-bpr-nsc-hfiles-dc_mtgs-228-90018-002.pdf"
"470761232","1990-12-14","1990-12-14","Catalog coverage dates","NSC/DC 229 - December 14, 1990 - NSC/DC Meeting on Korea, Keywords: Korea","90018-003","Series context and cross-volume routing","Series context","verified","true","1634189","1634189","HTTP Content-Length","Restricted - Possibly","0","0","0","0","18","30","6","16","7","0","1","0","0","George H.W. Bush Library, Bush Presidential Records, National Security Council, H-Files, NSC/DC Meetings Files, OA/ID 90018–003, NSC/DC 229—December 14, 1990—NSC/DC Meeting on Korea, Keywords: Korea.","https://catalog.archives.gov/id/470761232","https://catalog.archives.gov/medialz/presidential-libraries/bush/gb-nsc/H-Files/NSC-DC_Mtgs_312294079/41-bpr-nsc-hfiles-dc_mtgs-229-90018-003.pdf"
"470761233","1990-12-14","1990-12-14","Catalog coverage dates","NSC/DC 230 - December 14, 1990 - [...], Keywords: (File located @ NLMS)","90018-004","Series context and cross-volume routing","Series context","not online","false","0","0","No online PDF","Restricted - Possibly","0","0","0","0","0","0","0","0","0","0","0","0","0","George H.W. Bush Library, Bush Presidential Records, National Security Council, H-Files, NSC/DC Meetings Files, OA/ID 90018–004, NSC/DC 230—December 14, 1990—[...], Keywords: (File located @ NLMS).","https://catalog.archives.gov/id/470761233",""
"470761234","1990-12-18","1990-12-18","Catalog coverage dates","NSC/DC 231 - December 18, 1990 - NSC/DC Meeting on CFE and Soviet Data, Keywords: CFE, USSR","90018-005","Series context and cross-volume routing","Series context","verified","true","8070745","8070745","HTTP Content-Length","Restricted - Possibly","0","0","0","7","34","36","0","30","0","0","6","0","0","George H.W. Bush Library, Bush Presidential Records, National Security Council, H-Files, NSC/DC Meetings Files, OA/ID 90018–005, NSC/DC 231—December 18, 1990—NSC/DC Meeting on CFE and Soviet Data, Keywords: CFE, USSR.","https://catalog.archives.gov/id/470761234","https://catalog.archives.gov/medialz/presidential-libraries/bush/gb-nsc/H-Files/NSC-DC_Mtgs_312294079/41-bpr-nsc-hfiles-dc_mtgs-231-90018-005.pdf"
"470761235","1990-12-18","1990-12-18","Catalog coverage dates","NSC/DC 232 - December 18, 1990 - NSC/DC Meeting on Persian Gulf via SVTS, Keywords: Persian Gulf, Iraq, Kuwait","90018-006","Series context and cross-volume routing","Series context","verified","true","2499915","2499915","Catalog objectFileSize","Restricted - Possibly","0","0","0","4","3","9","0","3","1","1","2","0","2","George H.W. Bush Library, Bush Presidential Records, National Security Council, H-Files, NSC/DC Meetings Files, OA/ID 90018–006, NSC/DC 232—December 18, 1990—NSC/DC Meeting on Persian Gulf via SVTS, Keywords: Persian Gulf, Iraq, Kuwait.","https://catalog.archives.gov/id/470761235","https://catalog.archives.gov/medialz/presidential-libraries/bush/gb-nsc/H-Files/NSC-DC_Mtgs_312294079/41-bpr-nsc-hfiles-dc_mtgs-232-90018-006.pdf"
"470761236","1990-12-20","1990-12-20","Catalog coverage dates","NSC/DC 233 - December 20, 1990 - NSC/DC Meeting on Export Administration Act and CBW, Keywords: Export, Administration Act, CBW","90018-007","Strategic Trade, Technology, and Investment Controls","Volume XXX review","verified","true","9792496","9792496","HTTP Content-Length","Restricted - Possibly","0","0","0","12","26","172","0","23","135","0","14","0","0","George H.W. Bush Library, Bush Presidential Records, National Security Council, H-Files, NSC/DC Meetings Files, OA/ID 90018–007, NSC/DC 233—December 20, 1990—NSC/DC Meeting on Export Administration Act and CBW, Keywords: Export, Administration Act, CBW.","https://catalog.archives.gov/id/470761236","https://catalog.archives.gov/medialz/presidential-libraries/bush/gb-nsc/H-Files/NSC-DC_Mtgs_312294079/41-bpr-nsc-hfiles-dc_mtgs-233-90018-007.pdf"
"470761237","1991-01-02","1991-01-02","Catalog coverage dates","NSC/DC 234 - January 02, 1991 - NSC/DC Meeting on Somalia via SVTS, Keywords: Somalia","90018-008","Series context and cross-volume routing","Series context","verified","true","3695781","3695781","HTTP Content-Length","Restricted - Possibly","0","0","0","9","6","5","0","5","0","0","0","0","0","George H.W. Bush Library, Bush Presidential Records, National Security Council, H-Files, NSC/DC Meetings Files, OA/ID 90018–008, NSC/DC 234—January 02, 1991—NSC/DC Meeting on Somalia via SVTS, Keywords: Somalia.","https://catalog.archives.gov/id/470761237","https://catalog.archives.gov/medialz/presidential-libraries/bush/gb-nsc/H-Files/NSC-DC_Mtgs_312294079/41-bpr-nsc-hfiles-dc_mtgs-234-90018-008.pdf"
"470761238","1991-01-03","1991-01-03","Catalog coverage dates","NSC/DC 235 - January 03, 1991 - NSC/DC Meeting on Counterterrorism, Keywords: Counterterrorism","90018-009","Series context and cross-volume routing","Series context","verified","true","13515629","13515629","HTTP Content-Length","Restricted - Possibly","0","0","0","8","36","32","0","32","0","0","0","0","0","George H.W. Bush Library, Bush Presidential Records, National Security Council, H-Files, NSC/DC Meetings Files, OA/ID 90018–009, NSC/DC 235—January 03, 1991—NSC/DC Meeting on Counterterrorism, Keywords: Counterterrorism.","https://catalog.archives.gov/id/470761238","https://catalog.archives.gov/medialz/presidential-libraries/bush/gb-nsc/H-Files/NSC-DC_Mtgs_312294079/41-bpr-nsc-hfiles-dc_mtgs-235-90018-009.pdf"
"470761239","1991-01-08","1991-01-08","Catalog coverage dates","NSC/DC 236 - January 08, 1991 - NSC/DC Meeting on Strategic Nuclear Forces / SNF, Keywords: Arms Control, SNF","90018-010","Series context and cross-volume routing","Series context","verified","true","9052646","9052646","HTTP Content-Length","Restricted - Possibly","0","0","0","0","14","14","0","12","0","0","2","0","0","George H.W. Bush Library, Bush Presidential Records, National Security Council, H-Files, NSC/DC Meetings Files, OA/ID 90018–010, NSC/DC 236—January 08, 1991—NSC/DC Meeting on Strategic Nuclear Forces / SNF, Keywords: Arms Control, SNF.","https://catalog.archives.gov/id/470761239","https://catalog.archives.gov/medialz/presidential-libraries/bush/gb-nsc/H-Files/NSC-DC_Mtgs_312294079/41-bpr-nsc-hfiles-dc_mtgs-236-90018-010.pdf"
"470761240","1991-01-08","1991-01-08","Catalog coverage dates","NSC/DC 237 - January 08, 1991 - NSC/DC Meeting on War Risk Insurance, Keywords: Middle East","90018-011","Series context and cross-volume routing","Series context","verified","true","4170631","4170631","HTTP Content-Length","Restricted - Possibly","0","0","0","0","5","5","0","5","0","0","0","0","0","George H.W. Bush Library, Bush Presidential Records, National Security Council, H-Files, NSC/DC Meetings Files, OA/ID 90018–011, NSC/DC 237—January 08, 1991—NSC/DC Meeting on War Risk Insurance, Keywords: Middle East.","https://catalog.archives.gov/id/470761240","https://catalog.archives.gov/medialz/presidential-libraries/bush/gb-nsc/H-Files/NSC-DC_Mtgs_312294079/41-bpr-nsc-hfiles-dc_mtgs-237-90018-011.pdf"
"470761241","1991-01-08","1991-01-08","Catalog coverage dates","NSC/DC 238 - January 08, 1991 - NSC/DC Meeting on Counterterrorism, Keywords: Counterterrorism","90018-012","Series context and cross-volume routing","Series context","verified","true","6907401","6907401","HTTP Content-Length","Restricted - Possibly","0","0","0","20","7","6","0","6","0","0","0","0","0","George H.W. Bush Library, Bush Presidential Records, National Security Council, H-Files, NSC/DC Meetings Files, OA/ID 90018–012, NSC/DC 238—January 08, 1991—NSC/DC Meeting on Counterterrorism, Keywords: Counterterrorism.","https://catalog.archives.gov/id/470761241","https://catalog.archives.gov/medialz/presidential-libraries/bush/gb-nsc/H-Files/NSC-DC_Mtgs_312294079/41-bpr-nsc-hfiles-dc_mtgs-238-90018-012.pdf"
"470761242","1991-01-09","1991-01-09","Catalog coverage dates","NSC/DC 239 - January 09, 1991 - NSC/DC Meeting on War Risk Insurance, Keywords: Middle East","90018-013","Series context and cross-volume routing","Series context","verified","true","1541373","1541373","Catalog objectFileSize","Restricted - Possibly","0","0","0","10","2","1","0","1","0","0","0","0","0","George H.W. Bush Library, Bush Presidential Records, National Security Council, H-Files, NSC/DC Meetings Files, OA/ID 90018–013, NSC/DC 239—January 09, 1991—NSC/DC Meeting on War Risk Insurance, Keywords: Middle East.","https://catalog.archives.gov/id/470761242","https://catalog.archives.gov/medialz/presidential-libraries/bush/gb-nsc/H-Files/NSC-DC_Mtgs_312294079/41-bpr-nsc-hfiles-dc_mtgs-239-90018-013.pdf"
"470761243","1991-01-10","1991-01-10","Catalog coverage dates","NSC/DC 239A - January 10, 1991 - NSC/DC Meeting on Gulf Crisis via SVTS, Keywords: Iraq, Kuwait, Persian Gulf","90018-014","Series context and cross-volume routing","Series context","verified","true","926506","926506","HTTP Content-Length","Restricted - Possibly","0","0","0","0","3","2","0","2","0","0","0","0","0","George H.W. Bush Library, Bush Presidential Records, National Security Council, H-Files, NSC/DC Meetings Files, OA/ID 90018–014, NSC/DC 239A—January 10, 1991—NSC/DC Meeting on Gulf Crisis via SVTS, Keywords: Iraq, Kuwait, Persian Gulf.","https://catalog.archives.gov/id/470761243","https://catalog.archives.gov/medialz/presidential-libraries/bush/gb-nsc/H-Files/NSC-DC_Mtgs_312294079/41-bpr-nsc-hfiles-dc_mtgs-239a-90018-014.pdf"
"470761244","1991-01-11","1991-01-11","Catalog coverage dates","NSC/DC 239B - January 11, 1991 - NSC/DC Meeting on Baltics via SVTS, Keywords: Baltics","90018-015","Series context and cross-volume routing","Series context","verified","true","465291","465291","HTTP Content-Length","Restricted - Possibly","0","0","0","0","2","1","0","1","0","0","0","0","0","George H.W. Bush Library, Bush Presidential Records, National Security Council, H-Files, NSC/DC Meetings Files, OA/ID 90018–015, NSC/DC 239B—January 11, 1991—NSC/DC Meeting on Baltics via SVTS, Keywords: Baltics.","https://catalog.archives.gov/id/470761244","https://catalog.archives.gov/medialz/presidential-libraries/bush/gb-nsc/H-Files/NSC-DC_Mtgs_312294079/41-bpr-nsc-hfiles-dc_mtgs-239b-90018-015.pdf"
"470761245","1991-01-13","1991-01-13","Catalog coverage dates","NSC/DC 240 - January 13, 1991 - NSC/DC Meeting on Counterterrorism, Keywords: Counterterrorism","90018-016","Series context and cross-volume routing","Series context","verified","true","2012772","2012772","HTTP Content-Length","Restricted - Possibly","0","0","0","6","3","2","0","2","0","0","0","0","0","George H.W. Bush Library, Bush Presidential Records, National Security Council, H-Files, NSC/DC Meetings Files, OA/ID 90018–016, NSC/DC 240—January 13, 1991—NSC/DC Meeting on Counterterrorism, Keywords: Counterterrorism.","https://catalog.archives.gov/id/470761245","https://catalog.archives.gov/medialz/presidential-libraries/bush/gb-nsc/H-Files/NSC-DC_Mtgs_312294079/41-bpr-nsc-hfiles-dc_mtgs-240-90018-016.pdf"
"470761246","1991-01-13","1991-01-13","Catalog coverage dates","NSC/DC 240A - January 13, 1991 - NSC/DC Meeting on Persian Gulf via SVTS, Keywords; Persian Gulf [Folder Empty]","90018-017","Series context and cross-volume routing","Series context","verified","true","397406","397406","HTTP Content-Length","Restricted - Possibly","0","0","0","0","0","0","0","0","0","0","0","0","0","George H.W. Bush Library, Bush Presidential Records, National Security Council, H-Files, NSC/DC Meetings Files, OA/ID 90018–017, NSC/DC 240A—January 13, 1991—NSC/DC Meeting on Persian Gulf via SVTS, Keywords; Persian Gulf [Folder Empty].","https://catalog.archives.gov/id/470761246","https://catalog.archives.gov/medialz/presidential-libraries/bush/gb-nsc/H-Files/NSC-DC_Mtgs_312294079/41-bpr-nsc-hfiles-dc_mtgs-240a-90018-017.pdf"
"470761247","1991-01-13","1991-01-13","Catalog coverage dates","NSC/DC 241 - January 13, 1991 - NSC/DC Meeting on Baltic States via SVTS, Keywords: USSR","90018-018","Series context and cross-volume routing","Series context","verified","true","666500","666500","HTTP Content-Length","Restricted - Possibly","0","0","0","0","0","0","0","0","0","0","0","0","0","George H.W. Bush Library, Bush Presidential Records, National Security Council, H-Files, NSC/DC Meetings Files, OA/ID 90018–018, NSC/DC 241—January 13, 1991—NSC/DC Meeting on Baltic States via SVTS, Keywords: USSR.","https://catalog.archives.gov/id/470761247","https://catalog.archives.gov/medialz/presidential-libraries/bush/gb-nsc/H-Files/NSC-DC_Mtgs_312294079/41-bpr-nsc-hfiles-dc_mtgs-241-90018-018.pdf"
"470761248","1991-01-14","1991-01-14","Catalog coverage dates","NSC/DC 242 - January 14, 1991 - NSC/DC Meeting on Baltic States via SVTS, Keywords: USSR","90018-019","Series context and cross-volume routing","Series context","verified","true","2803812","2803812","HTTP Content-Length","Restricted - Possibly","0","0","0","0","4","66","10","24","10","14","2","4","2","George H.W. Bush Library, Bush Presidential Records, National Security Council, H-Files, NSC/DC Meetings Files, OA/ID 90018–019, NSC/DC 242—January 14, 1991—NSC/DC Meeting on Baltic States via SVTS, Keywords: USSR.","https://catalog.archives.gov/id/470761248","https://catalog.archives.gov/medialz/presidential-libraries/bush/gb-nsc/H-Files/NSC-DC_Mtgs_312294079/41-bpr-nsc-hfiles-dc_mtgs-242-90018-019.pdf"
"470761249","1991-01-14","1991-01-14","Catalog coverage dates","NSC/DC 243 - January 14, 1991 - NSC/DC Meeting on Counterterrorism, Keywords: Counterterrorism","90018-020","Series context and cross-volume routing","Series context","verified","true","7367688","7367688","HTTP Content-Length","Restricted - Possibly","0","0","0","6","11","9","0","9","0","0","0","0","0","George H.W. Bush Library, Bush Presidential Records, National Security Council, H-Files, NSC/DC Meetings Files, OA/ID 90018–020, NSC/DC 243—January 14, 1991—NSC/DC Meeting on Counterterrorism, Keywords: Counterterrorism.","https://catalog.archives.gov/id/470761249","https://catalog.archives.gov/medialz/presidential-libraries/bush/gb-nsc/H-Files/NSC-DC_Mtgs_312294079/41-bpr-nsc-hfiles-dc_mtgs-243-90018-020.pdf"
"470761250","1991-01-14","1991-01-14","Catalog coverage dates","NSC/DC 244 - January 14, 1991 - NSC/DC Meeting on War Risk Insurance, Keywords: Middle East Terrorism","90018-021","Series context and cross-volume routing","Series context","verified","true","7834552","7834552","HTTP Content-Length","Restricted - Possibly","0","1","0","6","21","22","1","18","1","0","2","0","0","George H.W. Bush Library, Bush Presidential Records, National Security Council, H-Files, NSC/DC Meetings Files, OA/ID 90018–021, NSC/DC 244—January 14, 1991—NSC/DC Meeting on War Risk Insurance, Keywords: Middle East Terrorism.","https://catalog.archives.gov/id/470761250","https://catalog.archives.gov/medialz/presidential-libraries/bush/gb-nsc/H-Files/NSC-DC_Mtgs_312294079/41-bpr-nsc-hfiles-dc_mtgs-244-90018-021.pdf"
"470761251","1991-01-16","1991-01-16","Catalog coverage dates","NSC/DC 245 - January 16, 1991 - NSC/DC Meeting on CFE and Soviet Data, Keywords: CFE Arms Control","90018-022","Series context and cross-volume routing","Series context","verified","true","7184191","7184191","HTTP Content-Length","Restricted - Possibly","0","0","0","12","3","3","0","2","0","0","1","0","0","George H.W. Bush Library, Bush Presidential Records, National Security Council, H-Files, NSC/DC Meetings Files, OA/ID 90018–022, NSC/DC 245—January 16, 1991—NSC/DC Meeting on CFE and Soviet Data, Keywords: CFE Arms Control.","https://catalog.archives.gov/id/470761251","https://catalog.archives.gov/medialz/presidential-libraries/bush/gb-nsc/H-Files/NSC-DC_Mtgs_312294079/41-bpr-nsc-hfiles-dc_mtgs-245-90018-022.pdf"
"470761252","1991-01-17","1991-01-17","Catalog coverage dates","NSC/DC 246 - January 17, 1991 - NSC/DC Meeting on SNF, Keywords: Arms Control, SNF","90018-023","Series context and cross-volume routing","Series context","verified","true","3122056","3122056","HTTP Content-Length","Restricted - Possibly","0","0","0","4","8","7","0","7","0","0","0","0","0","George H.W. Bush Library, Bush Presidential Records, National Security Council, H-Files, NSC/DC Meetings Files, OA/ID 90018–023, NSC/DC 246—January 17, 1991—NSC/DC Meeting on SNF, Keywords: Arms Control, SNF.","https://catalog.archives.gov/id/470761252","https://catalog.archives.gov/medialz/presidential-libraries/bush/gb-nsc/H-Files/NSC-DC_Mtgs_312294079/41-bpr-nsc-hfiles-dc_mtgs-246-90018-023.pdf"
"470761253","1991-01-17","1991-01-17","Catalog coverage dates","NSC/DC 247 - January 17, 1991 - NSC/DC Meeting on Gulf Crisis via SVTS, Keywords: Persian Gulf, Iraq, Kuwait","90018-024","Series context and cross-volume routing","Series context","verified","true","1293084","1293084","Catalog objectFileSize","Restricted - Possibly","0","0","0","4","3","6","1","2","0","0","0","0","3","George H.W. Bush Library, Bush Presidential Records, National Security Council, H-Files, NSC/DC Meetings Files, OA/ID 90018–024, NSC/DC 247—January 17, 1991—NSC/DC Meeting on Gulf Crisis via SVTS, Keywords: Persian Gulf, Iraq, Kuwait.","https://catalog.archives.gov/id/470761253","https://catalog.archives.gov/medialz/presidential-libraries/bush/gb-nsc/H-Files/NSC-DC_Mtgs_312294079/41-bpr-nsc-hfiles-dc_mtgs-247-90018-024.pdf"
"470761254","1991-01-22","1991-01-22","Catalog coverage dates","NSC/DC 248 - January 22, 1991 - NSC/DC Meeting on Gulf Crisis via SVTS, Keywords: Persian Gulf, Iraq, Kuwait","90018-025","Series context and cross-volume routing","Series context","verified","true","1410884","1410884","Catalog objectFileSize","Restricted - Possibly","0","0","0","4","3","12","1","2","0","1","5","0","3","George H.W. Bush Library, Bush Presidential Records, National Security Council, H-Files, NSC/DC Meetings Files, OA/ID 90018–025, NSC/DC 248—January 22, 1991—NSC/DC Meeting on Gulf Crisis via SVTS, Keywords: Persian Gulf, Iraq, Kuwait.","https://catalog.archives.gov/id/470761254","https://catalog.archives.gov/medialz/presidential-libraries/bush/gb-nsc/H-Files/NSC-DC_Mtgs_312294079/41-bpr-nsc-hfiles-dc_mtgs-248-90018-025.pdf"
"470761255","1991-01-24","1991-01-24","Catalog coverage dates","NSC/DC 248A - January 24, 1991 - NSC/DC Meeting on Persian Gulf via SVTS, Keywords: Persian Gulf","90018-026","Series context and cross-volume routing","Series context","verified","true","1373725","1373725","HTTP Content-Length","Restricted - Possibly","0","0","0","4","3","8","0","2","0","0","5","0","1","George H.W. Bush Library, Bush Presidential Records, National Security Council, H-Files, NSC/DC Meetings Files, OA/ID 90018–026, NSC/DC 248A—January 24, 1991—NSC/DC Meeting on Persian Gulf via SVTS, Keywords: Persian Gulf.","https://catalog.archives.gov/id/470761255","https://catalog.archives.gov/medialz/presidential-libraries/bush/gb-nsc/H-Files/NSC-DC_Mtgs_312294079/41-bpr-nsc-hfiles-dc_mtgs-248a-90018-026.pdf"
"470761256","1991-01-24","1991-01-24","Catalog coverage dates","NSC/DC 248B - January 24, 1991 - NSC/DC Meeting on Persian Gulf via SVTS, Keywords: Turkey, Iraq, NATO","90018-027","Series context and cross-volume routing","Series context","verified","true","1580045","1580045","HTTP Content-Length","Restricted - Possibly","0","0","0","0","8","7","0","7","0","0","0","0","0","George H.W. Bush Library, Bush Presidential Records, National Security Council, H-Files, NSC/DC Meetings Files, OA/ID 90018–027, NSC/DC 248B—January 24, 1991—NSC/DC Meeting on Persian Gulf via SVTS, Keywords: Turkey, Iraq, NATO.","https://catalog.archives.gov/id/470761256","https://catalog.archives.gov/medialz/presidential-libraries/bush/gb-nsc/H-Files/NSC-DC_Mtgs_312294079/41-bpr-nsc-hfiles-dc_mtgs-248b-90018-027.pdf"
"470761257","1991-01-25","1991-01-25","Catalog coverage dates","NSC/DC 249 - January 25, 1991 - NSC/DC Meeting on Counterterrorism, Keywords: Counterterrorism","90018-028","Series context and cross-volume routing","Series context","verified","true","9840542","9840542","HTTP Content-Length","Restricted - Possibly","0","0","0","20","22","22","0","19","0","0","0","0","3","George H.W. Bush Library, Bush Presidential Records, National Security Council, H-Files, NSC/DC Meetings Files, OA/ID 90018–028, NSC/DC 249—January 25, 1991—NSC/DC Meeting on Counterterrorism, Keywords: Counterterrorism.","https://catalog.archives.gov/id/470761257","https://catalog.archives.gov/medialz/presidential-libraries/bush/gb-nsc/H-Files/NSC-DC_Mtgs_312294079/41-bpr-nsc-hfiles-dc_mtgs-249-90018-028.pdf"
"470761258","1991-01-25","1991-01-25","Catalog coverage dates","NSC/DC 250 - January 25, 1991 - NSC/DC Meeting on Yugoslavia via SVTS, Keywords: Yugoslavia","90018-029","Series context and cross-volume routing","Series context","verified","true","5249883","5249883","HTTP Content-Length","Restricted - Possibly","0","0","0","0","8","29","8","6","1","13","1","0","0","George H.W. Bush Library, Bush Presidential Records, National Security Council, H-Files, NSC/DC Meetings Files, OA/ID 90018–029, NSC/DC 250—January 25, 1991—NSC/DC Meeting on Yugoslavia via SVTS, Keywords: Yugoslavia.","https://catalog.archives.gov/id/470761258","https://catalog.archives.gov/medialz/presidential-libraries/bush/gb-nsc/H-Files/NSC-DC_Mtgs_312294079/41-bpr-nsc-hfiles-dc_mtgs-250-90018-029.pdf"
"470761259","1991-01-25","1991-01-25","Catalog coverage dates","NSC/DC 251 - January 25, 1991 - NSC/DC Meeting on Counterterrorism, Keywords: Counterterrorism","90018-030","Series context and cross-volume routing","Series context","verified","true","390774","390774","HTTP Content-Length","Restricted - Possibly","0","0","0","0","0","0","0","0","0","0","0","0","0","George H.W. Bush Library, Bush Presidential Records, National Security Council, H-Files, NSC/DC Meetings Files, OA/ID 90018–030, NSC/DC 251—January 25, 1991—NSC/DC Meeting on Counterterrorism, Keywords: Counterterrorism.","https://catalog.archives.gov/id/470761259","https://catalog.archives.gov/medialz/presidential-libraries/bush/gb-nsc/H-Files/NSC-DC_Mtgs_312294079/41-bpr-nsc-hfiles-dc_mtgs-251-90018-030.pdf"
"470761260","1991-01-29","1991-01-29","Catalog coverage dates","NSC/DC 252 - January 29, 1991 - NSC/DC Meeting on Gulf Crisis via SVTS, Keywords: Persian Gulf, Kuwait, Iraq","90018-031","Series context and cross-volume routing","Series context","verified","true","3562655","3562655","Catalog objectFileSize","Restricted - Possibly","0","0","0","0","4","6","0","3","0","0","2","0","1","George H.W. Bush Library, Bush Presidential Records, National Security Council, H-Files, NSC/DC Meetings Files, OA/ID 90018–031, NSC/DC 252—January 29, 1991—NSC/DC Meeting on Gulf Crisis via SVTS, Keywords: Persian Gulf, Kuwait, Iraq.","https://catalog.archives.gov/id/470761260","https://catalog.archives.gov/medialz/presidential-libraries/bush/gb-nsc/H-Files/NSC-DC_Mtgs_312294079/41-bpr-nsc-hfiles-dc_mtgs-252-90018-031.pdf"
"470761261","1991-02-01","1991-02-01","Catalog coverage dates","NSC/DC 253 - February 01, 1991 - NSC/DC Meeting on Gulf Crisis via SVTS, Keywords: Persian Gulf, Kuwait, Iraq","90018-032","Series context and cross-volume routing","Series context","verified","true","1636185","1636185","Catalog objectFileSize","Restricted - Possibly","0","0","0","0","5","8","0","4","0","0","3","0","1","George H.W. Bush Library, Bush Presidential Records, National Security Council, H-Files, NSC/DC Meetings Files, OA/ID 90018–032, NSC/DC 253—February 01, 1991—NSC/DC Meeting on Gulf Crisis via SVTS, Keywords: Persian Gulf, Kuwait, Iraq.","https://catalog.archives.gov/id/470761261","https://catalog.archives.gov/medialz/presidential-libraries/bush/gb-nsc/H-Files/NSC-DC_Mtgs_312294079/41-bpr-nsc-hfiles-dc_mtgs-253-90018-032.pdf"
"470761262","1991-02-05","1991-02-05","Catalog coverage dates","NSC/DC 254 - February 05, 1991 - NSC/DC Meeting on Gulf Crisis via SVTS, Keywords: Persian Gulf Kuwait Iraq","90018-033","Series context and cross-volume routing","Series context","verified","true","962891","962891","HTTP Content-Length","Restricted - Possibly","0","0","0","0","4","5","0","3","0","0","1","0","1","George H.W. Bush Library, Bush Presidential Records, National Security Council, H-Files, NSC/DC Meetings Files, OA/ID 90018–033, NSC/DC 254—February 05, 1991—NSC/DC Meeting on Gulf Crisis via SVTS, Keywords: Persian Gulf Kuwait Iraq.","https://catalog.archives.gov/id/470761262","https://catalog.archives.gov/medialz/presidential-libraries/bush/gb-nsc/H-Files/NSC-DC_Mtgs_312294079/41-bpr-nsc-hfiles-dc_mtgs-254-90018-033.pdf"
"470761263","1991-02-06","1991-02-06","Catalog coverage dates","NSC/DC 255 - February 06, 1991 - NSC/DC Meeting on CFE Follow-Up, Keywords: CFE","90018-034","Series context and cross-volume routing","Series context","verified","true","13029933","13029933","HTTP Content-Length","Restricted - Possibly","0","0","0","14","12","16","0","9","0","0","7","0","0","George H.W. Bush Library, Bush Presidential Records, National Security Council, H-Files, NSC/DC Meetings Files, OA/ID 90018–034, NSC/DC 255—February 06, 1991—NSC/DC Meeting on CFE Follow-Up, Keywords: CFE.","https://catalog.archives.gov/id/470761263","https://catalog.archives.gov/medialz/presidential-libraries/bush/gb-nsc/H-Files/NSC-DC_Mtgs_312294079/41-bpr-nsc-hfiles-dc_mtgs-255-90018-034.pdf"
"470761264","1991-02-07","1991-02-07","Catalog coverage dates","NSC/DC 255A - February 07, 1991 - NSC/DC Meeting on Persian Gulf via SVTS, Keywords: Persian Gulf","90018-035","Series context and cross-volume routing","Series context","verified","true","3998377","3998377","Catalog objectFileSize","Restricted - Possibly","0","0","0","0","5","28","0","4","4","3","13","0","4","George H.W. Bush Library, Bush Presidential Records, National Security Council, H-Files, NSC/DC Meetings Files, OA/ID 90018–035, NSC/DC 255A—February 07, 1991—NSC/DC Meeting on Persian Gulf via SVTS, Keywords: Persian Gulf.","https://catalog.archives.gov/id/470761264","https://catalog.archives.gov/medialz/presidential-libraries/bush/gb-nsc/H-Files/NSC-DC_Mtgs_312294079/41-bpr-nsc-hfiles-dc_mtgs-255a-90018-035.pdf"
"470761265","1991-02-13","1991-02-13","Catalog coverage dates","NSC/DC 255B - February 13, 1991 - NSC/DC Meeting on Persian Gulf via SVTS, Keywords: Persian Gulf","90018-036","Monetary Policy, Debt, and International Institutions","Boundary review","verified","true","20665272","20665272","HTTP Content-Length","Restricted - Possibly","6","2","0","0","17","406","129","49","134","37","43","12","2","George H.W. Bush Library, Bush Presidential Records, National Security Council, H-Files, NSC/DC Meetings Files, OA/ID 90018–036, NSC/DC 255B—February 13, 1991—NSC/DC Meeting on Persian Gulf via SVTS, Keywords: Persian Gulf.","https://catalog.archives.gov/id/470761265","https://catalog.archives.gov/medialz/presidential-libraries/bush/gb-nsc/H-Files/NSC-DC_Mtgs_312294079/41-bpr-nsc-hfiles-dc_mtgs-255b-90018-036.pdf"
"470761266","1991-02-14","1991-02-14","Catalog coverage dates","NSC/DC 256 - February 14, 1991 - NSC/DC Meeting on Cambodia, Keywords: Cambodia","90018-037","Series context and cross-volume routing","Series context","verified","true","10166664","10166664","HTTP Content-Length","Restricted - Possibly","0","0","0","10","30","33","0","26","0","0","0","0","7","George H.W. Bush Library, Bush Presidential Records, National Security Council, H-Files, NSC/DC Meetings Files, OA/ID 90018–037, NSC/DC 256—February 14, 1991—NSC/DC Meeting on Cambodia, Keywords: Cambodia.","https://catalog.archives.gov/id/470761266","https://catalog.archives.gov/medialz/presidential-libraries/bush/gb-nsc/H-Files/NSC-DC_Mtgs_312294079/41-bpr-nsc-hfiles-dc_mtgs-256-90018-037.pdf"
"470761267","1991-02-14","1991-02-14","Catalog coverage dates","NSC/DC 257 - February 14, 1991 - NSC/DC Meeting on Computers / Export Control, Keywords: Computers, Export Controls","90018-038","Strategic Trade, Technology, and Investment Controls","Volume XXX review","verified","true","17652462","17652462","HTTP Content-Length","Restricted - Possibly","0","0","0","13","32","274","0","27","215","5","22","5","0","George H.W. Bush Library, Bush Presidential Records, National Security Council, H-Files, NSC/DC Meetings Files, OA/ID 90018–038, NSC/DC 257—February 14, 1991—NSC/DC Meeting on Computers / Export Control, Keywords: Computers, Export Controls.","https://catalog.archives.gov/id/470761267","https://catalog.archives.gov/medialz/presidential-libraries/bush/gb-nsc/H-Files/NSC-DC_Mtgs_312294079/41-bpr-nsc-hfiles-dc_mtgs-257-90018-038.pdf"
"470761268","1991-02-19","1991-02-19","Catalog coverage dates","NSC/DC 258 - February 19, 1991 - NSC/DC Meeting on Export Control Issues, Keywords: Export Controls, Computers","90018-039","Strategic Trade, Technology, and Investment Controls","Volume XXX review","verified","true","5321697","5321697","HTTP Content-Length","Restricted - Possibly","0","0","0","10","11","54","0","9","45","0","0","0","0","George H.W. Bush Library, Bush Presidential Records, National Security Council, H-Files, NSC/DC Meetings Files, OA/ID 90018–039, NSC/DC 258—February 19, 1991—NSC/DC Meeting on Export Control Issues, Keywords: Export Controls, Computers.","https://catalog.archives.gov/id/470761268","https://catalog.archives.gov/medialz/presidential-libraries/bush/gb-nsc/H-Files/NSC-DC_Mtgs_312294079/41-bpr-nsc-hfiles-dc_mtgs-258-90018-039.pdf"
"470761269","1991-02-19","1991-02-19","Catalog coverage dates","NSC/DC 258A - February 19, 1991 - NSC/DC Meeting on Persian Gulf via SVTS, Keywords: Persian Gulf","90018-040","Series context and cross-volume routing","Series context","verified","true","1374057","1374057","Catalog objectFileSize","Restricted - Possibly","0","0","0","4","4","10","0","3","0","0","5","1","1","George H.W. Bush Library, Bush Presidential Records, National Security Council, H-Files, NSC/DC Meetings Files, OA/ID 90018–040, NSC/DC 258A—February 19, 1991—NSC/DC Meeting on Persian Gulf via SVTS, Keywords: Persian Gulf.","https://catalog.archives.gov/id/470761269","https://catalog.archives.gov/medialz/presidential-libraries/bush/gb-nsc/H-Files/NSC-DC_Mtgs_312294079/41-bpr-nsc-hfiles-dc_mtgs-258a-90018-040.pdf"
"470761270","1991-03-05","1991-03-05","Catalog coverage dates","NSC/DC 259 - March, 05, 1991 - NSC/DC Meeting on Cambodia, Keywords: Cambodia  [1]","90019-001","Series context and cross-volume routing","Series context","verified","true","14603667","14603667","HTTP Content-Length","Restricted - Possibly","0","0","0","2","37","50","2","36","6","6","0","0","0","George H.W. Bush Library, Bush Presidential Records, National Security Council, H-Files, NSC/DC Meetings Files, OA/ID 90019–001, NSC/DC 259—March, 05, 1991—NSC/DC Meeting on Cambodia, Keywords: Cambodia  [1].","https://catalog.archives.gov/id/470761270","https://catalog.archives.gov/medialz/presidential-libraries/bush/gb-nsc/H-Files/NSC-DC_Mtgs_312294079/41-bpr-nsc-hfiles-dc_mtgs-259_1-90019-001.pdf"
"470761271","1991-03-05","1991-03-05","Catalog coverage dates","NSC/DC 259 - March, 05, 1991 - NSC/DC Meeting on Cambodia, Keywords: Cambodia  [2]","90019-002","Series context and cross-volume routing","Series context","verified","true","7701436","7701436","HTTP Content-Length","Restricted - Possibly","0","0","0","22","17","15","0","15","0","0","0","0","0","George H.W. Bush Library, Bush Presidential Records, National Security Council, H-Files, NSC/DC Meetings Files, OA/ID 90019–002, NSC/DC 259—March, 05, 1991—NSC/DC Meeting on Cambodia, Keywords: Cambodia  [2].","https://catalog.archives.gov/id/470761271","https://catalog.archives.gov/medialz/presidential-libraries/bush/gb-nsc/H-Files/NSC-DC_Mtgs_312294079/41-bpr-nsc-hfiles-dc_mtgs-259_2-90019-002.pdf"
"470761272","1991-03-05","1991-03-05","Catalog coverage dates","NSC/DC 260 - March 05, 1991 - NSC/DC Meeting on Afghanistan, Keywords: Afghanistan (File located @ LM)","90019-003","Series context and cross-volume routing","Series context","verified","true","1659547","1659547","HTTP Content-Length","Restricted - Possibly","0","0","0","1","4","6","0","3","0","0","0","0","3","George H.W. Bush Library, Bush Presidential Records, National Security Council, H-Files, NSC/DC Meetings Files, OA/ID 90019–003, NSC/DC 260—March 05, 1991—NSC/DC Meeting on Afghanistan, Keywords: Afghanistan (File located @ LM).","https://catalog.archives.gov/id/470761272","https://catalog.archives.gov/medialz/presidential-libraries/bush/gb-nsc/H-Files/NSC-DC_Mtgs_312294079/41-bpr-nsc-hfiles-dc_mtgs-260-90019-003.pdf"
"470761273","1991-03-05","1991-03-05","Catalog coverage dates","NSC/DC 260A - March 05, 1991 - NSC/DC Meeting on Persian Gulf via SVTS, Keywords: Persian Gulf (File located @ NLMS)","90019-004","Series context and cross-volume routing","Series context","verified","true","663379","663379","HTTP Content-Length","Restricted - Possibly","0","0","0","0","6","5","0","5","0","0","0","0","0","George H.W. Bush Library, Bush Presidential Records, National Security Council, H-Files, NSC/DC Meetings Files, OA/ID 90019–004, NSC/DC 260A—March 05, 1991—NSC/DC Meeting on Persian Gulf via SVTS, Keywords: Persian Gulf (File located @ NLMS).","https://catalog.archives.gov/id/470761273","https://catalog.archives.gov/medialz/presidential-libraries/bush/gb-nsc/H-Files/NSC-DC_Mtgs_312294079/41-bpr-nsc-hfiles-dc_mtgs-260a-90019-004.pdf"
"470761274","1991-03-22","1991-03-22","Catalog coverage dates","NSC/DC 261 - March 22, 1991 - NSC/DC Meeting on Iraq, Keywords: Iraq (File located @ LM)","90019-005","Series context and cross-volume routing","Series context","verified","true","1143195","1143195","HTTP Content-Length","Restricted - Possibly","0","0","0","0","3","3","0","2","0","0","0","0","1","George H.W. Bush Library, Bush Presidential Records, National Security Council, H-Files, NSC/DC Meetings Files, OA/ID 90019–005, NSC/DC 261—March 22, 1991—NSC/DC Meeting on Iraq, Keywords: Iraq (File located @ LM).","https://catalog.archives.gov/id/470761274","https://catalog.archives.gov/medialz/presidential-libraries/bush/gb-nsc/H-Files/NSC-DC_Mtgs_312294079/41-bpr-nsc-hfiles-dc_mtgs-261-90019-005.pdf"
"470761275","1991-03-26","1991-03-26","Catalog coverage dates","NSC/DC 262 - March 26, 1991 - NSC/DC Meeting on Strategic Cooperation Program with France, Keywords: France (File located @ NLMS)","90019-006","Series context and cross-volume routing","Series context","verified","true","1127287","1127287","HTTP Content-Length","Restricted - Possibly","0","0","0","0","3","2","0","1","0","0","1","0","0","George H.W. Bush Library, Bush Presidential Records, National Security Council, H-Files, NSC/DC Meetings Files, OA/ID 90019–006, NSC/DC 262—March 26, 1991—NSC/DC Meeting on Strategic Cooperation Program with France, Keywords: France (File located @ NLMS).","https://catalog.archives.gov/id/470761275","https://catalog.archives.gov/medialz/presidential-libraries/bush/gb-nsc/H-Files/NSC-DC_Mtgs_312294079/41-bpr-nsc-hfiles-dc_mtgs-262-90019-006.pdf"
"470761276","1991-03-28","1991-03-28","Catalog coverage dates","NSC/DC 263 - March 28, 1991 - NSC/DC Meeting on Counterterrorism, Keywords: Counterterrorism (File located @ LM)","90019-007","Series context and cross-volume routing","Series context","verified","true","16974278","16974278","HTTP Content-Length","Restricted - Possibly","0","2","0","22","33","28","0","28","0","0","0","0","0","George H.W. Bush Library, Bush Presidential Records, National Security Council, H-Files, NSC/DC Meetings Files, OA/ID 90019–007, NSC/DC 263—March 28, 1991—NSC/DC Meeting on Counterterrorism, Keywords: Counterterrorism (File located @ LM).","https://catalog.archives.gov/id/470761276","https://catalog.archives.gov/medialz/presidential-libraries/bush/gb-nsc/H-Files/NSC-DC_Mtgs_312294079/41-bpr-nsc-hfiles-dc_mtgs-263-90019-007.pdf"
"470761277","1991-04-04","1991-04-04","Catalog coverage dates","NSC/DC 264 - April 04, 1991 - NSC/DC Meeting on Philippine-American Cooperation Treaty, Keywords: Philippines, Economic Assistance [1]","90019-008","Monetary Policy, Debt, and International Institutions","Boundary review","verified","true","4421632","4421632","HTTP Content-Length","Restricted - Possibly","0","0","0","0","18","273","49","161","33","26","0","0","4","George H.W. Bush Library, Bush Presidential Records, National Security Council, H-Files, NSC/DC Meetings Files, OA/ID 90019–008, NSC/DC 264—April 04, 1991—NSC/DC Meeting on Philippine-American Cooperation Treaty, Keywords: Philippines, Economic Assistance [1].","https://catalog.archives.gov/id/470761277","https://catalog.archives.gov/medialz/presidential-libraries/bush/gb-nsc/H-Files/NSC-DC_Mtgs_312294079/41-bpr-nsc-hfiles-dc_mtgs-264_1-90019-008.pdf"
"470761278","1991-04-04","1991-04-04","Catalog coverage dates","NSC/DC 264 - April 04, 1991 - NSC/DC Meeting on Philippine-American Cooperation Treaty, Keywords: Philippines, Economic Assistance [2]","90019-009","Monetary Policy, Debt, and International Institutions","Boundary review","verified","true","10693216","10693216","HTTP Content-Length","Restricted - Possibly","0","0","0","15","32","132","33","39","12","33","0","0","15","George H.W. Bush Library, Bush Presidential Records, National Security Council, H-Files, NSC/DC Meetings Files, OA/ID 90019–009, NSC/DC 264—April 04, 1991—NSC/DC Meeting on Philippine-American Cooperation Treaty, Keywords: Philippines, Economic Assistance [2].","https://catalog.archives.gov/id/470761278","https://catalog.archives.gov/medialz/presidential-libraries/bush/gb-nsc/H-Files/NSC-DC_Mtgs_312294079/41-bpr-nsc-hfiles-dc_mtgs-264_2-90019-009.pdf"
"470761279","1991-04-04","1991-04-04","Catalog coverage dates","NSC/DC 264 - April 04, 1991 - NSC/DC Meeting on Philippine-American Cooperation Treaty, Keywords: Philippines, Economic Assistance [3]","90019-010","Monetary Policy, Debt, and International Institutions","Boundary review","verified","true","15475351","15475351","HTTP Content-Length","Restricted - Possibly","0","0","0","0","17","300","48","161","47","25","0","0","19","George H.W. Bush Library, Bush Presidential Records, National Security Council, H-Files, NSC/DC Meetings Files, OA/ID 90019–010, NSC/DC 264—April 04, 1991—NSC/DC Meeting on Philippine-American Cooperation Treaty, Keywords: Philippines, Economic Assistance [3].","https://catalog.archives.gov/id/470761279","https://catalog.archives.gov/medialz/presidential-libraries/bush/gb-nsc/H-Files/NSC-DC_Mtgs_312294079/41-bpr-nsc-hfiles-dc_mtgs-264_3-90019-010.pdf"
"470761280","1991-04-04","1991-04-04","Catalog coverage dates","NSC/DC 264 - April 04, 1991 - NSC/DC Meeting on Philippine-American Cooperation Treaty, Keywords: Philippines, Economic Assistance [4]","90019-011","Monetary Policy, Debt, and International Institutions","Boundary review","verified","true","3381375","3381375","HTTP Content-Length","Restricted - Possibly","0","0","0","0","21","136","28","59","15","30","0","3","1","George H.W. Bush Library, Bush Presidential Records, National Security Council, H-Files, NSC/DC Meetings Files, OA/ID 90019–011, NSC/DC 264—April 04, 1991—NSC/DC Meeting on Philippine-American Cooperation Treaty, Keywords: Philippines, Economic Assistance [4].","https://catalog.archives.gov/id/470761280","https://catalog.archives.gov/medialz/presidential-libraries/bush/gb-nsc/H-Files/NSC-DC_Mtgs_312294079/41-bpr-nsc-hfiles-dc_mtgs-264_4-90019-011.pdf"
"470761281","1991-04-04","1991-04-04","Catalog coverage dates","NSC/DC 264 - April 04, 1991 - NSC/DC Meeting on Philippine-American Cooperation Treaty, Keywords: Philippines, Economic Assistance [5]","90019-012","Monetary Policy, Debt, and International Institutions","Boundary review","verified","true","8889493","8889493","HTTP Content-Length","Restricted - Possibly","0","1","0","0","18","141","25","56","20","27","0","3","10","George H.W. Bush Library, Bush Presidential Records, National Security Council, H-Files, NSC/DC Meetings Files, OA/ID 90019–012, NSC/DC 264—April 04, 1991—NSC/DC Meeting on Philippine-American Cooperation Treaty, Keywords: Philippines, Economic Assistance [5].","https://catalog.archives.gov/id/470761281","https://catalog.archives.gov/medialz/presidential-libraries/bush/gb-nsc/H-Files/NSC-DC_Mtgs_312294079/41-bpr-nsc-hfiles-dc_mtgs-264_5-90019-012.pdf"
"470761282","1991-04-05","1991-04-05","Catalog coverage dates","NSC/DC 265 - April 05, 1991 - NSC/DC Meeting on Iraqi Refugees, Keywords: Iraq","90019-013","Series context and cross-volume routing","Series context","verified","true","5561607","5561607","HTTP Content-Length","Restricted - Possibly","0","0","0","11","5","4","0","4","0","0","0","0","0","George H.W. Bush Library, Bush Presidential Records, National Security Council, H-Files, NSC/DC Meetings Files, OA/ID 90019–013, NSC/DC 265—April 05, 1991—NSC/DC Meeting on Iraqi Refugees, Keywords: Iraq.","https://catalog.archives.gov/id/470761282","https://catalog.archives.gov/medialz/presidential-libraries/bush/gb-nsc/H-Files/NSC-DC_Mtgs_312294079/41-bpr-nsc-hfiles-dc_mtgs-265-90019-013.pdf"
"470761283","1991-04-06","1991-04-06","Catalog coverage dates","NSC/DC 265A - April 06, 1991 - NSC/DC Meeting re: Persian Gulf Humanitarian Assistance via SVTS, Keywords: Persian Gulf Iraq","90019-014","Series context and cross-volume routing","Series context","verified","true","4978875","4978875","HTTP Content-Length","Restricted - Possibly","0","0","0","2","3","4","1","3","0","0","0","0","0","George H.W. Bush Library, Bush Presidential Records, National Security Council, H-Files, NSC/DC Meetings Files, OA/ID 90019–014, NSC/DC 265A—April 06, 1991—NSC/DC Meeting re: Persian Gulf Humanitarian Assistance via SVTS, Keywords: Persian Gulf Iraq.","https://catalog.archives.gov/id/470761283","https://catalog.archives.gov/medialz/presidential-libraries/bush/gb-nsc/H-Files/NSC-DC_Mtgs_312294079/41-bpr-nsc-hfiles-dc_mtgs-265a-90019-014.pdf"
"470761285","1991-04-08","1991-04-08","Catalog coverage dates","NSC/DC 267 - April 08, 1991 - NSC/DC Meeting on Iraqi Refugees and Implementation of UNSCR 687 via SVTS, Keywords: Iraq, Refugees, UN","90019-016","Series context and cross-volume routing","Series context","verified","true","3631026","3631026","HTTP Content-Length","Restricted - Possibly","0","0","0","9","4","8","0","4","1","1","2","0","0","George H.W. Bush Library, Bush Presidential Records, National Security Council, H-Files, NSC/DC Meetings Files, OA/ID 90019–016, NSC/DC 267—April 08, 1991—NSC/DC Meeting on Iraqi Refugees and Implementation of UNSCR 687 via SVTS, Keywords: Iraq, Refugees, UN.","https://catalog.archives.gov/id/470761285","https://catalog.archives.gov/medialz/presidential-libraries/bush/gb-nsc/H-Files/NSC-DC_Mtgs_312294079/41-bpr-nsc-hfiles-dc_mtgs-267-90019-016.pdf"
"470761286","1991-04-08","1991-04-08","Catalog coverage dates","NSC/DC 268 - April 08, 1991 - NSC/DC Meeting on Iraqi Refugees via SVTS, Keywords: Iraq, Refugees","90019-017","Series context and cross-volume routing","Series context","verified","true","21797914","21797914","HTTP Content-Length","Restricted - Possibly","12","4","0","9","18","73","11","21","7","19","2","13","0","George H.W. Bush Library, Bush Presidential Records, National Security Council, H-Files, NSC/DC Meetings Files, OA/ID 90019–017, NSC/DC 268—April 08, 1991—NSC/DC Meeting on Iraqi Refugees via SVTS, Keywords: Iraq, Refugees.","https://catalog.archives.gov/id/470761286","https://catalog.archives.gov/medialz/presidential-libraries/bush/gb-nsc/H-Files/NSC-DC_Mtgs_312294079/41-bpr-nsc-hfiles-dc_mtgs-268-90019-017.pdf"
"470761287","1991-04-09","1991-04-09","Catalog coverage dates","NSC/DC 269 - April 09, 1991 - NSC/DC Meeting on Iraqi Refugees via SVTS, Keywords: Iraq, Refugees","90019-018","Series context and cross-volume routing","Series context","verified","true","3030488","3030488","Catalog objectFileSize","Restricted - Possibly","0","0","0","9","3","3","0","3","0","0","0","0","0","George H.W. Bush Library, Bush Presidential Records, National Security Council, H-Files, NSC/DC Meetings Files, OA/ID 90019–018, NSC/DC 269—April 09, 1991—NSC/DC Meeting on Iraqi Refugees via SVTS, Keywords: Iraq, Refugees.","https://catalog.archives.gov/id/470761287","https://catalog.archives.gov/medialz/presidential-libraries/bush/gb-nsc/H-Files/NSC-DC_Mtgs_312294079/41-bpr-nsc-hfiles-dc_mtgs-269-90019-018.pdf"
"470761288","1991-04-10","1991-04-10","Catalog coverage dates","NSC/DC 270 - April 10, 1991 - NSC/DC Meeting on Weapons of Mass Destruction in Middle East, Keywords: Middle East, Arms Control, CBW, Nuclear Weapons","90019-019","Series context and cross-volume routing","Series context","verified","true","16043363","16043363","HTTP Content-Length","Restricted - Possibly","0","0","0","6","17","72","4","16","41","4","7","0","0","George H.W. Bush Library, Bush Presidential Records, National Security Council, H-Files, NSC/DC Meetings Files, OA/ID 90019–019, NSC/DC 270—April 10, 1991—NSC/DC Meeting on Weapons of Mass Destruction in Middle East, Keywords: Middle East, Arms Control, CBW, Nuclear Weapons.","https://catalog.archives.gov/id/470761288","https://catalog.archives.gov/medialz/presidential-libraries/bush/gb-nsc/H-Files/NSC-DC_Mtgs_312294079/41-bpr-nsc-hfiles-dc_mtgs-270-90019-019.pdf"
"470761289","1991-04-12","1991-04-12","Catalog coverage dates","NSC/DC 271 - April 12, 1991 - NSC/DC Meeting on Afghanistan, Keywords: Afghanistan (File located @ LM)","90019-020","Series context and cross-volume routing","Series context","verified","true","1346413","1346413","HTTP Content-Length","Restricted - Possibly","0","0","0","4","4","4","0","3","0","1","0","0","0","George H.W. Bush Library, Bush Presidential Records, National Security Council, H-Files, NSC/DC Meetings Files, OA/ID 90019–020, NSC/DC 271—April 12, 1991—NSC/DC Meeting on Afghanistan, Keywords: Afghanistan (File located @ LM).","https://catalog.archives.gov/id/470761289","https://catalog.archives.gov/medialz/presidential-libraries/bush/gb-nsc/H-Files/NSC-DC_Mtgs_312294079/41-bpr-nsc-hfiles-dc_mtgs-271-90019-020.pdf"
"470761290","1991-04-15","1991-04-15","Catalog coverage dates","NSC/DC 272 - April 15, 1991 - NON, Keywords: NON (File located @ LM)","90019-021","Series context and cross-volume routing","Series context","verified","true","437741","437741","HTTP Content-Length","Restricted - Possibly","0","0","0","0","0","0","0","0","0","0","0","0","0","George H.W. Bush Library, Bush Presidential Records, National Security Council, H-Files, NSC/DC Meetings Files, OA/ID 90019–021, NSC/DC 272—April 15, 1991—NON, Keywords: NON (File located @ LM).","https://catalog.archives.gov/id/470761290","https://catalog.archives.gov/medialz/presidential-libraries/bush/gb-nsc/H-Files/NSC-DC_Mtgs_312294079/41-bpr-nsc-hfiles-dc_mtgs-272-90019-021.pdf"
"470761291","1991-04-17","1991-04-17","Catalog coverage dates","NSC/DC 273 - April 17, 1991 - NSC/DC Meeting on sensitive subject, Keywords: NON (File located @ NLMS)","90019-022","Series context and cross-volume routing","Series context","verified","true","426746","426746","HTTP Content-Length","Restricted - Possibly","0","0","0","0","0","0","0","0","0","0","0","0","0","George H.W. Bush Library, Bush Presidential Records, National Security Council, H-Files, NSC/DC Meetings Files, OA/ID 90019–022, NSC/DC 273—April 17, 1991—NSC/DC Meeting on sensitive subject, Keywords: NON (File located @ NLMS).","https://catalog.archives.gov/id/470761291","https://catalog.archives.gov/medialz/presidential-libraries/bush/gb-nsc/H-Files/NSC-DC_Mtgs_312294079/41-bpr-nsc-hfiles-dc_mtgs-273-90019-022.pdf"
"470761292","1991-04-18","1991-04-18","Catalog coverage dates","NSC/DC 273A - April 18, 1991 - NSC/DC Meeting on Iraqi Refugees via SVTS, Keywords: Iraq, Refugees","90019-023","Series context and cross-volume routing","Series context","verified","true","1589994","1589994","HTTP Content-Length","Restricted - Possibly","0","0","0","2","2","1","0","1","0","0","0","0","0","George H.W. Bush Library, Bush Presidential Records, National Security Council, H-Files, NSC/DC Meetings Files, OA/ID 90019–023, NSC/DC 273A—April 18, 1991—NSC/DC Meeting on Iraqi Refugees via SVTS, Keywords: Iraq, Refugees.","https://catalog.archives.gov/id/470761292","https://catalog.archives.gov/medialz/presidential-libraries/bush/gb-nsc/H-Files/NSC-DC_Mtgs_312294079/41-bpr-nsc-hfiles-dc_mtgs-273a-90019-023.pdf"
"470761294","1991-04-23","1991-04-23","Catalog coverage dates","NSC/DC 275 - April 23, 1991 - NSC/DC Meeting on Iraqi Refugees via SVTS, Keywords: Iraq, Refugees","90019-025","Series context and cross-volume routing","Series context","verified","true","2024486","2024486","HTTP Content-Length","Restricted - Possibly","0","0","0","2","3","3","0","2","0","0","0","0","1","George H.W. Bush Library, Bush Presidential Records, National Security Council, H-Files, NSC/DC Meetings Files, OA/ID 90019–025, NSC/DC 275—April 23, 1991—NSC/DC Meeting on Iraqi Refugees via SVTS, Keywords: Iraq, Refugees.","https://catalog.archives.gov/id/470761294","https://catalog.archives.gov/medialz/presidential-libraries/bush/gb-nsc/H-Files/NSC-DC_Mtgs_312294079/41-bpr-nsc-hfiles-dc_mtgs-275-90019-025.pdf"
"470761284","1991-04-30","1991-04-30","Catalog coverage dates","NSC/DC 266 - April 30, 1991 - NSC/DC Meeting on Kurdish Refugees, Keywords: Iraq, Refugees","90019-015","Series context and cross-volume routing","Series context","verified","true","2299170","2299170","HTTP Content-Length","Restricted - Possibly","0","0","0","10","1","1","0","1","0","0","0","0","0","George H.W. Bush Library, Bush Presidential Records, National Security Council, H-Files, NSC/DC Meetings Files, OA/ID 90019–015, NSC/DC 266—April 30, 1991—NSC/DC Meeting on Kurdish Refugees, Keywords: Iraq, Refugees.","https://catalog.archives.gov/id/470761284","https://catalog.archives.gov/medialz/presidential-libraries/bush/gb-nsc/H-Files/NSC-DC_Mtgs_312294079/41-bpr-nsc-hfiles-dc_mtgs-266-90019-015.pdf"
"470761293","1991-05-02","1991-05-02","Catalog coverage dates","NSC/DC 274 - May 02, 1991 - NSC/DC Meeting on Iraqi Refugees via SVTS, Keywords: Iraq, Refugees","90019-024","Series context and cross-volume routing","Series context","verified","true","1942111","1942111","Catalog objectFileSize","Restricted - Possibly","0","0","0","7","2","1","0","1","0","0","0","0","0","George H.W. Bush Library, Bush Presidential Records, National Security Council, H-Files, NSC/DC Meetings Files, OA/ID 90019–024, NSC/DC 274—May 02, 1991—NSC/DC Meeting on Iraqi Refugees via SVTS, Keywords: Iraq, Refugees.","https://catalog.archives.gov/id/470761293","https://catalog.archives.gov/medialz/presidential-libraries/bush/gb-nsc/H-Files/NSC-DC_Mtgs_312294079/41-bpr-nsc-hfiles-dc_mtgs-274-90019-024.pdf"
"470761295","1991-05-02","1991-05-02","Catalog coverage dates","NSC/DC 276 - May 02, 1991 - NSC/DC Meeting on Gulf Security Cooperation, Keywords: Persian Gulf, Security Assistance","90019-026","Series context and cross-volume routing","Series context","verified","true","18604073","18604072","HTTP Content-Length","Restricted - Possibly","0","1","0","9","49","63","0","44","8","0","4","0","7","George H.W. Bush Library, Bush Presidential Records, National Security Council, H-Files, NSC/DC Meetings Files, OA/ID 90019–026, NSC/DC 276—May 02, 1991—NSC/DC Meeting on Gulf Security Cooperation, Keywords: Persian Gulf, Security Assistance.","https://catalog.archives.gov/id/470761295","https://catalog.archives.gov/medialz/presidential-libraries/bush/gb-nsc/H-Files/NSC-DC_Mtgs_312294079/41-bpr-nsc-hfiles-dc_mtgs-276-90019-026.pdf"
"470761296","1991-05-08","1991-05-08","Catalog coverage dates","NSC/DC 277 - May 08, 1991 - NSC/DC Meeting on Iraqi Refugees, Keywords: Iraq","90019-027","Series context and cross-volume routing","Series context","verified","true","4429921","4429921","HTTP Content-Length","Restricted - Possibly","0","0","0","11","5","9","0","4","0","4","1","0","0","George H.W. Bush Library, Bush Presidential Records, National Security Council, H-Files, NSC/DC Meetings Files, OA/ID 90019–027, NSC/DC 277—May 08, 1991—NSC/DC Meeting on Iraqi Refugees, Keywords: Iraq.","https://catalog.archives.gov/id/470761296","https://catalog.archives.gov/medialz/presidential-libraries/bush/gb-nsc/H-Files/NSC-DC_Mtgs_312294079/41-bpr-nsc-hfiles-dc_mtgs-277-90019-027.pdf"
"352356450","1991-05-08","1991-05-08","Folder title date","NSC/DC 278 - May 08, 1991 - NSC/DC Meeting on Strategic Petroleum Reserve / SPR, Keywords: Oil, Energy","90019-028","Monetary Policy, Debt, and International Institutions","Volume XXX review","verified","true","16550538","16550538","HTTP Content-Length","Restricted - Possibly","0","0","0","11","2","166","0","6","2","1","145","0","12","George H.W. Bush Library, Bush Presidential Records, National Security Council, H-Files, NSC/DC Meetings Files, OA/ID 90019–028, NSC/DC 278—May 08, 1991—NSC/DC Meeting on Strategic Petroleum Reserve / SPR, Keywords: Oil, Energy.","https://catalog.archives.gov/id/352356450","https://catalog.archives.gov/medialz/presidential-libraries/bush/gb-nsc/H-Files/NSC-DC_Mtgs_312294079/41-bpr-nsc-hfiles-dc_mtgs-278-90019-028.pdf"
"470761297","1991-05-13","1991-05-13","Catalog coverage dates","NSC/DC 279 - May 13, 1991 - NSC/DC Meeting on Iraqi Refugees, Keywords: Iraq, Refugees","90019-029","Series context and cross-volume routing","Series context","verified","true","2395536","2395536","HTTP Content-Length","Restricted - Possibly","0","0","0","10","2","1","0","1","0","0","0","0","0","George H.W. Bush Library, Bush Presidential Records, National Security Council, H-Files, NSC/DC Meetings Files, OA/ID 90019–029, NSC/DC 279—May 13, 1991—NSC/DC Meeting on Iraqi Refugees, Keywords: Iraq, Refugees.","https://catalog.archives.gov/id/470761297","https://catalog.archives.gov/medialz/presidential-libraries/bush/gb-nsc/H-Files/NSC-DC_Mtgs_312294079/41-bpr-nsc-hfiles-dc_mtgs-279-90019-029.pdf"
"470761298","1991-05-17","1991-05-17","Catalog coverage dates","NSC/DC 280 - May 17, 1991 - NSC/DC Meeting on Libya, Keywords: Libya","90019-030","Series context and cross-volume routing","Series context","verified","true","9007996","9007996","HTTP Content-Length","Restricted - Possibly","0","0","0","17","17","21","1","15","2","1","0","0","2","George H.W. Bush Library, Bush Presidential Records, National Security Council, H-Files, NSC/DC Meetings Files, OA/ID 90019–030, NSC/DC 280—May 17, 1991—NSC/DC Meeting on Libya, Keywords: Libya.","https://catalog.archives.gov/id/470761298","https://catalog.archives.gov/medialz/presidential-libraries/bush/gb-nsc/H-Files/NSC-DC_Mtgs_312294079/41-bpr-nsc-hfiles-dc_mtgs-280-90019-030.pdf"
"470761299","1991-05-17","1991-05-17","Catalog coverage dates","NSC/DC 281 - May 17, 1991 - NSC/DC Meeting on Low Intensity Conflict / LIC, Keywords: Low Intensity Conflict [1]","90019-031","Series context and cross-volume routing","Series context","verified","true","14268888","14268888","HTTP Content-Length","Restricted - Possibly","0","0","0","0","24","58","17","23","2","1","0","1","14","George H.W. Bush Library, Bush Presidential Records, National Security Council, H-Files, NSC/DC Meetings Files, OA/ID 90019–031, NSC/DC 281—May 17, 1991—NSC/DC Meeting on Low Intensity Conflict / LIC, Keywords: Low Intensity Conflict [1].","https://catalog.archives.gov/id/470761299","https://catalog.archives.gov/medialz/presidential-libraries/bush/gb-nsc/H-Files/NSC-DC_Mtgs_312294079/41-bpr-nsc-hfiles-dc_mtgs-281_1-90019-031.pdf"
"470761300","1991-05-17","1991-05-17","Catalog coverage dates","NSC/DC 281 - May 17, 1991 - NSC/DC Meeting on Low Intensity Conflict / LIC, Keywords: Low Intensity Conflict [2]","90019-032","Series context and cross-volume routing","Series context","verified","true","13843982","13843982","HTTP Content-Length","Restricted - Possibly","0","0","0","7","8","13","0","6","0","0","0","0","7","George H.W. Bush Library, Bush Presidential Records, National Security Council, H-Files, NSC/DC Meetings Files, OA/ID 90019–032, NSC/DC 281—May 17, 1991—NSC/DC Meeting on Low Intensity Conflict / LIC, Keywords: Low Intensity Conflict [2].","https://catalog.archives.gov/id/470761300","https://catalog.archives.gov/medialz/presidential-libraries/bush/gb-nsc/H-Files/NSC-DC_Mtgs_312294079/41-bpr-nsc-hfiles-dc_mtgs-281_2-90019-032.pdf"
"470761301","1991-05-17","1991-05-17","Catalog coverage dates","NSC/DC 282 - May 17, 1991 - NSC/DC Meeting on Angola and Afghanistan, Keywords: Angola, Afghanistan (File located @ NLMS)","90020-001","Series context and cross-volume routing","Series context","verified","true","400951","400951","HTTP Content-Length","Restricted - Possibly","0","0","0","0","0","0","0","0","0","0","0","0","0","George H.W. Bush Library, Bush Presidential Records, National Security Council, H-Files, NSC/DC Meetings Files, OA/ID 90020–001, NSC/DC 282—May 17, 1991—NSC/DC Meeting on Angola and Afghanistan, Keywords: Angola, Afghanistan (File located @ NLMS).","https://catalog.archives.gov/id/470761301","https://catalog.archives.gov/medialz/presidential-libraries/bush/gb-nsc/H-Files/NSC-DC_Mtgs_312294079/41-bpr-nsc-hfiles-dc_mtgs-282-90020-001.pdf"
"470761302","1991-05-22","1991-05-22","Catalog coverage dates","NSC/DC 283 - May 22, 1991 - NSC/DC Meeting on Iraqi Refugees via SVTS, Keywords: Iraq, Refugees","90020-002","Series context and cross-volume routing","Series context","verified","true","4503882","4503882","HTTP Content-Length","Restricted - Possibly","0","0","0","11","4","3","0","3","0","0","0","0","0","George H.W. Bush Library, Bush Presidential Records, National Security Council, H-Files, NSC/DC Meetings Files, OA/ID 90020–002, NSC/DC 283—May 22, 1991—NSC/DC Meeting on Iraqi Refugees via SVTS, Keywords: Iraq, Refugees.","https://catalog.archives.gov/id/470761302","https://catalog.archives.gov/medialz/presidential-libraries/bush/gb-nsc/H-Files/NSC-DC_Mtgs_312294079/41-bpr-nsc-hfiles-dc_mtgs-283-90020-002.pdf"
"470761303","1991-05-31","1991-05-31","Catalog coverage dates","NSC/DC 284 - May 31, 1991 - NSC/DC Meeting on Middle East Export Control Policy, Keywords: Middle East, Export Controls","90020-003","Strategic Trade, Technology, and Investment Controls","Volume XXX review","verified","true","10138030","10138030","HTTP Content-Length","Restricted - Possibly","0","0","0","13","17","142","0","14","125","1","1","1","0","George H.W. Bush Library, Bush Presidential Records, National Security Council, H-Files, NSC/DC Meetings Files, OA/ID 90020–003, NSC/DC 284—May 31, 1991—NSC/DC Meeting on Middle East Export Control Policy, Keywords: Middle East, Export Controls.","https://catalog.archives.gov/id/470761303","https://catalog.archives.gov/medialz/presidential-libraries/bush/gb-nsc/H-Files/NSC-DC_Mtgs_312294079/41-bpr-nsc-hfiles-dc_mtgs-284-90020-003.pdf"
"470761304","1991-05-31","1991-05-31","Catalog coverage dates","NSC/DC 285 - May 31, 1991 - NSC/DC Meeting on Iraqi Refugees via SVTS, Keywords: Iraq, Refugees","90020-004","Series context and cross-volume routing","Series context","verified","true","3922912","3922912","HTTP Content-Length","Restricted - Possibly","0","0","0","16","5","15","1","6","0","4","4","0","0","George H.W. Bush Library, Bush Presidential Records, National Security Council, H-Files, NSC/DC Meetings Files, OA/ID 90020–004, NSC/DC 285—May 31, 1991—NSC/DC Meeting on Iraqi Refugees via SVTS, Keywords: Iraq, Refugees.","https://catalog.archives.gov/id/470761304","https://catalog.archives.gov/medialz/presidential-libraries/bush/gb-nsc/H-Files/NSC-DC_Mtgs_312294079/41-bpr-nsc-hfiles-dc_mtgs-285-90020-004.pdf"
"470761305","1991-06-04","1991-06-04","Catalog coverage dates","NSC/DC 286 - June 04, 1991 - NSC/DC Meeting on Iraq, Keywords: Iraq","90020-005","Series context and cross-volume routing","Series context","verified","true","9932610","9932610","HTTP Content-Length","Restricted - Possibly","0","0","0","12","13","78","8","17","12","17","23","1","0","George H.W. Bush Library, Bush Presidential Records, National Security Council, H-Files, NSC/DC Meetings Files, OA/ID 90020–005, NSC/DC 286—June 04, 1991—NSC/DC Meeting on Iraq, Keywords: Iraq.","https://catalog.archives.gov/id/470761305","https://catalog.archives.gov/medialz/presidential-libraries/bush/gb-nsc/H-Files/NSC-DC_Mtgs_312294079/41-bpr-nsc-hfiles-dc_mtgs-286-90020-005.pdf"
"470761306","1991-06-12","1991-06-12","Catalog coverage dates","NSC/DC 287 - June 12, 1991 - NSC/DC Meeting on Korean Policy Strategy Review, Keywords: Korea South, Korea North, Nuclear Weapons","90020-006","Series context and cross-volume routing","Series context","verified","true","4778217","4778217","HTTP Content-Length","Restricted - Possibly","0","0","0","0","29","26","0","26","0","0","0","0","0","George H.W. Bush Library, Bush Presidential Records, National Security Council, H-Files, NSC/DC Meetings Files, OA/ID 90020–006, NSC/DC 287—June 12, 1991—NSC/DC Meeting on Korean Policy Strategy Review, Keywords: Korea South, Korea North, Nuclear Weapons.","https://catalog.archives.gov/id/470761306","https://catalog.archives.gov/medialz/presidential-libraries/bush/gb-nsc/H-Files/NSC-DC_Mtgs_312294079/41-bpr-nsc-hfiles-dc_mtgs-287-90020-006.pdf"
"470761307","1991-06-24","1991-06-24","Catalog coverage dates","NSC/DC 288 - June 24, 1991 - NSC/DC Meeting on Counternarcotics in Latin America, Keywords: Counternarcotics, Latin America","90020-007","Series context and cross-volume routing","Series context","verified","true","18627798","18627798","HTTP Content-Length","Restricted - Possibly","0","0","0","25","59","78","4","53","0","4","2","0","15","George H.W. Bush Library, Bush Presidential Records, National Security Council, H-Files, NSC/DC Meetings Files, OA/ID 90020–007, NSC/DC 288—June 24, 1991—NSC/DC Meeting on Counternarcotics in Latin America, Keywords: Counternarcotics, Latin America.","https://catalog.archives.gov/id/470761307","https://catalog.archives.gov/medialz/presidential-libraries/bush/gb-nsc/H-Files/NSC-DC_Mtgs_312294079/41-bpr-nsc-hfiles-dc_mtgs-288-90020-007.pdf"
"470761308","1991-06-26","1991-06-26","Catalog coverage dates","NSC/DC 289 - June 26, 1991 - NSC/DC Meeting on [...], Keywords: Proliferation, CBW","90020-008","Series context and cross-volume routing","Series context","verified","true","827790","827790","HTTP Content-Length","Restricted - Possibly","0","0","0","2","8","8","0","7","0","0","0","0","1","George H.W. Bush Library, Bush Presidential Records, National Security Council, H-Files, NSC/DC Meetings Files, OA/ID 90020–008, NSC/DC 289—June 26, 1991—NSC/DC Meeting on [...], Keywords: Proliferation, CBW.","https://catalog.archives.gov/id/470761308","https://catalog.archives.gov/medialz/presidential-libraries/bush/gb-nsc/H-Files/NSC-DC_Mtgs_312294079/41-bpr-nsc-hfiles-dc_mtgs-289-90020-008.pdf"
"470761309","1991-06-27","1991-06-27","Catalog coverage dates","NSC/DC 290 - June 27, 1991 - NSC/DC Meeting on Pan Am 103 Investigation, Keywords: Pan Am 103, Terrorism, Libya","90020-009","Series context and cross-volume routing","Series context","verified","true","3398864","3398864","HTTP Content-Length","Restricted - Possibly","0","0","0","0","12","10","0","10","0","0","0","0","0","George H.W. Bush Library, Bush Presidential Records, National Security Council, H-Files, NSC/DC Meetings Files, OA/ID 90020–009, NSC/DC 290—June 27, 1991—NSC/DC Meeting on Pan Am 103 Investigation, Keywords: Pan Am 103, Terrorism, Libya.","https://catalog.archives.gov/id/470761309","https://catalog.archives.gov/medialz/presidential-libraries/bush/gb-nsc/H-Files/NSC-DC_Mtgs_312294079/41-bpr-nsc-hfiles-dc_mtgs-290-90020-009.pdf"
"470761310","1991-06-27","1991-06-27","Catalog coverage dates","NSC/DC 291 - June 27, 1991 - NSC/DC Meeting on Korean Contribution to USA for Gulf War and Korean Nuclear Issues, Keywords: Korea South, Persian Gulf","90020-010","Series context and cross-volume routing","Series context","verified","true","7791410","7791410","HTTP Content-Length","Restricted - Possibly","0","0","0","6","40","49","0","36","0","0","3","0","10","George H.W. Bush Library, Bush Presidential Records, National Security Council, H-Files, NSC/DC Meetings Files, OA/ID 90020–010, NSC/DC 291—June 27, 1991—NSC/DC Meeting on Korean Contribution to USA for Gulf War and Korean Nuclear Issues, Keywords: Korea South, Persian Gulf.","https://catalog.archives.gov/id/470761310","https://catalog.archives.gov/medialz/presidential-libraries/bush/gb-nsc/H-Files/NSC-DC_Mtgs_312294079/41-bpr-nsc-hfiles-dc_mtgs-291-90020-010.pdf"
"470761311","1991-07-03","1991-07-03","Catalog coverage dates","NSC/DC 292 - July 03, 1991 - NSC/DC Meeting on CFR, Keywords: CFE, NATO, Germany","90020-011","Series context and cross-volume routing","Series context","verified","true","6959563","6959563","Catalog objectFileSize","Restricted - Possibly","0","0","0","0","14","20","0","12","0","0","8","0","0","George H.W. Bush Library, Bush Presidential Records, National Security Council, H-Files, NSC/DC Meetings Files, OA/ID 90020–011, NSC/DC 292—July 03, 1991—NSC/DC Meeting on CFR, Keywords: CFE, NATO, Germany.","https://catalog.archives.gov/id/470761311","https://catalog.archives.gov/medialz/presidential-libraries/bush/gb-nsc/H-Files/NSC-DC_Mtgs_312294079/41-bpr-nsc-hfiles-dc_mtgs-292-90020-011.pdf"
"470761312","1991-07-05","1991-07-05","Catalog coverage dates","NSC/DC 293 - July 05, 1991 - NSC/DC Meeting on Middle East Arms Control, Keywords: Arms Control, Middle East","90020-012","Series context and cross-volume routing","Series context","verified","true","7320820","7320820","HTTP Content-Length","Restricted - Possibly","0","0","0","11","12","34","1","10","19","0","4","0","0","George H.W. Bush Library, Bush Presidential Records, National Security Council, H-Files, NSC/DC Meetings Files, OA/ID 90020–012, NSC/DC 293—July 05, 1991—NSC/DC Meeting on Middle East Arms Control, Keywords: Arms Control, Middle East.","https://catalog.archives.gov/id/470761312","https://catalog.archives.gov/medialz/presidential-libraries/bush/gb-nsc/H-Files/NSC-DC_Mtgs_312294079/41-bpr-nsc-hfiles-dc_mtgs-293-90020-012.pdf"
"470761313","1991-07-12","1991-07-12","Catalog coverage dates","NSC/DC 294 - July 12, 1991 - NSC/DC Meeting on Iraq via SVTS, Keywords: Iraq","90020-013","Series context and cross-volume routing","Series context","verified","true","3750450","3750450","HTTP Content-Length","Restricted - Possibly","0","0","0","15","4","11","0","4","1","2","4","0","0","George H.W. Bush Library, Bush Presidential Records, National Security Council, H-Files, NSC/DC Meetings Files, OA/ID 90020–013, NSC/DC 294—July 12, 1991—NSC/DC Meeting on Iraq via SVTS, Keywords: Iraq.","https://catalog.archives.gov/id/470761313","https://catalog.archives.gov/medialz/presidential-libraries/bush/gb-nsc/H-Files/NSC-DC_Mtgs_312294079/41-bpr-nsc-hfiles-dc_mtgs-294-90020-013.pdf"
"470761314","1991-07-18","1991-07-18","Catalog coverage dates","NSC/DC 295 - July 18, 1991 - NSC/DC Meeting on Korean Nuclear Issues, Keywords: Korea South, Nuclear Weapons, Arms Control","90020-014","Series context and cross-volume routing","Series context","verified","true","4375744","4375744","HTTP Content-Length","Restricted - Possibly","0","0","2","7","25","23","0","23","0","0","0","0","0","George H.W. Bush Library, Bush Presidential Records, National Security Council, H-Files, NSC/DC Meetings Files, OA/ID 90020–014, NSC/DC 295—July 18, 1991—NSC/DC Meeting on Korean Nuclear Issues, Keywords: Korea South, Nuclear Weapons, Arms Control.","https://catalog.archives.gov/id/470761314","https://catalog.archives.gov/medialz/presidential-libraries/bush/gb-nsc/H-Files/NSC-DC_Mtgs_312294079/41-bpr-nsc-hfiles-dc_mtgs-295-90020-014.pdf"
"470761315","1991-07-18","1991-07-18","Catalog coverage dates","NSC/DC 296 - July 18, 1991 - NSC/DC Meeting on International Broadcasting, Keywords: Broadcasting [1]","90020-015","Series context and cross-volume routing","Series context","verified","true","18022849","18022848","HTTP Content-Length","Restricted - Possibly","0","2","0","52","23","21","1","20","0","0","0","0","0","George H.W. Bush Library, Bush Presidential Records, National Security Council, H-Files, NSC/DC Meetings Files, OA/ID 90020–015, NSC/DC 296—July 18, 1991—NSC/DC Meeting on International Broadcasting, Keywords: Broadcasting [1].","https://catalog.archives.gov/id/470761315","https://catalog.archives.gov/medialz/presidential-libraries/bush/gb-nsc/H-Files/NSC-DC_Mtgs_312294079/41-bpr-nsc-hfiles-dc_mtgs-296_1-90020-015.pdf"
"470761316","1991-07-18","1991-07-18","Catalog coverage dates","NSC/DC 296 - July 18, 1991 - NSC/DC Meeting on International Broadcasting, Keywords: Broadcasting [2]","90020-016","Series context and cross-volume routing","Series context","verified","true","8898741","8898741","HTTP Content-Length","Restricted - Possibly","0","0","0","0","3","210","137","8","45","5","8","7","0","George H.W. Bush Library, Bush Presidential Records, National Security Council, H-Files, NSC/DC Meetings Files, OA/ID 90020–016, NSC/DC 296—July 18, 1991—NSC/DC Meeting on International Broadcasting, Keywords: Broadcasting [2].","https://catalog.archives.gov/id/470761316","https://catalog.archives.gov/medialz/presidential-libraries/bush/gb-nsc/H-Files/NSC-DC_Mtgs_312294079/41-bpr-nsc-hfiles-dc_mtgs-296_2-90020-016.pdf"
"470761317","1991-07-18","1991-07-18","Catalog coverage dates","NSC/DC 296 - July 18, 1991 - NSC/DC Meeting on International Broadcasting, Keywords: Broadcasting [3]","90020-017","Series context and cross-volume routing","Series context","verified","true","4260391","4260391","HTTP Content-Length","Restricted - Possibly","0","2","0","0","9","8","0","8","0","0","0","0","0","George H.W. Bush Library, Bush Presidential Records, National Security Council, H-Files, NSC/DC Meetings Files, OA/ID 90020–017, NSC/DC 296—July 18, 1991—NSC/DC Meeting on International Broadcasting, Keywords: Broadcasting [3].","https://catalog.archives.gov/id/470761317","https://catalog.archives.gov/medialz/presidential-libraries/bush/gb-nsc/H-Files/NSC-DC_Mtgs_312294079/41-bpr-nsc-hfiles-dc_mtgs-296_3-90020-017.pdf"
"470761318","1991-07-18","1991-07-18","Catalog coverage dates","NSC/DC 296 - July 18, 1991 - NSC/DC Meeting on International Broadcasting, Keywords: Broadcasting [4]","90020-018","Series context and cross-volume routing","Series context","verified","true","7777083","7777083","HTTP Content-Length","Restricted - Possibly","0","0","0","0","3","190","119","9","42","5","8","7","0","George H.W. Bush Library, Bush Presidential Records, National Security Council, H-Files, NSC/DC Meetings Files, OA/ID 90020–018, NSC/DC 296—July 18, 1991—NSC/DC Meeting on International Broadcasting, Keywords: Broadcasting [4].","https://catalog.archives.gov/id/470761318","https://catalog.archives.gov/medialz/presidential-libraries/bush/gb-nsc/H-Files/NSC-DC_Mtgs_312294079/41-bpr-nsc-hfiles-dc_mtgs-296-4-90020-018.pdf"
"470761319","1991-07-19","1991-07-19","Catalog coverage dates","NSC/DC 297 - July 19, 1991 - NSC/DC Meeting on Iraq via SVTS, Keywords: Iraq","90020-019","Series context and cross-volume routing","Series context","verified","true","3769053","3769053","HTTP Content-Length","Restricted - Possibly","0","0","0","8","4","7","0","4","0","2","1","0","0","George H.W. Bush Library, Bush Presidential Records, National Security Council, H-Files, NSC/DC Meetings Files, OA/ID 90020–019, NSC/DC 297—July 19, 1991—NSC/DC Meeting on Iraq via SVTS, Keywords: Iraq.","https://catalog.archives.gov/id/470761319","https://catalog.archives.gov/medialz/presidential-libraries/bush/gb-nsc/H-Files/NSC-DC_Mtgs_312294079/41-bpr-nsc-hfiles-dc_mtgs-297-90020-019.pdf"
"470761320","1991-07-27","1991-07-27","Catalog coverage dates","NSC/DC 298 - June 27, 1991 - NSC/DC Meeting on Pan Am 103 Investigation, Keywords: Pan Am 103","90020-020","Series context and cross-volume routing","Series context","verified","true","1285980","1285980","HTTP Content-Length","Restricted - Possibly","0","0","0","1","0","0","0","0","0","0","0","0","0","George H.W. Bush Library, Bush Presidential Records, National Security Council, H-Files, NSC/DC Meetings Files, OA/ID 90020–020, NSC/DC 298—June 27, 1991—NSC/DC Meeting on Pan Am 103 Investigation, Keywords: Pan Am 103.","https://catalog.archives.gov/id/470761320","https://catalog.archives.gov/medialz/presidential-libraries/bush/gb-nsc/H-Files/NSC-DC_Mtgs_312294079/41-bpr-nsc-hfiles-dc_mtgs-298-90020-020.pdf"
"470761321","1991-08-06","1991-08-06","Catalog coverage dates","NSC/DC 299 - August 06, 1991 - NSC/DC Meeting on Special Programs, Keywords: None","90020-021","Series context and cross-volume routing","Series context","verified","true","621458","621458","HTTP Content-Length","Restricted - Possibly","0","0","0","0","4","6","0","3","0","0","0","0","3","George H.W. Bush Library, Bush Presidential Records, National Security Council, H-Files, NSC/DC Meetings Files, OA/ID 90020–021, NSC/DC 299—August 06, 1991—NSC/DC Meeting on Special Programs, Keywords: None.","https://catalog.archives.gov/id/470761321","https://catalog.archives.gov/medialz/presidential-libraries/bush/gb-nsc/H-Files/NSC-DC_Mtgs_312294079/41-bpr-nsc-hfiles-dc_mtgs-299-90020-021.pdf"
"470761322","1991-08-19","1991-08-19","Catalog coverage dates","NSC/DC 300 - August 19, 1991 - NSC/DC Meeting re: Soviet Union, Keywords: USSR","90020-022","Series context and cross-volume routing","Series context","verified","true","1155202","1155202","HTTP Content-Length","Restricted - Possibly","0","0","0","0","17","17","0","15","0","0","0","0","2","George H.W. Bush Library, Bush Presidential Records, National Security Council, H-Files, NSC/DC Meetings Files, OA/ID 90020–022, NSC/DC 300—August 19, 1991—NSC/DC Meeting re: Soviet Union, Keywords: USSR.","https://catalog.archives.gov/id/470761322","https://catalog.archives.gov/medialz/presidential-libraries/bush/gb-nsc/H-Files/NSC-DC_Mtgs_312294079/41-bpr-nsc-hfiles-dc_mtgs-300-90020-022.pdf"
"470761323","1991-08-19","1991-08-19","Catalog coverage dates","NSC/DC 301 - August 19, 1991 - NSC/DC Meeting re: Soviet Union, Keywords: USSR","90020-023","Series context and cross-volume routing","Series context","verified","true","1248506","1248506","HTTP Content-Length","Restricted - Possibly","0","0","0","0","0","3","0","0","0","0","0","0","3","George H.W. Bush Library, Bush Presidential Records, National Security Council, H-Files, NSC/DC Meetings Files, OA/ID 90020–023, NSC/DC 301—August 19, 1991—NSC/DC Meeting re: Soviet Union, Keywords: USSR.","https://catalog.archives.gov/id/470761323","https://catalog.archives.gov/medialz/presidential-libraries/bush/gb-nsc/H-Files/NSC-DC_Mtgs_312294079/41-bpr-nsc-hfiles-dc_mtgs-301-90020-023.pdf"
"470761324","1991-08-20","1991-08-20","Catalog coverage dates","NSC/DC 302 - August 20, 1991 - NSC/DC Meeting re: Soviet Union, Keywords: USSR","90020-024","Series context and cross-volume routing","Series context","verified","true","984046","984046","HTTP Content-Length","Restricted - Possibly","0","0","0","0","0","3","0","0","0","0","0","0","3","George H.W. Bush Library, Bush Presidential Records, National Security Council, H-Files, NSC/DC Meetings Files, OA/ID 90020–024, NSC/DC 302—August 20, 1991—NSC/DC Meeting re: Soviet Union, Keywords: USSR.","https://catalog.archives.gov/id/470761324","https://catalog.archives.gov/medialz/presidential-libraries/bush/gb-nsc/H-Files/NSC-DC_Mtgs_312294079/41-bpr-nsc-hfiles-dc_mtgs-302-90020-024.pdf"
"470761325","1991-08-21","1991-08-21","Catalog coverage dates","NSC/DC 303 - August 21, 1991 - NSC/DC Meeting re: Soviet Union, Keywords: USSR","90020-025","Series context and cross-volume routing","Series context","verified","true","452495","452495","HTTP Content-Length","Restricted - Possibly","0","0","0","0","0","2","0","0","0","0","0","0","2","George H.W. Bush Library, Bush Presidential Records, National Security Council, H-Files, NSC/DC Meetings Files, OA/ID 90020–025, NSC/DC 303—August 21, 1991—NSC/DC Meeting re: Soviet Union, Keywords: USSR.","https://catalog.archives.gov/id/470761325","https://catalog.archives.gov/medialz/presidential-libraries/bush/gb-nsc/H-Files/NSC-DC_Mtgs_312294079/41-bpr-nsc-hfiles-dc_mtgs-303-90020-025.pdf"
"352220592","1991-08-21","1991-08-21","Folder title date","NSC/DC 304 - August 21, 1991 - NSC/DC Meeting re: Contingency plan on Cuba, Keywords: Cuba","90020-026","Series context and cross-volume routing","Series context","verified","true","9733678","9733678","Catalog objectFileSize","Restricted - Possibly","0","0","0","20","65","58","0","58","0","0","0","0","0","George H.W. Bush Library, Bush Presidential Records, National Security Council, H-Files, NSC/DC Meetings Files, OA/ID 90020–026, NSC/DC 304—August 21, 1991—NSC/DC Meeting re: Contingency plan on Cuba, Keywords: Cuba.","https://catalog.archives.gov/id/352220592","https://catalog.archives.gov/medialz/presidential-libraries/bush/gb-nsc/H-Files/NSC-DC_Mtgs_312294079/41-bpr-nsc-hfiles-dc_mtgs-304-90020-026.pdf"
"470761326","1991-08-21","1991-08-21","Catalog coverage dates","NSC/DC 305 - August 21, 1991 - NSC/DC Meeting re: Special Access Subject, Keywords: [...]","90020-027","Series context and cross-volume routing","Series context","verified","true","988139","988139","HTTP Content-Length","Restricted - Possibly","0","0","0","0","1","2","0","0","0","0","2","0","0","George H.W. Bush Library, Bush Presidential Records, National Security Council, H-Files, NSC/DC Meetings Files, OA/ID 90020–027, NSC/DC 305—August 21, 1991—NSC/DC Meeting re: Special Access Subject, Keywords: [...].","https://catalog.archives.gov/id/470761326","https://catalog.archives.gov/medialz/presidential-libraries/bush/gb-nsc/H-Files/NSC-DC_Mtgs_312294079/41-bpr-nsc-hfiles-dc_mtgs-305-90020-027.pdf"
"470761327","1991-08-22","1991-08-22","Catalog coverage dates","NSC/DC 306 - August 22, 1991 - NSC/DC Meeting re: Soviet Union, Keywords: USSR","90020-028","Series context and cross-volume routing","Series context","verified","true","777304","777304","HTTP Content-Length","Restricted - Possibly","0","0","0","0","0","2","0","0","0","0","0","0","2","George H.W. Bush Library, Bush Presidential Records, National Security Council, H-Files, NSC/DC Meetings Files, OA/ID 90020–028, NSC/DC 306—August 22, 1991—NSC/DC Meeting re: Soviet Union, Keywords: USSR.","https://catalog.archives.gov/id/470761327","https://catalog.archives.gov/medialz/presidential-libraries/bush/gb-nsc/H-Files/NSC-DC_Mtgs_312294079/41-bpr-nsc-hfiles-dc_mtgs-306-90020-028.pdf"
"470761328","1991-08-26","1991-08-26","Catalog coverage dates","NSC/DC 307 - August 26, 1991 - NSC/DC Meeting re: International Economic Cooperation with USSR, Keywords: USSR, Economic Assistance [Empty]","90020-029","Series context and cross-volume routing","Series context","verified","true","412325","412325","HTTP Content-Length","Restricted - Possibly","0","0","0","0","0","3","2","0","0","1","0","0","0","George H.W. Bush Library, Bush Presidential Records, National Security Council, H-Files, NSC/DC Meetings Files, OA/ID 90020–029, NSC/DC 307—August 26, 1991—NSC/DC Meeting re: International Economic Cooperation with USSR, Keywords: USSR, Economic Assistance [Empty].","https://catalog.archives.gov/id/470761328","https://catalog.archives.gov/medialz/presidential-libraries/bush/gb-nsc/H-Files/NSC-DC_Mtgs_312294079/41-bpr-nsc-hfiles-dc_mtgs-307-90020-029.pdf"
"470761329","1991-08-28","1991-08-28","Catalog coverage dates","NSC/DC 308 - August 28, 1991 - NSC/DC Meeting re: Humanitarian Assistance to USSR, Keywords: USSR, Economic Assistance","90020-030","Transition Economies and International Economic Strategy","Volume XXX review","verified","true","5152911","5152911","HTTP Content-Length","Restricted - Possibly","0","0","0","0","19","253","116","55","24","28","10","7","13","George H.W. Bush Library, Bush Presidential Records, National Security Council, H-Files, NSC/DC Meetings Files, OA/ID 90020–030, NSC/DC 308—August 28, 1991—NSC/DC Meeting re: Humanitarian Assistance to USSR, Keywords: USSR, Economic Assistance.","https://catalog.archives.gov/id/470761329","https://catalog.archives.gov/medialz/presidential-libraries/bush/gb-nsc/H-Files/NSC-DC_Mtgs_312294079/41-bpr-nsc-hfiles-dc_mtgs-308-90020-030.pdf"
"470761330","1991-09-06","1991-09-06","Catalog coverage dates","NSC/DC 309 - September 06, 1991 - NSC/DC Meeting re: Counternarcotics, Keywords: Counternarcotics","90020-031","Series context and cross-volume routing","Series context","verified","true","16701599","16701599","HTTP Content-Length","Restricted - Possibly","0","0","0","3","50","56","0","44","0","0","0","0","12","George H.W. Bush Library, Bush Presidential Records, National Security Council, H-Files, NSC/DC Meetings Files, OA/ID 90020–031, NSC/DC 309—September 06, 1991—NSC/DC Meeting re: Counternarcotics, Keywords: Counternarcotics.","https://catalog.archives.gov/id/470761330","https://catalog.archives.gov/medialz/presidential-libraries/bush/gb-nsc/H-Files/NSC-DC_Mtgs_312294079/41-bpr-nsc-hfiles-dc_mtgs-309-90020-031.pdf"
"470761331","1991-09-13","1991-09-13","Catalog coverage dates","NSC/DC 310 - September 13, 1991 - NSC/DC Meeting on Persian Gulf, Keywords: Persian Gulf","90020-032","Series context and cross-volume routing","Series context","verified","true","4679953","4679953","HTTP Content-Length","Restricted - Possibly","0","0","0","10","7","6","0","5","0","1","0","0","0","George H.W. Bush Library, Bush Presidential Records, National Security Council, H-Files, NSC/DC Meetings Files, OA/ID 90020–032, NSC/DC 310—September 13, 1991—NSC/DC Meeting on Persian Gulf, Keywords: Persian Gulf.","https://catalog.archives.gov/id/470761331","https://catalog.archives.gov/medialz/presidential-libraries/bush/gb-nsc/H-Files/NSC-DC_Mtgs_312294079/41-bpr-nsc-hfiles-dc_mtgs-310-90020-032.pdf"
"470761332","1991-09-16","1991-09-16","Catalog coverage dates","NSC/DC 311 - September 16, 1991 - NSC/DC Meeting on Persian Gulf, Keywords: Iraq","90020-033","Series context and cross-volume routing","Series context","verified","true","3658371","3658371","HTTP Content-Length","Restricted - Possibly","0","0","0","19","13","11","0","11","0","0","0","0","0","George H.W. Bush Library, Bush Presidential Records, National Security Council, H-Files, NSC/DC Meetings Files, OA/ID 90020–033, NSC/DC 311—September 16, 1991—NSC/DC Meeting on Persian Gulf, Keywords: Iraq.","https://catalog.archives.gov/id/470761332","https://catalog.archives.gov/medialz/presidential-libraries/bush/gb-nsc/H-Files/NSC-DC_Mtgs_312294079/41-bpr-nsc-hfiles-dc_mtgs-311-90020-033.pdf"
"470761333","1991-09-18","1991-09-18","Catalog coverage dates","NSC/DC 312 - September 18, 1991 - NSC/DC Meeting re: Yugoslavia, Keywords: Yugoslavia","90020-034","Series context and cross-volume routing","Series context","verified","true","4829247","4829247","HTTP Content-Length","Restricted - Possibly","0","0","0","12","10","20","6","8","0","6","0","0","0","George H.W. Bush Library, Bush Presidential Records, National Security Council, H-Files, NSC/DC Meetings Files, OA/ID 90020–034, NSC/DC 312—September 18, 1991—NSC/DC Meeting re: Yugoslavia, Keywords: Yugoslavia.","https://catalog.archives.gov/id/470761333","https://catalog.archives.gov/medialz/presidential-libraries/bush/gb-nsc/H-Files/NSC-DC_Mtgs_312294079/41-bpr-nsc-hfiles-dc_mtgs-312-90020-034.pdf"
"470761334","1991-09-23","1991-09-23","Catalog coverage dates","NSC/DC 312B - September 23, 1991 - NSC/DC Meeting re: Iraq, Keywords: Iraq","90020-035","Series context and cross-volume routing","Series context","verified","true","569779","569779","HTTP Content-Length","Restricted - Possibly","0","0","0","0","0","0","0","0","0","0","0","0","0","George H.W. Bush Library, Bush Presidential Records, National Security Council, H-Files, NSC/DC Meetings Files, OA/ID 90020–035, NSC/DC 312B—September 23, 1991—NSC/DC Meeting re: Iraq, Keywords: Iraq.","https://catalog.archives.gov/id/470761334","https://catalog.archives.gov/medialz/presidential-libraries/bush/gb-nsc/H-Files/NSC-DC_Mtgs_312294079/41-bpr-nsc-hfiles-dc_mtgs-312b-90020-035.pdf"
"470761335","1991-09-27","1991-09-27","Catalog coverage dates","NSC/DC 313 - September 27, 1991 - NSC/DC Meeting re: Separate Satellite Policy, Keywords: Telecommunications","90020-036","Series context and cross-volume routing","Series context","verified","true","30032603","30032604","HTTP Content-Length","Restricted - Possibly","0","3","0","9","49","92","43","42","1","0","0","0","6","George H.W. Bush Library, Bush Presidential Records, National Security Council, H-Files, NSC/DC Meetings Files, OA/ID 90020–036, NSC/DC 313—September 27, 1991—NSC/DC Meeting re: Separate Satellite Policy, Keywords: Telecommunications.","https://catalog.archives.gov/id/470761335","https://catalog.archives.gov/medialz/presidential-libraries/bush/gb-nsc/H-Files/NSC-DC_Mtgs_312294079/41-bpr-nsc-hfiles-dc_mtgs-313-90020-036.pdf"
"470761336","1991-09-27","1991-09-30","Catalog coverage dates","NSC/DC 313A - September 27, 1991 - NSC/DC Meeting re: International Coordination of Humanitarian Assistance to USSR, Keywords: USSR, Economic Assistance","90021-001","Transition Economies and International Economic Strategy","Volume XXX review","verified","true","810068","810068","HTTP Content-Length","Restricted - Possibly","0","0","0","0","4","17","5","3","0","5","0","2","2","George H.W. Bush Library, Bush Presidential Records, National Security Council, H-Files, NSC/DC Meetings Files, OA/ID 90021–001, NSC/DC 313A—September 27, 1991—NSC/DC Meeting re: International Coordination of Humanitarian Assistance to USSR, Keywords: USSR, Economic Assistance.","https://catalog.archives.gov/id/470761336","https://catalog.archives.gov/medialz/presidential-libraries/bush/gb-nsc/H-Files/NSC-DC_Mtgs_312294079/41-bpr-nsc-hfiles-dc_mtgs-313a-90021-001.pdf"
"470761337","1991-10-09","1991-10-09","Catalog coverage dates","NSC/DC 314 - October 09, 1991 - NSC/DC Meeting re: Zaire, Keywords: Zaire","90021-002","Series context and cross-volume routing","Series context","verified","true","11188498","11188498","HTTP Content-Length","Restricted - Possibly","0","1","0","11","13","14","0","14","0","0","0","0","0","George H.W. Bush Library, Bush Presidential Records, National Security Council, H-Files, NSC/DC Meetings Files, OA/ID 90021–002, NSC/DC 314—October 09, 1991—NSC/DC Meeting re: Zaire, Keywords: Zaire.","https://catalog.archives.gov/id/470761337","https://catalog.archives.gov/medialz/presidential-libraries/bush/gb-nsc/H-Files/NSC-DC_Mtgs_312294079/41-bpr-nsc-hfiles-dc_mtgs-314-90021-002.pdf"
"470761338","1991-10-23","1991-10-23","Catalog coverage dates","NSC/DC 315 - October 23, 1991 - NSC/DC Meeting re: Pan Am 103, Keywords: Pan Am 103, Terrorism, Great Britain, France","90021-003","Series context and cross-volume routing","Series context","verified","true","1870782","1870782","HTTP Content-Length","Restricted - Possibly","0","0","0","0","8","7","0","7","0","0","0","0","0","George H.W. Bush Library, Bush Presidential Records, National Security Council, H-Files, NSC/DC Meetings Files, OA/ID 90021–003, NSC/DC 315—October 23, 1991—NSC/DC Meeting re: Pan Am 103, Keywords: Pan Am 103, Terrorism, Great Britain, France.","https://catalog.archives.gov/id/470761338","https://catalog.archives.gov/medialz/presidential-libraries/bush/gb-nsc/H-Files/NSC-DC_Mtgs_312294079/41-bpr-nsc-hfiles-dc_mtgs-315-90021-003.pdf"
"470761339","1991-10-25","1991-10-25","Catalog coverage dates","NSC/DC 316 - October 25, 1991 - NSC/DC Meeting on Haiti, Keywords: Haiti","90021-004","Strategic Trade, Technology, and Investment Controls","Boundary review","verified","true","9482377","9621529","HTTP Content-Length","Restricted - Possibly","0","0","0","24","28","65","8","28","6","15","2","0","6","George H.W. Bush Library, Bush Presidential Records, National Security Council, H-Files, NSC/DC Meetings Files, OA/ID 90021–004, NSC/DC 316—October 25, 1991—NSC/DC Meeting on Haiti, Keywords: Haiti.","https://catalog.archives.gov/id/470761339","https://catalog.archives.gov/medialz/presidential-libraries/bush/gb-nsc/H-Files/NSC-DC_Mtgs_312294079/41-bpr-nsc-hfiles-dc_mtgs-316-90021-004.pdf"
"470761340","1991-10-29","1991-10-29","Catalog coverage dates","NSC/DC 317 - October 29, 1991 - NSC/DC Meeting re: Intra COCOM Trade in MTCR Annex Items, Keywords: COCOM, MTCR, Non-Proliferation, Arms Control","90021-005","Strategic Trade, Technology, and Investment Controls","Volume XXX review","verified","true","7338638","7338638","HTTP Content-Length","Restricted - Possibly","0","0","0","11","12","75","0","10","62","0","3","0","0","George H.W. Bush Library, Bush Presidential Records, National Security Council, H-Files, NSC/DC Meetings Files, OA/ID 90021–005, NSC/DC 317—October 29, 1991—NSC/DC Meeting re: Intra COCOM Trade in MTCR Annex Items, Keywords: COCOM, MTCR, Non-Proliferation, Arms Control.","https://catalog.archives.gov/id/470761340","https://catalog.archives.gov/medialz/presidential-libraries/bush/gb-nsc/H-Files/NSC-DC_Mtgs_312294079/41-bpr-nsc-hfiles-dc_mtgs-317-90021-005.pdf"
"470761341","1991-11-13","1991-11-13","Catalog coverage dates","NSC/DC 318 - November 13, 1991 - NSC/DC Meeting on Haiti, Keywords: Haiti","90021-006","Series context and cross-volume routing","Series context","verified","true","7377606","7377606","HTTP Content-Length","Restricted - Possibly","0","1","0","29","31","27","0","27","0","0","0","0","0","George H.W. Bush Library, Bush Presidential Records, National Security Council, H-Files, NSC/DC Meetings Files, OA/ID 90021–006, NSC/DC 318—November 13, 1991—NSC/DC Meeting on Haiti, Keywords: Haiti.","https://catalog.archives.gov/id/470761341","https://catalog.archives.gov/medialz/presidential-libraries/bush/gb-nsc/H-Files/NSC-DC_Mtgs_312294079/41-bpr-nsc-hfiles-dc_mtgs-318-90021-006.pdf"
"470761342","1991-11-18","1991-11-18","Catalog coverage dates","NSC/DC 319 - November 18, 1991 - NSC/DC Meeting on Haiti, Keywords: Haiti","90021-007","Series context and cross-volume routing","Series context","verified","true","4428332","4428332","HTTP Content-Length","Restricted - Possibly","0","1","0","15","7","6","0","6","0","0","0","0","0","George H.W. Bush Library, Bush Presidential Records, National Security Council, H-Files, NSC/DC Meetings Files, OA/ID 90021–007, NSC/DC 319—November 18, 1991—NSC/DC Meeting on Haiti, Keywords: Haiti.","https://catalog.archives.gov/id/470761342","https://catalog.archives.gov/medialz/presidential-libraries/bush/gb-nsc/H-Files/NSC-DC_Mtgs_312294079/41-bpr-nsc-hfiles-dc_mtgs-319-90021-007.pdf"
"470761343","1991-11-25","1991-11-25","Catalog coverage dates","NSC/DC 320 - November 25, 1991 - NSC/DC Meeting on Haiti, Keywords: Haiti","90021-008","Series context and cross-volume routing","Series context","verified","true","7596513","7596513","HTTP Content-Length","Restricted - Possibly","0","2","0","16","19","16","0","16","0","0","0","0","0","George H.W. Bush Library, Bush Presidential Records, National Security Council, H-Files, NSC/DC Meetings Files, OA/ID 90021–008, NSC/DC 320—November 25, 1991—NSC/DC Meeting on Haiti, Keywords: Haiti.","https://catalog.archives.gov/id/470761343","https://catalog.archives.gov/medialz/presidential-libraries/bush/gb-nsc/H-Files/NSC-DC_Mtgs_312294079/41-bpr-nsc-hfiles-dc_mtgs-320-90021-008.pdf"
"470761344","1991-11-26","1991-11-26","Catalog coverage dates","NSC/DC 321 - November 26, 1991 - NSC/DC Meeting re: Intelligence Requirements, Keywords: Intelligence","90021-009","Series context and cross-volume routing","Series context","verified","true","10238281","10238281","HTTP Content-Length","Restricted - Possibly","0","0","0","10","10","65","4","8","10","0","14","13","16","George H.W. Bush Library, Bush Presidential Records, National Security Council, H-Files, NSC/DC Meetings Files, OA/ID 90021–009, NSC/DC 321—November 26, 1991—NSC/DC Meeting re: Intelligence Requirements, Keywords: Intelligence.","https://catalog.archives.gov/id/470761344","https://catalog.archives.gov/medialz/presidential-libraries/bush/gb-nsc/H-Files/NSC-DC_Mtgs_312294079/41-bpr-nsc-hfiles-dc_mtgs-321-90021-009.pdf"
"470761345","1991-11-26","1991-11-26","Catalog coverage dates","NSC/DC 322 - November 26, 1991 - NSC/DC Meeting on Haiti, Keywords: Haiti","90021-010","Series context and cross-volume routing","Series context","verified","true","6144080","6144080","HTTP Content-Length","Restricted - Possibly","0","2","0","22","13","11","0","11","0","0","0","0","0","George H.W. Bush Library, Bush Presidential Records, National Security Council, H-Files, NSC/DC Meetings Files, OA/ID 90021–010, NSC/DC 322—November 26, 1991—NSC/DC Meeting on Haiti, Keywords: Haiti.","https://catalog.archives.gov/id/470761345","https://catalog.archives.gov/medialz/presidential-libraries/bush/gb-nsc/H-Files/NSC-DC_Mtgs_312294079/41-bpr-nsc-hfiles-dc_mtgs-322-90021-010.pdf"
"470761346","1991-12-02","1991-12-02","Catalog coverage dates","NSC/DC 323 - December 2, 1991 - NSC/DC Meeting re: Libyan-Sanctions for Pan Am 103, Keywords: Libya, Pan Am 103, Sanctions","90021-011","Strategic Trade, Technology, and Investment Controls","Boundary review","verified","true","10522871","10522871","HTTP Content-Length","Restricted - Possibly","0","2","0","11","5","325","6","22","58","165","55","0","19","George H.W. Bush Library, Bush Presidential Records, National Security Council, H-Files, NSC/DC Meetings Files, OA/ID 90021–011, NSC/DC 323—December 2, 1991—NSC/DC Meeting re: Libyan-Sanctions for Pan Am 103, Keywords: Libya, Pan Am 103, Sanctions.","https://catalog.archives.gov/id/470761346","https://catalog.archives.gov/medialz/presidential-libraries/bush/gb-nsc/H-Files/NSC-DC_Mtgs_312294079/41-bpr-nsc-hfiles-dc_mtgs-323-90021-011.pdf"
"470761347","1991-12-05","1991-12-05","Catalog coverage dates","NSC/DC 324 - December 05, 1991 - NSC/DC Meeting re: Machine Tool Voluntary Restraint Agreements, Keywords: International Trade","90021-012","Trade Policy and Market Access","Volume XXX review","verified","true","9171059","9171059","Catalog objectFileSize","Restricted - Possibly","0","1","0","9","15","74","14","15","36","0","0","0","9","George H.W. Bush Library, Bush Presidential Records, National Security Council, H-Files, NSC/DC Meetings Files, OA/ID 90021–012, NSC/DC 324—December 05, 1991—NSC/DC Meeting re: Machine Tool Voluntary Restraint Agreements, Keywords: International Trade.","https://catalog.archives.gov/id/470761347","https://catalog.archives.gov/medialz/presidential-libraries/bush/gb-nsc/H-Files/NSC-DC_Mtgs_312294079/41-bpr-nsc-hfiles-dc_mtgs-324-90021-012.pdf"
"470761348","1991-12-13","1991-12-13","Catalog coverage dates","NSC/DC 325 - December 13, 1991 - NSC/DC Meeting re: Yugoslavia, Keywords: Yugoslavia","90021-013","Strategic Trade, Technology, and Investment Controls","Boundary review","verified","true","18693885","18693884","HTTP Content-Length","Restricted - Possibly","0","0","0","20","28","254","6","31","31","18","168","0","0","George H.W. Bush Library, Bush Presidential Records, National Security Council, H-Files, NSC/DC Meetings Files, OA/ID 90021–013, NSC/DC 325—December 13, 1991—NSC/DC Meeting re: Yugoslavia, Keywords: Yugoslavia.","https://catalog.archives.gov/id/470761348","https://catalog.archives.gov/medialz/presidential-libraries/bush/gb-nsc/H-Files/NSC-DC_Mtgs_312294079/41-bpr-nsc-hfiles-dc_mtgs-325-90021-013.pdf"
"470761349","1991-12-16","1991-12-16","Catalog coverage dates","NSC/DC 326 - December 16, 1991 - NSC/DC Meeting re: Intelligence Requirements, Keywords: Intelligence","90021-014","Series context and cross-volume routing","Series context","verified","true","12354172","12354172","HTTP Content-Length","Restricted - Possibly","0","1","0","10","11","46","0","9","9","0","7","14","7","George H.W. Bush Library, Bush Presidential Records, National Security Council, H-Files, NSC/DC Meetings Files, OA/ID 90021–014, NSC/DC 326—December 16, 1991—NSC/DC Meeting re: Intelligence Requirements, Keywords: Intelligence.","https://catalog.archives.gov/id/470761349","https://catalog.archives.gov/medialz/presidential-libraries/bush/gb-nsc/H-Files/NSC-DC_Mtgs_312294079/41-bpr-nsc-hfiles-dc_mtgs-326-90021-014.pdf"
"470761350","1991-12-17","1991-12-17","Catalog coverage dates","NSC/DC 327 - December 17, 1991 - NSC/DC Meeting on North Korean Nuclear Program, Keywords: Korea North, Nuclear Weapons","90021-015","Series context and cross-volume routing","Series context","verified","true","8621227","8621227","HTTP Content-Length","Restricted - Possibly","0","0","0","8","47","42","0","42","0","0","0","0","0","George H.W. Bush Library, Bush Presidential Records, National Security Council, H-Files, NSC/DC Meetings Files, OA/ID 90021–015, NSC/DC 327—December 17, 1991—NSC/DC Meeting on North Korean Nuclear Program, Keywords: Korea North, Nuclear Weapons.","https://catalog.archives.gov/id/470761350","https://catalog.archives.gov/medialz/presidential-libraries/bush/gb-nsc/H-Files/NSC-DC_Mtgs_312294079/41-bpr-nsc-hfiles-dc_mtgs-327-90021-015.pdf"
"470761351","1991-12-19","1991-12-19","Catalog coverage dates","NSC/DC 328 - December 19, 1991 - NSC/DC Meeting on Haiti, Keywords: Haiti","90021-016","Series context and cross-volume routing","Series context","verified","true","9858042","9858042","HTTP Content-Length","Restricted - Possibly","0","2","0","24","24","22","1","21","0","0","0","0","0","George H.W. Bush Library, Bush Presidential Records, National Security Council, H-Files, NSC/DC Meetings Files, OA/ID 90021–016, NSC/DC 328—December 19, 1991—NSC/DC Meeting on Haiti, Keywords: Haiti.","https://catalog.archives.gov/id/470761351","https://catalog.archives.gov/medialz/presidential-libraries/bush/gb-nsc/H-Files/NSC-DC_Mtgs_312294079/41-bpr-nsc-hfiles-dc_mtgs-328-90021-016.pdf"
"470761352","1991-12-19","1991-12-19","Catalog coverage dates","NSC/DC 329 - December 19, 1991 - NSC/DC Meeting re: Pan Am 103, Keywords: Pan Am 103","90021-017","Series context and cross-volume routing","Series context","verified","true","7121772","7121772","HTTP Content-Length","Restricted - Possibly","0","0","0","10","24","32","0","21","0","5","0","0","6","George H.W. Bush Library, Bush Presidential Records, National Security Council, H-Files, NSC/DC Meetings Files, OA/ID 90021–017, NSC/DC 329—December 19, 1991—NSC/DC Meeting re: Pan Am 103, Keywords: Pan Am 103.","https://catalog.archives.gov/id/470761352","https://catalog.archives.gov/medialz/presidential-libraries/bush/gb-nsc/H-Files/NSC-DC_Mtgs_312294079/41-bpr-nsc-hfiles-dc_mtgs-329-90021-017.pdf"
"470761353","1991-12-23","1991-12-23","Catalog coverage dates","NSC/DC 330 - December 23, 1991 - NSC/DC Meeting on Yugoslavia, Keywords: Yugoslavia","90021-018","Strategic Trade, Technology, and Investment Controls","Boundary review","verified","true","15138894","15138894","HTTP Content-Length","Restricted - Possibly","0","0","0","37","12","59","8","17","1","33","0","0","0","George H.W. Bush Library, Bush Presidential Records, National Security Council, H-Files, NSC/DC Meetings Files, OA/ID 90021–018, NSC/DC 330—December 23, 1991—NSC/DC Meeting on Yugoslavia, Keywords: Yugoslavia.","https://catalog.archives.gov/id/470761353","https://catalog.archives.gov/medialz/presidential-libraries/bush/gb-nsc/H-Files/NSC-DC_Mtgs_312294079/41-bpr-nsc-hfiles-dc_mtgs-330-90021-018.pdf"
"470761354","1992-01-03","1992-01-03","Catalog coverage dates","NSC/DC 331 - January 03, 1992 - NSC/DC Meeting re: Afghanistan, Keywords: Afghanistan","90021-019","Series context and cross-volume routing","Series context","verified","true","12068636","12068636","HTTP Content-Length","Restricted - Possibly","0","1","0","14","14","13","0","12","0","0","1","0","0","George H.W. Bush Library, Bush Presidential Records, National Security Council, H-Files, NSC/DC Meetings Files, OA/ID 90021–019, NSC/DC 331—January 03, 1992—NSC/DC Meeting re: Afghanistan, Keywords: Afghanistan.","https://catalog.archives.gov/id/470761354","https://catalog.archives.gov/medialz/presidential-libraries/bush/gb-nsc/H-Files/NSC-DC_Mtgs_312294079/41-bpr-nsc-hfiles-dc_mtgs-331-90021-019.pdf"
"470761355","1992-01-17","1992-01-17","Catalog coverage dates","NSC/DC 332 - January 17, 1992 - NSC/DC Meeting on Combating Spread of Militarily Useful Technology FM Former Soviet Union, Keywords: Technology Transfers, USSR, Non-Proliferation","90021-020","Strategic Trade, Technology, and Investment Controls","Volume XXX review","verified","true","11369178","11369178","HTTP Content-Length","Restricted - Possibly","0","0","0","9","13","65","4","11","36","0","8","0","6","George H.W. Bush Library, Bush Presidential Records, National Security Council, H-Files, NSC/DC Meetings Files, OA/ID 90021–020, NSC/DC 332—January 17, 1992—NSC/DC Meeting on Combating Spread of Militarily Useful Technology FM Former Soviet Union, Keywords: Technology Transfers, USSR, Non-Proliferation.","https://catalog.archives.gov/id/470761355","https://catalog.archives.gov/medialz/presidential-libraries/bush/gb-nsc/H-Files/NSC-DC_Mtgs_312294079/41-bpr-nsc-hfiles-dc_mtgs-332-90021-020.pdf"
"470761356","1992-01-31","1992-01-31","Catalog coverage dates","NSC/DC 333 - January 31, 1992 - NSC/DC Meeting re: Iran and Export Controls, Keywords: Iran Export Controls","90021-021","Strategic Trade, Technology, and Investment Controls","Volume XXX review","verified","true","14550916","14550916","HTTP Content-Length","Restricted - Possibly","0","2","0","2","35","120","0","30","84","5","1","0","0","George H.W. Bush Library, Bush Presidential Records, National Security Council, H-Files, NSC/DC Meetings Files, OA/ID 90021–021, NSC/DC 333—January 31, 1992—NSC/DC Meeting re: Iran and Export Controls, Keywords: Iran Export Controls.","https://catalog.archives.gov/id/470761356","https://catalog.archives.gov/medialz/presidential-libraries/bush/gb-nsc/H-Files/NSC-DC_Mtgs_312294079/41-bpr-nsc-hfiles-dc_mtgs-333-90021-021.pdf"
"470761357","1992-02-03","1992-02-03","Catalog coverage dates","NSC/DC 334 - February 03, 1992 - NSC/DC Meeting re: Israeli Relay Station for USA International Broadcasting, Keywords: Israel, Broadcasting","90021-022","Series context and cross-volume routing","Series context","verified","true","15049368","15049368","HTTP Content-Length","Restricted - Possibly","0","0","1","10","7","10","0","7","3","0","0","0","0","George H.W. Bush Library, Bush Presidential Records, National Security Council, H-Files, NSC/DC Meetings Files, OA/ID 90021–022, NSC/DC 334—February 03, 1992—NSC/DC Meeting re: Israeli Relay Station for USA International Broadcasting, Keywords: Israel, Broadcasting.","https://catalog.archives.gov/id/470761357","https://catalog.archives.gov/medialz/presidential-libraries/bush/gb-nsc/H-Files/NSC-DC_Mtgs_312294079/41-bpr-nsc-hfiles-dc_mtgs-334-90021-022.pdf"
"470761358","1992-02-10","1992-02-10","Catalog coverage dates","NSC/DC 335 - February 10, 1992 - NSC/DC Meeting re: Intelligence Capabilities / 1992-2005 NSR 29, Keywords: Intelligence","90021-023","Series context and cross-volume routing","Series context","verified","true","9632624","9632624","Catalog objectFileSize","Restricted - Possibly","0","0","0","0","14","44","1","13","6","0","6","12","6","George H.W. Bush Library, Bush Presidential Records, National Security Council, H-Files, NSC/DC Meetings Files, OA/ID 90021–023, NSC/DC 335—February 10, 1992—NSC/DC Meeting re: Intelligence Capabilities / 1992-2005 NSR 29, Keywords: Intelligence.","https://catalog.archives.gov/id/470761358","https://catalog.archives.gov/medialz/presidential-libraries/bush/gb-nsc/H-Files/NSC-DC_Mtgs_312294079/41-bpr-nsc-hfiles-dc_mtgs-335-90021-023.pdf"
"470761359","1992-02-13","1992-02-13","Catalog coverage dates","NSC/DC 336 - February 13, 1992 - NSC/DC Meeting on Export Controls, Keywords: Export Controls","90021-024","Strategic Trade, Technology, and Investment Controls","Volume XXX review","verified","true","20994661","20994660","HTTP Content-Length","Restricted - Possibly","0","4","0","11","51","281","0","45","219","0","17","0","0","George H.W. Bush Library, Bush Presidential Records, National Security Council, H-Files, NSC/DC Meetings Files, OA/ID 90021–024, NSC/DC 336—February 13, 1992—NSC/DC Meeting on Export Controls, Keywords: Export Controls.","https://catalog.archives.gov/id/470761359","https://catalog.archives.gov/medialz/presidential-libraries/bush/gb-nsc/H-Files/NSC-DC_Mtgs_312294079/41-bpr-nsc-hfiles-dc_mtgs-336-90021-024.pdf"
"470761360","1992-02-14","1992-02-14","Catalog coverage dates","NSC/DC 337 - February 14, 1992 - NSC/DC Meeting on Counternarcotics / San Antonio Summit, Keywords: Drugs, Latin America","90021-025","Monetary Policy, Debt, and International Institutions","Boundary review","verified","true","18963579","18963580","HTTP Content-Length","Restricted - Possibly","0","0","0","9","36","61","7","34","8","0","0","0","12","George H.W. Bush Library, Bush Presidential Records, National Security Council, H-Files, NSC/DC Meetings Files, OA/ID 90021–025, NSC/DC 337—February 14, 1992—NSC/DC Meeting on Counternarcotics / San Antonio Summit, Keywords: Drugs, Latin America.","https://catalog.archives.gov/id/470761360","https://catalog.archives.gov/medialz/presidential-libraries/bush/gb-nsc/H-Files/NSC-DC_Mtgs_312294079/41-bpr-nsc-hfiles-dc_mtgs-337-90021-025.pdf"
"470761361","1992-02-24","1992-02-24","Catalog coverage dates","NSC/DC 338 - February 24, 1992 - NSC/DC Meeting on Haiti, Keywords: Haiti","90021-026","Series context and cross-volume routing","Series context","verified","true","5642265","5642265","Catalog objectFileSize","Restricted - Possibly","0","0","2","14","12","10","0","10","0","0","0","0","0","George H.W. Bush Library, Bush Presidential Records, National Security Council, H-Files, NSC/DC Meetings Files, OA/ID 90021–026, NSC/DC 338—February 24, 1992—NSC/DC Meeting on Haiti, Keywords: Haiti.","https://catalog.archives.gov/id/470761361","https://catalog.archives.gov/medialz/presidential-libraries/bush/gb-nsc/H-Files/NSC-DC_Mtgs_312294079/41-bpr-nsc-hfiles-dc_mtgs-338-90021-026.pdf"
"470761362","1992-03-11","1992-03-11","Catalog coverage dates","NSC/DC 339 - March 11, 1992 - NSC/DC Meeting on Iraq, Keywords: Iraq","90021-027","Monetary Policy, Debt, and International Institutions","Boundary review","verified","true","20932580","20932580","HTTP Content-Length","Restricted - Possibly","0","3","0","11","31","393","17","55","32","31","214","5","39","George H.W. Bush Library, Bush Presidential Records, National Security Council, H-Files, NSC/DC Meetings Files, OA/ID 90021–027, NSC/DC 339—March 11, 1992—NSC/DC Meeting on Iraq, Keywords: Iraq.","https://catalog.archives.gov/id/470761362","https://catalog.archives.gov/medialz/presidential-libraries/bush/gb-nsc/H-Files/NSC-DC_Mtgs_312294079/41-bpr-nsc-hfiles-dc_mtgs-339-90021-027.pdf"
"470761363","1992-03-17","1992-03-17","Catalog coverage dates","NSC/DC 340 - March 17, 1992 - NSC/DC Meeting on Combating Spread of Militarily Useful Technology FM Former Soviet Union, Keywords: Technology Transfers, USSR","90021-028","Strategic Trade, Technology, and Investment Controls","Volume XXX review","verified","true","10355615","10355615","HTTP Content-Length","Restricted - Possibly","0","0","0","7","11","35","4","9","18","0","2","0","2","George H.W. Bush Library, Bush Presidential Records, National Security Council, H-Files, NSC/DC Meetings Files, OA/ID 90021–028, NSC/DC 340—March 17, 1992—NSC/DC Meeting on Combating Spread of Militarily Useful Technology FM Former Soviet Union, Keywords: Technology Transfers, USSR.","https://catalog.archives.gov/id/470761363","https://catalog.archives.gov/medialz/presidential-libraries/bush/gb-nsc/H-Files/NSC-DC_Mtgs_312294079/41-bpr-nsc-hfiles-dc_mtgs-340-90021-028.pdf"
"470761364","1992-03-20","1992-03-20","Catalog coverage dates","NSC/DC 341 - March 20, 1992 - NSC/DC Meeting on Korean Nuclear Program, Keywords: Korea North, Nuclear Matters","90021-029","Series context and cross-volume routing","Series context","verified","true","17057943","17057944","HTTP Content-Length","Restricted - Possibly","0","0","0","16","52","48","0","46","1","0","1","0","0","George H.W. Bush Library, Bush Presidential Records, National Security Council, H-Files, NSC/DC Meetings Files, OA/ID 90021–029, NSC/DC 341—March 20, 1992—NSC/DC Meeting on Korean Nuclear Program, Keywords: Korea North, Nuclear Matters.","https://catalog.archives.gov/id/470761364","https://catalog.archives.gov/medialz/presidential-libraries/bush/gb-nsc/H-Files/NSC-DC_Mtgs_312294079/41-bpr-nsc-hfiles-dc_mtgs-341_1-90021-029.pdf"
"470761365","1992-03-20","1992-03-20","Catalog coverage dates","NSC/DC 341 - March 20, 1992 - NSC/DC Meeting on Korean Nuclear Program, Keywords: Korea North, Nuclear Matters [2]","90021-030","Series context and cross-volume routing","Series context","verified","true","513750","513750","HTTP Content-Length","Restricted - Possibly","0","0","0","2","3","2","0","2","0","0","0","0","0","George H.W. Bush Library, Bush Presidential Records, National Security Council, H-Files, NSC/DC Meetings Files, OA/ID 90021–030, NSC/DC 341—March 20, 1992—NSC/DC Meeting on Korean Nuclear Program, Keywords: Korea North, Nuclear Matters [2].","https://catalog.archives.gov/id/470761365","https://catalog.archives.gov/medialz/presidential-libraries/bush/gb-nsc/H-Files/NSC-DC_Mtgs_312294079/41-bpr-nsc-hfiles-dc_mtgs-341_2-90021-030.pdf"
"470761366","1992-03-25","1992-03-25","Catalog coverage dates","NSC/DC 342 - March 25, 1992 - NSC/DC Meeting on Non-Proliferation Initiative, Keywords: Non-Proliferation","90022-001","Strategic Trade, Technology, and Investment Controls","Boundary review","verified","true","30827703","30827704","HTTP Content-Length","Restricted - Possibly","0","2","0","24","20","269","8","16","212","10","23","0","0","George H.W. Bush Library, Bush Presidential Records, National Security Council, H-Files, NSC/DC Meetings Files, OA/ID 90022–001, NSC/DC 342—March 25, 1992—NSC/DC Meeting on Non-Proliferation Initiative, Keywords: Non-Proliferation.","https://catalog.archives.gov/id/470761366","https://catalog.archives.gov/medialz/presidential-libraries/bush/gb-nsc/H-Files/NSC-DC_Mtgs_312294079/41-bpr-nsc-hfiles-dc_mtgs-342-90022-001.pdf"
"470761367","1992-03-26","1992-03-26","Catalog coverage dates","NSC/DC 343 - May 26, 1992 - NSC/DC Meeting on Machine Tool Voluntary Restraint Arrangements / VRA, Keywords: International Trade, Japan","90022-002","Trade Policy and Market Access","Volume XXX review","verified","true","16103814","16103814","HTTP Content-Length","Restricted - Possibly","0","0","0","11","31","141","18","27","83","0","0","0","13","George H.W. Bush Library, Bush Presidential Records, National Security Council, H-Files, NSC/DC Meetings Files, OA/ID 90022–002, NSC/DC 343—May 26, 1992—NSC/DC Meeting on Machine Tool Voluntary Restraint Arrangements / VRA, Keywords: International Trade, Japan.","https://catalog.archives.gov/id/470761367","https://catalog.archives.gov/medialz/presidential-libraries/bush/gb-nsc/H-Files/NSC-DC_Mtgs_312294079/41-bpr-nsc-hfiles-dc_mtgs-343-90022-002.pdf"
"470761368","1992-04-01","1992-04-01","Catalog coverage dates","NSC/DC 344 - April 01, 1992 - NSC/DC Meeting on Iraq, Keywords: Iraq","90022-003","Series context and cross-volume routing","Series context","verified","true","6783231","6783231","HTTP Content-Length","Restricted - Possibly","0","0","0","12","4","10","0","2","4","0","4","0","0","George H.W. Bush Library, Bush Presidential Records, National Security Council, H-Files, NSC/DC Meetings Files, OA/ID 90022–003, NSC/DC 344—April 01, 1992—NSC/DC Meeting on Iraq, Keywords: Iraq.","https://catalog.archives.gov/id/470761368","https://catalog.archives.gov/medialz/presidential-libraries/bush/gb-nsc/H-Files/NSC-DC_Mtgs_312294079/41-bpr-nsc-hfiles-dc_mtgs-344-90022-003.pdf"
"470761369","1992-04-09","1992-04-09","Catalog coverage dates","NSC/DC 345 - April 09, 1992 - NSC/DC Meeting on Export Control Regulatory Reform, Keywords: Export Controls","90022-004","Strategic Trade, Technology, and Investment Controls","Volume XXX review","verified","true","9132442","9132442","HTTP Content-Length","Restricted - Possibly","0","0","0","8","17","110","0","15","93","0","2","0","0","George H.W. Bush Library, Bush Presidential Records, National Security Council, H-Files, NSC/DC Meetings Files, OA/ID 90022–004, NSC/DC 345—April 09, 1992—NSC/DC Meeting on Export Control Regulatory Reform, Keywords: Export Controls.","https://catalog.archives.gov/id/470761369","https://catalog.archives.gov/medialz/presidential-libraries/bush/gb-nsc/H-Files/NSC-DC_Mtgs_312294079/41-bpr-nsc-hfiles-dc_mtgs-345-90022-004.pdf"
"470761370","1992-04-15","1992-04-15","Catalog coverage dates","NSC/DC 346 - April 15, 1992 - NSC/DC Meeting on Counternarcotics, Keywords: Counternarcotics","90022-005","Series context and cross-volume routing","Series context","verified","true","11636549","11636549","HTTP Content-Length","Restricted - Possibly","0","0","0","10","22","19","0","19","0","0","0","0","0","George H.W. Bush Library, Bush Presidential Records, National Security Council, H-Files, NSC/DC Meetings Files, OA/ID 90022–005, NSC/DC 346—April 15, 1992—NSC/DC Meeting on Counternarcotics, Keywords: Counternarcotics.","https://catalog.archives.gov/id/470761370","https://catalog.archives.gov/medialz/presidential-libraries/bush/gb-nsc/H-Files/NSC-DC_Mtgs_312294079/41-bpr-nsc-hfiles-dc_mtgs-346-90022-005.pdf"
"470761371","1992-04-22","1992-04-22","Catalog coverage dates","NSC/DC 347 - April 22, 1992 - NSC/DC Meeting on Export Control Regulatory Review, Keywords: Export Controls [1]","90022-006","Strategic Trade, Technology, and Investment Controls","Volume XXX review","verified","true","18164066","18164066","HTTP Content-Length","Restricted - Possibly","0","1","0","8","12","190","28","10","142","2","2","6","0","George H.W. Bush Library, Bush Presidential Records, National Security Council, H-Files, NSC/DC Meetings Files, OA/ID 90022–006, NSC/DC 347—April 22, 1992—NSC/DC Meeting on Export Control Regulatory Review, Keywords: Export Controls [1].","https://catalog.archives.gov/id/470761371","https://catalog.archives.gov/medialz/presidential-libraries/bush/gb-nsc/H-Files/NSC-DC_Mtgs_312294079/41-bpr-nsc-hfiles-dc_mtgs-347_1-90022-006.pdf"
"470761372","1992-04-22","1992-04-22","Catalog coverage dates","NSC/DC 347 - April 22, 1992 - NSC/DC Meeting on Export Control Regulatory Review, Keywords: Export Controls [2]","90022-007","Strategic Trade, Technology, and Investment Controls","Volume XXX review","verified","true","12150057","12150057","HTTP Content-Length","Restricted - Possibly","0","0","0","0","13","293","12","10","247","2","11","11","0","George H.W. Bush Library, Bush Presidential Records, National Security Council, H-Files, NSC/DC Meetings Files, OA/ID 90022–007, NSC/DC 347—April 22, 1992—NSC/DC Meeting on Export Control Regulatory Review, Keywords: Export Controls [2].","https://catalog.archives.gov/id/470761372","https://catalog.archives.gov/medialz/presidential-libraries/bush/gb-nsc/H-Files/NSC-DC_Mtgs_312294079/41-bpr-nsc-hfiles-dc_mtgs-347_2-90022-007.pdf"
"470761373","1992-04-23","1992-04-23","Catalog coverage dates","NSC/DC 348 - April 23, 1992 - NSC/DC Meeting on Iraq, Keywords: Iraq","90022-008","Series context and cross-volume routing","Series context","verified","true","17219750","17219750","HTTP Content-Length","Restricted - Possibly","0","3","0","7","5","32","2","9","3","0","17","0","1","George H.W. Bush Library, Bush Presidential Records, National Security Council, H-Files, NSC/DC Meetings Files, OA/ID 90022–008, NSC/DC 348—April 23, 1992—NSC/DC Meeting on Iraq, Keywords: Iraq.","https://catalog.archives.gov/id/470761373","https://catalog.archives.gov/medialz/presidential-libraries/bush/gb-nsc/H-Files/NSC-DC_Mtgs_312294079/41-bpr-nsc-hfiles-dc_mtgs-348-90022-008.pdf"
"470761374","1992-05-04","1992-05-04","Catalog coverage dates","NSC/DC 349 - May 04, 1992 - NSC/DC Meeting on Counternarcotics, Keywords: Counternarcotics [1]","90022-009","Series context and cross-volume routing","Series context","verified","true","13226929","13226929","HTTP Content-Length","Restricted - Possibly","0","0","0","11","38","36","2","34","0","0","0","0","0","George H.W. Bush Library, Bush Presidential Records, National Security Council, H-Files, NSC/DC Meetings Files, OA/ID 90022–009, NSC/DC 349—May 04, 1992—NSC/DC Meeting on Counternarcotics, Keywords: Counternarcotics [1].","https://catalog.archives.gov/id/470761374","https://catalog.archives.gov/medialz/presidential-libraries/bush/gb-nsc/H-Files/NSC-DC_Mtgs_312294079/41-bpr-nsc-hfiles-dc_mtgs-349_1-90022-009.pdf"
"470761375","1992-05-04","1992-05-04","Catalog coverage dates","NSC/DC 349 - May 04, 1992 - NSC/DC Meeting on Counternarcotics, Keywords: Counternarcotics [2]","90022-010","Series context and cross-volume routing","Series context","verified","true","10067398","10067398","HTTP Content-Length","Restricted - Possibly","0","0","0","18","40","48","1","36","0","0","0","0","11","George H.W. Bush Library, Bush Presidential Records, National Security Council, H-Files, NSC/DC Meetings Files, OA/ID 90022–010, NSC/DC 349—May 04, 1992—NSC/DC Meeting on Counternarcotics, Keywords: Counternarcotics [2].","https://catalog.archives.gov/id/470761375","https://catalog.archives.gov/medialz/presidential-libraries/bush/gb-nsc/H-Files/NSC-DC_Mtgs_312294079/41-bpr-nsc-hfiles-dc_mtgs-349_2-90022-010.pdf"
"470761376","1992-05-05","1992-05-05","Catalog coverage dates","NSC/DC 350 - May 05, 1992 - NSC/DC Meeting on Non-Proliferation Policy, Keywords: Non-Proliferation","90022-011","Strategic Trade, Technology, and Investment Controls","Boundary review","verified","true","10650153","10650153","HTTP Content-Length","Restricted - Possibly","0","1","0","8","28","127","2","25","75","10","15","0","0","George H.W. Bush Library, Bush Presidential Records, National Security Council, H-Files, NSC/DC Meetings Files, OA/ID 90022–011, NSC/DC 350—May 05, 1992—NSC/DC Meeting on Non-Proliferation Policy, Keywords: Non-Proliferation.","https://catalog.archives.gov/id/470761376","https://catalog.archives.gov/medialz/presidential-libraries/bush/gb-nsc/H-Files/NSC-DC_Mtgs_312294079/41-bpr-nsc-hfiles-dc_mtgs-350-90022-011.pdf"
"470761377","1992-05-13","1992-05-13","Catalog coverage dates","NSC/DC 351 - May 13, 1992 - NSC/DC Meeting on Safety of Soviet Designed Nuclear Reactors, Keywords: Nuclear Safeguards, Nuclear Energy, USSR","90022-012","Transition Economies and International Economic Strategy","Volume XXX review","verified","true","11573313","11573313","HTTP Content-Length","Restricted - Possibly","0","0","0","8","21","79","0","18","0","0","51","0","10","George H.W. Bush Library, Bush Presidential Records, National Security Council, H-Files, NSC/DC Meetings Files, OA/ID 90022–012, NSC/DC 351—May 13, 1992—NSC/DC Meeting on Safety of Soviet Designed Nuclear Reactors, Keywords: Nuclear Safeguards, Nuclear Energy, USSR.","https://catalog.archives.gov/id/470761377","https://catalog.archives.gov/medialz/presidential-libraries/bush/gb-nsc/H-Files/NSC-DC_Mtgs_312294079/41-bpr-nsc-hfiles-dc_mtgs-351-90022-012.pdf"
"470761378","1992-05-14","1992-05-14","Catalog coverage dates","NSC/DC 352 - May 14, 1992 - NSC/DC Meeting on Haiti, Keywords: Haiti","90022-013","Series context and cross-volume routing","Series context","verified","true","13574225","13574225","HTTP Content-Length","Restricted - Possibly","0","1","4","29","14","12","0","12","0","0","0","0","0","George H.W. Bush Library, Bush Presidential Records, National Security Council, H-Files, NSC/DC Meetings Files, OA/ID 90022–013, NSC/DC 352—May 14, 1992—NSC/DC Meeting on Haiti, Keywords: Haiti.","https://catalog.archives.gov/id/470761378","https://catalog.archives.gov/medialz/presidential-libraries/bush/gb-nsc/H-Files/NSC-DC_Mtgs_312294079/41-bpr-nsc-hfiles-dc_mtgs-352-90022-013.pdf"
"470761379","1992-05-18","1992-05-18","Catalog coverage dates","NSC/DC 352A - May 18, 1992 - NSC/DC Meeting on Strategic Cooperation with France, Keywords: France (File located @ NLMS)","90022-014","Series context and cross-volume routing","Series context","verified","true","386061","386061","HTTP Content-Length","Restricted - Possibly","0","0","0","0","0","0","0","0","0","0","0","0","0","George H.W. Bush Library, Bush Presidential Records, National Security Council, H-Files, NSC/DC Meetings Files, OA/ID 90022–014, NSC/DC 352A—May 18, 1992—NSC/DC Meeting on Strategic Cooperation with France, Keywords: France (File located @ NLMS).","https://catalog.archives.gov/id/470761379","https://catalog.archives.gov/medialz/presidential-libraries/bush/gb-nsc/H-Files/NSC-DC_Mtgs_312294079/41-bpr-nsc-hfiles-dc_mtgs-352a-90022-014.pdf"
"470761380","1992-05-19","1992-05-19","Catalog coverage dates","NSC/DC 353 - May 19, 1992 - NSC/DC Meeting on Haitian Boat People, Keywords: Haiti, Refugees","90022-015","Series context and cross-volume routing","Series context","verified","true","8505882","8505882","HTTP Content-Length","Restricted - Possibly","0","0","2","2","22","21","0","19","0","2","0","0","0","George H.W. Bush Library, Bush Presidential Records, National Security Council, H-Files, NSC/DC Meetings Files, OA/ID 90022–015, NSC/DC 353—May 19, 1992—NSC/DC Meeting on Haitian Boat People, Keywords: Haiti, Refugees.","https://catalog.archives.gov/id/470761380","https://catalog.archives.gov/medialz/presidential-libraries/bush/gb-nsc/H-Files/NSC-DC_Mtgs_312294079/41-bpr-nsc-hfiles-dc_mtgs-353-90022-015.pdf"
"470761381","1992-05-27","1992-05-27","Catalog coverage dates","NSC/DC 354 - May 27, 1992 - NSC/DC Meeting on Bosnia-Herzegovina and Macedonia, Keywords: Bosnia-Herzegovina, Macedonia","90022-016","Strategic Trade, Technology, and Investment Controls","Boundary review","verified","true","12291851","12291851","HTTP Content-Length","Restricted - Possibly","0","0","0","0","9","76","19","8","9","29","4","0","7","George H.W. Bush Library, Bush Presidential Records, National Security Council, H-Files, NSC/DC Meetings Files, OA/ID 90022–016, NSC/DC 354—May 27, 1992—NSC/DC Meeting on Bosnia-Herzegovina and Macedonia, Keywords: Bosnia-Herzegovina, Macedonia.","https://catalog.archives.gov/id/470761381","https://catalog.archives.gov/medialz/presidential-libraries/bush/gb-nsc/H-Files/NSC-DC_Mtgs_312294079/41-bpr-nsc-hfiles-dc_mtgs-354-90022-016.pdf"
"470761382","1992-06-01","1992-06-01","Catalog coverage dates","NSC/DC 355 - June 01, 1992 - NSC/DC Meeting on Non-Proliferation, Keywords: Non-Proliferation","90022-017","Series context and cross-volume routing","Series context","verified","true","10793430","10793430","HTTP Content-Length","Restricted - Possibly","0","0","0","8","28","44","0","25","0","0","19","0","0","George H.W. Bush Library, Bush Presidential Records, National Security Council, H-Files, NSC/DC Meetings Files, OA/ID 90022–017, NSC/DC 355—June 01, 1992—NSC/DC Meeting on Non-Proliferation, Keywords: Non-Proliferation.","https://catalog.archives.gov/id/470761382","https://catalog.archives.gov/medialz/presidential-libraries/bush/gb-nsc/H-Files/NSC-DC_Mtgs_312294079/41-bpr-nsc-hfiles-dc_mtgs-355-90022-017.pdf"
"470761383","1992-06-03","1992-06-03","Catalog coverage dates","NSC/DC 356 - June 03, 1992 - NSC/DC Meeting on Russian Bid to Launch Inmarsat Satellite, Keywords: Space Policy, Russia","90022-018","Strategic Trade, Technology, and Investment Controls","Volume XXX review","verified","true","13249570","13249570","HTTP Content-Length","Restricted - Possibly","0","0","0","1","22","52","1","19","10","0","12","0","10","George H.W. Bush Library, Bush Presidential Records, National Security Council, H-Files, NSC/DC Meetings Files, OA/ID 90022–018, NSC/DC 356—June 03, 1992—NSC/DC Meeting on Russian Bid to Launch Inmarsat Satellite, Keywords: Space Policy, Russia.","https://catalog.archives.gov/id/470761383","https://catalog.archives.gov/medialz/presidential-libraries/bush/gb-nsc/H-Files/NSC-DC_Mtgs_312294079/41-bpr-nsc-hfiles-dc_mtgs-356-90022-018.pdf"
"470761384","1992-06-04","1992-06-04","Catalog coverage dates","NSC/DC 357 - June 04, 1992 - NSC/DC Meeting on Yugoslavia, Keywords: Yugoslavia","90022-019","Series context and cross-volume routing","Series context","verified","true","6948415","6948415","HTTP Content-Length","Restricted - Possibly","0","0","0","10","8","25","0","6","1","10","0","0","8","George H.W. Bush Library, Bush Presidential Records, National Security Council, H-Files, NSC/DC Meetings Files, OA/ID 90022–019, NSC/DC 357—June 04, 1992—NSC/DC Meeting on Yugoslavia, Keywords: Yugoslavia.","https://catalog.archives.gov/id/470761384","https://catalog.archives.gov/medialz/presidential-libraries/bush/gb-nsc/H-Files/NSC-DC_Mtgs_312294079/41-bpr-nsc-hfiles-dc_mtgs-357-90022-019.pdf"
"470761385","1992-06-11","1992-06-11","Catalog coverage dates","NSC/DC 357A - June 11, 1992 - Small Group Meeting on Bosnia-Herzegovina, Keywords: Bosnia-Herzegovina","90022-020","Series context and cross-volume routing","Series context","verified","true","1625243","1625243","HTTP Content-Length","Restricted - Possibly","0","0","0","0","1","0","0","0","0","0","0","0","0","George H.W. Bush Library, Bush Presidential Records, National Security Council, H-Files, NSC/DC Meetings Files, OA/ID 90022–020, NSC/DC 357A—June 11, 1992—Small Group Meeting on Bosnia-Herzegovina, Keywords: Bosnia-Herzegovina.","https://catalog.archives.gov/id/470761385","https://catalog.archives.gov/medialz/presidential-libraries/bush/gb-nsc/H-Files/NSC-DC_Mtgs_312294079/41-bpr-nsc-hfiles-dc_mtgs-357a-90022-020.pdf"
"470761386","1992-06-15","1992-06-15","Catalog coverage dates","NSC/DC 358 - June 15, 1992 - NSC/DC Meeting on Counternarcotics, Keywords; Counternarcotics","90022-021","Series context and cross-volume routing","Series context","verified","true","26474849","26474848","HTTP Content-Length","Restricted - Possibly","0","0","0","2","47","55","0","41","0","0","0","0","14","George H.W. Bush Library, Bush Presidential Records, National Security Council, H-Files, NSC/DC Meetings Files, OA/ID 90022–021, NSC/DC 358—June 15, 1992—NSC/DC Meeting on Counternarcotics, Keywords; Counternarcotics.","https://catalog.archives.gov/id/470761386","https://catalog.archives.gov/medialz/presidential-libraries/bush/gb-nsc/H-Files/NSC-DC_Mtgs_312294079/41-bpr-nsc-hfiles-dc_mtgs-358-90022-021.pdf"
"470761387","1992-06-17","1992-06-17","Catalog coverage dates","NSC/DC 359 - June 17, 1992 - NSC/DC Meeting on Bosnia-Herzegovina, Keywords: Bosnia-Herzegovina","90022-022","Series context and cross-volume routing","Series context","verified","true","6309404","6309404","Catalog objectFileSize","Restricted - Possibly","0","0","0","8","4","5","1","3","0","1","0","0","0","George H.W. Bush Library, Bush Presidential Records, National Security Council, H-Files, NSC/DC Meetings Files, OA/ID 90022–022, NSC/DC 359—June 17, 1992—NSC/DC Meeting on Bosnia-Herzegovina, Keywords: Bosnia-Herzegovina.","https://catalog.archives.gov/id/470761387","https://catalog.archives.gov/medialz/presidential-libraries/bush/gb-nsc/H-Files/NSC-DC_Mtgs_312294079/41-bpr-nsc-hfiles-dc_mtgs-359-90022-022.pdf"
"470761388","1992-06-24","1992-06-24","Catalog coverage dates","NSC/DC 360 - June 24, 1992 - NSC/DC Meeting on Humanitarian Assistance to Bosnia, Keywords: Bosnia-Herzegovina, Yugoslavia","90022-023","Series context and cross-volume routing","Series context","verified","true","4975750","4975750","HTTP Content-Length","Restricted - Possibly","0","0","0","0","2","5","0","1","0","2","0","0","2","George H.W. Bush Library, Bush Presidential Records, National Security Council, H-Files, NSC/DC Meetings Files, OA/ID 90022–023, NSC/DC 360—June 24, 1992—NSC/DC Meeting on Humanitarian Assistance to Bosnia, Keywords: Bosnia-Herzegovina, Yugoslavia.","https://catalog.archives.gov/id/470761388","https://catalog.archives.gov/medialz/presidential-libraries/bush/gb-nsc/H-Files/NSC-DC_Mtgs_312294079/41-bpr-nsc-hfiles-dc_mtgs-360-90022-023.pdf"
"470761389","1992-07-01","1992-07-01","Catalog coverage dates","NSC/DC 361 - July 01, 1992 - NSC/DC Meeting on Iraq, Keywords: Iraq","90022-024","Series context and cross-volume routing","Series context","verified","true","6929446","6929446","HTTP Content-Length","Restricted - Possibly","0","0","0","4","6","44","0","6","4","32","1","1","0","George H.W. Bush Library, Bush Presidential Records, National Security Council, H-Files, NSC/DC Meetings Files, OA/ID 90022–024, NSC/DC 361—July 01, 1992—NSC/DC Meeting on Iraq, Keywords: Iraq.","https://catalog.archives.gov/id/470761389","https://catalog.archives.gov/medialz/presidential-libraries/bush/gb-nsc/H-Files/NSC-DC_Mtgs_312294079/41-bpr-nsc-hfiles-dc_mtgs-361-90022-024.pdf"
"470761390","1992-07-09","1992-07-09","Catalog coverage dates","NSC/DC 362 - July 09, 1992 - NSC/DC Meeting on Counternarcotics, Keywords: Counternarcotics","90022-025","Series context and cross-volume routing","Series context","verified","true","12613398","12613398","HTTP Content-Length","Restricted - Possibly","0","0","0","37","32","42","0","28","0","0","0","0","14","George H.W. Bush Library, Bush Presidential Records, National Security Council, H-Files, NSC/DC Meetings Files, OA/ID 90022–025, NSC/DC 362—July 09, 1992—NSC/DC Meeting on Counternarcotics, Keywords: Counternarcotics.","https://catalog.archives.gov/id/470761390","https://catalog.archives.gov/medialz/presidential-libraries/bush/gb-nsc/H-Files/NSC-DC_Mtgs_312294079/41-bpr-nsc-hfiles-dc_mtgs-362-90022-025.pdf"
"470761391","1992-07-10","1992-07-10","Catalog coverage dates","NSC/DC 363 - July 10, 1992 - NSC/DC Meeting on NATO Role in Assistance to Bosnia, Keywords: Bosnia-Herzegovina, NATO","90023-001","Series context and cross-volume routing","Series context","verified","true","5921240","5921240","HTTP Content-Length","Restricted - Possibly","0","0","0","0","9","14","0","7","0","7","0","0","0","George H.W. Bush Library, Bush Presidential Records, National Security Council, H-Files, NSC/DC Meetings Files, OA/ID 90023–001, NSC/DC 363—July 10, 1992—NSC/DC Meeting on NATO Role in Assistance to Bosnia, Keywords: Bosnia-Herzegovina, NATO.","https://catalog.archives.gov/id/470761391","https://catalog.archives.gov/medialz/presidential-libraries/bush/gb-nsc/H-Files/NSC-DC_Mtgs_312294079/41-bpr-nsc-hfiles-dc_mtgs-363-90023-001.pdf"
"470761392","1992-07-10","1992-07-10","Catalog coverage dates","NSC/DC 364 - July 10, 1992 - NSC/DC Meeting on Iraq, Keywords: Iraq","90023-002","Series context and cross-volume routing","Series context","verified","true","4037619","4037619","Catalog objectFileSize","Restricted - Possibly","0","0","0","29","8","14","0","7","0","1","0","6","0","George H.W. Bush Library, Bush Presidential Records, National Security Council, H-Files, NSC/DC Meetings Files, OA/ID 90023–002, NSC/DC 364—July 10, 1992—NSC/DC Meeting on Iraq, Keywords: Iraq.","https://catalog.archives.gov/id/470761392","https://catalog.archives.gov/medialz/presidential-libraries/bush/gb-nsc/H-Files/NSC-DC_Mtgs_312294079/41-bpr-nsc-hfiles-dc_mtgs-364-90023-002.pdf"
"470761393","1992-07-16","1992-07-16","Catalog coverage dates","NSC/DC 365 - July 16, 1992 - NSC/DC Meeting on Colombia Counternarcotics Programs, Keywords: Counternarcotics, Colombia","90023-003","Series context and cross-volume routing","Series context","verified","true","18759807","18759808","HTTP Content-Length","Restricted - Possibly","0","0","0","25","32","38","0","28","0","0","0","0","10","George H.W. Bush Library, Bush Presidential Records, National Security Council, H-Files, NSC/DC Meetings Files, OA/ID 90023–003, NSC/DC 365—July 16, 1992—NSC/DC Meeting on Colombia Counternarcotics Programs, Keywords: Counternarcotics, Colombia.","https://catalog.archives.gov/id/470761393","https://catalog.archives.gov/medialz/presidential-libraries/bush/gb-nsc/H-Files/NSC-DC_Mtgs_312294079/41-bpr-nsc-hfiles-dc_mtgs-365-90023-003.pdf"
"470761394","1992-07-17","1992-07-17","Catalog coverage dates","NSC/DC 366 - July 17, 1992 - NSC/DC Meeting on Humanitarian Aid to Bosnia-Herzegovina, Keywords: Bosnia-Herzegovina","90023-004","Series context and cross-volume routing","Series context","verified","true","4171378","4171378","HTTP Content-Length","Restricted - Possibly","0","0","0","0","1","4","0","0","0","4","0","0","0","George H.W. Bush Library, Bush Presidential Records, National Security Council, H-Files, NSC/DC Meetings Files, OA/ID 90023–004, NSC/DC 366—July 17, 1992—NSC/DC Meeting on Humanitarian Aid to Bosnia-Herzegovina, Keywords: Bosnia-Herzegovina.","https://catalog.archives.gov/id/470761394","https://catalog.archives.gov/medialz/presidential-libraries/bush/gb-nsc/H-Files/NSC-DC_Mtgs_312294079/41-bpr-nsc-hfiles-dc_mtgs-366-90023-004.pdf"
"470761395","1992-07-27","1992-07-27","Catalog coverage dates","NSC/DC 366A - July 27, 1992 - Small Group Meeting on Iraq, Keywords: Iraq (File located @ NLMS)","90023-005","Series context and cross-volume routing","Series context","verified","true","400460","400460","HTTP Content-Length","Restricted - Possibly","0","0","0","0","0","0","0","0","0","0","0","0","0","George H.W. Bush Library, Bush Presidential Records, National Security Council, H-Files, NSC/DC Meetings Files, OA/ID 90023–005, NSC/DC 366A—July 27, 1992—Small Group Meeting on Iraq, Keywords: Iraq (File located @ NLMS).","https://catalog.archives.gov/id/470761395","https://catalog.archives.gov/medialz/presidential-libraries/bush/gb-nsc/H-Files/NSC-DC_Mtgs_312294079/41-bpr-nsc-hfiles-dc_mtgs-366a-90023-005.pdf"
"470761396","1992-07-28","1992-07-28","Catalog coverage dates","NSC/DC 366B - July 28, 1992 - Small Group Meeting on Iraq, Keywords: Iraq (File located @ NLMS)","90023-006","Series context and cross-volume routing","Series context","verified","true","409334","409334","HTTP Content-Length","Restricted - Possibly","0","0","0","0","0","0","0","0","0","0","0","0","0","George H.W. Bush Library, Bush Presidential Records, National Security Council, H-Files, NSC/DC Meetings Files, OA/ID 90023–006, NSC/DC 366B—July 28, 1992—Small Group Meeting on Iraq, Keywords: Iraq (File located @ NLMS).","https://catalog.archives.gov/id/470761396","https://catalog.archives.gov/medialz/presidential-libraries/bush/gb-nsc/H-Files/NSC-DC_Mtgs_312294079/41-bpr-nsc-hfiles-dc_mtgs-366b-90023-006.pdf"
"470761397","1992-07-29","1992-07-29","Catalog coverage dates","NSC/DC 367 - July 29, 1992 - Small Group Meeting on Bosnia-Herzegovina, Keywords: Bosnia-Herzegovina","90023-007","Series context and cross-volume routing","Series context","verified","true","2674705","2674705","HTTP Content-Length","Restricted - Possibly","0","0","0","0","9","8","0","8","0","0","0","0","0","George H.W. Bush Library, Bush Presidential Records, National Security Council, H-Files, NSC/DC Meetings Files, OA/ID 90023–007, NSC/DC 367—July 29, 1992—Small Group Meeting on Bosnia-Herzegovina, Keywords: Bosnia-Herzegovina.","https://catalog.archives.gov/id/470761397","https://catalog.archives.gov/medialz/presidential-libraries/bush/gb-nsc/H-Files/NSC-DC_Mtgs_312294079/41-bpr-nsc-hfiles-dc_mtgs-367-90023-007.pdf"
"470761398","1992-08-04","1992-08-04","Catalog coverage dates","NSC/DC 367A - August 04, 1992 - Small Group Meeting on Iraq, Keywords: Iraq (File located @ NLMS)","90023-008","Series context and cross-volume routing","Series context","verified","true","416272","416272","HTTP Content-Length","Restricted - Possibly","0","0","0","0","0","0","0","0","0","0","0","0","0","George H.W. Bush Library, Bush Presidential Records, National Security Council, H-Files, NSC/DC Meetings Files, OA/ID 90023–008, NSC/DC 367A—August 04, 1992—Small Group Meeting on Iraq, Keywords: Iraq (File located @ NLMS).","https://catalog.archives.gov/id/470761398","https://catalog.archives.gov/medialz/presidential-libraries/bush/gb-nsc/H-Files/NSC-DC_Mtgs_312294079/41-bpr-nsc-hfiles-dc_mtgs-367a-90023-008.pdf"
"470761399","1992-08-08","1992-08-08","Catalog coverage dates","NSC/DC 368 - August 08, 1992 - Small Group Meeting on Iraq, Keywords: Iraq","90023-009","Series context and cross-volume routing","Series context","verified","true","3885156","3885156","Catalog objectFileSize","Restricted - Possibly","0","0","0","0","4","3","0","3","0","0","0","0","0","George H.W. Bush Library, Bush Presidential Records, National Security Council, H-Files, NSC/DC Meetings Files, OA/ID 90023–009, NSC/DC 368—August 08, 1992—Small Group Meeting on Iraq, Keywords: Iraq.","https://catalog.archives.gov/id/470761399","https://catalog.archives.gov/medialz/presidential-libraries/bush/gb-nsc/H-Files/NSC-DC_Mtgs_312294079/41-bpr-nsc-hfiles-dc_mtgs-368-90023-009.pdf"
"470761400","1992-08-10","1992-08-10","Catalog coverage dates","NSC/DC 368A - August 10, 1992 - Small Group Meeting on Bosnia-Herzegovina, Keywords: Bosnia-Herzegovina","90023-010","Series context and cross-volume routing","Series context","verified","true","7404860","7404860","HTTP Content-Length","Restricted - Possibly","0","0","0","1","12","18","0","10","0","8","0","0","0","George H.W. Bush Library, Bush Presidential Records, National Security Council, H-Files, NSC/DC Meetings Files, OA/ID 90023–010, NSC/DC 368A—August 10, 1992—Small Group Meeting on Bosnia-Herzegovina, Keywords: Bosnia-Herzegovina.","https://catalog.archives.gov/id/470761400","https://catalog.archives.gov/medialz/presidential-libraries/bush/gb-nsc/H-Files/NSC-DC_Mtgs_312294079/41-bpr-nsc-hfiles-dc_mtgs-368a-90023-010.pdf"
"470761401","1992-08-12","1992-08-12","Catalog coverage dates","NSC/DC 369 - August 12, 1992 - Small Group Meeting on Iraq, Keywords: Iraq","90023-011","Series context and cross-volume routing","Series context","verified","true","3121433","3121433","HTTP Content-Length","Restricted - Possibly","0","0","0","0","2","1","0","1","0","0","0","0","0","George H.W. Bush Library, Bush Presidential Records, National Security Council, H-Files, NSC/DC Meetings Files, OA/ID 90023–011, NSC/DC 369—August 12, 1992—Small Group Meeting on Iraq, Keywords: Iraq.","https://catalog.archives.gov/id/470761401","https://catalog.archives.gov/medialz/presidential-libraries/bush/gb-nsc/H-Files/NSC-DC_Mtgs_312294079/41-bpr-nsc-hfiles-dc_mtgs-369-90023-011.pdf"
"470761402","1992-08-13","1992-08-13","Catalog coverage dates","NSC/DC 369A - August 13, 1992 - Small Group Meeting on Bosnia-Herzegovina, Keywords: Bosnia-Herzegovina","90023-012","Series context and cross-volume routing","Series context","verified","true","7291026","7291026","HTTP Content-Length","Restricted - Possibly","0","0","0","1","14","32","0","12","17","3","0","0","0","George H.W. Bush Library, Bush Presidential Records, National Security Council, H-Files, NSC/DC Meetings Files, OA/ID 90023–012, NSC/DC 369A—August 13, 1992—Small Group Meeting on Bosnia-Herzegovina, Keywords: Bosnia-Herzegovina.","https://catalog.archives.gov/id/470761402","https://catalog.archives.gov/medialz/presidential-libraries/bush/gb-nsc/H-Files/NSC-DC_Mtgs_312294079/41-bpr-nsc-hfiles-dc_mtgs-369a-90023-012.pdf"
"470761403","1992-08-14","1992-08-14","Catalog coverage dates","NSC/DC 370 - August 14, 1992 - NSC/DC Meeting on Somalia, Keywords: Somalia","90023-013","Series context and cross-volume routing","Series context","verified","true","22492198","22492198","HTTP Content-Length","Restricted - Possibly","0","0","0","44","19","27","0","20","1","0","0","6","0","George H.W. Bush Library, Bush Presidential Records, National Security Council, H-Files, NSC/DC Meetings Files, OA/ID 90023–013, NSC/DC 370—August 14, 1992—NSC/DC Meeting on Somalia, Keywords: Somalia.","https://catalog.archives.gov/id/470761403","https://catalog.archives.gov/medialz/presidential-libraries/bush/gb-nsc/H-Files/NSC-DC_Mtgs_312294079/41-bpr-nsc-hfiles-dc_mtgs-370-90023-013.pdf"
"470761404","1992-08-20","1992-08-20","Catalog coverage dates","NSC/DC 371 - August 20, 1992 - NSC/DC Meeting on Somalia, Keywords: Somalia","90023-014","Series context and cross-volume routing","Series context","verified","true","18523613","18523612","HTTP Content-Length","Restricted - Possibly","0","1","0","29","17","17","2","15","0","0","0","0","0","George H.W. Bush Library, Bush Presidential Records, National Security Council, H-Files, NSC/DC Meetings Files, OA/ID 90023–014, NSC/DC 371—August 20, 1992—NSC/DC Meeting on Somalia, Keywords: Somalia.","https://catalog.archives.gov/id/470761404","https://catalog.archives.gov/medialz/presidential-libraries/bush/gb-nsc/H-Files/NSC-DC_Mtgs_312294079/41-bpr-nsc-hfiles-dc_mtgs-371-90023-014.pdf"
"470761405","1992-08-21","1992-08-21","Catalog coverage dates","NSC/DC 371A - August 21, 1992 - Small Group Meeting on Bosnia-Herzegovina, Keywords: Bosnia-Herzegovina","90023-015","Series context and cross-volume routing","Series context","verified","true","3150100","3150100","HTTP Content-Length","Restricted - Possibly","0","0","0","0","4","8","0","3","0","5","0","0","0","George H.W. Bush Library, Bush Presidential Records, National Security Council, H-Files, NSC/DC Meetings Files, OA/ID 90023–015, NSC/DC 371A—August 21, 1992—Small Group Meeting on Bosnia-Herzegovina, Keywords: Bosnia-Herzegovina.","https://catalog.archives.gov/id/470761405","https://catalog.archives.gov/medialz/presidential-libraries/bush/gb-nsc/H-Files/NSC-DC_Mtgs_312294079/41-bpr-nsc-hfiles-dc_mtgs-371a-90023-015.pdf"
"470761406","1992-08-24","1992-08-24","Catalog coverage dates","NSC/DC 372 - August 24, 1992 - Small Group Meeting on Iraq, Keywords: Iraq","90023-016","Series context and cross-volume routing","Series context","verified","true","474269","474269","HTTP Content-Length","Restricted - Possibly","0","0","0","0","2","1","0","1","0","0","0","0","0","George H.W. Bush Library, Bush Presidential Records, National Security Council, H-Files, NSC/DC Meetings Files, OA/ID 90023–016, NSC/DC 372—August 24, 1992—Small Group Meeting on Iraq, Keywords: Iraq.","https://catalog.archives.gov/id/470761406","https://catalog.archives.gov/medialz/presidential-libraries/bush/gb-nsc/H-Files/NSC-DC_Mtgs_312294079/41-bpr-nsc-hfiles-dc_mtgs-372-90023-016.pdf"
"470761408","1992-08-28","1992-08-28","Catalog coverage dates","NSC/DC 373 - August 28, 1992 - Small Group Meeting on Iraq, Keywords: Iraq","90023-017","Series context and cross-volume routing","Series context","verified","true","463303","463303","HTTP Content-Length","Restricted - Possibly","0","0","0","0","2","1","0","1","0","0","0","0","0","George H.W. Bush Library, Bush Presidential Records, National Security Council, H-Files, NSC/DC Meetings Files, OA/ID 90023–017, NSC/DC 373—August 28, 1992—Small Group Meeting on Iraq, Keywords: Iraq.","https://catalog.archives.gov/id/470761408","https://catalog.archives.gov/medialz/presidential-libraries/bush/gb-nsc/H-Files/NSC-DC_Mtgs_312294079/41-bpr-nsc-hfiles-dc_mtgs-373-90023-017.pdf"
"470761409","1992-09-04","1992-09-04","Catalog coverage dates","NSC/DC 374 - September 04, 1992 - NSC/DC Meeting on Somalia, Keywords: Somalia","90023-018","Series context and cross-volume routing","Series context","verified","true","22735205","22735204","HTTP Content-Length","Restricted - Possibly","0","2","0","35","21","46","3","18","2","3","2","18","0","George H.W. Bush Library, Bush Presidential Records, National Security Council, H-Files, NSC/DC Meetings Files, OA/ID 90023–018, NSC/DC 374—September 04, 1992—NSC/DC Meeting on Somalia, Keywords: Somalia.","https://catalog.archives.gov/id/470761409","https://catalog.archives.gov/medialz/presidential-libraries/bush/gb-nsc/H-Files/NSC-DC_Mtgs_312294079/41-bpr-nsc-hfiles-dc_mtgs-374-90023-018.pdf"
"470761410","1992-09-09","1992-09-09","Catalog coverage dates","NSC/DC 375 - September 09, 1992 - NSC/DC Meeting on Yugoslavia, Keywords: Yugoslavia","90023-019","Series context and cross-volume routing","Series context","verified","true","4355966","4355966","HTTP Content-Length","Restricted - Possibly","0","0","0","24","5","6","0","4","0","0","0","0","2","George H.W. Bush Library, Bush Presidential Records, National Security Council, H-Files, NSC/DC Meetings Files, OA/ID 90023–019, NSC/DC 375—September 09, 1992—NSC/DC Meeting on Yugoslavia, Keywords: Yugoslavia.","https://catalog.archives.gov/id/470761410","https://catalog.archives.gov/medialz/presidential-libraries/bush/gb-nsc/H-Files/NSC-DC_Mtgs_312294079/41-bpr-nsc-hfiles-dc_mtgs-375-90023-019.pdf"
"470761411","1992-09-11","1992-09-11","Catalog coverage dates","NSC/DC 376 - September 11, 1992 - NSC/DC Meeting on Yugoslavia, Keywords: Yugoslavia","90023-020","Strategic Trade, Technology, and Investment Controls","Boundary review","verified","true","14727171","14727171","HTTP Content-Length","Restricted - Possibly","0","0","0","29","20","59","2","18","0","9","4","0","26","George H.W. Bush Library, Bush Presidential Records, National Security Council, H-Files, NSC/DC Meetings Files, OA/ID 90023–020, NSC/DC 376—September 11, 1992—NSC/DC Meeting on Yugoslavia, Keywords: Yugoslavia.","https://catalog.archives.gov/id/470761411","https://catalog.archives.gov/medialz/presidential-libraries/bush/gb-nsc/H-Files/NSC-DC_Mtgs_312294079/41-bpr-nsc-hfiles-dc_mtgs-376-90023-020.pdf"
"470761412","1992-09-17","1992-09-17","Catalog coverage dates","NSC/DC 377 - September 17, 1992 - NSC/DC Meeting on Yugoslavia, Keywords: Yugoslavia","90023-021","Series context and cross-volume routing","Series context","verified","true","7341401","7341401","HTTP Content-Length","Restricted - Possibly","0","0","0","29","15","24","0","13","0","1","0","0","10","George H.W. Bush Library, Bush Presidential Records, National Security Council, H-Files, NSC/DC Meetings Files, OA/ID 90023–021, NSC/DC 377—September 17, 1992—NSC/DC Meeting on Yugoslavia, Keywords: Yugoslavia.","https://catalog.archives.gov/id/470761412","https://catalog.archives.gov/medialz/presidential-libraries/bush/gb-nsc/H-Files/NSC-DC_Mtgs_312294079/41-bpr-nsc-hfiles-dc_mtgs-377-90023-021.pdf"
"470761413","1992-09-23","1992-09-23","Catalog coverage dates","NSC/DC 378 - September 23, 1992 - NSC/DC Meeting on Yugoslavia, Keywords: Yugoslavia","90023-022","Series context and cross-volume routing","Series context","verified","true","7854273","7854273","HTTP Content-Length","Restricted - Possibly","0","0","0","20","4","7","0","3","0","0","0","0","4","George H.W. Bush Library, Bush Presidential Records, National Security Council, H-Files, NSC/DC Meetings Files, OA/ID 90023–022, NSC/DC 378—September 23, 1992—NSC/DC Meeting on Yugoslavia, Keywords: Yugoslavia.","https://catalog.archives.gov/id/470761413","https://catalog.archives.gov/medialz/presidential-libraries/bush/gb-nsc/H-Files/NSC-DC_Mtgs_312294079/41-bpr-nsc-hfiles-dc_mtgs-378-90023-022.pdf"
"470761414","1992-09-28","1992-09-28","Catalog coverage dates","NSC/DC 379 - September 28, 1992 - NSC/DC Meeting on Somalia, Keywords: Somalia","90023-023","Series context and cross-volume routing","Series context","verified","true","19024831","19024832","HTTP Content-Length","Restricted - Possibly","0","0","0","34","15","15","0","14","1","0","0","0","0","George H.W. Bush Library, Bush Presidential Records, National Security Council, H-Files, NSC/DC Meetings Files, OA/ID 90023–023, NSC/DC 379—September 28, 1992—NSC/DC Meeting on Somalia, Keywords: Somalia.","https://catalog.archives.gov/id/470761414","https://catalog.archives.gov/medialz/presidential-libraries/bush/gb-nsc/H-Files/NSC-DC_Mtgs_312294079/41-bpr-nsc-hfiles-dc_mtgs-379-90023-023.pdf"
"470761415","1992-10-01","1992-10-01","Catalog coverage dates","NSC/DC 380 - October 01, 1992 - NSC/DC Meeting on Yugoslavia, Keywords: Yugoslavia","90023-024","Strategic Trade, Technology, and Investment Controls","Boundary review","verified","true","17909432","17909432","HTTP Content-Length","Restricted - Possibly","0","0","0","22","17","349","10","34","58","156","49","8","34","George H.W. Bush Library, Bush Presidential Records, National Security Council, H-Files, NSC/DC Meetings Files, OA/ID 90023–024, NSC/DC 380—October 01, 1992—NSC/DC Meeting on Yugoslavia, Keywords: Yugoslavia.","https://catalog.archives.gov/id/470761415","https://catalog.archives.gov/medialz/presidential-libraries/bush/gb-nsc/H-Files/NSC-DC_Mtgs_312294079/41-bpr-nsc-hfiles-dc_mtgs-380-90023-024.pdf"
"470761416","1992-10-07","1992-10-07","Catalog coverage dates","NSC/DC 381 - October 07, 1992 - NSC/DC Meeting on Yugoslavia, Keywords: Yugoslavia","90023-025","Series context and cross-volume routing","Series context","verified","true","4649565","4649565","HTTP Content-Length","Restricted - Possibly","0","0","0","12","4","6","0","3","0","0","0","0","3","George H.W. Bush Library, Bush Presidential Records, National Security Council, H-Files, NSC/DC Meetings Files, OA/ID 90023–025, NSC/DC 381—October 07, 1992—NSC/DC Meeting on Yugoslavia, Keywords: Yugoslavia.","https://catalog.archives.gov/id/470761416","https://catalog.archives.gov/medialz/presidential-libraries/bush/gb-nsc/H-Files/NSC-DC_Mtgs_312294079/41-bpr-nsc-hfiles-dc_mtgs-381-90023-025.pdf"
"470761417","1992-10-15","1992-10-15","Catalog coverage dates","NSC/DC 382 - October 15, 1992 - Small Group Meeting on Yugoslavia, Keywords: Yugoslavia","90023-026","Series context and cross-volume routing","Series context","verified","true","1509479","1509479","Catalog objectFileSize","Restricted - Possibly","0","0","0","0","5","4","0","4","0","0","0","0","0","George H.W. Bush Library, Bush Presidential Records, National Security Council, H-Files, NSC/DC Meetings Files, OA/ID 90023–026, NSC/DC 382—October 15, 1992—Small Group Meeting on Yugoslavia, Keywords: Yugoslavia.","https://catalog.archives.gov/id/470761417","https://catalog.archives.gov/medialz/presidential-libraries/bush/gb-nsc/H-Files/NSC-DC_Mtgs_312294079/41-bpr-nsc-hfiles-dc_mtgs-382-90023-026.pdf"
"470761418","1992-10-16","1992-10-16","Catalog coverage dates","NSC/DC 383 - October 16, 1992 - NSC/DC Meeting on Croatia / Kosovo and Yugoslavia, Keywords: Croatia, Yugoslavia","90023-027","Series context and cross-volume routing","Series context","verified","true","13221700","13221700","HTTP Content-Length","Restricted - Possibly","0","0","0","31","18","39","3","17","0","9","0","0","10","George H.W. Bush Library, Bush Presidential Records, National Security Council, H-Files, NSC/DC Meetings Files, OA/ID 90023–027, NSC/DC 383—October 16, 1992—NSC/DC Meeting on Croatia / Kosovo and Yugoslavia, Keywords: Croatia, Yugoslavia.","https://catalog.archives.gov/id/470761418","https://catalog.archives.gov/medialz/presidential-libraries/bush/gb-nsc/H-Files/NSC-DC_Mtgs_312294079/41-bpr-nsc-hfiles-dc_mtgs-383-90023-027.pdf"
"470761419","1992-10-20","1992-10-20","Catalog coverage dates","NSC/DC 384 - October 20, 1992 - Small Group Meeting on Tajikistan, Keywords: Tajikistan","90023-028","Series context and cross-volume routing","Series context","verified","true","4378321","4378321","Catalog objectFileSize","Restricted - Possibly","0","0","0","9","5","5","0","4","0","0","0","1","0","George H.W. Bush Library, Bush Presidential Records, National Security Council, H-Files, NSC/DC Meetings Files, OA/ID 90023–028, NSC/DC 384—October 20, 1992—Small Group Meeting on Tajikistan, Keywords: Tajikistan.","https://catalog.archives.gov/id/470761419","https://catalog.archives.gov/medialz/presidential-libraries/bush/gb-nsc/H-Files/NSC-DC_Mtgs_312294079/41-bpr-nsc-hfiles-dc_mtgs-384-90023-028.pdf"
"470761420","1992-10-21","1992-10-21","Catalog coverage dates","NSC/DC 385 - October 21, 1992 - NSC/DC Meeting on Somalia, Keywords: Somalia","90023-029","Monetary Policy, Debt, and International Institutions","Boundary review","verified","true","18629498","18629498","HTTP Content-Length","Restricted - Possibly","0","0","0","13","12","55","2","16","2","3","0","32","0","George H.W. Bush Library, Bush Presidential Records, National Security Council, H-Files, NSC/DC Meetings Files, OA/ID 90023–029, NSC/DC 385—October 21, 1992—NSC/DC Meeting on Somalia, Keywords: Somalia.","https://catalog.archives.gov/id/470761420","https://catalog.archives.gov/medialz/presidential-libraries/bush/gb-nsc/H-Files/NSC-DC_Mtgs_312294079/41-bpr-nsc-hfiles-dc_mtgs-385-90023-029.pdf"
"470761421","1992-11-01","1992-11-01","Catalog coverage dates","NSC/DC 386 - November 01, 1992 - NSC/DC Meeting on Angola, Keywords: Angola","90023-030","Series context and cross-volume routing","Series context","verified","true","1352658","1352658","HTTP Content-Length","Restricted - Possibly","0","0","0","2","2","1","0","1","0","0","0","0","0","George H.W. Bush Library, Bush Presidential Records, National Security Council, H-Files, NSC/DC Meetings Files, OA/ID 90023–030, NSC/DC 386—November 01, 1992—NSC/DC Meeting on Angola, Keywords: Angola.","https://catalog.archives.gov/id/470761421","https://catalog.archives.gov/medialz/presidential-libraries/bush/gb-nsc/H-Files/NSC-DC_Mtgs_312294079/41-bpr-nsc-hfiles-dc_mtgs-386-90023-030.pdf"
"470761422","1992-11-03","1992-11-03","Catalog coverage dates","NSC/DC 387 - November 03, 1992 - Small Group Meeting on Yugoslavia, Keywords: Yugoslavia","90023-031","Series context and cross-volume routing","Series context","verified","true","5872965","5872965","HTTP Content-Length","Restricted - Possibly","0","0","0","19","5","16","0","4","0","11","0","0","1","George H.W. Bush Library, Bush Presidential Records, National Security Council, H-Files, NSC/DC Meetings Files, OA/ID 90023–031, NSC/DC 387—November 03, 1992—Small Group Meeting on Yugoslavia, Keywords: Yugoslavia.","https://catalog.archives.gov/id/470761422","https://catalog.archives.gov/medialz/presidential-libraries/bush/gb-nsc/H-Files/NSC-DC_Mtgs_312294079/41-bpr-nsc-hfiles-dc_mtgs-387-90023-031.pdf"
"470761423","1992-11-05","1992-11-05","Catalog coverage dates","NSC/DC 388 - November 05, 1992 - NSC/DC Meeting on Iran and COCOM Cooperative Forum, Keywords: Iran, COCOM [1]","90023-032","Strategic Trade, Technology, and Investment Controls","Volume XXX review","verified","true","9213798","9213798","HTTP Content-Length","Restricted - Possibly","0","0","0","2","11","125","1","9","102","7","5","1","0","George H.W. Bush Library, Bush Presidential Records, National Security Council, H-Files, NSC/DC Meetings Files, OA/ID 90023–032, NSC/DC 388—November 05, 1992—NSC/DC Meeting on Iran and COCOM Cooperative Forum, Keywords: Iran, COCOM [1].","https://catalog.archives.gov/id/470761423","https://catalog.archives.gov/medialz/presidential-libraries/bush/gb-nsc/H-Files/NSC-DC_Mtgs_312294079/41-bpr-nsc-hfiles-dc_mtgs-388_1-90023-032.pdf"
"470761424","1992-11-05","1992-11-05","Catalog coverage dates","NSC/DC 388 - November 05, 1992 - NSC/DC Meeting on Iran and COCOM Cooperative Forum, Keywords: Iran, COCOM [2]","90023-033","Strategic Trade, Technology, and Investment Controls","Volume XXX review","verified","true","4922694","4922694","HTTP Content-Length","Restricted - Possibly","0","0","0","8","20","290","19","26","239","0","4","0","2","George H.W. Bush Library, Bush Presidential Records, National Security Council, H-Files, NSC/DC Meetings Files, OA/ID 90023–033, NSC/DC 388—November 05, 1992—NSC/DC Meeting on Iran and COCOM Cooperative Forum, Keywords: Iran, COCOM [2].","https://catalog.archives.gov/id/470761424","https://catalog.archives.gov/medialz/presidential-libraries/bush/gb-nsc/H-Files/NSC-DC_Mtgs_312294079/41-bpr-nsc-hfiles-dc_mtgs-388_2-90023-033.pdf"
"470761425","1992-11-06","1992-11-06","Catalog coverage dates","NSC/DC 389 - November 06, 1992 - NSC/DC Meeting on U.S. Policy toward Russia, Keywords: Russia, Economic Assistance, IMF","90023-034","Transition Economies and International Economic Strategy","Volume XXX review","verified","true","5825717","5825717","HTTP Content-Length","Restricted - Possibly","0","0","0","0","4","172","23","83","27","15","4","10","10","George H.W. Bush Library, Bush Presidential Records, National Security Council, H-Files, NSC/DC Meetings Files, OA/ID 90023–034, NSC/DC 389—November 06, 1992—NSC/DC Meeting on U.S. Policy toward Russia, Keywords: Russia, Economic Assistance, IMF.","https://catalog.archives.gov/id/470761425","https://catalog.archives.gov/medialz/presidential-libraries/bush/gb-nsc/H-Files/NSC-DC_Mtgs_312294079/41-bpr-nsc-hfiles-dc_mtgs-389-90023-034.pdf"
"470761426","1992-11-09","1992-11-09","Catalog coverage dates","NSC/DC 390 - November 09, 1992 - Small Group Meeting on Angola and Liberia, Keywords: Liberia, Angola","90023-035","Series context and cross-volume routing","Series context","verified","true","9238942","9238942","HTTP Content-Length","Restricted - Possibly","0","0","0","23","19","18","0","16","2","0","0","0","0","George H.W. Bush Library, Bush Presidential Records, National Security Council, H-Files, NSC/DC Meetings Files, OA/ID 90023–035, NSC/DC 390—November 09, 1992—Small Group Meeting on Angola and Liberia, Keywords: Liberia, Angola.","https://catalog.archives.gov/id/470761426","https://catalog.archives.gov/medialz/presidential-libraries/bush/gb-nsc/H-Files/NSC-DC_Mtgs_312294079/41-bpr-nsc-hfiles-dc_mtgs-390-90023-035.pdf"
"470761427","1992-11-10","1992-11-10","Catalog coverage dates","NSC/DC 391 - November 10, 1992 - Small Group Meeting on Yugoslavia, Keywords: Yugoslavia Bosnia-Herzegovina","90023-036","Strategic Trade, Technology, and Investment Controls","Boundary review","verified","true","13386607","13386607","HTTP Content-Length","Restricted - Possibly","0","3","0","22","25","185","3","22","6","120","31","3","0","George H.W. Bush Library, Bush Presidential Records, National Security Council, H-Files, NSC/DC Meetings Files, OA/ID 90023–036, NSC/DC 391—November 10, 1992—Small Group Meeting on Yugoslavia, Keywords: Yugoslavia Bosnia-Herzegovina.","https://catalog.archives.gov/id/470761427","https://catalog.archives.gov/medialz/presidential-libraries/bush/gb-nsc/H-Files/NSC-DC_Mtgs_312294079/41-bpr-nsc-hfiles-dc_mtgs-391-90023-036.pdf"
"470761428","1992-11-13","1992-11-13","Catalog coverage dates","NSC/DC 392 - November 13, 1992 - Small Group Meeting on Kosovo, Keywords: Yugoslavia Bosnia-Herzegovina","90024-001","Series context and cross-volume routing","Series context","verified","true","4265368","4265368","HTTP Content-Length","Restricted - Possibly","0","0","0","0","2","9","3","1","1","3","1","0","0","George H.W. Bush Library, Bush Presidential Records, National Security Council, H-Files, NSC/DC Meetings Files, OA/ID 90024–001, NSC/DC 392—November 13, 1992—Small Group Meeting on Kosovo, Keywords: Yugoslavia Bosnia-Herzegovina.","https://catalog.archives.gov/id/470761428","https://catalog.archives.gov/medialz/presidential-libraries/bush/gb-nsc/H-Files/NSC-DC_Mtgs_312294079/41-bpr-nsc-hfiles-dc_mtgs-392-90024-001.pdf"
"470761429","1992-11-16","1992-11-16","Catalog coverage dates","NSC/DC 393 - November 16, 1992 - Small Group Meeting on Kosovo, Keywords: Yugoslavia Bosnia-Herzegovina","90024-002","Series context and cross-volume routing","Series context","verified","true","1843531","1843531","HTTP Content-Length","Restricted - Possibly","0","0","0","9","3","2","0","2","0","0","0","0","0","George H.W. Bush Library, Bush Presidential Records, National Security Council, H-Files, NSC/DC Meetings Files, OA/ID 90024–002, NSC/DC 393—November 16, 1992—Small Group Meeting on Kosovo, Keywords: Yugoslavia Bosnia-Herzegovina.","https://catalog.archives.gov/id/470761429","https://catalog.archives.gov/medialz/presidential-libraries/bush/gb-nsc/H-Files/NSC-DC_Mtgs_312294079/41-bpr-nsc-hfiles-dc_mtgs-393-90024-002.pdf"
"470761430","1992-11-18","1992-11-18","Catalog coverage dates","NSC/DC 394 - November 18, 1992 - Small Group Meeting on Bosnian Humanitarian Relief, Keywords: Bosnia-Herzegovina, Yugoslavia","90024-003","Series context and cross-volume routing","Series context","verified","true","5858820","5858820","HTTP Content-Length","Restricted - Possibly","0","1","0","7","11","66","3","10","8","30","12","3","0","George H.W. Bush Library, Bush Presidential Records, National Security Council, H-Files, NSC/DC Meetings Files, OA/ID 90024–003, NSC/DC 394—November 18, 1992—Small Group Meeting on Bosnian Humanitarian Relief, Keywords: Bosnia-Herzegovina, Yugoslavia.","https://catalog.archives.gov/id/470761430","https://catalog.archives.gov/medialz/presidential-libraries/bush/gb-nsc/H-Files/NSC-DC_Mtgs_312294079/41-bpr-nsc-hfiles-dc_mtgs-394-90024-003.pdf"
"470761431","1992-11-20","1992-11-20","Catalog coverage dates","NSC/DC 395 - November 20, 1992 - NSC/DC Meeting on Somalia, Keywords: Somalia","90024-004","Series context and cross-volume routing","Series context","verified","true","19496419","19496420","HTTP Content-Length","Restricted - Possibly","0","0","0","3","20","46","1","24","1","3","0","17","0","George H.W. Bush Library, Bush Presidential Records, National Security Council, H-Files, NSC/DC Meetings Files, OA/ID 90024–004, NSC/DC 395—November 20, 1992—NSC/DC Meeting on Somalia, Keywords: Somalia.","https://catalog.archives.gov/id/470761431","https://catalog.archives.gov/medialz/presidential-libraries/bush/gb-nsc/H-Files/NSC-DC_Mtgs_312294079/41-bpr-nsc-hfiles-dc_mtgs-395-90024-004.pdf"
"470761432","1992-11-23","1992-11-23","Catalog coverage dates","NSC/DC 396 - November 23, 1992 - Small Group Meeting on Somalia, Keywords: Somalia","90024-005","Series context and cross-volume routing","Series context","verified","true","4887423","4887423","HTTP Content-Length","Restricted - Possibly","0","0","0","0","12","15","0","14","0","0","0","1","0","George H.W. Bush Library, Bush Presidential Records, National Security Council, H-Files, NSC/DC Meetings Files, OA/ID 90024–005, NSC/DC 396—November 23, 1992—Small Group Meeting on Somalia, Keywords: Somalia.","https://catalog.archives.gov/id/470761432","https://catalog.archives.gov/medialz/presidential-libraries/bush/gb-nsc/H-Files/NSC-DC_Mtgs_312294079/41-bpr-nsc-hfiles-dc_mtgs-396-90024-005.pdf"
"470761433","1992-11-24","1992-11-24","Catalog coverage dates","NSC/DC 397 - November 24, 1992 - Small Group Meeting on Somalia, Keywords: Somalia","90024-006","Series context and cross-volume routing","Series context","verified","true","5104754","5104754","HTTP Content-Length","Restricted - Possibly","0","0","0","3","7","6","0","6","0","0","0","0","0","George H.W. Bush Library, Bush Presidential Records, National Security Council, H-Files, NSC/DC Meetings Files, OA/ID 90024–006, NSC/DC 397—November 24, 1992—Small Group Meeting on Somalia, Keywords: Somalia.","https://catalog.archives.gov/id/470761433","https://catalog.archives.gov/medialz/presidential-libraries/bush/gb-nsc/H-Files/NSC-DC_Mtgs_312294079/41-bpr-nsc-hfiles-dc_mtgs-397-90024-006.pdf"
"470761434","1992-11-25","1992-11-25","Catalog coverage dates","NSC/DC 398 - November 25, 1992 - Small Group Meeting on Former Yugoslavia, Keywords: Yugoslavia, Bosnia-Herzegovina","90024-007","Series context and cross-volume routing","Series context","verified","true","5663572","5663572","HTTP Content-Length","Restricted - Possibly","0","0","0","29","21","18","0","18","0","0","0","0","0","George H.W. Bush Library, Bush Presidential Records, National Security Council, H-Files, NSC/DC Meetings Files, OA/ID 90024–007, NSC/DC 398—November 25, 1992—Small Group Meeting on Former Yugoslavia, Keywords: Yugoslavia, Bosnia-Herzegovina.","https://catalog.archives.gov/id/470761434","https://catalog.archives.gov/medialz/presidential-libraries/bush/gb-nsc/H-Files/NSC-DC_Mtgs_312294079/41-bpr-nsc-hfiles-dc_mtgs-398-90024-007.pdf"
"470761435","1992-11-27","1992-11-27","Catalog coverage dates","NSC/DC 399 - November 27, 1992 - Small Group Meeting on Somalia, Keywords: Somalia","90024-008","Series context and cross-volume routing","Series context","verified","true","8873501","8873501","HTTP Content-Length","Restricted - Possibly","0","0","0","34","17","16","0","16","0","0","0","0","0","George H.W. Bush Library, Bush Presidential Records, National Security Council, H-Files, NSC/DC Meetings Files, OA/ID 90024–008, NSC/DC 399—November 27, 1992—Small Group Meeting on Somalia, Keywords: Somalia.","https://catalog.archives.gov/id/470761435","https://catalog.archives.gov/medialz/presidential-libraries/bush/gb-nsc/H-Files/NSC-DC_Mtgs_312294079/41-bpr-nsc-hfiles-dc_mtgs-399-90024-008.pdf"
"470761436","1992-11-28","1992-11-28","Catalog coverage dates","NSC/DC 400 - November 28, 1992 - Small Group Meeting on Somalia, Keywords: Somalia","90024-009","Series context and cross-volume routing","Series context","verified","true","6633983","6633983","Catalog objectFileSize","Restricted - Possibly","0","0","0","10","5","4","0","4","0","0","0","0","0","George H.W. Bush Library, Bush Presidential Records, National Security Council, H-Files, NSC/DC Meetings Files, OA/ID 90024–009, NSC/DC 400—November 28, 1992—Small Group Meeting on Somalia, Keywords: Somalia.","https://catalog.archives.gov/id/470761436","https://catalog.archives.gov/medialz/presidential-libraries/bush/gb-nsc/H-Files/NSC-DC_Mtgs_312294079/41-bpr-nsc-hfiles-dc_mtgs-400-90024-009.pdf"
"470761437","1992-11-30","1992-11-30","Catalog coverage dates","NSC/DC 401 - November 30, 1992 - NSC/DC Meeting on Somalia, Keywords: Somalia","90024-010","Series context and cross-volume routing","Series context","verified","true","5531715","5531715","HTTP Content-Length","Restricted - Possibly","0","0","0","0","12","11","0","11","0","0","0","0","0","George H.W. Bush Library, Bush Presidential Records, National Security Council, H-Files, NSC/DC Meetings Files, OA/ID 90024–010, NSC/DC 401—November 30, 1992—NSC/DC Meeting on Somalia, Keywords: Somalia.","https://catalog.archives.gov/id/470761437","https://catalog.archives.gov/medialz/presidential-libraries/bush/gb-nsc/H-Files/NSC-DC_Mtgs_312294079/41-bpr-nsc-hfiles-dc_mtgs-401-90024-010.pdf"
"470761438","1992-12-01","1992-12-01","Catalog coverage dates","NSC/DC 402 - December 01, 1992 - Small Group Meeting on Somalia, Keywords: Somalia","90024-011","Series context and cross-volume routing","Series context","verified","true","3763838","3763838","HTTP Content-Length","Restricted - Possibly","0","0","0","21","8","8","0","8","0","0","0","0","0","George H.W. Bush Library, Bush Presidential Records, National Security Council, H-Files, NSC/DC Meetings Files, OA/ID 90024–011, NSC/DC 402—December 01, 1992—Small Group Meeting on Somalia, Keywords: Somalia.","https://catalog.archives.gov/id/470761438","https://catalog.archives.gov/medialz/presidential-libraries/bush/gb-nsc/H-Files/NSC-DC_Mtgs_312294079/41-bpr-nsc-hfiles-dc_mtgs-402-90024-011.pdf"
"470761439","1992-12-02","1992-12-02","Catalog coverage dates","NSC/DC 403 - December 02, 1992 - NSC/DC Meeting on Somalia, Keywords: Somalia","90024-012","Series context and cross-volume routing","Series context","verified","true","6184043","6184043","HTTP Content-Length","Restricted - Possibly","0","0","0","13","8","10","0","9","0","0","0","0","1","George H.W. Bush Library, Bush Presidential Records, National Security Council, H-Files, NSC/DC Meetings Files, OA/ID 90024–012, NSC/DC 403—December 02, 1992—NSC/DC Meeting on Somalia, Keywords: Somalia.","https://catalog.archives.gov/id/470761439","https://catalog.archives.gov/medialz/presidential-libraries/bush/gb-nsc/H-Files/NSC-DC_Mtgs_312294079/41-bpr-nsc-hfiles-dc_mtgs-403-90024-012.pdf"
"470761440","1992-12-03","1992-12-03","Catalog coverage dates","NSC/DC 403A - December 03, 1992 - Small Group Meeting on Somalia, Keywords: Somalia","90024-013","Series context and cross-volume routing","Series context","verified","true","2751373","2751373","Catalog objectFileSize","Restricted - Possibly","0","0","0","0","2","1","0","1","0","0","0","0","0","George H.W. Bush Library, Bush Presidential Records, National Security Council, H-Files, NSC/DC Meetings Files, OA/ID 90024–013, NSC/DC 403A—December 03, 1992—Small Group Meeting on Somalia, Keywords: Somalia.","https://catalog.archives.gov/id/470761440","https://catalog.archives.gov/medialz/presidential-libraries/bush/gb-nsc/H-Files/NSC-DC_Mtgs_312294079/41-bpr-nsc-hfiles-dc_mtgs-403a-90024-013.pdf"
"470761441","1992-12-04","1992-12-04","Catalog coverage dates","NSC/DC 404 - December 04, 1992 - Small Group Meeting on Former Yugoslavia, Keywords: Yugoslavia, Bosnia-Herzegovina","90024-014","Series context and cross-volume routing","Series context","verified","true","3504356","3504356","HTTP Content-Length","Restricted - Possibly","0","0","0","0","3","11","0","2","3","6","0","0","0","George H.W. Bush Library, Bush Presidential Records, National Security Council, H-Files, NSC/DC Meetings Files, OA/ID 90024–014, NSC/DC 404—December 04, 1992—Small Group Meeting on Former Yugoslavia, Keywords: Yugoslavia, Bosnia-Herzegovina.","https://catalog.archives.gov/id/470761441","https://catalog.archives.gov/medialz/presidential-libraries/bush/gb-nsc/H-Files/NSC-DC_Mtgs_312294079/41-bpr-nsc-hfiles-dc_mtgs-404-90024-014.pdf"
"470761442","1992-12-07","1992-12-07","Catalog coverage dates","NSC/DC 405 - December 07, 1992 - Small Group Meeting on Somalia, Keywords: Somalia","90024-015","Series context and cross-volume routing","Series context","verified","true","1421637","1421637","HTTP Content-Length","Restricted - Possibly","0","0","0","0","2","1","0","1","0","0","0","0","0","George H.W. Bush Library, Bush Presidential Records, National Security Council, H-Files, NSC/DC Meetings Files, OA/ID 90024–015, NSC/DC 405—December 07, 1992—Small Group Meeting on Somalia, Keywords: Somalia.","https://catalog.archives.gov/id/470761442","https://catalog.archives.gov/medialz/presidential-libraries/bush/gb-nsc/H-Files/NSC-DC_Mtgs_312294079/41-bpr-nsc-hfiles-dc_mtgs-405-90024-015.pdf"
"470761443","1992-12-07","1992-12-07","Catalog coverage dates","NSC/DC 406 - December 07, 1992 - Small Group Meeting on Somalia, Keywords: Somalia","90024-016","Series context and cross-volume routing","Series context","verified","true","1354586","1354586","HTTP Content-Length","Restricted - Possibly","0","0","0","0","2","1","0","1","0","0","0","0","0","George H.W. Bush Library, Bush Presidential Records, National Security Council, H-Files, NSC/DC Meetings Files, OA/ID 90024–016, NSC/DC 406—December 07, 1992—Small Group Meeting on Somalia, Keywords: Somalia.","https://catalog.archives.gov/id/470761443","https://catalog.archives.gov/medialz/presidential-libraries/bush/gb-nsc/H-Files/NSC-DC_Mtgs_312294079/41-bpr-nsc-hfiles-dc_mtgs-406-90024-016.pdf"
"470761444","1992-12-08","1992-12-08","Catalog coverage dates","NSC/DC 407 - December 08, 1992 - NSC/DC Meeting on Somalia, Keywords: Somalia","90024-017","Series context and cross-volume routing","Series context","verified","true","4193809","4193809","HTTP Content-Length","Restricted - Possibly","0","0","0","11","11","10","0","10","0","0","0","0","0","George H.W. Bush Library, Bush Presidential Records, National Security Council, H-Files, NSC/DC Meetings Files, OA/ID 90024–017, NSC/DC 407—December 08, 1992—NSC/DC Meeting on Somalia, Keywords: Somalia.","https://catalog.archives.gov/id/470761444","https://catalog.archives.gov/medialz/presidential-libraries/bush/gb-nsc/H-Files/NSC-DC_Mtgs_312294079/41-bpr-nsc-hfiles-dc_mtgs-407-90024-017.pdf"
"470761445","1992-12-09","1992-12-09","Catalog coverage dates","NSC/DC 407A - December 09, 1992 - Small Group Meeting on Former Yugoslavia, Keywords: Yugoslavia, Bosnia-Herzegovina","90024-018","Series context and cross-volume routing","Series context","verified","true","1322955","1322955","HTTP Content-Length","Restricted - Possibly","0","0","0","0","6","5","0","5","0","0","0","0","0","George H.W. Bush Library, Bush Presidential Records, National Security Council, H-Files, NSC/DC Meetings Files, OA/ID 90024–018, NSC/DC 407A—December 09, 1992—Small Group Meeting on Former Yugoslavia, Keywords: Yugoslavia, Bosnia-Herzegovina.","https://catalog.archives.gov/id/470761445","https://catalog.archives.gov/medialz/presidential-libraries/bush/gb-nsc/H-Files/NSC-DC_Mtgs_312294079/41-bpr-nsc-hfiles-dc_mtgs-407a-90024-018.pdf"
"470761446","1992-12-09","1992-12-09","Catalog coverage dates","NSC/DC 408 - December 09, 1992 - Small Group Meeting on Somalia, Keywords: Somalia","90024-019","Series context and cross-volume routing","Series context","verified","true","1366585","1366585","Catalog objectFileSize","Restricted - Possibly","0","0","0","0","2","1","0","1","0","0","0","0","0","George H.W. Bush Library, Bush Presidential Records, National Security Council, H-Files, NSC/DC Meetings Files, OA/ID 90024–019, NSC/DC 408—December 09, 1992—Small Group Meeting on Somalia, Keywords: Somalia.","https://catalog.archives.gov/id/470761446","https://catalog.archives.gov/medialz/presidential-libraries/bush/gb-nsc/H-Files/NSC-DC_Mtgs_312294079/41-bpr-nsc-hfiles-dc_mtgs-408-90024-019.pdf"
"470761447","1992-12-10","1992-12-10","Catalog coverage dates","NSC/DC 409 - December 10, 1992 - Small Group Meeting on Somalia, Keywords: Somalia","90024-020","Series context and cross-volume routing","Series context","verified","true","3165998","3165998","Catalog objectFileSize","Restricted - Possibly","0","1","0","0","3","3","0","2","0","1","0","0","0","George H.W. Bush Library, Bush Presidential Records, National Security Council, H-Files, NSC/DC Meetings Files, OA/ID 90024–020, NSC/DC 409—December 10, 1992—Small Group Meeting on Somalia, Keywords: Somalia.","https://catalog.archives.gov/id/470761447","https://catalog.archives.gov/medialz/presidential-libraries/bush/gb-nsc/H-Files/NSC-DC_Mtgs_312294079/41-bpr-nsc-hfiles-dc_mtgs-409-90024-020.pdf"
"470761448","1992-12-11","1992-12-11","Catalog coverage dates","NSC/DC 410 - December 11, 1992 - NSC/DC Meeting on Somalia, Keywords: Somalia","90024-021","Series context and cross-volume routing","Series context","verified","true","5174714","5174714","HTTP Content-Length","Restricted - Possibly","0","0","0","17","8","7","0","7","0","0","0","0","0","George H.W. Bush Library, Bush Presidential Records, National Security Council, H-Files, NSC/DC Meetings Files, OA/ID 90024–021, NSC/DC 410—December 11, 1992—NSC/DC Meeting on Somalia, Keywords: Somalia.","https://catalog.archives.gov/id/470761448","https://catalog.archives.gov/medialz/presidential-libraries/bush/gb-nsc/H-Files/NSC-DC_Mtgs_312294079/41-bpr-nsc-hfiles-dc_mtgs-410-90024-021.pdf"
"470761449","1992-12-14","1992-12-14","Catalog coverage dates","NSC/DC 411 - December 14, 1992 - Small Group Meeting on Somalia, Keywords: Somalia","90024-022","Series context and cross-volume routing","Series context","verified","true","1349890","1349890","HTTP Content-Length","Restricted - Possibly","0","0","0","0","2","1","0","1","0","0","0","0","0","George H.W. Bush Library, Bush Presidential Records, National Security Council, H-Files, NSC/DC Meetings Files, OA/ID 90024–022, NSC/DC 411—December 14, 1992—Small Group Meeting on Somalia, Keywords: Somalia.","https://catalog.archives.gov/id/470761449","https://catalog.archives.gov/medialz/presidential-libraries/bush/gb-nsc/H-Files/NSC-DC_Mtgs_312294079/41-bpr-nsc-hfiles-dc_mtgs-411-90024-022.pdf"
"470761450","1992-12-15","1992-12-15","Catalog coverage dates","NSC/DC 412 - December 15, 1992 - NSC/DC Meeting on Somalia, Keywords: Somalia","90024-023","Series context and cross-volume routing","Series context","verified","true","3614675","3614675","HTTP Content-Length","Restricted - Possibly","0","0","0","0","11","10","0","10","0","0","0","0","0","George H.W. Bush Library, Bush Presidential Records, National Security Council, H-Files, NSC/DC Meetings Files, OA/ID 90024–023, NSC/DC 412—December 15, 1992—NSC/DC Meeting on Somalia, Keywords: Somalia.","https://catalog.archives.gov/id/470761450","https://catalog.archives.gov/medialz/presidential-libraries/bush/gb-nsc/H-Files/NSC-DC_Mtgs_312294079/41-bpr-nsc-hfiles-dc_mtgs-412-90024-023.pdf"
"470761451","1992-12-16","1992-12-16","Catalog coverage dates","NSC/DC 413 - December 16, 1992 - Small Group Meeting on Iraq, Keywords: Iraq","90024-024","Series context and cross-volume routing","Series context","verified","true","3858509","3858509","HTTP Content-Length","Restricted - Possibly","0","0","0","0","7","10","1","6","1","2","0","0","0","George H.W. Bush Library, Bush Presidential Records, National Security Council, H-Files, NSC/DC Meetings Files, OA/ID 90024–024, NSC/DC 413—December 16, 1992—Small Group Meeting on Iraq, Keywords: Iraq.","https://catalog.archives.gov/id/470761451","https://catalog.archives.gov/medialz/presidential-libraries/bush/gb-nsc/H-Files/NSC-DC_Mtgs_312294079/41-bpr-nsc-hfiles-dc_mtgs-413-90024-024.pdf"
"470761452","1992-12-17","1992-12-17","Catalog coverage dates","NSC/DC 414 - December 17, 1992 - Small Group Meeting on Somalia, Keywords: Somalia","90024-025","Series context and cross-volume routing","Series context","verified","true","3314391","3314391","HTTP Content-Length","Restricted - Possibly","0","0","0","0","3","2","0","2","0","0","0","0","0","George H.W. Bush Library, Bush Presidential Records, National Security Council, H-Files, NSC/DC Meetings Files, OA/ID 90024–025, NSC/DC 414—December 17, 1992—Small Group Meeting on Somalia, Keywords: Somalia.","https://catalog.archives.gov/id/470761452","https://catalog.archives.gov/medialz/presidential-libraries/bush/gb-nsc/H-Files/NSC-DC_Mtgs_312294079/41-bpr-nsc-hfiles-dc_mtgs-414-90024-025.pdf"
"470761453","1992-12-18","1992-12-18","Catalog coverage dates","NSC/DC 415 - December 18, 1992 - Small Group Meeting on Iraq, Keywords: Iraq","90024-026","Series context and cross-volume routing","Series context","verified","true","4977932","4977932","HTTP Content-Length","Restricted - Possibly","0","0","0","0","11","14","1","9","0","4","0","0","0","George H.W. Bush Library, Bush Presidential Records, National Security Council, H-Files, NSC/DC Meetings Files, OA/ID 90024–026, NSC/DC 415—December 18, 1992—Small Group Meeting on Iraq, Keywords: Iraq.","https://catalog.archives.gov/id/470761453","https://catalog.archives.gov/medialz/presidential-libraries/bush/gb-nsc/H-Files/NSC-DC_Mtgs_312294079/41-bpr-nsc-hfiles-dc_mtgs-415-90024-026.pdf"
"470761454","1992-12-19","1992-12-19","Catalog coverage dates","NSC/DC 416 - December 19, 1992 - NSC/DC Meeting on Somalia, Keywords: Somalia","90024-027","Series context and cross-volume routing","Series context","verified","true","3427931","3427931","HTTP Content-Length","Restricted - Possibly","0","0","0","4","8","7","0","7","0","0","0","0","0","George H.W. Bush Library, Bush Presidential Records, National Security Council, H-Files, NSC/DC Meetings Files, OA/ID 90024–027, NSC/DC 416—December 19, 1992—NSC/DC Meeting on Somalia, Keywords: Somalia.","https://catalog.archives.gov/id/470761454","https://catalog.archives.gov/medialz/presidential-libraries/bush/gb-nsc/H-Files/NSC-DC_Mtgs_312294079/41-bpr-nsc-hfiles-dc_mtgs-416-90024-027.pdf"
"470761455","1992-12-21","1992-12-21","Catalog coverage dates","NSC/DC 417 - December 21, 1992 - Small Group Meeting on Former Yugoslavia, Keywords: Yugoslavia, Bosnia-Herzegovina","90024-028","Series context and cross-volume routing","Series context","verified","true","3287465","3287465","HTTP Content-Length","Restricted - Possibly","0","0","0","15","6","8","0","5","0","3","0","0","0","George H.W. Bush Library, Bush Presidential Records, National Security Council, H-Files, NSC/DC Meetings Files, OA/ID 90024–028, NSC/DC 417—December 21, 1992—Small Group Meeting on Former Yugoslavia, Keywords: Yugoslavia, Bosnia-Herzegovina.","https://catalog.archives.gov/id/470761455","https://catalog.archives.gov/medialz/presidential-libraries/bush/gb-nsc/H-Files/NSC-DC_Mtgs_312294079/41-bpr-nsc-hfiles-dc_mtgs-417-90024-028.pdf"
"470761456","1992-12-22","1992-12-22","Catalog coverage dates","NSC/DC 418 - December 22, 1992 - NSC/DC Meeting on Korea, Keywords: Korea South","90024-029","Series context and cross-volume routing","Series context","verified","true","3341233","3341233","HTTP Content-Length","Restricted - Possibly","0","0","0","8","16","14","0","14","0","0","0","0","0","George H.W. Bush Library, Bush Presidential Records, National Security Council, H-Files, NSC/DC Meetings Files, OA/ID 90024–029, NSC/DC 418—December 22, 1992—NSC/DC Meeting on Korea, Keywords: Korea South.","https://catalog.archives.gov/id/470761456","https://catalog.archives.gov/medialz/presidential-libraries/bush/gb-nsc/H-Files/NSC-DC_Mtgs_312294079/41-bpr-nsc-hfiles-dc_mtgs-418-90024-029.pdf"
"470761457","1992-12-23","1992-12-23","Catalog coverage dates","NSC/DC 419 - December 23, 1992 - NSC/DC Meeting on Somalia, Keywords; Somalia","90024-030","Series context and cross-volume routing","Series context","verified","true","10982707","10982707","HTTP Content-Length","Restricted - Possibly","0","0","0","54","24","20","0","20","0","0","0","0","0","George H.W. Bush Library, Bush Presidential Records, National Security Council, H-Files, NSC/DC Meetings Files, OA/ID 90024–030, NSC/DC 419—December 23, 1992—NSC/DC Meeting on Somalia, Keywords; Somalia.","https://catalog.archives.gov/id/470761457","https://catalog.archives.gov/medialz/presidential-libraries/bush/gb-nsc/H-Files/NSC-DC_Mtgs_312294079/41-bpr-nsc-hfiles-dc_mtgs-419-90024-030.pdf"
"470761458","1992-12-29","1992-12-29","Catalog coverage dates","NSC/DC 420 - December 29, 1992 - DC on Broadcasting, Keywords: Broadcasting, Middle East, Asia, Africa","90024-031","Series context and cross-volume routing","Series context","verified","true","5560440","5560440","HTTP Content-Length","Restricted - Possibly","0","0","0","7","12","10","0","10","0","0","0","0","0","George H.W. Bush Library, Bush Presidential Records, National Security Council, H-Files, NSC/DC Meetings Files, OA/ID 90024–031, NSC/DC 420—December 29, 1992—DC on Broadcasting, Keywords: Broadcasting, Middle East, Asia, Africa.","https://catalog.archives.gov/id/470761458","https://catalog.archives.gov/medialz/presidential-libraries/bush/gb-nsc/H-Files/NSC-DC_Mtgs_312294079/41-bpr-nsc-hfiles-dc_mtgs-420-90024-031.pdf"
"470761459","1992-12-30","1992-12-30","Catalog coverage dates","NSC/DC 421 - December 30, 1992 - NSC/DC Meeting on Somalia, Keywords: Somalia","90024-032","Series context and cross-volume routing","Series context","verified","true","5262746","5262746","HTTP Content-Length","Restricted - Possibly","0","0","0","15","9","9","0","9","0","0","0","0","0","George H.W. Bush Library, Bush Presidential Records, National Security Council, H-Files, NSC/DC Meetings Files, OA/ID 90024–032, NSC/DC 421—December 30, 1992—NSC/DC Meeting on Somalia, Keywords: Somalia.","https://catalog.archives.gov/id/470761459","https://catalog.archives.gov/medialz/presidential-libraries/bush/gb-nsc/H-Files/NSC-DC_Mtgs_312294079/41-bpr-nsc-hfiles-dc_mtgs-421-90024-032.pdf"
"470761460","1993-01-05","1993-01-05","Catalog coverage dates","NSC/DC 422 - January 05, 1993 - NSC/DC Meeting on Somalia, Keywords: Somalia","90024-033","Series context and cross-volume routing","Series context","verified","true","5500352","5500352","HTTP Content-Length","Restricted - Possibly","0","0","0","13","12","11","0","10","0","1","0","0","0","George H.W. Bush Library, Bush Presidential Records, National Security Council, H-Files, NSC/DC Meetings Files, OA/ID 90024–033, NSC/DC 422—January 05, 1993—NSC/DC Meeting on Somalia, Keywords: Somalia.","https://catalog.archives.gov/id/470761460","https://catalog.archives.gov/medialz/presidential-libraries/bush/gb-nsc/H-Files/NSC-DC_Mtgs_312294079/41-bpr-nsc-hfiles-dc_mtgs-422-90024-033.pdf"
"470761461","1993-01-05","1993-01-05","Catalog coverage dates","NSC/DC 423 - January 05, 1993 - NSC/DC Meeting on Former Yugoslavia, Keywords: Yugoslavia","90024-034","Series context and cross-volume routing","Series context","verified","true","11139016","11139016","HTTP Content-Length","Restricted - Possibly","0","1","0","14","23","183","14","39","22","89","0","1","18","George H.W. Bush Library, Bush Presidential Records, National Security Council, H-Files, NSC/DC Meetings Files, OA/ID 90024–034, NSC/DC 423—January 05, 1993—NSC/DC Meeting on Former Yugoslavia, Keywords: Yugoslavia.","https://catalog.archives.gov/id/470761461","https://catalog.archives.gov/medialz/presidential-libraries/bush/gb-nsc/H-Files/NSC-DC_Mtgs_312294079/41-bpr-nsc-hfiles-dc_mtgs-423-90024-034.pdf"
"470761462","1993-01-06","1993-01-06","Catalog coverage dates","NSC/DC 424 - January 06, 1993 - NSC/DC Meeting on SLV, Keywords: Non-Proliferation","90024-035","Series context and cross-volume routing","Series context","verified","true","9186342","9186342","HTTP Content-Length","Restricted - Possibly","0","0","0","10","29","51","0","25","24","2","0","0","0","George H.W. Bush Library, Bush Presidential Records, National Security Council, H-Files, NSC/DC Meetings Files, OA/ID 90024–035, NSC/DC 424—January 06, 1993—NSC/DC Meeting on SLV, Keywords: Non-Proliferation.","https://catalog.archives.gov/id/470761462","https://catalog.archives.gov/medialz/presidential-libraries/bush/gb-nsc/H-Files/NSC-DC_Mtgs_312294079/41-bpr-nsc-hfiles-dc_mtgs-424-90024-035.pdf"
"470761463","1993-01-12","1993-01-12","Catalog coverage dates","NSC/DC 425 - January 12, 1993 - NSC/DC Meeting on Somalia, Keywords: Somalia","90024-036","Series context and cross-volume routing","Series context","verified","true","4865604","4865604","HTTP Content-Length","Restricted - Possibly","0","0","0","20","9","8","0","8","0","0","0","0","0","George H.W. Bush Library, Bush Presidential Records, National Security Council, H-Files, NSC/DC Meetings Files, OA/ID 90024–036, NSC/DC 425—January 12, 1993—NSC/DC Meeting on Somalia, Keywords: Somalia.","https://catalog.archives.gov/id/470761463","https://catalog.archives.gov/medialz/presidential-libraries/bush/gb-nsc/H-Files/NSC-DC_Mtgs_312294079/41-bpr-nsc-hfiles-dc_mtgs-425-90024-036.pdf"
"470761464","1993-01-14","1993-01-14","Catalog coverage dates","NSC/DC 426 - January 14, 1993 - NSC/DC Meeting on Former Yugoslavia, Keywords: Yugoslavia","90024-037","Series context and cross-volume routing","Series context","verified","true","3788629","3788629","HTTP Content-Length","Restricted - Possibly","0","0","0","25","9","23","0","7","0","3","0","0","13","George H.W. Bush Library, Bush Presidential Records, National Security Council, H-Files, NSC/DC Meetings Files, OA/ID 90024–037, NSC/DC 426—January 14, 1993—NSC/DC Meeting on Former Yugoslavia, Keywords: Yugoslavia.","https://catalog.archives.gov/id/470761464","https://catalog.archives.gov/medialz/presidential-libraries/bush/gb-nsc/H-Files/NSC-DC_Mtgs_312294079/41-bpr-nsc-hfiles-dc_mtgs-426-90024-037.pdf"
