naid,localId,seriesNaid,seriesLocalId,seriesTitle,containerId,title,workingStartDate,workingEndDate,workingDateLabel,datePrecision,dateBasis,chapter,selection,routing,accessStatus,accessRestrictionNote,useStatus,markerStatus,markerRecordGroup,markerOffice,markerSeries,markerSubseries,markerOaId,markerFolderId,objectId,pdfBytes,ocrCharacterCount,memosToPresident,memosToScowcroft,memosToPorter,memorandaOfConversation,meetingRecords,withdrawalSheets,economicSignalTotal,tradeSignals,financeSignals,summitsSignals,transitionSignals,controlsSignals,reviewTopics,reviewFocus,economicSubjectLeads,archivalLocator,catalogUrl,pdfUrl
653628647,05841-001,633663627,GB-POD-043b,Roger Porter's Chronological Files,05841/1,Porter - Jan-Feb-89 [January-February 1989],1989-01-01,1989-02-28,January-February 1989,range,Explicit folder-title date,Trade Policy and Market Access,Consider,Selective review,Unrestricted,,Unrestricted,verified in OCR,George H.W. Bush Presidential Records,"Policy Development, White House Office of","Porter, Roger, Files",Chronological Files,05841,05841-001,653628648,65619652,330984,0,0,13,0,0,0,2,0,0,0,0,2,White House Office of Policy Development | Roger Porter's Chronological Files,"Finding-aid lead retained because of online Roger Porter chronological file requiring document-level screening. Review the folder document by document; the title does not establish document identity, selection value, or release completeness.",,"George H.W. Bush Library, Bush Presidential Records, White House Office of Policy Development, Roger Porter's Chronological Files, OA/ID 05841–001, Porter - Jan-Feb-89 [January-February 1989].",https://catalog.archives.gov/id/653628647,https://catalog.archives.gov/medialz/presidential-libraries/bush/gb-pod/porter/chron_633663627/41-bpr-poldev-porter-chron-05841-001.pdf
509548133,CF01119-001,506211263,GB-POD-014,Stephen P. Farrar Trade Files,CF01119,Trade Chron Files: 1989,1989-01-01,1989-12-31,"January 1, 1989-December 31, 1989",range,Catalog coverage dates,Trade Policy and Market Access,Consider,Volume XXX review,Restricted - Possibly,Records may be closed under exemptions of the Presidential Records Act (PRA) and the Freedom of Information Act (FOIA). Withdrawal sheets in processed folders will indicate specific restrictions.,Unrestricted,not online,,,,,,,,0,,0,0,0,0,0,0,0,0,0,0,0,0,White House Office of Policy Development | Stephen P. Farrar Trade Files | Trade policy,"Finding-aid lead retained because of functional trade or international-economic series, foreign-economic title terms. Review the folder document by document; the title does not establish document identity, selection value, or release completeness.",,"George H.W. Bush Library, Bush Presidential Records, White House Office of Policy Development, Stephen P. Farrar Trade Files, OA/ID CF01119–001, Trade Chron Files: 1989.",https://catalog.archives.gov/id/509548133,
509546686,07408-011,2600865,GB-POD-032,Warren Maruyama Subject Files,07408,Steel VRA - POTUS Decision (1989),1989-01-01,1989-12-31,"January 1, 1989-December 31, 1989",range,Catalog coverage dates,Trade Policy and Market Access,Core,Volume XXX review,Restricted - Possibly,Records may be closed under exemptions of the Presidential Records Act (PRA) and the Freedom of Information Act (FOIA). Withdrawal sheets in processed folders will indicate specific restrictions.,Unrestricted,not online,,,,,,,,0,,0,0,0,0,0,0,0,0,0,0,0,0,White House Office of Policy Development | Warren Maruyama Subject Files,"Finding-aid lead retained because of functional trade or international-economic series, foreign-economic title terms. Review the folder document by document; the title does not establish document identity, selection value, or release completeness.",,"George H.W. Bush Library, Bush Presidential Records, White House Office of Policy Development, Warren Maruyama Subject Files, OA/ID 07408–011, Steel VRA - POTUS Decision (1989).",https://catalog.archives.gov/id/509546686,
653628649,05841-002,633663627,GB-POD-043b,Roger Porter's Chronological Files,05841/1,Porter - Mar 89 [March 1989],1989-03-01,1989-03-31,March 1989,month,Explicit folder-title date,Trade Policy and Market Access,Consider,Selective review,Unrestricted,,Unrestricted,verified in OCR,George H.W. Bush Presidential Records,"Policy Development, White House Office of","Porter, Roger, Files",Chronological Files,05841,05841-002,653628650,62533128,251871,6,0,46,0,0,0,24,19,1,1,3,0,White House Office of Policy Development | Roger Porter's Chronological Files,"Finding-aid lead retained because of online Roger Porter chronological file requiring document-level screening. Review the folder document by document; the title does not establish document identity, selection value, or release completeness.","The Japan-United States Relations Group | THE JAPAN-UNITED STATES RELATIONS GROUP | lationship between Japan and the United States, including | dundant and its voice insignificant among the other U.S. -Japan | lations, the American side of the U.S.-Japan Business Conference, | lationships, indeed these relationships in Japan are probably | quires that we take action under section 301 to obtain the","George H.W. Bush Library, Bush Presidential Records, White House Office of Policy Development, Roger Porter's Chronological Files, OA/ID 05841–002, Porter - Mar 89 [March 1989].",https://catalog.archives.gov/id/653628649,https://catalog.archives.gov/medialz/presidential-libraries/bush/gb-pod/porter/chron_633663627/41-bpr-poldev-porter-chron-05841-002.pdf
653628651,05841-003,633663627,GB-POD-043b,Roger Porter's Chronological Files,05841/1,Porter - Apr-89 [April 1989],1989-04-01,1989-04-30,April 1989,month,Explicit folder-title date,Trade Policy and Market Access,Consider,Selective review,Unrestricted,,Unrestricted,verified in OCR,George H.W. Bush Presidential Records,"Policy Development, White House Office of","Porter, Roger, Files",Chronological Files,05841,05841-003,653628652,60844124,282619,0,3,39,0,0,0,24,6,3,15,0,0,White House Office of Policy Development | Roger Porter's Chronological Files,"Finding-aid lead retained because of online Roger Porter chronological file requiring document-level screening. Review the folder document by document; the title does not establish document identity, selection value, or release completeness.",,"George H.W. Bush Library, Bush Presidential Records, White House Office of Policy Development, Roger Porter's Chronological Files, OA/ID 05841–003, Porter - Apr-89 [April 1989].",https://catalog.archives.gov/id/653628651,https://catalog.archives.gov/medialz/presidential-libraries/bush/gb-pod/porter/chron_633663627/41-bpr-poldev-porter-chron-05841-003.pdf
653628653,05841-004,633663627,GB-POD-043b,Roger Porter's Chronological Files,05841/1,Porter - May-June-89 [1989],1989-05-01,1989-06-30,May-June 1989,range,Explicit folder-title date,Trade Policy and Market Access,Consider,Selective review,Unrestricted,,Unrestricted,verified in OCR,George H.W. Bush Presidential Records,"Policy Development, White House Office of","Porter, Roger, Files",Chronological Files,05841,05841-004,653628654,61737056,249074,0,1,51,0,0,0,39,8,11,4,16,0,White House Office of Policy Development | Roger Porter's Chronological Files,"Finding-aid lead retained because of online Roger Porter chronological file requiring document-level screening. Review the folder document by document; the title does not establish document identity, selection value, or release completeness.",lations with the European Community.,"George H.W. Bush Library, Bush Presidential Records, White House Office of Policy Development, Roger Porter's Chronological Files, OA/ID 05841–004, Porter - May-June-89 [1989].",https://catalog.archives.gov/id/653628653,https://catalog.archives.gov/medialz/presidential-libraries/bush/gb-pod/porter/chron_633663627/41-bpr-poldev-porter-chron-05841-004.pdf
285411053,06682-021,2600820,GB-POD-022,Ed Goldstein Subject Files,06682,Global Climate Research [Our Changing Planet: The FY 1990 Research Plan 7/89] [2 copies],1989-07-01,1989-07-31,July 1989,month,Explicit folder-title date,Economic Summits and Industrialized-Country Cooperation,Consider,Selective review,Restricted - Possibly,Records may be closed under restrictions of the Presidential Records Act and the Freedom of Information Act (FOIA). Withdrawal sheets in processed folders will indicate specific closures and restrictions.,Unrestricted,verified in OCR,George H.W. Bush Presidential Records,"Policy Development, White House Office of","Goldstein, Ed, Files",,06682,06682-021,285411054,1234,546366,0,0,0,0,0,0,0,0,0,0,0,0,White House Office of Policy Development | Ed Goldstein Subject Files,"Finding-aid lead retained because of global climate or summit-environment title terms. Review the folder document by document; the title does not establish document identity, selection value, or release completeness.","search to quantitatively link radiative change and climate change. The specific focus will be to | sponse to climate change) and, also, the effect of the neotectonic history of the land on ice | sponse to global warming and the contribution of newly released ""greenhouse"" gases to the atmos- | gional climate change. The research addresses questions of climate response to forcings and | gional Climate Change Effects. To investigate the effect of changing climate on ecosystem","George H.W. Bush Library, Bush Presidential Records, White House Office of Policy Development, Ed Goldstein Subject Files, OA/ID 06682–021, Global Climate Research [Our Changing Planet: The FY 1990 Research Plan 7/89] [2 copies].",https://catalog.archives.gov/id/285411053,https://catalog.archives.gov/medialz/presidential-libraries/bush/foia/2017/41-bpr-poldev-goldstein-06682-021.pdf
653628655,05841-005,633663627,GB-POD-043b,Roger Porter's Chronological Files,05841/2,July 1989 Porter,1989-07-01,1989-07-31,July 1989,month,Explicit folder-title date,Trade Policy and Market Access,Consider,Selective review,Restricted - Partly,,Unrestricted,verified in OCR,George H.W. Bush Presidential Records,"Policy Development, White House Office of","Porter, Roger, Files",Chronological Files,05841,05841-005,653628656,18025516,74549,0,0,13,0,0,2,32,27,3,2,0,0,White House Office of Policy Development | Roger Porter's Chronological Files,"Finding-aid lead retained because of online Roger Porter chronological file requiring document-level screening. Review the folder document by document; the title does not establish document identity, selection value, or release completeness.","st of the world. The steel VRAs, for example, require U.S. | U.S.-Japan Structural Impediments Initiative (SII)","George H.W. Bush Library, Bush Presidential Records, White House Office of Policy Development, Roger Porter's Chronological Files, OA/ID 05841–005, July 1989 Porter.",https://catalog.archives.gov/id/653628655,https://catalog.archives.gov/medialz/presidential-libraries/bush/gb-pod/porter/chron_633663627/41-bpr-poldev-porter-chron-05841-005.pdf
653628657,05841-006,633663627,GB-POD-043b,Roger Porter's Chronological Files,05841/2,Porter - Aug [August] 1989,1989-08-01,1989-08-31,August 1989,month,Explicit folder-title date,Trade Policy and Market Access,Consider,Selective review,Unrestricted,,Unrestricted,verified in OCR,George H.W. Bush Presidential Records,"Policy Development, White House Office of","Porter, Roger, Files",Chronological Files,05841,05841-006,653628658,30779420,118868,5,2,37,4,0,0,25,22,0,2,0,1,White House Office of Policy Development | Roger Porter's Chronological Files,"Finding-aid lead retained because of online Roger Porter chronological file requiring document-level screening. Review the folder document by document; the title does not establish document identity, selection value, or release completeness.","moved U.S. -Japan trade issues from the top of the political | commended that Japan continue policies designed to | moving Japanese trade barriers, but on the whole the | sult of deadlines on Super 301 and the Structural | sults. It is, however, important that SII produce some | spond to global warming. The measures include a framework | Delivery of Special Message to Japan/USA Conference","George H.W. Bush Library, Bush Presidential Records, White House Office of Policy Development, Roger Porter's Chronological Files, OA/ID 05841–006, Porter - Aug [August] 1989.",https://catalog.archives.gov/id/653628657,https://catalog.archives.gov/medialz/presidential-libraries/bush/gb-pod/porter/chron_633663627/41-bpr-poldev-porter-chron-05841-006.pdf
653628659,05841-007,633663627,GB-POD-043b,Roger Porter's Chronological Files,05841/2,Porter -  Sept [September] 1989,1989-09-01,1989-09-30,September 1989,month,Explicit folder-title date,Trade Policy and Market Access,Consider,Selective review,Unrestricted,,Unrestricted,verified in OCR,George H.W. Bush Presidential Records,"Policy Development, White House Office of","Porter, Roger, Files",Chronological Files,05841,05841-007,653628660,29271008,144513,0,0,28,0,0,0,16,1,6,6,2,1,White House Office of Policy Development | Roger Porter's Chronological Files,"Finding-aid lead retained because of online Roger Porter chronological file requiring document-level screening. Review the folder document by document; the title does not establish document identity, selection value, or release completeness.",,"George H.W. Bush Library, Bush Presidential Records, White House Office of Policy Development, Roger Porter's Chronological Files, OA/ID 05841–007, Porter -  Sept [September] 1989.",https://catalog.archives.gov/id/653628659,https://catalog.archives.gov/medialz/presidential-libraries/bush/gb-pod/porter/chron_633663627/41-bpr-poldev-porter-chron-05841-007.pdf
653628661,05841-008,633663627,GB-POD-043b,Roger Porter's Chronological Files,05841/2,Porter - Oct [October] 1989,1989-10-01,1989-10-31,October 1989,month,Explicit folder-title date,Trade Policy and Market Access,Consider,Selective review,Unrestricted,,Unrestricted,verified in OCR,George H.W. Bush Presidential Records,"Policy Development, White House Office of","Porter, Roger, Files",Chronological Files,05841,05841-008,653628662,54169384,251312,0,0,31,1,0,0,31,19,2,0,10,0,White House Office of Policy Development | Roger Porter's Chronological Files,"Finding-aid lead retained because of online Roger Porter chronological file requiring document-level screening. Review the folder document by document; the title does not establish document identity, selection value, or release completeness.","cent visit to the Soviet Union. This was the first visit by | ad: ""and enhance our global climate change research program.""","George H.W. Bush Library, Bush Presidential Records, White House Office of Policy Development, Roger Porter's Chronological Files, OA/ID 05841–008, Porter - Oct [October] 1989.",https://catalog.archives.gov/id/653628661,https://catalog.archives.gov/medialz/presidential-libraries/bush/gb-pod/porter/chron_633663627/41-bpr-poldev-porter-chron-05841-008.pdf
509545336,04153-019,2600856,GB-POD-031,Nancy Maloley Subject Files,04153,DPC Global Warming Meeting - 10/20/89,1989-10-20,1989-10-20,"October 20, 1989",day,Explicit folder-title date,Economic Summits and Industrialized-Country Cooperation,Consider,Selective review,Restricted - Possibly,Records may be closed under exemptions of the Presidential Records Act (PRA) and the Freedom of Information Act (FOIA). Withdrawal sheets in processed folders will indicate specific restrictions.,Unrestricted,not online,,,,,,,,0,,0,0,0,0,0,0,0,0,0,0,0,0,White House Office of Policy Development | Nancy Maloley Subject Files | Global environment,"Finding-aid lead retained because of global climate or summit-environment title terms. Review the folder document by document; the title does not establish document identity, selection value, or release completeness.",,"George H.W. Bush Library, Bush Presidential Records, White House Office of Policy Development, Nancy Maloley Subject Files, OA/ID 04153–019, DPC Global Warming Meeting - 10/20/89.",https://catalog.archives.gov/id/509545336,
653628663,05841-009,633663627,GB-POD-043b,Roger Porter's Chronological Files,05841/2,Porter - Nov [November] 1989,1989-11-01,1989-11-30,November 1989,month,Explicit folder-title date,Trade Policy and Market Access,Consider,Selective review,Unrestricted,,Unrestricted,verified in OCR,George H.W. Bush Presidential Records,"Policy Development, White House Office of","Porter, Roger, Files",Chronological Files,05841,05841-009,653628664,31514456,138844,1,0,28,0,0,0,34,21,4,0,2,7,White House Office of Policy Development | Roger Porter's Chronological Files,"Finding-aid lead retained because of online Roger Porter chronological file requiring document-level screening. Review the folder document by document; the title does not establish document identity, selection value, or release completeness.","gional focus on Taiwan and Korea, drawing together several | gulation from the United States, Taiwan, and Korea; government | ciprocal Trade Agreements in the 1930s to","George H.W. Bush Library, Bush Presidential Records, White House Office of Policy Development, Roger Porter's Chronological Files, OA/ID 05841–009, Porter - Nov [November] 1989.",https://catalog.archives.gov/id/653628663,https://catalog.archives.gov/medialz/presidential-libraries/bush/gb-pod/porter/chron_633663627/41-bpr-poldev-porter-chron-05841-009.pdf
509545457,04824-004,505628525,GB-POD-025,J. French Hill 1990 EPC Meetings Files,04824,"EPC Meeting: Oil Export Study, 11/28/89",1989-11-28,1989-11-28,"November 28, 1989",day,Explicit folder-title date,Trade Policy and Market Access,Core,Volume XXX review,Restricted - Possibly,Records may be closed under exemptions of the Presidential Records Act (PRA) and the Freedom of Information Act (FOIA). Withdrawal sheets in processed folders will indicate specific restrictions.,Unrestricted,not online,,,,,,,,0,,0,0,0,0,0,0,0,0,0,0,0,0,White House Office of Policy Development | J. French Hill 1990 EPC Meetings Files,"Finding-aid lead retained because of foreign-economic title terms. Review the folder document by document; the title does not establish document identity, selection value, or release completeness.",,"George H.W. Bush Library, Bush Presidential Records, White House Office of Policy Development, J. French Hill 1990 EPC Meetings Files, OA/ID 04824–004, EPC Meeting: Oil Export Study, 11/28/89.",https://catalog.archives.gov/id/509545457,
285411055,06683-004,2600820,GB-POD-022,Ed Goldstein Subject Files,06683,EPA - Global Climate Change [The Potential for Global Climate Change on the United States 12/89],1989-12-01,1989-12-31,December 1989,month,Explicit folder-title date,Economic Summits and Industrialized-Country Cooperation,Consider,Selective review,Restricted - Possibly,Records may be closed under restrictions of the Presidential Records Act and the Freedom of Information Act (FOIA). Withdrawal sheets in processed folders will indicate specific closures and restrictions.,Unrestricted,verified in OCR,George H.W. Bush Presidential Records,"Policy Development, White House Office of","Goldstein, Ed, Files",,06683,06683-004,285411056,1234,1407014,0,0,0,0,0,0,3,0,3,0,0,0,White House Office of Policy Development | Ed Goldstein Subject Files | Global environment,"Finding-aid lead retained because of global climate or summit-environment title terms. Review the folder document by document; the title does not establish document identity, selection value, or release completeness.","latively rapid climate change may be particularly acute. Sea level rise could lead to the loss of many coastal | affirmed these estimates. Such a climate change | gional climate change scenarios to reflect the | sponse to gradual global warming. If change | to uncertainties about climate change and | quirements, assuming no climate change. By | latively rapid global climate changes. In | latively flat curve from 1940 to 1975 show that there are also other important causes of climate change (Wigley | sult of climate change, to particular impact areas | sponses of forests to CO2-induced climate change. | gional climate change. They should be | spond to global warming. | gional estimates of climate change from GCMs, | sponse to CO2-induced global warming) would | liably detect the effects of rapid climate change? | sponses of forests to CO₂ induced climate change. | sources. With climate change alone, corn | main the same in the climate change scenarios, | lief, recovery, and mitigation of climate change | gions to climate change should also be considered. | search on climate change and livestock | lative sea level rise. Although climate change | sponse to global warming would require a 200- to | spond to climate change by moving into a new | duced as a result of climate change, powerplants | spond to climate change in the absence of | fine global climate change models and | solved regarding climate change and air quality | sulting from climate change should be | spiratory system because climate change can | duced under global warming. | spond to a disease, and global warming | act to climate change by redrawing | sponse to global climate change. Fortunately, air- | sult from climate change. | sponse to climate change. | sponse to climate change (Sheer and Randall, | sponse to climate change should focus on how the | ductions were not as great as with climate change | sponse to climate change, but Pacific Coast State | st of the region, unless climate change is | sponses to climate change. Intensified agriculture | spond to climate change. Their analysis relied | quirements without climate change are estimated | gional climate change with regional | spond to global warming, based on what people | sponses to CO2-Induced Climate Change.","George H.W. Bush Library, Bush Presidential Records, White House Office of Policy Development, Ed Goldstein Subject Files, OA/ID 06683–004, EPA - Global Climate Change [The Potential for Global Climate Change on the United States 12/89].",https://catalog.archives.gov/id/285411055,https://catalog.archives.gov/medialz/presidential-libraries/bush/foia/2017/41-bpr-poldev-goldstein-06683-004.pdf
653628665,05841-010,633663627,GB-POD-043b,Roger Porter's Chronological Files,05841/2,Porter - Dec 89 [December 1989],1989-12-01,1989-12-31,December 1989,month,Explicit folder-title date,Trade Policy and Market Access,Consider,Selective review,Unrestricted,,Unrestricted,verified in OCR,George H.W. Bush Presidential Records,"Policy Development, White House Office of","Porter, Roger, Files",Chronological Files,05841,05841-010,653628666,22703568,96855,0,0,29,0,0,0,23,20,2,0,0,1,White House Office of Policy Development | Roger Porter's Chronological Files,"Finding-aid lead retained because of online Roger Porter chronological file requiring document-level screening. Review the folder document by document; the title does not establish document identity, selection value, or release completeness.",,"George H.W. Bush Library, Bush Presidential Records, White House Office of Policy Development, Roger Porter's Chronological Files, OA/ID 05841–010, Porter - Dec 89 [December 1989].",https://catalog.archives.gov/id/653628665,https://catalog.archives.gov/medialz/presidential-libraries/bush/gb-pod/porter/chron_633663627/41-bpr-poldev-porter-chron-05841-010.pdf
653628667,05841-011,633663627,GB-POD-043b,Roger Porter's Chronological Files,05841/2,Porter - Jan 90 [January 1990],1990-01-01,1990-01-31,January 1990,month,Explicit folder-title date,Trade Policy and Market Access,Consider,Selective review,Unrestricted,,Unrestricted,verified in OCR,George H.W. Bush Presidential Records,"Policy Development, White House Office of","Porter, Roger, Files",Chronological Files,05841,05841-011,653628668,53217168,225682,1,0,44,1,0,0,62,44,7,6,4,1,White House Office of Policy Development | Roger Porter's Chronological Files,"Finding-aid lead retained because of online Roger Porter chronological file requiring document-level screening. Review the folder document by document; the title does not establish document identity, selection value, or release completeness.",garding the Uruguay Round negotiations.,"George H.W. Bush Library, Bush Presidential Records, White House Office of Policy Development, Roger Porter's Chronological Files, OA/ID 05841–011, Porter - Jan 90 [January 1990].",https://catalog.archives.gov/id/653628667,https://catalog.archives.gov/medialz/presidential-libraries/bush/gb-pod/porter/chron_633663627/41-bpr-poldev-porter-chron-05841-011.pdf
509548134,CF01119-002,506211263,GB-POD-014,Stephen P. Farrar Trade Files,CF01119,Trade Chron Files: 1990,1990-01-01,1990-12-31,"January 1, 1990-December 31, 1990",range,Catalog coverage dates,Trade Policy and Market Access,Consider,Volume XXX review,Restricted - Possibly,Records may be closed under exemptions of the Presidential Records Act (PRA) and the Freedom of Information Act (FOIA). Withdrawal sheets in processed folders will indicate specific restrictions.,Unrestricted,not online,,,,,,,,0,,0,0,0,0,0,0,0,0,0,0,0,0,White House Office of Policy Development | Stephen P. Farrar Trade Files | Trade policy,"Finding-aid lead retained because of functional trade or international-economic series, foreign-economic title terms. Review the folder document by document; the title does not establish document identity, selection value, or release completeness.",,"George H.W. Bush Library, Bush Presidential Records, White House Office of Policy Development, Stephen P. Farrar Trade Files, OA/ID CF01119–002, Trade Chron Files: 1990.",https://catalog.archives.gov/id/509548134,
653628669,05841-012,633663627,GB-POD-043b,Roger Porter's Chronological Files,05841/3,Porter - Feb-90 [February 1990],1990-02-01,1990-02-28,February 1990,month,Explicit folder-title date,Trade Policy and Market Access,Consider,Selective review,Unrestricted,,Unrestricted,verified in OCR,George H.W. Bush Presidential Records,"Policy Development, White House Office of","Porter, Roger, Files",Chronological Files,05841,05841-012,653628670,11605996,40795,0,0,20,0,0,0,2,2,0,0,0,0,White House Office of Policy Development | Roger Porter's Chronological Files,"Finding-aid lead retained because of online Roger Porter chronological file requiring document-level screening. Review the folder document by document; the title does not establish document identity, selection value, or release completeness.",,"George H.W. Bush Library, Bush Presidential Records, White House Office of Policy Development, Roger Porter's Chronological Files, OA/ID 05841–012, Porter - Feb-90 [February 1990].",https://catalog.archives.gov/id/653628669,https://catalog.archives.gov/medialz/presidential-libraries/bush/gb-pod/porter/chron_633663627/41-bpr-poldev-porter-chron-05841-012.pdf
509545498,04939-094,505628526,GB-POD-041,James Pinkerton Chronological Files,04939,Intergovernmental Panel on Climate Change 2/5/90,1990-02-05,1990-02-05,"February 5, 1990",day,Explicit folder-title date,Economic Summits and Industrialized-Country Cooperation,Consider,Selective review,Restricted - Possibly,Records may be closed under exemptions of the Presidential Records Act (PRA) and the Freedom of Information Act (FOIA). Withdrawal sheets in processed folders will indicate specific restrictions.,Unrestricted,not online,,,,,,,,0,,0,0,0,0,0,0,0,0,0,0,0,0,White House Office of Policy Development | James Pinkerton Chronological Files | Global environment,"Finding-aid lead retained because of global climate or summit-environment title terms. Review the folder document by document; the title does not establish document identity, selection value, or release completeness.",,"George H.W. Bush Library, Bush Presidential Records, White House Office of Policy Development, James Pinkerton Chronological Files, OA/ID 04939–094, Intergovernmental Panel on Climate Change 2/5/90.",https://catalog.archives.gov/id/509545498,
653628671,05841-013,633663627,GB-POD-043b,Roger Porter's Chronological Files,05841/3,Porter - Mar 90 [March 1990],1990-03-01,1990-03-31,March 1990,month,Explicit folder-title date,Trade Policy and Market Access,Consider,Selective review,Unrestricted,,Unrestricted,verified in OCR,George H.W. Bush Presidential Records,"Policy Development, White House Office of","Porter, Roger, Files",Chronological Files,05841,05841-013,653628672,6986751,27021,0,0,6,0,0,0,0,0,0,0,0,0,White House Office of Policy Development | Roger Porter's Chronological Files,"Finding-aid lead retained because of online Roger Porter chronological file requiring document-level screening. Review the folder document by document; the title does not establish document identity, selection value, or release completeness.","presentatives of the European Community on March 29-30,","George H.W. Bush Library, Bush Presidential Records, White House Office of Policy Development, Roger Porter's Chronological Files, OA/ID 05841–013, Porter - Mar 90 [March 1990].",https://catalog.archives.gov/id/653628671,https://catalog.archives.gov/medialz/presidential-libraries/bush/gb-pod/porter/chron_633663627/41-bpr-poldev-porter-chron-05841-013.pdf
653628673,05841-014,633663627,GB-POD-043b,Roger Porter's Chronological Files,05841/3,Porter - Apr-90 [April 1990],1990-04-01,1990-04-30,April 1990,month,Explicit folder-title date,Trade Policy and Market Access,Consider,Selective review,Unrestricted,,Unrestricted,verified in OCR,George H.W. Bush Presidential Records,"Policy Development, White House Office of","Porter, Roger, Files",Chronological Files,05841,05841-014,653628674,6380241,26461,0,0,6,0,0,0,0,0,0,0,0,0,White House Office of Policy Development | Roger Porter's Chronological Files,"Finding-aid lead retained because of online Roger Porter chronological file requiring document-level screening. Review the folder document by document; the title does not establish document identity, selection value, or release completeness.",,"George H.W. Bush Library, Bush Presidential Records, White House Office of Policy Development, Roger Porter's Chronological Files, OA/ID 05841–014, Porter - Apr-90 [April 1990].",https://catalog.archives.gov/id/653628673,https://catalog.archives.gov/medialz/presidential-libraries/bush/gb-pod/porter/chron_633663627/41-bpr-poldev-porter-chron-05841-014.pdf
653628675,05841-015,633663627,GB-POD-043b,Roger Porter's Chronological Files,05841/3,Porter - May 90 [1990],1990-05-01,1990-05-31,May 1990,month,Explicit folder-title date,Trade Policy and Market Access,Consider,Selective review,Unrestricted,,Unrestricted,verified in OCR,George H.W. Bush Presidential Records,"Policy Development, White House Office of","Porter, Roger, Files",Chronological Files,05841,05841-015,653628676,29980616,127866,3,2,17,0,0,0,24,8,16,0,0,0,White House Office of Policy Development | Roger Porter's Chronological Files,"Finding-aid lead retained because of online Roger Porter chronological file requiring document-level screening. Review the folder document by document; the title does not establish document identity, selection value, or release completeness.",actions to the Super 301 Decision | mains skeptical that Japan will implement its agreements,"George H.W. Bush Library, Bush Presidential Records, White House Office of Policy Development, Roger Porter's Chronological Files, OA/ID 05841–015, Porter - May 90 [1990].",https://catalog.archives.gov/id/653628675,https://catalog.archives.gov/medialz/presidential-libraries/bush/gb-pod/porter/chron_633663627/41-bpr-poldev-porter-chron-05841-015.pdf
653628677,05841-016,633663627,GB-POD-043b,Roger Porter's Chronological Files,05841/3,Porter - Jun 90 [June 1990],1990-06-01,1990-06-30,June 1990,month,Explicit folder-title date,Trade Policy and Market Access,Consider,Selective review,Unrestricted,,Unrestricted,verified in OCR,George H.W. Bush Presidential Records,"Policy Development, White House Office of","Porter, Roger, Files",Chronological Files,05841,05841-016,653628678,50770928,218599,2,0,51,3,0,0,18,13,0,4,1,0,White House Office of Policy Development | Roger Porter's Chronological Files,"Finding-aid lead retained because of online Roger Porter chronological file requiring document-level screening. Review the folder document by document; the title does not establish document identity, selection value, or release completeness.",cognize Red China. I would hold out against a VAT as long as,"George H.W. Bush Library, Bush Presidential Records, White House Office of Policy Development, Roger Porter's Chronological Files, OA/ID 05841–016, Porter - Jun 90 [June 1990].",https://catalog.archives.gov/id/653628677,https://catalog.archives.gov/medialz/presidential-libraries/bush/gb-pod/porter/chron_633663627/41-bpr-poldev-porter-chron-05841-016.pdf
653628679,05841-017,633663627,GB-POD-043b,Roger Porter's Chronological Files,05841/3,Porter - Jul 90 [July 1990],1990-07-01,1990-07-31,July 1990,month,Explicit folder-title date,Trade Policy and Market Access,Consider,Selective review,Unrestricted,,Unrestricted,verified in OCR,George H.W. Bush Presidential Records,"Policy Development, White House Office of","Porter, Roger, Files",Chronological Files,05841,05841-017,653628680,37762456,197428,0,0,26,0,0,0,5,0,0,2,3,0,White House Office of Policy Development | Roger Porter's Chronological Files,"Finding-aid lead retained because of online Roger Porter chronological file requiring document-level screening. Review the folder document by document; the title does not establish document identity, selection value, or release completeness.",,"George H.W. Bush Library, Bush Presidential Records, White House Office of Policy Development, Roger Porter's Chronological Files, OA/ID 05841–017, Porter - Jul 90 [July 1990].",https://catalog.archives.gov/id/653628679,https://catalog.archives.gov/medialz/presidential-libraries/bush/gb-pod/porter/chron_633663627/41-bpr-poldev-porter-chron-05841-017.pdf
509545577,04952-071,2600883,GB-POD-042,James Pinkerton Files,04952,"G-7 Economic Summit - Houston, Texas 7/9/90",1990-07-09,1990-07-09,"July 9, 1990",day,Explicit folder-title date,Economic Summits and Industrialized-Country Cooperation,Core,Volume XXX review,Restricted - Possibly,Records may be closed under exemptions of the Presidential Records Act (PRA) and the Freedom of Information Act (FOIA). Withdrawal sheets in processed folders will indicate specific restrictions.,Unrestricted,not online,,,,,,,,0,,0,0,0,0,0,0,0,0,0,0,0,0,White House Office of Policy Development | James Pinkerton Files | Economic summits,"Finding-aid lead retained because of foreign-economic title terms. Review the folder document by document; the title does not establish document identity, selection value, or release completeness.",,"George H.W. Bush Library, Bush Presidential Records, White House Office of Policy Development, James Pinkerton Files, OA/ID 04952–071, G-7 Economic Summit - Houston, Texas 7/9/90.",https://catalog.archives.gov/id/509545577,
653628681,05841-018,633663627,GB-POD-043b,Roger Porter's Chronological Files,05841/3,Porter - Aug 90 [August 1990],1990-08-01,1990-08-31,August 1990,month,Explicit folder-title date,Trade Policy and Market Access,Consider,Selective review,Unrestricted,,Unrestricted,verified in OCR,George H.W. Bush Presidential Records,"Policy Development, White House Office of","Porter, Roger, Files",Chronological Files,05841,05841-018,653628682,16443387,77082,2,0,16,0,0,0,0,0,0,0,0,0,White House Office of Policy Development | Roger Porter's Chronological Files,"Finding-aid lead retained because of online Roger Porter chronological file requiring document-level screening. Review the folder document by document; the title does not establish document identity, selection value, or release completeness.",,"George H.W. Bush Library, Bush Presidential Records, White House Office of Policy Development, Roger Porter's Chronological Files, OA/ID 05841–018, Porter - Aug 90 [August 1990].",https://catalog.archives.gov/id/653628681,https://catalog.archives.gov/medialz/presidential-libraries/bush/gb-pod/porter/chron_633663627/41-bpr-poldev-porter-chron-05841-018.pdf
653628683,05841-019,633663627,GB-POD-043b,Roger Porter's Chronological Files,05841/3,Porter - Sept 90 [September 1990],1990-09-01,1990-09-30,September 1990,month,Explicit folder-title date,Trade Policy and Market Access,Consider,Selective review,Unrestricted,,Unrestricted,verified in OCR,George H.W. Bush Presidential Records,"Policy Development, White House Office of","Porter, Roger, Files",Chronological Files,05841,05841-019,653628684,28921164,138993,0,0,24,0,0,0,0,0,0,0,0,0,White House Office of Policy Development | Roger Porter's Chronological Files,"Finding-aid lead retained because of online Roger Porter chronological file requiring document-level screening. Review the folder document by document; the title does not establish document identity, selection value, or release completeness.",,"George H.W. Bush Library, Bush Presidential Records, White House Office of Policy Development, Roger Porter's Chronological Files, OA/ID 05841–019, Porter - Sept 90 [September 1990].",https://catalog.archives.gov/id/653628683,https://catalog.archives.gov/medialz/presidential-libraries/bush/gb-pod/porter/chron_633663627/41-bpr-poldev-porter-chron-05841-019.pdf
653628685,05841-020,633663627,GB-POD-043b,Roger Porter's Chronological Files,05841/3,Porter - Oct 90 [October 1990],1990-10-01,1990-10-31,October 1990,month,Explicit folder-title date,Trade Policy and Market Access,Consider,Selective review,Unrestricted,,Unrestricted,verified in OCR,George H.W. Bush Presidential Records,"Policy Development, White House Office of","Porter, Roger, Files",Chronological Files,05841,05841-020,653628686,15504908,56462,1,0,21,0,0,0,0,0,0,0,0,0,White House Office of Policy Development | Roger Porter's Chronological Files,"Finding-aid lead retained because of online Roger Porter chronological file requiring document-level screening. Review the folder document by document; the title does not establish document identity, selection value, or release completeness.",,"George H.W. Bush Library, Bush Presidential Records, White House Office of Policy Development, Roger Porter's Chronological Files, OA/ID 05841–020, Porter - Oct 90 [October 1990].",https://catalog.archives.gov/id/653628685,https://catalog.archives.gov/medialz/presidential-libraries/bush/gb-pod/porter/chron_633663627/41-bpr-poldev-porter-chron-05841-020.pdf
653628687,05841-021,633663627,GB-POD-043b,Roger Porter's Chronological Files,05841/3,Porter - Nov 90 [November 1990],1990-11-01,1990-11-30,November 1990,month,Explicit folder-title date,Trade Policy and Market Access,Consider,Selective review,Unrestricted,,Unrestricted,verified in OCR,George H.W. Bush Presidential Records,"Policy Development, White House Office of","Porter, Roger, Files",Chronological Files,05841,05841-021,653628688,17913024,87645,1,0,16,0,0,0,1,1,0,0,0,0,White House Office of Policy Development | Roger Porter's Chronological Files,"Finding-aid lead retained because of online Roger Porter chronological file requiring document-level screening. Review the folder document by document; the title does not establish document identity, selection value, or release completeness.",,"George H.W. Bush Library, Bush Presidential Records, White House Office of Policy Development, Roger Porter's Chronological Files, OA/ID 05841–021, Porter - Nov 90 [November 1990].",https://catalog.archives.gov/id/653628687,https://catalog.archives.gov/medialz/presidential-libraries/bush/gb-pod/porter/chron_633663627/41-bpr-poldev-porter-chron-05841-021.pdf
653628689,05841-022,633663627,GB-POD-043b,Roger Porter's Chronological Files,05841/3,Porter - Dec-90 [December 1990],1990-12-01,1990-12-31,December 1990,month,Explicit folder-title date,Trade Policy and Market Access,Consider,Selective review,Unrestricted,,Unrestricted,verified in OCR,George H.W. Bush Presidential Records,"Policy Development, White House Office of","Porter, Roger, Files",Chronological Files,05841,05841-022,653628690,12585442,87430,0,0,4,0,0,0,0,0,0,0,0,0,White House Office of Policy Development | Roger Porter's Chronological Files,"Finding-aid lead retained because of online Roger Porter chronological file requiring document-level screening. Review the folder document by document; the title does not establish document identity, selection value, or release completeness.",,"George H.W. Bush Library, Bush Presidential Records, White House Office of Policy Development, Roger Porter's Chronological Files, OA/ID 05841–022, Porter - Dec-90 [December 1990].",https://catalog.archives.gov/id/653628689,https://catalog.archives.gov/medialz/presidential-libraries/bush/gb-pod/porter/chron_633663627/41-bpr-poldev-porter-chron-05841-022.pdf
509548135,CF01119-003,506211263,GB-POD-014,Stephen P. Farrar Trade Files,CF01119,Trade Chron Files: 1991,1991-01-01,1991-12-31,"January 1, 1991-December 31, 1991",range,Catalog coverage dates,Trade Policy and Market Access,Consider,Volume XXX review,Restricted - Possibly,Records may be closed under exemptions of the Presidential Records Act (PRA) and the Freedom of Information Act (FOIA). Withdrawal sheets in processed folders will indicate specific restrictions.,Unrestricted,not online,,,,,,,,0,,0,0,0,0,0,0,0,0,0,0,0,0,White House Office of Policy Development | Stephen P. Farrar Trade Files | Trade policy,"Finding-aid lead retained because of functional trade or international-economic series, foreign-economic title terms. Review the folder document by document; the title does not establish document identity, selection value, or release completeness.",,"George H.W. Bush Library, Bush Presidential Records, White House Office of Policy Development, Stephen P. Farrar Trade Files, OA/ID CF01119–003, Trade Chron Files: 1991.",https://catalog.archives.gov/id/509548135,
509546902,07676-008,2600823,GB-POD-023,Teresa Gorman Subject Files,07676,Global Warming: Global Climate Change 1/91 [1],1991-01-01,1991-01-31,January 1991,month,Explicit folder-title date,Economic Summits and Industrialized-Country Cooperation,Consider,Selective review,Restricted - Possibly,Records may be closed under exemptions of the Presidential Records Act (PRA) and the Freedom of Information Act (FOIA). Withdrawal sheets in processed folders will indicate specific restrictions.,Unrestricted,not online,,,,,,,,0,,0,0,0,0,0,0,0,0,0,0,0,0,White House Office of Policy Development | Teresa Gorman Subject Files | Global environment,"Finding-aid lead retained because of global climate or summit-environment title terms. Review the folder document by document; the title does not establish document identity, selection value, or release completeness.",,"George H.W. Bush Library, Bush Presidential Records, White House Office of Policy Development, Teresa Gorman Subject Files, OA/ID 07676–008, Global Warming: Global Climate Change 1/91 [1].",https://catalog.archives.gov/id/509546902,
509546903,07676-009,2600823,GB-POD-023,Teresa Gorman Subject Files,07676,Global Warming: Global Climate Change 1/91 [2],1991-01-01,1991-01-31,January 1991,month,Explicit folder-title date,Economic Summits and Industrialized-Country Cooperation,Consider,Selective review,Restricted - Possibly,Records may be closed under exemptions of the Presidential Records Act (PRA) and the Freedom of Information Act (FOIA). Withdrawal sheets in processed folders will indicate specific restrictions.,Unrestricted,not online,,,,,,,,0,,0,0,0,0,0,0,0,0,0,0,0,0,White House Office of Policy Development | Teresa Gorman Subject Files | Global environment,"Finding-aid lead retained because of global climate or summit-environment title terms. Review the folder document by document; the title does not establish document identity, selection value, or release completeness.",,"George H.W. Bush Library, Bush Presidential Records, White House Office of Policy Development, Teresa Gorman Subject Files, OA/ID 07676–009, Global Warming: Global Climate Change 1/91 [2].",https://catalog.archives.gov/id/509546903,
509546904,07676-010,2600823,GB-POD-023,Teresa Gorman Subject Files,07676,Global Warming: Global Climate Change 1/91 [3],1991-01-01,1991-01-31,January 1991,month,Explicit folder-title date,Economic Summits and Industrialized-Country Cooperation,Consider,Selective review,Restricted - Possibly,Records may be closed under exemptions of the Presidential Records Act (PRA) and the Freedom of Information Act (FOIA). Withdrawal sheets in processed folders will indicate specific restrictions.,Unrestricted,not online,,,,,,,,0,,0,0,0,0,0,0,0,0,0,0,0,0,White House Office of Policy Development | Teresa Gorman Subject Files | Global environment,"Finding-aid lead retained because of global climate or summit-environment title terms. Review the folder document by document; the title does not establish document identity, selection value, or release completeness.",,"George H.W. Bush Library, Bush Presidential Records, White House Office of Policy Development, Teresa Gorman Subject Files, OA/ID 07676–010, Global Warming: Global Climate Change 1/91 [3].",https://catalog.archives.gov/id/509546904,
653628639,03861-001,633663627,GB-POD-043b,Roger Porter's Chronological Files,03861,"[Staffing Memoranda, April-May, 1991] [1]",1991-04-01,1991-05-31,April-May 1991,range,Explicit folder-title date,Trade Policy and Market Access,Consider,Selective review,Unrestricted,,Unrestricted,verified in OCR,George H.W. Bush Presidential Records,"Policy Development, White House Office of","Porter, Roger, Files",Chronological Files,03861,03861-001,653628640,85018776,328885,2,0,21,0,0,0,40,38,0,0,2,0,White House Office of Policy Development | Roger Porter's Chronological Files,"Finding-aid lead retained because of online Roger Porter chronological file requiring document-level screening. Review the folder document by document; the title does not establish document identity, selection value, or release completeness.",BRIEF REMARKS: HISPANIC BUSINESS LEADERS/ FREE TRADE | ject trade agreements. Congress will still have its say -- in,"George H.W. Bush Library, Bush Presidential Records, White House Office of Policy Development, Roger Porter's Chronological Files, OA/ID 03861–001, [Staffing Memoranda, April-May, 1991] [1].",https://catalog.archives.gov/id/653628639,https://catalog.archives.gov/medialz/presidential-libraries/bush/gb-pod/porter/chron_633663627/41-bpr-poldev-porter-chron-03861-001.pdf
653628641,03861-002,633663627,GB-POD-043b,Roger Porter's Chronological Files,03861,"[Staffing Memoranda, April-May, 1991] [2]",1991-04-01,1991-05-31,April-May 1991,range,Explicit folder-title date,Trade Policy and Market Access,Consider,Selective review,Unrestricted,,Unrestricted,verified in OCR,George H.W. Bush Presidential Records,"Policy Development, White House Office of","Porter, Roger, Files",Chronological Files,03861,03861-002,653628642,71390600,247272,7,0,17,0,0,0,6,2,0,0,4,0,White House Office of Policy Development | Roger Porter's Chronological Files,"Finding-aid lead retained because of online Roger Porter chronological file requiring document-level screening. Review the folder document by document; the title does not establish document identity, selection value, or release completeness.",,"George H.W. Bush Library, Bush Presidential Records, White House Office of Policy Development, Roger Porter's Chronological Files, OA/ID 03861–002, [Staffing Memoranda, April-May, 1991] [2].",https://catalog.archives.gov/id/653628641,https://catalog.archives.gov/medialz/presidential-libraries/bush/gb-pod/porter/chron_633663627/41-bpr-poldev-porter-chron-03861-002.pdf
653628643,03861-003,633663627,GB-POD-043b,Roger Porter's Chronological Files,03861,"[Staffing Memoranda, June-July, 1991] [1]",1991-06-01,1991-07-31,June-July 1991,range,Explicit folder-title date,Trade Policy and Market Access,Consider,Selective review,Unrestricted,,Unrestricted,verified in OCR,George H.W. Bush Presidential Records,"Policy Development, White House Office of","Porter, Roger, Files",Chronological Files,03861,03861-003,653628644,58220220,194684,8,0,13,0,0,0,2,0,0,0,2,0,White House Office of Policy Development | Roger Porter's Chronological Files,"Finding-aid lead retained because of online Roger Porter chronological file requiring document-level screening. Review the folder document by document; the title does not establish document identity, selection value, or release completeness.",,"George H.W. Bush Library, Bush Presidential Records, White House Office of Policy Development, Roger Porter's Chronological Files, OA/ID 03861–003, [Staffing Memoranda, June-July, 1991] [1].",https://catalog.archives.gov/id/653628643,https://catalog.archives.gov/medialz/presidential-libraries/bush/gb-pod/porter/chron_633663627/41-bpr-poldev-porter-chron-03861-003.pdf
653628645,03861-004,633663627,GB-POD-043b,Roger Porter's Chronological Files,03861,"[Staffing Memoranda, June-July, 1991] [2]",1991-06-01,1991-07-31,June-July 1991,range,Explicit folder-title date,Trade Policy and Market Access,Consider,Selective review,Unrestricted,,Unrestricted,verified in OCR,George H.W. Bush Presidential Records,"Policy Development, White House Office of","Porter, Roger, Files",Chronological Files,03861,03861-004,653628646,49545944,177232,7,0,12,0,0,0,5,3,2,0,0,0,White House Office of Policy Development | Roger Porter's Chronological Files,"Finding-aid lead retained because of online Roger Porter chronological file requiring document-level screening. Review the folder document by document; the title does not establish document identity, selection value, or release completeness.",,"George H.W. Bush Library, Bush Presidential Records, White House Office of Policy Development, Roger Porter's Chronological Files, OA/ID 03861–004, [Staffing Memoranda, June-July, 1991] [2].",https://catalog.archives.gov/id/653628645,https://catalog.archives.gov/medialz/presidential-libraries/bush/gb-pod/porter/chron_633663627/41-bpr-poldev-porter-chron-03861-004.pdf
509546661,07405-004,2600865,GB-POD-032,Warren Maruyama Subject Files,07405,Video: NHK - Japan Broadcasting - The Uruguay Round 11/18/91,1991-11-18,1991-11-18,"November 18, 1991",day,Explicit folder-title date,Trade Policy and Market Access,Consider,Volume XXX review,Restricted - Possibly,Records may be closed under exemptions of the Presidential Records Act (PRA) and the Freedom of Information Act (FOIA). Withdrawal sheets in processed folders will indicate specific restrictions.,Unrestricted,not online,,,,,,,,0,,0,0,0,0,0,0,0,0,0,0,0,0,White House Office of Policy Development | Warren Maruyama Subject Files | Trade policy,"Finding-aid lead retained because of functional trade or international-economic series, foreign-economic title terms. Review the folder document by document; the title does not establish document identity, selection value, or release completeness.",,"George H.W. Bush Library, Bush Presidential Records, White House Office of Policy Development, Warren Maruyama Subject Files, OA/ID 07405–004, Video: NHK - Japan Broadcasting - The Uruguay Round 11/18/91.",https://catalog.archives.gov/id/509546661,
285411057,06683-017,2600820,GB-POD-022,Ed Goldstein Subject Files,06683,Climate Change 1992,1992-01-01,1992-12-31,1992,year,Year stated in folder title,Economic Summits and Industrialized-Country Cooperation,Consider,Selective review,Restricted - Possibly,Records may be closed under restrictions of the Presidential Records Act and the Freedom of Information Act (FOIA). Withdrawal sheets in processed folders will indicate specific closures and restrictions.,Unrestricted,verified in OCR,George H.W. Bush Presidential Records,"Policy Development, White House Office of","Goldstein, Ed, Files",,06683,06683-017,285411058,1234,19547,0,0,0,0,0,0,0,0,0,0,0,0,White House Office of Policy Development | Ed Goldstein Subject Files | Global environment,"Finding-aid lead retained because of global climate or summit-environment title terms. Review the folder document by document; the title does not establish document identity, selection value, or release completeness.",asonable proxy for stabilization of all greenhouse gases in,"George H.W. Bush Library, Bush Presidential Records, White House Office of Policy Development, Ed Goldstein Subject Files, OA/ID 06683–017, Climate Change 1992.",https://catalog.archives.gov/id/285411057,https://catalog.archives.gov/medialz/presidential-libraries/bush/foia/2017/41-bpr-poldev-goldstein-06683-017.pdf
509545840,06094-015,2600827,GB-POD-026,J. French Hill Files,06094,"Trade Policy Paper, January 1992",1992-01-01,1992-01-31,January 1992,month,Explicit folder-title date controls the apparent Catalog conflict beginning 1991-01-01,Trade Policy and Market Access,Core,Volume XXX review,Restricted - Possibly,Records may be closed under exemptions of the Presidential Records Act (PRA) and the Freedom of Information Act (FOIA). Withdrawal sheets in processed folders will indicate specific restrictions.,Unrestricted,not online,,,,,,,,0,,0,0,0,0,0,0,0,0,0,0,0,0,White House Office of Policy Development | J. French Hill Files | Trade policy,"Finding-aid lead retained because of foreign-economic title terms. Review the folder document by document; the title does not establish document identity, selection value, or release completeness.",,"George H.W. Bush Library, Bush Presidential Records, White House Office of Policy Development, J. French Hill Files, OA/ID 06094–015, Trade Policy Paper, January 1992.",https://catalog.archives.gov/id/509545840,
509548136,CF01119-004,506211263,GB-POD-014,Stephen P. Farrar Trade Files,CF01119,Trade Chron Files: 1992,1992-01-01,1992-12-31,"January 1, 1992-December 31, 1992",range,Catalog coverage dates,Trade Policy and Market Access,Consider,Volume XXX review,Restricted - Possibly,Records may be closed under exemptions of the Presidential Records Act (PRA) and the Freedom of Information Act (FOIA). Withdrawal sheets in processed folders will indicate specific restrictions.,Unrestricted,not online,,,,,,,,0,,0,0,0,0,0,0,0,0,0,0,0,0,White House Office of Policy Development | Stephen P. Farrar Trade Files | Trade policy,"Finding-aid lead retained because of functional trade or international-economic series, foreign-economic title terms. Review the folder document by document; the title does not establish document identity, selection value, or release completeness.",,"George H.W. Bush Library, Bush Presidential Records, White House Office of Policy Development, Stephen P. Farrar Trade Files, OA/ID CF01119–004, Trade Chron Files: 1992.",https://catalog.archives.gov/id/509548136,
509548140,CF01119-008,506211263,GB-POD-014,Stephen P. Farrar Trade Files,CF01119,Trade Files: EEC 1992 [1],1992-01-01,1992-12-31,"January 1, 1992-December 31, 1992",range,Catalog coverage dates,Trade Policy and Market Access,Consider,Volume XXX review,Restricted - Possibly,Records may be closed under exemptions of the Presidential Records Act (PRA) and the Freedom of Information Act (FOIA). Withdrawal sheets in processed folders will indicate specific restrictions.,Unrestricted,not online,,,,,,,,0,,0,0,0,0,0,0,0,0,0,0,0,0,White House Office of Policy Development | Stephen P. Farrar Trade Files | Trade policy,"Finding-aid lead retained because of functional trade or international-economic series, foreign-economic title terms. Review the folder document by document; the title does not establish document identity, selection value, or release completeness.",,"George H.W. Bush Library, Bush Presidential Records, White House Office of Policy Development, Stephen P. Farrar Trade Files, OA/ID CF01119–008, Trade Files: EEC 1992 [1].",https://catalog.archives.gov/id/509548140,
509548141,CF01119-009,506211263,GB-POD-014,Stephen P. Farrar Trade Files,CF01119,Trade Files: EEC 1992 [2],1992-01-01,1992-12-31,"January 1, 1992-December 31, 1992",range,Catalog coverage dates,Trade Policy and Market Access,Consider,Volume XXX review,Restricted - Possibly,Records may be closed under exemptions of the Presidential Records Act (PRA) and the Freedom of Information Act (FOIA). Withdrawal sheets in processed folders will indicate specific restrictions.,Unrestricted,not online,,,,,,,,0,,0,0,0,0,0,0,0,0,0,0,0,0,White House Office of Policy Development | Stephen P. Farrar Trade Files | Trade policy,"Finding-aid lead retained because of functional trade or international-economic series, foreign-economic title terms. Review the folder document by document; the title does not establish document identity, selection value, or release completeness.",,"George H.W. Bush Library, Bush Presidential Records, White House Office of Policy Development, Stephen P. Farrar Trade Files, OA/ID CF01119–009, Trade Files: EEC 1992 [2].",https://catalog.archives.gov/id/509548141,
509546897,07676-003,2600823,GB-POD-023,Teresa Gorman Subject Files,07676,Global Warming: 1992 Conference / Brazil [1],1992-01-01,1992-12-31,"January 1, 1992-December 31, 1992",range,Catalog coverage dates,Economic Summits and Industrialized-Country Cooperation,Consider,Selective review,Restricted - Possibly,Records may be closed under exemptions of the Presidential Records Act (PRA) and the Freedom of Information Act (FOIA). Withdrawal sheets in processed folders will indicate specific restrictions.,Unrestricted,not online,,,,,,,,0,,0,0,0,0,0,0,0,0,0,0,0,0,White House Office of Policy Development | Teresa Gorman Subject Files | Global environment,"Finding-aid lead retained because of global climate or summit-environment title terms. Review the folder document by document; the title does not establish document identity, selection value, or release completeness.",,"George H.W. Bush Library, Bush Presidential Records, White House Office of Policy Development, Teresa Gorman Subject Files, OA/ID 07676–003, Global Warming: 1992 Conference / Brazil [1].",https://catalog.archives.gov/id/509546897,
509546898,07676-004,2600823,GB-POD-023,Teresa Gorman Subject Files,07676,Global Warming: 1992 Conference / Brazil [2],1992-01-01,1992-12-31,"January 1, 1992-December 31, 1992",range,Catalog coverage dates,Economic Summits and Industrialized-Country Cooperation,Consider,Selective review,Restricted - Possibly,Records may be closed under exemptions of the Presidential Records Act (PRA) and the Freedom of Information Act (FOIA). Withdrawal sheets in processed folders will indicate specific restrictions.,Unrestricted,not online,,,,,,,,0,,0,0,0,0,0,0,0,0,0,0,0,0,White House Office of Policy Development | Teresa Gorman Subject Files | Global environment,"Finding-aid lead retained because of global climate or summit-environment title terms. Review the folder document by document; the title does not establish document identity, selection value, or release completeness.",,"George H.W. Bush Library, Bush Presidential Records, White House Office of Policy Development, Teresa Gorman Subject Files, OA/ID 07676–004, Global Warming: 1992 Conference / Brazil [2].",https://catalog.archives.gov/id/509546898,
509546899,07676-005,2600823,GB-POD-023,Teresa Gorman Subject Files,07676,Global Warming: 1992 Conference / Brazil [3],1992-01-01,1992-12-31,"January 1, 1992-December 31, 1992",range,Catalog coverage dates,Economic Summits and Industrialized-Country Cooperation,Consider,Selective review,Restricted - Possibly,Records may be closed under exemptions of the Presidential Records Act (PRA) and the Freedom of Information Act (FOIA). Withdrawal sheets in processed folders will indicate specific restrictions.,Unrestricted,not online,,,,,,,,0,,0,0,0,0,0,0,0,0,0,0,0,0,White House Office of Policy Development | Teresa Gorman Subject Files | Global environment,"Finding-aid lead retained because of global climate or summit-environment title terms. Review the folder document by document; the title does not establish document identity, selection value, or release completeness.",,"George H.W. Bush Library, Bush Presidential Records, White House Office of Policy Development, Teresa Gorman Subject Files, OA/ID 07676–005, Global Warming: 1992 Conference / Brazil [3].",https://catalog.archives.gov/id/509546899,
509548244,CF01243-012,2600865,GB-POD-032,Warren Maruyama Subject Files,CF01243,EC [European Community] 1992,1992-01-01,1992-12-31,"January 1, 1992-December 31, 1992",range,Catalog coverage dates,Trade Policy and Market Access,Consider,Volume XXX review,Restricted - Possibly,Records may be closed under exemptions of the Presidential Records Act (PRA) and the Freedom of Information Act (FOIA). Withdrawal sheets in processed folders will indicate specific restrictions.,Unrestricted,not online,,,,,,,,0,,0,0,0,0,0,0,0,0,0,0,0,0,White House Office of Policy Development | Warren Maruyama Subject Files,"Finding-aid lead retained because of functional trade or international-economic series, foreign-economic title terms. Review the folder document by document; the title does not establish document identity, selection value, or release completeness.",,"George H.W. Bush Library, Bush Presidential Records, White House Office of Policy Development, Warren Maruyama Subject Files, OA/ID CF01243–012, EC [European Community] 1992.",https://catalog.archives.gov/id/509548244,
509548212,CF01120-054,506211263,GB-POD-014,Stephen P. Farrar Trade Files,CF01120,"[Uruguay Round]: NAFTA Ministerial, April 6-8, 1992",1992-04-06,1992-04-06,"April 6, 1992",day,Explicit folder-title date,Trade Policy and Market Access,Boundary,Boundary review,Restricted - Possibly,Records may be closed under exemptions of the Presidential Records Act (PRA) and the Freedom of Information Act (FOIA). Withdrawal sheets in processed folders will indicate specific restrictions.,Unrestricted,not online,,,,,,,,0,,0,0,0,0,0,0,0,0,0,0,0,0,White House Office of Policy Development | Stephen P. Farrar Trade Files | Trade policy | NAFTA boundary,"Finding-aid lead retained because of functional trade or international-economic series, foreign-economic title terms. Review the folder document by document; the title does not establish document identity, selection value, or release completeness.",,"George H.W. Bush Library, Bush Presidential Records, White House Office of Policy Development, Stephen P. Farrar Trade Files, OA/ID CF01120–054, [Uruguay Round]: NAFTA Ministerial, April 6-8, 1992.",https://catalog.archives.gov/id/509548212,
509548217,CF01120-059,506211263,GB-POD-014,Stephen P. Farrar Trade Files,CF01120,"[Uruguay Round]: NAFTA Ministerial, Montreal, Canada, April 6-8, 1992 [1]",1992-04-06,1992-04-06,"April 6, 1992",day,Explicit folder-title date,Trade Policy and Market Access,Boundary,Boundary review,Restricted - Possibly,Records may be closed under exemptions of the Presidential Records Act (PRA) and the Freedom of Information Act (FOIA). Withdrawal sheets in processed folders will indicate specific restrictions.,Unrestricted,not online,,,,,,,,0,,0,0,0,0,0,0,0,0,0,0,0,0,White House Office of Policy Development | Stephen P. Farrar Trade Files | Trade policy | NAFTA boundary,"Finding-aid lead retained because of functional trade or international-economic series, foreign-economic title terms. Review the folder document by document; the title does not establish document identity, selection value, or release completeness.",,"George H.W. Bush Library, Bush Presidential Records, White House Office of Policy Development, Stephen P. Farrar Trade Files, OA/ID CF01120–059, [Uruguay Round]: NAFTA Ministerial, Montreal, Canada, April 6-8, 1992 [1].",https://catalog.archives.gov/id/509548217,
509548218,CF01120-060,506211263,GB-POD-014,Stephen P. Farrar Trade Files,CF01120,"[Uruguay Round]: NAFTA Ministerial, Montreal, Canada, April 6-8, 1992 [2]",1992-04-06,1992-04-06,"April 6, 1992",day,Explicit folder-title date,Trade Policy and Market Access,Boundary,Boundary review,Restricted - Possibly,Records may be closed under exemptions of the Presidential Records Act (PRA) and the Freedom of Information Act (FOIA). Withdrawal sheets in processed folders will indicate specific restrictions.,Unrestricted,not online,,,,,,,,0,,0,0,0,0,0,0,0,0,0,0,0,0,White House Office of Policy Development | Stephen P. Farrar Trade Files | Trade policy | NAFTA boundary,"Finding-aid lead retained because of functional trade or international-economic series, foreign-economic title terms. Review the folder document by document; the title does not establish document identity, selection value, or release completeness.",,"George H.W. Bush Library, Bush Presidential Records, White House Office of Policy Development, Stephen P. Farrar Trade Files, OA/ID CF01120–060, [Uruguay Round]: NAFTA Ministerial, Montreal, Canada, April 6-8, 1992 [2].",https://catalog.archives.gov/id/509548218,
509548219,CF01120-061,506211263,GB-POD-014,Stephen P. Farrar Trade Files,CF01120,"[Uruguay Round]: NAFTA Ministerial, Toronto, Canada, May 13-14, 1992 [1]",1992-05-13,1992-05-13,"May 13, 1992",day,Explicit folder-title date,Trade Policy and Market Access,Boundary,Boundary review,Restricted - Possibly,Records may be closed under exemptions of the Presidential Records Act (PRA) and the Freedom of Information Act (FOIA). Withdrawal sheets in processed folders will indicate specific restrictions.,Unrestricted,not online,,,,,,,,0,,0,0,0,0,0,0,0,0,0,0,0,0,White House Office of Policy Development | Stephen P. Farrar Trade Files | Trade policy | NAFTA boundary,"Finding-aid lead retained because of functional trade or international-economic series, foreign-economic title terms. Review the folder document by document; the title does not establish document identity, selection value, or release completeness.",,"George H.W. Bush Library, Bush Presidential Records, White House Office of Policy Development, Stephen P. Farrar Trade Files, OA/ID CF01120–061, [Uruguay Round]: NAFTA Ministerial, Toronto, Canada, May 13-14, 1992 [1].",https://catalog.archives.gov/id/509548219,
509548220,CF01120-062,506211263,GB-POD-014,Stephen P. Farrar Trade Files,CF01120,"[Uruguay Round]: NAFTA Ministerial, Toronto, Canada, May 13-14, 1992 [2]",1992-05-13,1992-05-13,"May 13, 1992",day,Explicit folder-title date,Trade Policy and Market Access,Boundary,Boundary review,Restricted - Possibly,Records may be closed under exemptions of the Presidential Records Act (PRA) and the Freedom of Information Act (FOIA). Withdrawal sheets in processed folders will indicate specific restrictions.,Unrestricted,not online,,,,,,,,0,,0,0,0,0,0,0,0,0,0,0,0,0,White House Office of Policy Development | Stephen P. Farrar Trade Files | Trade policy | NAFTA boundary,"Finding-aid lead retained because of functional trade or international-economic series, foreign-economic title terms. Review the folder document by document; the title does not establish document identity, selection value, or release completeness.",,"George H.W. Bush Library, Bush Presidential Records, White House Office of Policy Development, Stephen P. Farrar Trade Files, OA/ID CF01120–062, [Uruguay Round]: NAFTA Ministerial, Toronto, Canada, May 13-14, 1992 [2].",https://catalog.archives.gov/id/509548220,
509548207,CF01120-049,506211263,GB-POD-014,Stephen P. Farrar Trade Files,CF01120,"[Uruguay Round]: U.S.-EC Ministerial, May 27, 1992",1992-05-27,1992-05-27,"May 27, 1992",day,Explicit folder-title date,Trade Policy and Market Access,Consider,Volume XXX review,Restricted - Possibly,Records may be closed under exemptions of the Presidential Records Act (PRA) and the Freedom of Information Act (FOIA). Withdrawal sheets in processed folders will indicate specific restrictions.,Unrestricted,not online,,,,,,,,0,,0,0,0,0,0,0,0,0,0,0,0,0,White House Office of Policy Development | Stephen P. Farrar Trade Files | Trade policy,"Finding-aid lead retained because of functional trade or international-economic series, foreign-economic title terms. Review the folder document by document; the title does not establish document identity, selection value, or release completeness.",,"George H.W. Bush Library, Bush Presidential Records, White House Office of Policy Development, Stephen P. Farrar Trade Files, OA/ID CF01120–049, [Uruguay Round]: U.S.-EC Ministerial, May 27, 1992.",https://catalog.archives.gov/id/509548207,
509546074,06836-007,2600833,GB-POD-028,Charles E. M. Kolb Subject Files,06836,"UNCED [United Nations Conference on Environment and Development i.e. Earth Summit or Rio Summit - June 11-13, 1992]",1992-06-11,1992-06-11,"June 11, 1992",day,Explicit folder-title date,Economic Summits and Industrialized-Country Cooperation,Consider,Volume XXX review,Restricted - Possibly,Records may be closed under exemptions of the Presidential Records Act (PRA) and the Freedom of Information Act (FOIA). Withdrawal sheets in processed folders will indicate specific restrictions.,Unrestricted,not online,,,,,,,,0,,0,0,0,0,0,0,0,0,0,0,0,0,White House Office of Policy Development | Charles E. M. Kolb Subject Files | Global environment,"Finding-aid lead retained because of foreign-economic title terms. Review the folder document by document; the title does not establish document identity, selection value, or release completeness.",,"George H.W. Bush Library, Bush Presidential Records, White House Office of Policy Development, Charles E. M. Kolb Subject Files, OA/ID 06836–007, UNCED [United Nations Conference on Environment and Development i.e. Earth Summit or Rio Summit - June 11-13, 1992].",https://catalog.archives.gov/id/509546074,
509546420,07270-012,2600827,GB-POD-026,J. French Hill Files,07270,"[PCG Working Group]: PCG Group - UNCED [United Nations Conference on Environment and Development i.e. Earth Summit or Rio Summit - June 11-13, 1992] Follow-up",1992-06-11,1992-06-11,"June 11, 1992",day,Explicit folder-title date,Economic Summits and Industrialized-Country Cooperation,Consider,Volume XXX review,Restricted - Possibly,Records may be closed under exemptions of the Presidential Records Act (PRA) and the Freedom of Information Act (FOIA). Withdrawal sheets in processed folders will indicate specific restrictions.,Unrestricted,not online,,,,,,,,0,,0,0,0,0,0,0,0,0,0,0,0,0,White House Office of Policy Development | J. French Hill Files | Global environment,"Finding-aid lead retained because of foreign-economic title terms. Review the folder document by document; the title does not establish document identity, selection value, or release completeness.",,"George H.W. Bush Library, Bush Presidential Records, White House Office of Policy Development, J. French Hill Files, OA/ID 07270–012, [PCG Working Group]: PCG Group - UNCED [United Nations Conference on Environment and Development i.e. Earth Summit or Rio Summit - June 11-13, 1992] Follow-up.",https://catalog.archives.gov/id/509546420,
509547877,08854-014,503434622,GB-POD-043,Roger Porter Files,08854,"UNCED [United Nations Conference on Environment and Development i.e. Earth Summit or Rio Summit - June 11-13, 1992]",1992-06-11,1992-06-11,"June 11, 1992",day,Explicit folder-title date,Economic Summits and Industrialized-Country Cooperation,Consider,Volume XXX review,Restricted - Possibly,Records may be closed under exemptions of the Presidential Records Act (PRA) and the Freedom of Information Act (FOIA). Withdrawal sheets in processed folders will indicate specific restrictions.,Unrestricted,not online,,,,,,,,0,,0,0,0,0,0,0,0,0,0,0,0,0,White House Office of Policy Development | Roger Porter Files | Global environment,"Finding-aid lead retained because of foreign-economic title terms. Review the folder document by document; the title does not establish document identity, selection value, or release completeness.",,"George H.W. Bush Library, Bush Presidential Records, White House Office of Policy Development, Roger Porter Files, OA/ID 08854–014, UNCED [United Nations Conference on Environment and Development i.e. Earth Summit or Rio Summit - June 11-13, 1992].",https://catalog.archives.gov/id/509547877,
509546845,07663-009,2600823,GB-POD-023,Teresa Gorman Subject Files,07663,"UNCED [United Nations Conference on Environment and Development i.e. Earth Summit or Rio Summit - June 11-13, 1992] Follow-Up [1]",1992-06-11,1992-06-11,"June 11, 1992",day,Explicit folder-title date,Economic Summits and Industrialized-Country Cooperation,Consider,Volume XXX review,Restricted - Possibly,Records may be closed under exemptions of the Presidential Records Act (PRA) and the Freedom of Information Act (FOIA). Withdrawal sheets in processed folders will indicate specific restrictions.,Unrestricted,not online,,,,,,,,0,,0,0,0,0,0,0,0,0,0,0,0,0,White House Office of Policy Development | Teresa Gorman Subject Files | Global environment,"Finding-aid lead retained because of foreign-economic title terms. Review the folder document by document; the title does not establish document identity, selection value, or release completeness.",,"George H.W. Bush Library, Bush Presidential Records, White House Office of Policy Development, Teresa Gorman Subject Files, OA/ID 07663–009, UNCED [United Nations Conference on Environment and Development i.e. Earth Summit or Rio Summit - June 11-13, 1992] Follow-Up [1].",https://catalog.archives.gov/id/509546845,
509546846,07663-010,2600823,GB-POD-023,Teresa Gorman Subject Files,07663,"UNCED [United Nations Conference on Environment and Development i.e. Earth Summit or Rio Summit - June 11-13, 1992] Follow-Up [2]",1992-06-11,1992-06-11,"June 11, 1992",day,Explicit folder-title date,Economic Summits and Industrialized-Country Cooperation,Consider,Volume XXX review,Restricted - Possibly,Records may be closed under exemptions of the Presidential Records Act (PRA) and the Freedom of Information Act (FOIA). Withdrawal sheets in processed folders will indicate specific restrictions.,Unrestricted,not online,,,,,,,,0,,0,0,0,0,0,0,0,0,0,0,0,0,White House Office of Policy Development | Teresa Gorman Subject Files | Global environment,"Finding-aid lead retained because of foreign-economic title terms. Review the folder document by document; the title does not establish document identity, selection value, or release completeness.",,"George H.W. Bush Library, Bush Presidential Records, White House Office of Policy Development, Teresa Gorman Subject Files, OA/ID 07663–010, UNCED [United Nations Conference on Environment and Development i.e. Earth Summit or Rio Summit - June 11-13, 1992] Follow-Up [2].",https://catalog.archives.gov/id/509546846,
509546847,07663-011,2600823,GB-POD-023,Teresa Gorman Subject Files,07663,"UNCED [United Nations Conference on Environment and Development i.e. Earth Summit or Rio Summit - June 11-13, 1992] Follow-Up [3]",1992-06-11,1992-06-11,"June 11, 1992",day,Explicit folder-title date,Economic Summits and Industrialized-Country Cooperation,Consider,Volume XXX review,Restricted - Possibly,Records may be closed under exemptions of the Presidential Records Act (PRA) and the Freedom of Information Act (FOIA). Withdrawal sheets in processed folders will indicate specific restrictions.,Unrestricted,not online,,,,,,,,0,,0,0,0,0,0,0,0,0,0,0,0,0,White House Office of Policy Development | Teresa Gorman Subject Files | Global environment,"Finding-aid lead retained because of foreign-economic title terms. Review the folder document by document; the title does not establish document identity, selection value, or release completeness.",,"George H.W. Bush Library, Bush Presidential Records, White House Office of Policy Development, Teresa Gorman Subject Files, OA/ID 07663–011, UNCED [United Nations Conference on Environment and Development i.e. Earth Summit or Rio Summit - June 11-13, 1992] Follow-Up [3].",https://catalog.archives.gov/id/509546847,
509546848,07663-012,2600823,GB-POD-023,Teresa Gorman Subject Files,07663,"UNCED [United Nations Conference on Environment and Development i.e. Earth Summit or Rio Summit - June 11-13, 1992] Follow-Up [4]",1992-06-11,1992-06-11,"June 11, 1992",day,Explicit folder-title date,Economic Summits and Industrialized-Country Cooperation,Consider,Volume XXX review,Restricted - Possibly,Records may be closed under exemptions of the Presidential Records Act (PRA) and the Freedom of Information Act (FOIA). Withdrawal sheets in processed folders will indicate specific restrictions.,Unrestricted,not online,,,,,,,,0,,0,0,0,0,0,0,0,0,0,0,0,0,White House Office of Policy Development | Teresa Gorman Subject Files | Global environment,"Finding-aid lead retained because of foreign-economic title terms. Review the folder document by document; the title does not establish document identity, selection value, or release completeness.",,"George H.W. Bush Library, Bush Presidential Records, White House Office of Policy Development, Teresa Gorman Subject Files, OA/ID 07663–012, UNCED [United Nations Conference on Environment and Development i.e. Earth Summit or Rio Summit - June 11-13, 1992] Follow-Up [4].",https://catalog.archives.gov/id/509546848,
509546849,07663-013,2600823,GB-POD-023,Teresa Gorman Subject Files,07663,"UNCED [United Nations Conference on Environment and Development i.e. Earth Summit or Rio Summit - June 11-13, 1992] Follow-Up [5]",1992-06-11,1992-06-11,"June 11, 1992",day,Explicit folder-title date,Economic Summits and Industrialized-Country Cooperation,Consider,Volume XXX review,Restricted - Possibly,Records may be closed under exemptions of the Presidential Records Act (PRA) and the Freedom of Information Act (FOIA). Withdrawal sheets in processed folders will indicate specific restrictions.,Unrestricted,not online,,,,,,,,0,,0,0,0,0,0,0,0,0,0,0,0,0,White House Office of Policy Development | Teresa Gorman Subject Files | Global environment,"Finding-aid lead retained because of foreign-economic title terms. Review the folder document by document; the title does not establish document identity, selection value, or release completeness.",,"George H.W. Bush Library, Bush Presidential Records, White House Office of Policy Development, Teresa Gorman Subject Files, OA/ID 07663–013, UNCED [United Nations Conference on Environment and Development i.e. Earth Summit or Rio Summit - June 11-13, 1992] Follow-Up [5].",https://catalog.archives.gov/id/509546849,
509546850,07663-014,2600823,GB-POD-023,Teresa Gorman Subject Files,07663,"UNCED [United Nations Conference on Environment and Development i.e. Earth Summit or Rio Summit - June 11-13, 1992] Follow-Up [6]",1992-06-11,1992-06-11,"June 11, 1992",day,Explicit folder-title date,Economic Summits and Industrialized-Country Cooperation,Consider,Volume XXX review,Restricted - Possibly,Records may be closed under exemptions of the Presidential Records Act (PRA) and the Freedom of Information Act (FOIA). Withdrawal sheets in processed folders will indicate specific restrictions.,Unrestricted,not online,,,,,,,,0,,0,0,0,0,0,0,0,0,0,0,0,0,White House Office of Policy Development | Teresa Gorman Subject Files | Global environment,"Finding-aid lead retained because of foreign-economic title terms. Review the folder document by document; the title does not establish document identity, selection value, or release completeness.",,"George H.W. Bush Library, Bush Presidential Records, White House Office of Policy Development, Teresa Gorman Subject Files, OA/ID 07663–014, UNCED [United Nations Conference on Environment and Development i.e. Earth Summit or Rio Summit - June 11-13, 1992] Follow-Up [6].",https://catalog.archives.gov/id/509546850,
509546851,07663-015,2600823,GB-POD-023,Teresa Gorman Subject Files,07663,"UNCED [United Nations Conference on Environment and Development i.e. Earth Summit or Rio Summit - June 11-13, 1992] Follow-Up [7]",1992-06-11,1992-06-11,"June 11, 1992",day,Explicit folder-title date,Economic Summits and Industrialized-Country Cooperation,Consider,Volume XXX review,Restricted - Possibly,Records may be closed under exemptions of the Presidential Records Act (PRA) and the Freedom of Information Act (FOIA). Withdrawal sheets in processed folders will indicate specific restrictions.,Unrestricted,not online,,,,,,,,0,,0,0,0,0,0,0,0,0,0,0,0,0,White House Office of Policy Development | Teresa Gorman Subject Files | Global environment,"Finding-aid lead retained because of foreign-economic title terms. Review the folder document by document; the title does not establish document identity, selection value, or release completeness.",,"George H.W. Bush Library, Bush Presidential Records, White House Office of Policy Development, Teresa Gorman Subject Files, OA/ID 07663–015, UNCED [United Nations Conference on Environment and Development i.e. Earth Summit or Rio Summit - June 11-13, 1992] Follow-Up [7].",https://catalog.archives.gov/id/509546851,
509546901,07676-007,2600823,GB-POD-023,Teresa Gorman Subject Files,07676,"Global Warming: UNCED [United Nations Conference on Environment and Development i.e. Earth Summit or Rio Summit - June 11-13, 1992] Meeting 1992",1992-06-11,1992-06-11,"June 11, 1992",day,Explicit folder-title date,Economic Summits and Industrialized-Country Cooperation,Consider,Selective review,Restricted - Possibly,Records may be closed under exemptions of the Presidential Records Act (PRA) and the Freedom of Information Act (FOIA). Withdrawal sheets in processed folders will indicate specific restrictions.,Unrestricted,not online,,,,,,,,0,,0,0,0,0,0,0,0,0,0,0,0,0,White House Office of Policy Development | Teresa Gorman Subject Files | Global environment,"Finding-aid lead retained because of foreign-economic title terms, global climate or summit-environment title terms. Review the folder document by document; the title does not establish document identity, selection value, or release completeness.",,"George H.W. Bush Library, Bush Presidential Records, White House Office of Policy Development, Teresa Gorman Subject Files, OA/ID 07676–007, Global Warming: UNCED [United Nations Conference on Environment and Development i.e. Earth Summit or Rio Summit - June 11-13, 1992] Meeting 1992.",https://catalog.archives.gov/id/509546901,
509546080,06867-010,2600783,GB-POD-005,Todd Buchholz' Subject Files,06867,PCG Meeting on UNCED Follow-up Monday 8/31/92 2:00 p.m. Roosevelt Room,1992-08-31,1992-08-31,"August 31, 1992",day,Explicit folder-title date,Economic Summits and Industrialized-Country Cooperation,Consider,Volume XXX review,Restricted - Possibly,Records may be closed under exemptions of the Presidential Records Act (PRA) and the Freedom of Information Act (FOIA). Withdrawal sheets in processed folders will indicate specific restrictions.,Unrestricted,not online,,,,,,,,0,,0,0,0,0,0,0,0,0,0,0,0,0,White House Office of Policy Development | Todd Buchholz' Subject Files | Global environment,"Finding-aid lead retained because of foreign-economic title terms. Review the folder document by document; the title does not establish document identity, selection value, or release completeness.",,"George H.W. Bush Library, Bush Presidential Records, White House Office of Policy Development, Todd Buchholz' Subject Files, OA/ID 06867–010, PCG Meeting on UNCED Follow-up Monday 8/31/92 2:00 p.m. Roosevelt Room.",https://catalog.archives.gov/id/509546080,
509548211,CF01120-053,506211263,GB-POD-014,Stephen P. Farrar Trade Files,CF01120,"[Uruguay Round]: Quadrilateral Meetings, Canada, October 17-18, 1992",1992-10-17,1992-10-17,"October 17, 1992",day,Explicit folder-title date,Trade Policy and Market Access,Boundary,Boundary review,Restricted - Possibly,Records may be closed under exemptions of the Presidential Records Act (PRA) and the Freedom of Information Act (FOIA). Withdrawal sheets in processed folders will indicate specific restrictions.,Unrestricted,not online,,,,,,,,0,,0,0,0,0,0,0,0,0,0,0,0,0,White House Office of Policy Development | Stephen P. Farrar Trade Files | Trade policy | NAFTA boundary,"Finding-aid lead retained because of functional trade or international-economic series, foreign-economic title terms. Review the folder document by document; the title does not establish document identity, selection value, or release completeness.",,"George H.W. Bush Library, Bush Presidential Records, White House Office of Policy Development, Stephen P. Farrar Trade Files, OA/ID CF01120–053, [Uruguay Round]: Quadrilateral Meetings, Canada, October 17-18, 1992.",https://catalog.archives.gov/id/509548211,
509548197,CF01120-039,506211263,GB-POD-014,Stephen P. Farrar Trade Files,CF01120,"[Subject/Country Files:  Taiwan, Carla Hills Briefing November 23, 1992]",1992-11-23,1992-11-23,"November 23, 1992",day,Explicit folder-title date,Trade Policy and Market Access,Consider,Volume XXX review,Restricted - Possibly,Records may be closed under exemptions of the Presidential Records Act (PRA) and the Freedom of Information Act (FOIA). Withdrawal sheets in processed folders will indicate specific restrictions.,Unrestricted,not online,,,,,,,,0,,0,0,0,0,0,0,0,0,0,0,0,0,White House Office of Policy Development | Stephen P. Farrar Trade Files,"Finding-aid lead retained because of functional trade or international-economic series. Review the folder document by document; the title does not establish document identity, selection value, or release completeness.",,"George H.W. Bush Library, Bush Presidential Records, White House Office of Policy Development, Stephen P. Farrar Trade Files, OA/ID CF01120–039, [Subject/Country Files:  Taiwan, Carla Hills Briefing November 23, 1992].",https://catalog.archives.gov/id/509548197,
509547568,08758-004,2600779,GB-POD-003,Betsy Anderson Subject Files,08758,Japan,9999-12-31,9999-12-31,Date not established,unknown,Finding aid supplies no file-unit date,Trade Policy and Market Access,Consider,Volume XXX review,Restricted - Possibly,Records may be closed under exemptions of the Presidential Records Act (PRA) and the Freedom of Information Act (FOIA). Withdrawal sheets in processed folders will indicate specific restrictions.,Unrestricted,not online,,,,,,,,0,,0,0,0,0,0,0,0,0,0,0,0,0,White House Office of Policy Development | Betsy Anderson Subject Files,"Finding-aid lead retained because of country file in a policy staff series. Review the folder document by document; the title does not establish document identity, selection value, or release completeness.",,"George H.W. Bush Library, Bush Presidential Records, White House Office of Policy Development, Betsy Anderson Subject Files, OA/ID 08758–004, Japan.",https://catalog.archives.gov/id/509547568,
509547586,08762-025,2600779,GB-POD-003,Betsy Anderson Subject Files,08762,U.S.-Japan Relations,9999-12-31,9999-12-31,Date not established,unknown,Finding aid supplies no file-unit date,Trade Policy and Market Access,Consider,Volume XXX review,Restricted - Possibly,Records may be closed under exemptions of the Presidential Records Act (PRA) and the Freedom of Information Act (FOIA). Withdrawal sheets in processed folders will indicate specific restrictions.,Unrestricted,not online,,,,,,,,0,,0,0,0,0,0,0,0,0,0,0,0,0,White House Office of Policy Development | Betsy Anderson Subject Files,"Finding-aid lead retained because of foreign-economic title terms, country file in a policy staff series. Review the folder document by document; the title does not establish document identity, selection value, or release completeness.",,"George H.W. Bush Library, Bush Presidential Records, White House Office of Policy Development, Betsy Anderson Subject Files, OA/ID 08762–025, U.S.-Japan Relations.",https://catalog.archives.gov/id/509547586,
509545792,05807-035,2600872,GB-POD-036,Bradley Mitchell Subject Files,05807,Environment Global Climate Change,9999-12-31,9999-12-31,Date not established,unknown,Finding aid supplies no file-unit date,Economic Summits and Industrialized-Country Cooperation,Consider,Selective review,Restricted - Possibly,Records may be closed under exemptions of the Presidential Records Act (PRA) and the Freedom of Information Act (FOIA). Withdrawal sheets in processed folders will indicate specific restrictions.,Unrestricted,not online,,,,,,,,0,,0,0,0,0,0,0,0,0,0,0,0,0,White House Office of Policy Development | Bradley Mitchell Subject Files | Global environment,"Finding-aid lead retained because of global climate or summit-environment title terms. Review the folder document by document; the title does not establish document identity, selection value, or release completeness.",,"George H.W. Bush Library, Bush Presidential Records, White House Office of Policy Development, Bradley Mitchell Subject Files, OA/ID 05807–035, Environment Global Climate Change.",https://catalog.archives.gov/id/509545792,
509545796,05808-001,2600872,GB-POD-036,Bradley Mitchell Subject Files,05808,Japan: US - Japan Business Council,9999-12-31,9999-12-31,Date not established,unknown,Finding aid supplies no file-unit date,Trade Policy and Market Access,Consider,Volume XXX review,Restricted - Possibly,Records may be closed under exemptions of the Presidential Records Act (PRA) and the Freedom of Information Act (FOIA). Withdrawal sheets in processed folders will indicate specific restrictions.,Unrestricted,not online,,,,,,,,0,,0,0,0,0,0,0,0,0,0,0,0,0,White House Office of Policy Development | Bradley Mitchell Subject Files,"Finding-aid lead retained because of foreign-economic title terms. Review the folder document by document; the title does not establish document identity, selection value, or release completeness.",,"George H.W. Bush Library, Bush Presidential Records, White House Office of Policy Development, Bradley Mitchell Subject Files, OA/ID 05808–001, Japan: US - Japan Business Council.",https://catalog.archives.gov/id/509545796,
509546051,06832-022,2600833,GB-POD-028,Charles E. M. Kolb Subject Files,06832,Japan,9999-12-31,9999-12-31,Date not established,unknown,Finding aid supplies no file-unit date,Trade Policy and Market Access,Consider,Volume XXX review,Restricted - Possibly,Records may be closed under exemptions of the Presidential Records Act (PRA) and the Freedom of Information Act (FOIA). Withdrawal sheets in processed folders will indicate specific restrictions.,Unrestricted,not online,,,,,,,,0,,0,0,0,0,0,0,0,0,0,0,0,0,White House Office of Policy Development | Charles E. M. Kolb Subject Files,"Finding-aid lead retained because of country file in a policy staff series. Review the folder document by document; the title does not establish document identity, selection value, or release completeness.",,"George H.W. Bush Library, Bush Presidential Records, White House Office of Policy Development, Charles E. M. Kolb Subject Files, OA/ID 06832–022, Japan.",https://catalog.archives.gov/id/509546051,
285411043,06778-013,2600808,GB-POD-018,Diana Furchtgott - Roth Subject Files,06778,Climate Change,9999-12-31,9999-12-31,Date not established,unknown,Finding aid supplies no file-unit date,Economic Summits and Industrialized-Country Cooperation,Consider,Selective review,Restricted - Possibly,Records may be closed under restrictions of the Presidential Records Act and the Freedom of Information Act (FOIA). Withdrawal sheets in processed folders will indicate specific closures and restrictions.,Unrestricted,verified in OCR,George H.W. Bush Presidential Records,"Policy Development, White House Office of","Furchtgott-Roth, Diana, Files",,06778,06778-013,285411044,1234,12921,0,0,0,0,0,2,3,0,0,1,0,2,White House Office of Policy Development | Diana Furchtgott - Roth Subject Files | Global environment,"Finding-aid lead retained because of global climate or summit-environment title terms. Review the folder document by document; the title does not establish document identity, selection value, or release completeness.","UNCED steering group meeting - 04/12/91 | sources discussions, and the focus on technology transfer. The","George H.W. Bush Library, Bush Presidential Records, White House Office of Policy Development, Diana Furchtgott - Roth Subject Files, OA/ID 06778–013, Climate Change.",https://catalog.archives.gov/id/285411043,https://catalog.archives.gov/medialz/presidential-libraries/bush/foia/2017/41-bpr-poldev-furchtgott-roth-06778-013.pdf
509546012,06778-033,2600808,GB-POD-018,Diana Furchtgott - Roth Subject Files,06778,Free Trade,9999-12-31,9999-12-31,Date not established,unknown,Finding aid supplies no file-unit date,Trade Policy and Market Access,Consider,Volume XXX review,Restricted - Possibly,Records may be closed under exemptions of the Presidential Records Act (PRA) and the Freedom of Information Act (FOIA). Withdrawal sheets in processed folders will indicate specific restrictions.,Unrestricted,not online,,,,,,,,0,,0,0,0,0,0,0,0,0,0,0,0,0,White House Office of Policy Development | Diana Furchtgott - Roth Subject Files | Trade policy,"Finding-aid lead retained because of foreign-economic title terms. Review the folder document by document; the title does not establish document identity, selection value, or release completeness.",,"George H.W. Bush Library, Bush Presidential Records, White House Office of Policy Development, Diana Furchtgott - Roth Subject Files, OA/ID 06778–033, Free Trade.",https://catalog.archives.gov/id/509546012,
509546018,06780-019,2600808,GB-POD-018,Diana Furchtgott - Roth Subject Files,06780,Japan,9999-12-31,9999-12-31,Date not established,unknown,Finding aid supplies no file-unit date,Trade Policy and Market Access,Consider,Volume XXX review,Restricted - Possibly,Records may be closed under exemptions of the Presidential Records Act (PRA) and the Freedom of Information Act (FOIA). Withdrawal sheets in processed folders will indicate specific restrictions.,Unrestricted,not online,,,,,,,,0,,0,0,0,0,0,0,0,0,0,0,0,0,White House Office of Policy Development | Diana Furchtgott - Roth Subject Files,"Finding-aid lead retained because of country file in a policy staff series. Review the folder document by document; the title does not establish document identity, selection value, or release completeness.",,"George H.W. Bush Library, Bush Presidential Records, White House Office of Policy Development, Diana Furchtgott - Roth Subject Files, OA/ID 06780–019, Japan.",https://catalog.archives.gov/id/509546018,
285411045,06681-010,2600820,GB-POD-022,Ed Goldstein Subject Files,06681,Global Climate [1],9999-12-31,9999-12-31,Date not established,unknown,Finding aid supplies no file-unit date,Economic Summits and Industrialized-Country Cooperation,Consider,Selective review,Restricted - Possibly,Records may be closed under restrictions of the Presidential Records Act and the Freedom of Information Act (FOIA). Withdrawal sheets in processed folders will indicate specific closures and restrictions.,Unrestricted,verified in OCR,George H.W. Bush Presidential Records,"Policy Development, White House Office of","Goldstein, Ed, Files",,06681,06681-010,285411046,1234,537962,0,0,1,0,0,0,27,4,3,11,7,2,White House Office of Policy Development | Ed Goldstein Subject Files,"Finding-aid lead retained because of global climate or summit-environment title terms. Review the folder document by document; the title does not establish document identity, selection value, or release completeness.","sponsible for about 20% of current increases in commitment to global warming. There is | duce the emission of the so-called ""greenhouse gases"" | search on the problem of early detection of global climate","George H.W. Bush Library, Bush Presidential Records, White House Office of Policy Development, Ed Goldstein Subject Files, OA/ID 06681–010, Global Climate [1].",https://catalog.archives.gov/id/285411045,https://catalog.archives.gov/medialz/presidential-libraries/bush/foia/2017/41-bpr-poldev-goldstein-06681-010.pdf
285411047,06681-011,2600820,GB-POD-022,Ed Goldstein Subject Files,06681,Global Climate [2],9999-12-31,9999-12-31,Date not established,unknown,Finding aid supplies no file-unit date,Economic Summits and Industrialized-Country Cooperation,Consider,Selective review,Restricted - Possibly,Records may be closed under restrictions of the Presidential Records Act and the Freedom of Information Act (FOIA). Withdrawal sheets in processed folders will indicate specific closures and restrictions.,Unrestricted,verified in OCR,George H.W. Bush Presidential Records,"Policy Development, White House Office of","Goldstein, Ed, Files",,06681,06681-011,285411048,1234,551036,0,0,0,0,0,0,45,0,0,12,32,1,White House Office of Policy Development | Ed Goldstein Subject Files,"Finding-aid lead retained because of global climate or summit-environment title terms. Review the folder document by document; the title does not establish document identity, selection value, or release completeness.","search efforts on climate change are coordinated | garding potential global climate change, as suggested by the | ductions in greenhouse gases | duce Global Warming | duce greenhouse gases? The Bush Adminis- | International Approaches to Global Climate Change | grets measures. A framework convention on climate change could | lative radiative forcing, often called a ""global warming | sponse strategies to potential climate change, nations are","George H.W. Bush Library, Bush Presidential Records, White House Office of Policy Development, Ed Goldstein Subject Files, OA/ID 06681–011, Global Climate [2].",https://catalog.archives.gov/id/285411047,https://catalog.archives.gov/medialz/presidential-libraries/bush/foia/2017/41-bpr-poldev-goldstein-06681-011.pdf
509545910,06681-016,2600820,GB-POD-022,Ed Goldstein Subject Files,06681,Global Warming,9999-12-31,9999-12-31,Date not established,unknown,Finding aid supplies no file-unit date,Economic Summits and Industrialized-Country Cooperation,Consider,Selective review,Restricted - Possibly,Records may be closed under exemptions of the Presidential Records Act (PRA) and the Freedom of Information Act (FOIA). Withdrawal sheets in processed folders will indicate specific restrictions.,Unrestricted,not online,,,,,,,,0,,0,0,0,0,0,0,0,0,0,0,0,0,White House Office of Policy Development | Ed Goldstein Subject Files | Global environment,"Finding-aid lead retained because of global climate or summit-environment title terms. Review the folder document by document; the title does not establish document identity, selection value, or release completeness.",,"George H.W. Bush Library, Bush Presidential Records, White House Office of Policy Development, Ed Goldstein Subject Files, OA/ID 06681–016, Global Warming.",https://catalog.archives.gov/id/509545910,
509545912,06681-023,2600820,GB-POD-022,Ed Goldstein Subject Files,06681,USIA Houston Summit Public Opinion,9999-12-31,9999-12-31,Date not established,unknown,Finding aid supplies no file-unit date,Economic Summits and Industrialized-Country Cooperation,Consider,Volume XXX review,Restricted - Possibly,Records may be closed under exemptions of the Presidential Records Act (PRA) and the Freedom of Information Act (FOIA). Withdrawal sheets in processed folders will indicate specific restrictions.,Unrestricted,not online,,,,,,,,0,,0,0,0,0,0,0,0,0,0,0,0,0,White House Office of Policy Development | Ed Goldstein Subject Files | Economic summits,"Finding-aid lead retained because of foreign-economic title terms. Review the folder document by document; the title does not establish document identity, selection value, or release completeness.",,"George H.W. Bush Library, Bush Presidential Records, White House Office of Policy Development, Ed Goldstein Subject Files, OA/ID 06681–023, USIA Houston Summit Public Opinion.",https://catalog.archives.gov/id/509545912,
285411049,06682-006,2600820,GB-POD-022,Ed Goldstein Subject Files,06682,Global Climate 91,9999-12-31,9999-12-31,Date not established,unknown,Finding aid supplies no file-unit date,Economic Summits and Industrialized-Country Cooperation,Consider,Selective review,Restricted - Possibly,Records may be closed under restrictions of the Presidential Records Act and the Freedom of Information Act (FOIA). Withdrawal sheets in processed folders will indicate specific closures and restrictions.,Unrestricted,verified in OCR,George H.W. Bush Presidential Records,"Policy Development, White House Office of","Goldstein, Ed, Files",,06682,06682-006,285411050,1234,568938,0,0,0,0,0,1,18,0,0,15,0,3,White House Office of Policy Development | Ed Goldstein Subject Files,"Finding-aid lead retained because of global climate or summit-environment title terms. Review the folder document by document; the title does not establish document identity, selection value, or release completeness.","duction in greenhouse gases by 2005 if other | ferences the use of several climate change | gional patterns of any climate change. | serves, giving special attention to current US-USSR | duce greenhouse gases in the year | sponse to climate change will involve | sponding to the climate change issue | gional climate change and water | levant greenhouse gases, their | duce greenhouse gases. The re-","George H.W. Bush Library, Bush Presidential Records, White House Office of Policy Development, Ed Goldstein Subject Files, OA/ID 06682–006, Global Climate 91.",https://catalog.archives.gov/id/285411049,https://catalog.archives.gov/medialz/presidential-libraries/bush/foia/2017/41-bpr-poldev-goldstein-06682-006.pdf
285411051,06682-007,2600820,GB-POD-022,Ed Goldstein Subject Files,06682,Environment - Climate Change,9999-12-31,9999-12-31,Date not established,unknown,Finding aid supplies no file-unit date,Economic Summits and Industrialized-Country Cooperation,Consider,Selective review,Restricted - Possibly,Records may be closed under restrictions of the Presidential Records Act and the Freedom of Information Act (FOIA). Withdrawal sheets in processed folders will indicate specific closures and restrictions.,Unrestricted,verified in OCR,George H.W. Bush Presidential Records,"Policy Development, White House Office of","Goldstein, Ed, Files",,06682,06682-007,285411052,1234,14411,0,0,0,0,0,0,0,0,0,0,0,0,White House Office of Policy Development | Ed Goldstein Subject Files | Global environment,"Finding-aid lead retained because of global climate or summit-environment title terms. Review the folder document by document; the title does not establish document identity, selection value, or release completeness.",forestation effort-which will all slow global warming.,"George H.W. Bush Library, Bush Presidential Records, White House Office of Policy Development, Ed Goldstein Subject Files, OA/ID 06682–007, Environment - Climate Change.",https://catalog.archives.gov/id/285411051,https://catalog.archives.gov/medialz/presidential-libraries/bush/foia/2017/41-bpr-poldev-goldstein-06682-007.pdf
509545915,06682-009,2600820,GB-POD-022,Ed Goldstein Subject Files,06682,Environment - Global Warming,9999-12-31,9999-12-31,Date not established,unknown,Finding aid supplies no file-unit date,Economic Summits and Industrialized-Country Cooperation,Consider,Selective review,Restricted - Possibly,Records may be closed under exemptions of the Presidential Records Act (PRA) and the Freedom of Information Act (FOIA). Withdrawal sheets in processed folders will indicate specific restrictions.,Unrestricted,not online,,,,,,,,0,,0,0,0,0,0,0,0,0,0,0,0,0,White House Office of Policy Development | Ed Goldstein Subject Files | Global environment,"Finding-aid lead retained because of global climate or summit-environment title terms. Review the folder document by document; the title does not establish document identity, selection value, or release completeness.",,"George H.W. Bush Library, Bush Presidential Records, White House Office of Policy Development, Ed Goldstein Subject Files, OA/ID 06682–009, Environment - Global Warming.",https://catalog.archives.gov/id/509545915,
509545918,06682-024,2600820,GB-POD-022,Ed Goldstein Subject Files,06682,Environment - Forestry/Global Warming,9999-12-31,9999-12-31,Date not established,unknown,Finding aid supplies no file-unit date,Economic Summits and Industrialized-Country Cooperation,Consider,Selective review,Restricted - Possibly,Records may be closed under exemptions of the Presidential Records Act (PRA) and the Freedom of Information Act (FOIA). Withdrawal sheets in processed folders will indicate specific restrictions.,Unrestricted,not online,,,,,,,,0,,0,0,0,0,0,0,0,0,0,0,0,0,White House Office of Policy Development | Ed Goldstein Subject Files | Global environment,"Finding-aid lead retained because of global climate or summit-environment title terms. Review the folder document by document; the title does not establish document identity, selection value, or release completeness.",,"George H.W. Bush Library, Bush Presidential Records, White House Office of Policy Development, Ed Goldstein Subject Files, OA/ID 06682–024, Environment - Forestry/Global Warming.",https://catalog.archives.gov/id/509545918,
509547075,08165-018,2600820,GB-POD-022,Ed Goldstein Subject Files,08165,UNCED,9999-12-31,9999-12-31,Date not established,unknown,Finding aid supplies no file-unit date,Economic Summits and Industrialized-Country Cooperation,Consider,Volume XXX review,Restricted - Possibly,Records may be closed under exemptions of the Presidential Records Act (PRA) and the Freedom of Information Act (FOIA). Withdrawal sheets in processed folders will indicate specific restrictions.,Unrestricted,not online,,,,,,,,0,,0,0,0,0,0,0,0,0,0,0,0,0,White House Office of Policy Development | Ed Goldstein Subject Files | Global environment,"Finding-aid lead retained because of foreign-economic title terms. Review the folder document by document; the title does not establish document identity, selection value, or release completeness.",,"George H.W. Bush Library, Bush Presidential Records, White House Office of Policy Development, Ed Goldstein Subject Files, OA/ID 08165–018, UNCED.",https://catalog.archives.gov/id/509547075,
509546773,07600-015,2600868,GB-POD-034,Emily Mead Subject Files,07600,Trees--Global Warming/Change [1],9999-12-31,9999-12-31,Date not established,unknown,Finding aid supplies no file-unit date,Economic Summits and Industrialized-Country Cooperation,Consider,Selective review,Restricted - Possibly,Records may be closed under exemptions of the Presidential Records Act (PRA) and the Freedom of Information Act (FOIA). Withdrawal sheets in processed folders will indicate specific restrictions.,Unrestricted,not online,,,,,,,,0,,0,0,0,0,0,0,0,0,0,0,0,0,White House Office of Policy Development | Emily Mead Subject Files | Global environment,"Finding-aid lead retained because of global climate or summit-environment title terms. Review the folder document by document; the title does not establish document identity, selection value, or release completeness.",,"George H.W. Bush Library, Bush Presidential Records, White House Office of Policy Development, Emily Mead Subject Files, OA/ID 07600–015, Trees--Global Warming/Change [1].",https://catalog.archives.gov/id/509546773,
509546774,07600-016,2600868,GB-POD-034,Emily Mead Subject Files,07600,Trees--Global Warming/Change [2],9999-12-31,9999-12-31,Date not established,unknown,Finding aid supplies no file-unit date,Economic Summits and Industrialized-Country Cooperation,Consider,Selective review,Restricted - Possibly,Records may be closed under exemptions of the Presidential Records Act (PRA) and the Freedom of Information Act (FOIA). Withdrawal sheets in processed folders will indicate specific restrictions.,Unrestricted,not online,,,,,,,,0,,0,0,0,0,0,0,0,0,0,0,0,0,White House Office of Policy Development | Emily Mead Subject Files | Global environment,"Finding-aid lead retained because of global climate or summit-environment title terms. Review the folder document by document; the title does not establish document identity, selection value, or release completeness.",,"George H.W. Bush Library, Bush Presidential Records, White House Office of Policy Development, Emily Mead Subject Files, OA/ID 07600–016, Trees--Global Warming/Change [2].",https://catalog.archives.gov/id/509546774,
509548056,23364-004,2600868,GB-POD-034,Emily Mead Subject Files,23364,Tree Planting & Forest Improvement To Reduce Global Warming,9999-12-31,9999-12-31,Date not established,unknown,Finding aid supplies no file-unit date,Economic Summits and Industrialized-Country Cooperation,Consider,Selective review,Restricted - Possibly,Records may be closed under exemptions of the Presidential Records Act (PRA) and the Freedom of Information Act (FOIA). Withdrawal sheets in processed folders will indicate specific restrictions.,Unrestricted,not online,,,,,,,,0,,0,0,0,0,0,0,0,0,0,0,0,0,White House Office of Policy Development | Emily Mead Subject Files | Global environment,"Finding-aid lead retained because of global climate or summit-environment title terms. Review the folder document by document; the title does not establish document identity, selection value, or release completeness.",,"George H.W. Bush Library, Bush Presidential Records, White House Office of Policy Development, Emily Mead Subject Files, OA/ID 23364–004, Tree Planting & Forest Improvement To Reduce Global Warming.",https://catalog.archives.gov/id/509548056,
285411059,23371-001,2600868,GB-POD-034,Emily Mead Subject Files,23371,America's Climate Change Strategy An Action Agenda [Pamphlets],9999-12-31,9999-12-31,Date not established,unknown,Finding aid supplies no file-unit date,Economic Summits and Industrialized-Country Cooperation,Consider,Selective review,Restricted - Possibly,Records may be closed under restrictions of the Presidential Records Act and the Freedom of Information Act (FOIA). Withdrawal sheets in processed folders will indicate specific closures and restrictions.,Unrestricted,verified in OCR,George H.W. Bush Presidential Records,"Policy Development, White House Office of","Mead, Emily, Files",,23371,23371-001,285411060,1234,47485,0,0,0,0,0,0,9,0,0,8,0,1,White House Office of Policy Development | Emily Mead Subject Files | Global environment,"Finding-aid lead retained because of global climate or summit-environment title terms. Review the folder document by document; the title does not establish document identity, selection value, or release completeness.","levant greenhouse gases, their | gional climate change and water | sponding to the climate change issue | sponse to climate change will involve | duce greenhouse gases in the year","George H.W. Bush Library, Bush Presidential Records, White House Office of Policy Development, Emily Mead Subject Files, OA/ID 23371–001, America's Climate Change Strategy An Action Agenda [Pamphlets].",https://catalog.archives.gov/id/285411059,https://catalog.archives.gov/medialz/presidential-libraries/bush/foia/2017/41-bpr-poldev-mead-23371-001.pdf
285411061,23392-005,2600868,GB-POD-034,Emily Mead Subject Files,23392,Climate Change,9999-12-31,9999-12-31,Date not established,unknown,Finding aid supplies no file-unit date,Economic Summits and Industrialized-Country Cooperation,Consider,Selective review,Restricted - Possibly,Records may be closed under restrictions of the Presidential Records Act and the Freedom of Information Act (FOIA). Withdrawal sheets in processed folders will indicate specific closures and restrictions.,Unrestricted,verified in OCR,George H.W. Bush Presidential Records,"Policy Development, White House Office of","Mead, Emily, Files",,23392,23392-005,285411062,1234,4918,0,0,0,0,0,0,0,0,0,0,0,0,White House Office of Policy Development | Emily Mead Subject Files | Global environment,"Finding-aid lead retained because of global climate or summit-environment title terms. Review the folder document by document; the title does not establish document identity, selection value, or release completeness.",,"George H.W. Bush Library, Bush Presidential Records, White House Office of Policy Development, Emily Mead Subject Files, OA/ID 23392–005, Climate Change.",https://catalog.archives.gov/id/285411061,https://catalog.archives.gov/medialz/presidential-libraries/bush/foia/2017/41-bpr-poldev-mead-23392-005.pdf
352793411,06092-007,2600827,GB-POD-026,J. French Hill Files,06092,CFIUS [Committee on Foreign Investment in the US],9999-12-31,9999-12-31,Date not established,unknown,Finding aid supplies no file-unit date,"Strategic Trade, Technology, and Investment Controls",Core,Volume XXX review,Undetermined,The majority of these records have not been processed so access restrictions have not been determined.,Unrestricted,not online,,,,,,,,0,,0,0,0,0,0,0,0,0,0,0,0,0,White House Office of Policy Development | J. French Hill Files | Foreign investment,"Finding-aid lead retained because of foreign-economic title terms. Review the folder document by document; the title does not establish document identity, selection value, or release completeness.",,"George H.W. Bush Library, Bush Presidential Records, White House Office of Policy Development, J. French Hill Files, OA/ID 06092–007, CFIUS [Committee on Foreign Investment in the US].",https://catalog.archives.gov/id/352793411,
509545823,06092-008,2600827,GB-POD-026,J. French Hill Files,06092,Chile - Free Trade Agreement,9999-12-31,9999-12-31,Date not established,unknown,Finding aid supplies no file-unit date,Trade Policy and Market Access,Boundary,Boundary review,Restricted - Possibly,Records may be closed under exemptions of the Presidential Records Act (PRA) and the Freedom of Information Act (FOIA). Withdrawal sheets in processed folders will indicate specific restrictions.,Unrestricted,not online,,,,,,,,0,,0,0,0,0,0,0,0,0,0,0,0,0,White House Office of Policy Development | J. French Hill Files | Trade policy,"Finding-aid lead retained because of foreign-economic title terms. Review the folder document by document; the title does not establish document identity, selection value, or release completeness.",,"George H.W. Bush Library, Bush Presidential Records, White House Office of Policy Development, J. French Hill Files, OA/ID 06092–008, Chile - Free Trade Agreement.",https://catalog.archives.gov/id/509545823,
509545824,06092-009,2600827,GB-POD-026,J. French Hill Files,06092,China,9999-12-31,9999-12-31,Date not established,unknown,Finding aid supplies no file-unit date,Trade Policy and Market Access,Consider,Volume XXX review,Restricted - Possibly,Records may be closed under exemptions of the Presidential Records Act (PRA) and the Freedom of Information Act (FOIA). Withdrawal sheets in processed folders will indicate specific restrictions.,Unrestricted,not online,,,,,,,,0,,0,0,0,0,0,0,0,0,0,0,0,0,White House Office of Policy Development | J. French Hill Files,"Finding-aid lead retained because of country file in a policy staff series. Review the folder document by document; the title does not establish document identity, selection value, or release completeness.",,"George H.W. Bush Library, Bush Presidential Records, White House Office of Policy Development, J. French Hill Files, OA/ID 06092–009, China.",https://catalog.archives.gov/id/509545824,
509545835,06094-007,2600827,GB-POD-026,J. French Hill Files,06094,SII [1],9999-12-31,9999-12-31,Date not established,unknown,Finding aid supplies no file-unit date,Trade Policy and Market Access,Consider,Volume XXX review,Restricted - Possibly,Records may be closed under exemptions of the Presidential Records Act (PRA) and the Freedom of Information Act (FOIA). Withdrawal sheets in processed folders will indicate specific restrictions.,Unrestricted,not online,,,,,,,,0,,0,0,0,0,0,0,0,0,0,0,0,0,White House Office of Policy Development | J. French Hill Files | Trade policy,"Finding-aid lead retained because of foreign-economic title terms. Review the folder document by document; the title does not establish document identity, selection value, or release completeness.",,"George H.W. Bush Library, Bush Presidential Records, White House Office of Policy Development, J. French Hill Files, OA/ID 06094–007, SII [1].",https://catalog.archives.gov/id/509545835,
509545836,06094-008,2600827,GB-POD-026,J. French Hill Files,06094,SII [2],9999-12-31,9999-12-31,Date not established,unknown,Finding aid supplies no file-unit date,Trade Policy and Market Access,Consider,Volume XXX review,Restricted - Possibly,Records may be closed under exemptions of the Presidential Records Act (PRA) and the Freedom of Information Act (FOIA). Withdrawal sheets in processed folders will indicate specific restrictions.,Unrestricted,not online,,,,,,,,0,,0,0,0,0,0,0,0,0,0,0,0,0,White House Office of Policy Development | J. French Hill Files | Trade policy,"Finding-aid lead retained because of foreign-economic title terms. Review the folder document by document; the title does not establish document identity, selection value, or release completeness.",,"George H.W. Bush Library, Bush Presidential Records, White House Office of Policy Development, J. French Hill Files, OA/ID 06094–008, SII [2].",https://catalog.archives.gov/id/509545836,
509545837,06094-009,2600827,GB-POD-026,J. French Hill Files,06094,SII [3],9999-12-31,9999-12-31,Date not established,unknown,Finding aid supplies no file-unit date,Trade Policy and Market Access,Consider,Volume XXX review,Restricted - Possibly,Records may be closed under exemptions of the Presidential Records Act (PRA) and the Freedom of Information Act (FOIA). Withdrawal sheets in processed folders will indicate specific restrictions.,Unrestricted,not online,,,,,,,,0,,0,0,0,0,0,0,0,0,0,0,0,0,White House Office of Policy Development | J. French Hill Files | Trade policy,"Finding-aid lead retained because of foreign-economic title terms. Review the folder document by document; the title does not establish document identity, selection value, or release completeness.",,"George H.W. Bush Library, Bush Presidential Records, White House Office of Policy Development, J. French Hill Files, OA/ID 06094–009, SII [3].",https://catalog.archives.gov/id/509545837,
509545838,06094-010,2600827,GB-POD-026,J. French Hill Files,06094,SII [4],9999-12-31,9999-12-31,Date not established,unknown,Finding aid supplies no file-unit date,Trade Policy and Market Access,Consider,Volume XXX review,Restricted - Possibly,Records may be closed under exemptions of the Presidential Records Act (PRA) and the Freedom of Information Act (FOIA). Withdrawal sheets in processed folders will indicate specific restrictions.,Unrestricted,not online,,,,,,,,0,,0,0,0,0,0,0,0,0,0,0,0,0,White House Office of Policy Development | J. French Hill Files | Trade policy,"Finding-aid lead retained because of foreign-economic title terms. Review the folder document by document; the title does not establish document identity, selection value, or release completeness.",,"George H.W. Bush Library, Bush Presidential Records, White House Office of Policy Development, J. French Hill Files, OA/ID 06094–010, SII [4].",https://catalog.archives.gov/id/509545838,
509545839,06094-011,2600827,GB-POD-026,J. French Hill Files,06094,SII [5],9999-12-31,9999-12-31,Date not established,unknown,Finding aid supplies no file-unit date,Trade Policy and Market Access,Consider,Volume XXX review,Restricted - Possibly,Records may be closed under exemptions of the Presidential Records Act (PRA) and the Freedom of Information Act (FOIA). Withdrawal sheets in processed folders will indicate specific restrictions.,Unrestricted,not online,,,,,,,,0,,0,0,0,0,0,0,0,0,0,0,0,0,White House Office of Policy Development | J. French Hill Files | Trade policy,"Finding-aid lead retained because of foreign-economic title terms. Review the folder document by document; the title does not establish document identity, selection value, or release completeness.",,"George H.W. Bush Library, Bush Presidential Records, White House Office of Policy Development, J. French Hill Files, OA/ID 06094–011, SII [5].",https://catalog.archives.gov/id/509545839,
509546414,07268-007,2600827,GB-POD-026,J. French Hill Files,07268,SII [1],9999-12-31,9999-12-31,Date not established,unknown,Finding aid supplies no file-unit date,Trade Policy and Market Access,Consider,Volume XXX review,Restricted - Possibly,Records may be closed under exemptions of the Presidential Records Act (PRA) and the Freedom of Information Act (FOIA). Withdrawal sheets in processed folders will indicate specific restrictions.,Unrestricted,not online,,,,,,,,0,,0,0,0,0,0,0,0,0,0,0,0,0,White House Office of Policy Development | J. French Hill Files | Trade policy,"Finding-aid lead retained because of foreign-economic title terms. Review the folder document by document; the title does not establish document identity, selection value, or release completeness.",,"George H.W. Bush Library, Bush Presidential Records, White House Office of Policy Development, J. French Hill Files, OA/ID 07268–007, SII [1].",https://catalog.archives.gov/id/509546414,
509546415,07268-008,2600827,GB-POD-026,J. French Hill Files,07268,SII [2],9999-12-31,9999-12-31,Date not established,unknown,Finding aid supplies no file-unit date,Trade Policy and Market Access,Consider,Volume XXX review,Restricted - Possibly,Records may be closed under exemptions of the Presidential Records Act (PRA) and the Freedom of Information Act (FOIA). Withdrawal sheets in processed folders will indicate specific restrictions.,Unrestricted,not online,,,,,,,,0,,0,0,0,0,0,0,0,0,0,0,0,0,White House Office of Policy Development | J. French Hill Files | Trade policy,"Finding-aid lead retained because of foreign-economic title terms. Review the folder document by document; the title does not establish document identity, selection value, or release completeness.",,"George H.W. Bush Library, Bush Presidential Records, White House Office of Policy Development, J. French Hill Files, OA/ID 07268–008, SII [2].",https://catalog.archives.gov/id/509546415,
509546416,07268-009,2600827,GB-POD-026,J. French Hill Files,07268,SII [3],9999-12-31,9999-12-31,Date not established,unknown,Finding aid supplies no file-unit date,Trade Policy and Market Access,Consider,Volume XXX review,Restricted - Possibly,Records may be closed under exemptions of the Presidential Records Act (PRA) and the Freedom of Information Act (FOIA). Withdrawal sheets in processed folders will indicate specific restrictions.,Unrestricted,not online,,,,,,,,0,,0,0,0,0,0,0,0,0,0,0,0,0,White House Office of Policy Development | J. French Hill Files | Trade policy,"Finding-aid lead retained because of foreign-economic title terms. Review the folder document by document; the title does not establish document identity, selection value, or release completeness.",,"George H.W. Bush Library, Bush Presidential Records, White House Office of Policy Development, J. French Hill Files, OA/ID 07268–009, SII [3].",https://catalog.archives.gov/id/509546416,
509546417,07268-010,2600827,GB-POD-026,J. French Hill Files,07268,SII [4],9999-12-31,9999-12-31,Date not established,unknown,Finding aid supplies no file-unit date,Trade Policy and Market Access,Consider,Volume XXX review,Restricted - Possibly,Records may be closed under exemptions of the Presidential Records Act (PRA) and the Freedom of Information Act (FOIA). Withdrawal sheets in processed folders will indicate specific restrictions.,Unrestricted,not online,,,,,,,,0,,0,0,0,0,0,0,0,0,0,0,0,0,White House Office of Policy Development | J. French Hill Files | Trade policy,"Finding-aid lead retained because of foreign-economic title terms. Review the folder document by document; the title does not establish document identity, selection value, or release completeness.",,"George H.W. Bush Library, Bush Presidential Records, White House Office of Policy Development, J. French Hill Files, OA/ID 07268–010, SII [4].",https://catalog.archives.gov/id/509546417,
509546418,07268-011,2600827,GB-POD-026,J. French Hill Files,07268,SII [5],9999-12-31,9999-12-31,Date not established,unknown,Finding aid supplies no file-unit date,Trade Policy and Market Access,Consider,Volume XXX review,Restricted - Possibly,Records may be closed under exemptions of the Presidential Records Act (PRA) and the Freedom of Information Act (FOIA). Withdrawal sheets in processed folders will indicate specific restrictions.,Unrestricted,not online,,,,,,,,0,,0,0,0,0,0,0,0,0,0,0,0,0,White House Office of Policy Development | J. French Hill Files | Trade policy,"Finding-aid lead retained because of foreign-economic title terms. Review the folder document by document; the title does not establish document identity, selection value, or release completeness.",,"George H.W. Bush Library, Bush Presidential Records, White House Office of Policy Development, J. French Hill Files, OA/ID 07268–011, SII [5].",https://catalog.archives.gov/id/509546418,
509547516,08597-015,2600824,GB-POD-024,John Herrmann Subject Files,08597,Global Warming,9999-12-31,9999-12-31,Date not established,unknown,Finding aid supplies no file-unit date,Economic Summits and Industrialized-Country Cooperation,Consider,Selective review,Restricted - Possibly,Records may be closed under exemptions of the Presidential Records Act (PRA) and the Freedom of Information Act (FOIA). Withdrawal sheets in processed folders will indicate specific restrictions.,Unrestricted,not online,,,,,,,,0,,0,0,0,0,0,0,0,0,0,0,0,0,White House Office of Policy Development | John Herrmann Subject Files | Global environment,"Finding-aid lead retained because of global climate or summit-environment title terms. Review the folder document by document; the title does not establish document identity, selection value, or release completeness.",,"George H.W. Bush Library, Bush Presidential Records, White House Office of Policy Development, John Herrmann Subject Files, OA/ID 08597–015, Global Warming.",https://catalog.archives.gov/id/509547516,
509546520,07307-017,2600805,GB-POD-017,Michael Froman Subject Files,07307,North American Free Trade Agreement [1],9999-12-31,9999-12-31,Date not established,unknown,Finding aid supplies no file-unit date,Trade Policy and Market Access,Boundary,Boundary review,Restricted - Possibly,Records may be closed under exemptions of the Presidential Records Act (PRA) and the Freedom of Information Act (FOIA). Withdrawal sheets in processed folders will indicate specific restrictions.,Unrestricted,not online,,,,,,,,0,,0,0,0,0,0,0,0,0,0,0,0,0,White House Office of Policy Development | Michael Froman Subject Files | Trade policy | NAFTA boundary,"Finding-aid lead retained because of foreign-economic title terms. Review the folder document by document; the title does not establish document identity, selection value, or release completeness.",,"George H.W. Bush Library, Bush Presidential Records, White House Office of Policy Development, Michael Froman Subject Files, OA/ID 07307–017, North American Free Trade Agreement [1].",https://catalog.archives.gov/id/509546520,
509546521,07307-018,2600805,GB-POD-017,Michael Froman Subject Files,07307,North American Free Trade Agreement [2],9999-12-31,9999-12-31,Date not established,unknown,Finding aid supplies no file-unit date,Trade Policy and Market Access,Boundary,Boundary review,Restricted - Possibly,Records may be closed under exemptions of the Presidential Records Act (PRA) and the Freedom of Information Act (FOIA). Withdrawal sheets in processed folders will indicate specific restrictions.,Unrestricted,not online,,,,,,,,0,,0,0,0,0,0,0,0,0,0,0,0,0,White House Office of Policy Development | Michael Froman Subject Files | Trade policy | NAFTA boundary,"Finding-aid lead retained because of foreign-economic title terms. Review the folder document by document; the title does not establish document identity, selection value, or release completeness.",,"George H.W. Bush Library, Bush Presidential Records, White House Office of Policy Development, Michael Froman Subject Files, OA/ID 07307–018, North American Free Trade Agreement [2].",https://catalog.archives.gov/id/509546521,
509546522,07307-019,2600805,GB-POD-017,Michael Froman Subject Files,07307,China 301,9999-12-31,9999-12-31,Date not established,unknown,Finding aid supplies no file-unit date,Trade Policy and Market Access,Consider,Volume XXX review,Restricted - Possibly,Records may be closed under exemptions of the Presidential Records Act (PRA) and the Freedom of Information Act (FOIA). Withdrawal sheets in processed folders will indicate specific restrictions.,Unrestricted,not online,,,,,,,,0,,0,0,0,0,0,0,0,0,0,0,0,0,White House Office of Policy Development | Michael Froman Subject Files,"Finding-aid lead retained because of foreign-economic title terms. Review the folder document by document; the title does not establish document identity, selection value, or release completeness.",,"George H.W. Bush Library, Bush Presidential Records, White House Office of Policy Development, Michael Froman Subject Files, OA/ID 07307–019, China 301.",https://catalog.archives.gov/id/509546522,
509546523,07308-001,2600805,GB-POD-017,Michael Froman Subject Files,07308,Free Trade With Mexico,9999-12-31,9999-12-31,Date not established,unknown,Finding aid supplies no file-unit date,Trade Policy and Market Access,Boundary,Boundary review,Restricted - Possibly,Records may be closed under exemptions of the Presidential Records Act (PRA) and the Freedom of Information Act (FOIA). Withdrawal sheets in processed folders will indicate specific restrictions.,Unrestricted,not online,,,,,,,,0,,0,0,0,0,0,0,0,0,0,0,0,0,White House Office of Policy Development | Michael Froman Subject Files | Trade policy | NAFTA boundary,"Finding-aid lead retained because of foreign-economic title terms. Review the folder document by document; the title does not establish document identity, selection value, or release completeness.",,"George H.W. Bush Library, Bush Presidential Records, White House Office of Policy Development, Michael Froman Subject Files, OA/ID 07308–001, Free Trade With Mexico.",https://catalog.archives.gov/id/509546523,
509545306,04020-002,2600830,GB-POD-027,Michael Klausner Subject Files,04020,European Community,9999-12-31,9999-12-31,Date not established,unknown,Finding aid supplies no file-unit date,Trade Policy and Market Access,Consider,Volume XXX review,Restricted - Possibly,Records may be closed under exemptions of the Presidential Records Act (PRA) and the Freedom of Information Act (FOIA). Withdrawal sheets in processed folders will indicate specific restrictions.,Unrestricted,not online,,,,,,,,0,,0,0,0,0,0,0,0,0,0,0,0,0,White House Office of Policy Development | Michael Klausner Subject Files,"Finding-aid lead retained because of foreign-economic title terms, country file in a policy staff series. Review the folder document by document; the title does not establish document identity, selection value, or release completeness.",,"George H.W. Bush Library, Bush Presidential Records, White House Office of Policy Development, Michael Klausner Subject Files, OA/ID 04020–002, European Community.",https://catalog.archives.gov/id/509545306,
509545310,04020-012,2600830,GB-POD-027,Michael Klausner Subject Files,04020,National Committee on U.S.-China Relations,9999-12-31,9999-12-31,Date not established,unknown,Finding aid supplies no file-unit date,Trade Policy and Market Access,Consider,Volume XXX review,Restricted - Possibly,Records may be closed under exemptions of the Presidential Records Act (PRA) and the Freedom of Information Act (FOIA). Withdrawal sheets in processed folders will indicate specific restrictions.,Unrestricted,not online,,,,,,,,0,,0,0,0,0,0,0,0,0,0,0,0,0,White House Office of Policy Development | Michael Klausner Subject Files,"Finding-aid lead retained because of country file in a policy staff series. Review the folder document by document; the title does not establish document identity, selection value, or release completeness.",,"George H.W. Bush Library, Bush Presidential Records, White House Office of Policy Development, Michael Klausner Subject Files, OA/ID 04020–012, National Committee on U.S.-China Relations.",https://catalog.archives.gov/id/509545310,
509545329,04152-046,2600856,GB-POD-031,Nancy Maloley Subject Files,04152,4/25 EENR Working Group Meeting - Global Warming,9999-12-31,9999-12-31,Date not established,unknown,Finding aid supplies no file-unit date,Economic Summits and Industrialized-Country Cooperation,Consider,Selective review,Restricted - Possibly,Records may be closed under exemptions of the Presidential Records Act (PRA) and the Freedom of Information Act (FOIA). Withdrawal sheets in processed folders will indicate specific restrictions.,Unrestricted,not online,,,,,,,,0,,0,0,0,0,0,0,0,0,0,0,0,0,White House Office of Policy Development | Nancy Maloley Subject Files | Global environment,"Finding-aid lead retained because of global climate or summit-environment title terms. Review the folder document by document; the title does not establish document identity, selection value, or release completeness.",,"George H.W. Bush Library, Bush Presidential Records, White House Office of Policy Development, Nancy Maloley Subject Files, OA/ID 04152–046, 4/25 EENR Working Group Meeting - Global Warming.",https://catalog.archives.gov/id/509545329,
509545334,04153-017,2600856,GB-POD-031,Nancy Maloley Subject Files,04153,Global Climate Change,9999-12-31,9999-12-31,Date not established,unknown,Finding aid supplies no file-unit date,Economic Summits and Industrialized-Country Cooperation,Consider,Selective review,Restricted - Possibly,Records may be closed under exemptions of the Presidential Records Act (PRA) and the Freedom of Information Act (FOIA). Withdrawal sheets in processed folders will indicate specific restrictions.,Unrestricted,not online,,,,,,,,0,,0,0,0,0,0,0,0,0,0,0,0,0,White House Office of Policy Development | Nancy Maloley Subject Files | Global environment,"Finding-aid lead retained because of global climate or summit-environment title terms. Review the folder document by document; the title does not establish document identity, selection value, or release completeness.",,"George H.W. Bush Library, Bush Presidential Records, White House Office of Policy Development, Nancy Maloley Subject Files, OA/ID 04153–017, Global Climate Change.",https://catalog.archives.gov/id/509545334,
509545335,04153-018,2600856,GB-POD-031,Nancy Maloley Subject Files,04153,Global Warming Initiatives,9999-12-31,9999-12-31,Date not established,unknown,Finding aid supplies no file-unit date,Economic Summits and Industrialized-Country Cooperation,Consider,Selective review,Restricted - Possibly,Records may be closed under exemptions of the Presidential Records Act (PRA) and the Freedom of Information Act (FOIA). Withdrawal sheets in processed folders will indicate specific restrictions.,Unrestricted,not online,,,,,,,,0,,0,0,0,0,0,0,0,0,0,0,0,0,White House Office of Policy Development | Nancy Maloley Subject Files | Global environment,"Finding-aid lead retained because of global climate or summit-environment title terms. Review the folder document by document; the title does not establish document identity, selection value, or release completeness.",,"George H.W. Bush Library, Bush Presidential Records, White House Office of Policy Development, Nancy Maloley Subject Files, OA/ID 04153–018, Global Warming Initiatives.",https://catalog.archives.gov/id/509545335,
509545337,04153-020,2600856,GB-POD-031,Nancy Maloley Subject Files,04153,Global Warming Working Group,9999-12-31,9999-12-31,Date not established,unknown,Finding aid supplies no file-unit date,Economic Summits and Industrialized-Country Cooperation,Consider,Selective review,Restricted - Possibly,Records may be closed under exemptions of the Presidential Records Act (PRA) and the Freedom of Information Act (FOIA). Withdrawal sheets in processed folders will indicate specific restrictions.,Unrestricted,not online,,,,,,,,0,,0,0,0,0,0,0,0,0,0,0,0,0,White House Office of Policy Development | Nancy Maloley Subject Files | Global environment,"Finding-aid lead retained because of global climate or summit-environment title terms. Review the folder document by document; the title does not establish document identity, selection value, or release completeness.",,"George H.W. Bush Library, Bush Presidential Records, White House Office of Policy Development, Nancy Maloley Subject Files, OA/ID 04153–020, Global Warming Working Group.",https://catalog.archives.gov/id/509545337,
509545338,04153-021,2600856,GB-POD-031,Nancy Maloley Subject Files,04153,Greenhouse Gases,9999-12-31,9999-12-31,Date not established,unknown,Finding aid supplies no file-unit date,Trade Policy and Market Access,Consider,Selective review,Restricted - Possibly,Records may be closed under exemptions of the Presidential Records Act (PRA) and the Freedom of Information Act (FOIA). Withdrawal sheets in processed folders will indicate specific restrictions.,Unrestricted,not online,,,,,,,,0,,0,0,0,0,0,0,0,0,0,0,0,0,White House Office of Policy Development | Nancy Maloley Subject Files,"Finding-aid lead retained because of global climate or summit-environment title terms. Review the folder document by document; the title does not establish document identity, selection value, or release completeness.",,"George H.W. Bush Library, Bush Presidential Records, White House Office of Policy Development, Nancy Maloley Subject Files, OA/ID 04153–021, Greenhouse Gases.",https://catalog.archives.gov/id/509545338,
509545339,04153-022,2600856,GB-POD-031,Nancy Maloley Subject Files,04153,Global Warming [1],9999-12-31,9999-12-31,Date not established,unknown,Finding aid supplies no file-unit date,Economic Summits and Industrialized-Country Cooperation,Consider,Selective review,Restricted - Possibly,Records may be closed under exemptions of the Presidential Records Act (PRA) and the Freedom of Information Act (FOIA). Withdrawal sheets in processed folders will indicate specific restrictions.,Unrestricted,not online,,,,,,,,0,,0,0,0,0,0,0,0,0,0,0,0,0,White House Office of Policy Development | Nancy Maloley Subject Files | Global environment,"Finding-aid lead retained because of global climate or summit-environment title terms. Review the folder document by document; the title does not establish document identity, selection value, or release completeness.",,"George H.W. Bush Library, Bush Presidential Records, White House Office of Policy Development, Nancy Maloley Subject Files, OA/ID 04153–022, Global Warming [1].",https://catalog.archives.gov/id/509545339,
509545340,04153-023,2600856,GB-POD-031,Nancy Maloley Subject Files,04153,Global Warming [2],9999-12-31,9999-12-31,Date not established,unknown,Finding aid supplies no file-unit date,Economic Summits and Industrialized-Country Cooperation,Consider,Selective review,Restricted - Possibly,Records may be closed under exemptions of the Presidential Records Act (PRA) and the Freedom of Information Act (FOIA). Withdrawal sheets in processed folders will indicate specific restrictions.,Unrestricted,not online,,,,,,,,0,,0,0,0,0,0,0,0,0,0,0,0,0,White House Office of Policy Development | Nancy Maloley Subject Files | Global environment,"Finding-aid lead retained because of global climate or summit-environment title terms. Review the folder document by document; the title does not establish document identity, selection value, or release completeness.",,"George H.W. Bush Library, Bush Presidential Records, White House Office of Policy Development, Nancy Maloley Subject Files, OA/ID 04153–023, Global Warming [2].",https://catalog.archives.gov/id/509545340,
509545341,04153-024,2600856,GB-POD-031,Nancy Maloley Subject Files,04153,Global Warming [3],9999-12-31,9999-12-31,Date not established,unknown,Finding aid supplies no file-unit date,Economic Summits and Industrialized-Country Cooperation,Consider,Selective review,Restricted - Possibly,Records may be closed under exemptions of the Presidential Records Act (PRA) and the Freedom of Information Act (FOIA). Withdrawal sheets in processed folders will indicate specific restrictions.,Unrestricted,not online,,,,,,,,0,,0,0,0,0,0,0,0,0,0,0,0,0,White House Office of Policy Development | Nancy Maloley Subject Files | Global environment,"Finding-aid lead retained because of global climate or summit-environment title terms. Review the folder document by document; the title does not establish document identity, selection value, or release completeness.",,"George H.W. Bush Library, Bush Presidential Records, White House Office of Policy Development, Nancy Maloley Subject Files, OA/ID 04153–024, Global Warming [3].",https://catalog.archives.gov/id/509545341,
509545350,04154-013,2600856,GB-POD-031,Nancy Maloley Subject Files,04154,"Environmental Issues for Upcoming Economic Summit, July, Paris [1]",9999-12-31,9999-12-31,Date not established,unknown,Finding aid supplies no file-unit date,Economic Summits and Industrialized-Country Cooperation,Core,Volume XXX review,Restricted - Possibly,Records may be closed under exemptions of the Presidential Records Act (PRA) and the Freedom of Information Act (FOIA). Withdrawal sheets in processed folders will indicate specific restrictions.,Unrestricted,not online,,,,,,,,0,,0,0,0,0,0,0,0,0,0,0,0,0,White House Office of Policy Development | Nancy Maloley Subject Files | Economic summits,"Finding-aid lead retained because of foreign-economic title terms. Review the folder document by document; the title does not establish document identity, selection value, or release completeness.",,"George H.W. Bush Library, Bush Presidential Records, White House Office of Policy Development, Nancy Maloley Subject Files, OA/ID 04154–013, Environmental Issues for Upcoming Economic Summit, July, Paris [1].",https://catalog.archives.gov/id/509545350,
509545351,04154-014,2600856,GB-POD-031,Nancy Maloley Subject Files,04154,"Environmental Issues for Upcoming Economic Summit, July, Paris [2]",9999-12-31,9999-12-31,Date not established,unknown,Finding aid supplies no file-unit date,Economic Summits and Industrialized-Country Cooperation,Core,Volume XXX review,Restricted - Possibly,Records may be closed under exemptions of the Presidential Records Act (PRA) and the Freedom of Information Act (FOIA). Withdrawal sheets in processed folders will indicate specific restrictions.,Unrestricted,not online,,,,,,,,0,,0,0,0,0,0,0,0,0,0,0,0,0,White House Office of Policy Development | Nancy Maloley Subject Files | Economic summits,"Finding-aid lead retained because of foreign-economic title terms. Review the folder document by document; the title does not establish document identity, selection value, or release completeness.",,"George H.W. Bush Library, Bush Presidential Records, White House Office of Policy Development, Nancy Maloley Subject Files, OA/ID 04154–014, Environmental Issues for Upcoming Economic Summit, July, Paris [2].",https://catalog.archives.gov/id/509545351,
509545352,04154-015,2600856,GB-POD-031,Nancy Maloley Subject Files,04154,Summit - Environmental Initiatives July - Paris [1],9999-12-31,9999-12-31,Date not established,unknown,Finding aid supplies no file-unit date,Trade Policy and Market Access,Consider,Volume XXX review,Restricted - Possibly,Records may be closed under exemptions of the Presidential Records Act (PRA) and the Freedom of Information Act (FOIA). Withdrawal sheets in processed folders will indicate specific restrictions.,Unrestricted,not online,,,,,,,,0,,0,0,0,0,0,0,0,0,0,0,0,0,White House Office of Policy Development | Nancy Maloley Subject Files,"Finding-aid lead retained because of foreign-economic title terms. Review the folder document by document; the title does not establish document identity, selection value, or release completeness.",,"George H.W. Bush Library, Bush Presidential Records, White House Office of Policy Development, Nancy Maloley Subject Files, OA/ID 04154–015, Summit - Environmental Initiatives July - Paris [1].",https://catalog.archives.gov/id/509545352,
509545353,04154-016,2600856,GB-POD-031,Nancy Maloley Subject Files,04154,Summit - Environmental Initiatives July - Paris [2],9999-12-31,9999-12-31,Date not established,unknown,Finding aid supplies no file-unit date,Trade Policy and Market Access,Consider,Volume XXX review,Restricted - Possibly,Records may be closed under exemptions of the Presidential Records Act (PRA) and the Freedom of Information Act (FOIA). Withdrawal sheets in processed folders will indicate specific restrictions.,Unrestricted,not online,,,,,,,,0,,0,0,0,0,0,0,0,0,0,0,0,0,White House Office of Policy Development | Nancy Maloley Subject Files,"Finding-aid lead retained because of foreign-economic title terms. Review the folder document by document; the title does not establish document identity, selection value, or release completeness.",,"George H.W. Bush Library, Bush Presidential Records, White House Office of Policy Development, Nancy Maloley Subject Files, OA/ID 04154–016, Summit - Environmental Initiatives July - Paris [2].",https://catalog.archives.gov/id/509545353,
509545765,05720-002,2600882,GB-POD-040,Robert Pekkanen Subject Files,05720,Interagency Review for U.S.-Japan Semiconductor Trade Arrangement [1],9999-12-31,9999-12-31,Date not established,unknown,Finding aid supplies no file-unit date,"Strategic Trade, Technology, and Investment Controls",Consider,Volume XXX review,Restricted - Possibly,Records may be closed under exemptions of the Presidential Records Act (PRA) and the Freedom of Information Act (FOIA). Withdrawal sheets in processed folders will indicate specific restrictions.,Unrestricted,not online,,,,,,,,0,,0,0,0,0,0,0,0,0,0,0,0,0,White House Office of Policy Development | Robert Pekkanen Subject Files | Trade policy | Export controls,"Finding-aid lead retained because of foreign-economic title terms. Review the folder document by document; the title does not establish document identity, selection value, or release completeness.",,"George H.W. Bush Library, Bush Presidential Records, White House Office of Policy Development, Robert Pekkanen Subject Files, OA/ID 05720–002, Interagency Review for U.S.-Japan Semiconductor Trade Arrangement [1].",https://catalog.archives.gov/id/509545765,
509545766,05720-003,2600882,GB-POD-040,Robert Pekkanen Subject Files,05720,Interagency Review for U.S.-Japan Semiconductor Trade Arrangement [2],9999-12-31,9999-12-31,Date not established,unknown,Finding aid supplies no file-unit date,"Strategic Trade, Technology, and Investment Controls",Consider,Volume XXX review,Restricted - Possibly,Records may be closed under exemptions of the Presidential Records Act (PRA) and the Freedom of Information Act (FOIA). Withdrawal sheets in processed folders will indicate specific restrictions.,Unrestricted,not online,,,,,,,,0,,0,0,0,0,0,0,0,0,0,0,0,0,White House Office of Policy Development | Robert Pekkanen Subject Files | Trade policy | Export controls,"Finding-aid lead retained because of foreign-economic title terms. Review the folder document by document; the title does not establish document identity, selection value, or release completeness.",,"George H.W. Bush Library, Bush Presidential Records, White House Office of Policy Development, Robert Pekkanen Subject Files, OA/ID 05720–003, Interagency Review for U.S.-Japan Semiconductor Trade Arrangement [2].",https://catalog.archives.gov/id/509545766,
352794417,05720-006,2600882,GB-POD-040,Robert Pekkanen Subject Files,05720,Committee on Foreign Investment in the United States [CFIUS],9999-12-31,9999-12-31,Date not established,unknown,Finding aid supplies no file-unit date,"Strategic Trade, Technology, and Investment Controls",Core,Volume XXX review,Undetermined,The majority of these records have not been processed so access restrictions have not been determined.,Unrestricted,not online,,,,,,,,0,,0,0,0,0,0,0,0,0,0,0,0,0,White House Office of Policy Development | Robert Pekkanen Subject Files | Foreign investment,"Finding-aid lead retained because of foreign-economic title terms. Review the folder document by document; the title does not establish document identity, selection value, or release completeness.",,"George H.W. Bush Library, Bush Presidential Records, White House Office of Policy Development, Robert Pekkanen Subject Files, OA/ID 05720–006, Committee on Foreign Investment in the United States [CFIUS].",https://catalog.archives.gov/id/352794417,
509547432,08541-008,503434622,GB-POD-043,Roger Porter Files,08541,Munich Summit,9999-12-31,9999-12-31,Date not established,unknown,Finding aid supplies no file-unit date,Economic Summits and Industrialized-Country Cooperation,Consider,Volume XXX review,Restricted - Possibly,Records may be closed under exemptions of the Presidential Records Act (PRA) and the Freedom of Information Act (FOIA). Withdrawal sheets in processed folders will indicate specific restrictions.,Unrestricted,not online,,,,,,,,0,,0,0,0,0,0,0,0,0,0,0,0,0,White House Office of Policy Development | Roger Porter Files | Economic summits,"Finding-aid lead retained because of foreign-economic title terms. Review the folder document by document; the title does not establish document identity, selection value, or release completeness.",,"George H.W. Bush Library, Bush Presidential Records, White House Office of Policy Development, Roger Porter Files, OA/ID 08541–008, Munich Summit.",https://catalog.archives.gov/id/509547432,
509547437,08541-055,503434622,GB-POD-043,Roger Porter Files,08541,Trade Policy,9999-12-31,9999-12-31,Date not established,unknown,Finding aid supplies no file-unit date,Trade Policy and Market Access,Core,Volume XXX review,Restricted - Possibly,Records may be closed under exemptions of the Presidential Records Act (PRA) and the Freedom of Information Act (FOIA). Withdrawal sheets in processed folders will indicate specific restrictions.,Unrestricted,not online,,,,,,,,0,,0,0,0,0,0,0,0,0,0,0,0,0,White House Office of Policy Development | Roger Porter Files | Trade policy,"Finding-aid lead retained because of foreign-economic title terms. Review the folder document by document; the title does not establish document identity, selection value, or release completeness.",,"George H.W. Bush Library, Bush Presidential Records, White House Office of Policy Development, Roger Porter Files, OA/ID 08541–055, Trade Policy.",https://catalog.archives.gov/id/509547437,
509547438,08541-062,503434622,GB-POD-043,Roger Porter Files,08541,U.S. - Canada Free Trade Agreement,9999-12-31,9999-12-31,Date not established,unknown,Finding aid supplies no file-unit date,Trade Policy and Market Access,Boundary,Boundary review,Restricted - Possibly,Records may be closed under exemptions of the Presidential Records Act (PRA) and the Freedom of Information Act (FOIA). Withdrawal sheets in processed folders will indicate specific restrictions.,Unrestricted,not online,,,,,,,,0,,0,0,0,0,0,0,0,0,0,0,0,0,White House Office of Policy Development | Roger Porter Files | Trade policy | NAFTA boundary,"Finding-aid lead retained because of foreign-economic title terms. Review the folder document by document; the title does not establish document identity, selection value, or release completeness.",,"George H.W. Bush Library, Bush Presidential Records, White House Office of Policy Development, Roger Porter Files, OA/ID 08541–062, U.S. - Canada Free Trade Agreement.",https://catalog.archives.gov/id/509547438,
509547439,08541-064,503434622,GB-POD-043,Roger Porter Files,08541,Venezuela,9999-12-31,9999-12-31,Date not established,unknown,Finding aid supplies no file-unit date,Trade Policy and Market Access,Consider,Volume XXX review,Restricted - Possibly,Records may be closed under exemptions of the Presidential Records Act (PRA) and the Freedom of Information Act (FOIA). Withdrawal sheets in processed folders will indicate specific restrictions.,Unrestricted,not online,,,,,,,,0,,0,0,0,0,0,0,0,0,0,0,0,0,White House Office of Policy Development | Roger Porter Files,"Finding-aid lead retained because of country file in a policy staff series. Review the folder document by document; the title does not establish document identity, selection value, or release completeness.",,"George H.W. Bush Library, Bush Presidential Records, White House Office of Policy Development, Roger Porter Files, OA/ID 08541–064, Venezuela.",https://catalog.archives.gov/id/509547439,
509547851,08851-003,503434622,GB-POD-043,Roger Porter Files,08851,European Bank for Reconstruction and Development,9999-12-31,9999-12-31,Date not established,unknown,Finding aid supplies no file-unit date,"Monetary Policy, Debt, and International Institutions",Consider,Volume XXX review,Restricted - Possibly,Records may be closed under exemptions of the Presidential Records Act (PRA) and the Freedom of Information Act (FOIA). Withdrawal sheets in processed folders will indicate specific restrictions.,Unrestricted,not online,,,,,,,,0,,0,0,0,0,0,0,0,0,0,0,0,0,White House Office of Policy Development | Roger Porter Files,"Finding-aid lead retained because of foreign-economic title terms. Review the folder document by document; the title does not establish document identity, selection value, or release completeness.",,"George H.W. Bush Library, Bush Presidential Records, White House Office of Policy Development, Roger Porter Files, OA/ID 08851–003, European Bank for Reconstruction and Development.",https://catalog.archives.gov/id/509547851,
509547864,08852-002,503434622,GB-POD-043,Roger Porter Files,08852,Japan,9999-12-31,9999-12-31,Date not established,unknown,Finding aid supplies no file-unit date,Trade Policy and Market Access,Consider,Volume XXX review,Restricted - Possibly,Records may be closed under exemptions of the Presidential Records Act (PRA) and the Freedom of Information Act (FOIA). Withdrawal sheets in processed folders will indicate specific restrictions.,Unrestricted,not online,,,,,,,,0,,0,0,0,0,0,0,0,0,0,0,0,0,White House Office of Policy Development | Roger Porter Files,"Finding-aid lead retained because of country file in a policy staff series. Review the folder document by document; the title does not establish document identity, selection value, or release completeness.",,"George H.W. Bush Library, Bush Presidential Records, White House Office of Policy Development, Roger Porter Files, OA/ID 08852–002, Japan.",https://catalog.archives.gov/id/509547864,
509547866,08852-010,503434622,GB-POD-043,Roger Porter Files,08852,"Korea, Republic of",9999-12-31,9999-12-31,Date not established,unknown,Finding aid supplies no file-unit date,Trade Policy and Market Access,Consider,Volume XXX review,Restricted - Possibly,Records may be closed under exemptions of the Presidential Records Act (PRA) and the Freedom of Information Act (FOIA). Withdrawal sheets in processed folders will indicate specific restrictions.,Unrestricted,not online,,,,,,,,0,,0,0,0,0,0,0,0,0,0,0,0,0,White House Office of Policy Development | Roger Porter Files,"Finding-aid lead retained because of country file in a policy staff series. Review the folder document by document; the title does not establish document identity, selection value, or release completeness.",,"George H.W. Bush Library, Bush Presidential Records, White House Office of Policy Development, Roger Porter Files, OA/ID 08852–010, Korea, Republic of.",https://catalog.archives.gov/id/509547866,
509547881,08855-009,503434622,GB-POD-043,Roger Porter Files,08855,Brazil,9999-12-31,9999-12-31,Date not established,unknown,Finding aid supplies no file-unit date,Trade Policy and Market Access,Consider,Volume XXX review,Restricted - Possibly,Records may be closed under exemptions of the Presidential Records Act (PRA) and the Freedom of Information Act (FOIA). Withdrawal sheets in processed folders will indicate specific restrictions.,Unrestricted,not online,,,,,,,,0,,0,0,0,0,0,0,0,0,0,0,0,0,White House Office of Policy Development | Roger Porter Files,"Finding-aid lead retained because of country file in a policy staff series. Review the folder document by document; the title does not establish document identity, selection value, or release completeness.",,"George H.W. Bush Library, Bush Presidential Records, White House Office of Policy Development, Roger Porter Files, OA/ID 08855–009, Brazil.",https://catalog.archives.gov/id/509547881,
509547888,08855-051,503434622,GB-POD-043,Roger Porter Files,08855,European Community,9999-12-31,9999-12-31,Date not established,unknown,Finding aid supplies no file-unit date,Trade Policy and Market Access,Consider,Volume XXX review,Restricted - Possibly,Records may be closed under exemptions of the Presidential Records Act (PRA) and the Freedom of Information Act (FOIA). Withdrawal sheets in processed folders will indicate specific restrictions.,Unrestricted,not online,,,,,,,,0,,0,0,0,0,0,0,0,0,0,0,0,0,White House Office of Policy Development | Roger Porter Files,"Finding-aid lead retained because of foreign-economic title terms, country file in a policy staff series. Review the folder document by document; the title does not establish document identity, selection value, or release completeness.",,"George H.W. Bush Library, Bush Presidential Records, White House Office of Policy Development, Roger Porter Files, OA/ID 08855–051, European Community.",https://catalog.archives.gov/id/509547888,
509547894,08855-086,503434622,GB-POD-043,Roger Porter Files,08855,Korea,9999-12-31,9999-12-31,Date not established,unknown,Finding aid supplies no file-unit date,Trade Policy and Market Access,Consider,Volume XXX review,Restricted - Possibly,Records may be closed under exemptions of the Presidential Records Act (PRA) and the Freedom of Information Act (FOIA). Withdrawal sheets in processed folders will indicate specific restrictions.,Unrestricted,not online,,,,,,,,0,,0,0,0,0,0,0,0,0,0,0,0,0,White House Office of Policy Development | Roger Porter Files,"Finding-aid lead retained because of country file in a policy staff series. Review the folder document by document; the title does not establish document identity, selection value, or release completeness.",,"George H.W. Bush Library, Bush Presidential Records, White House Office of Policy Development, Roger Porter Files, OA/ID 08855–086, Korea.",https://catalog.archives.gov/id/509547894,
509547904,08855-143,503434622,GB-POD-043,Roger Porter Files,08855,Technology Transfer,9999-12-31,9999-12-31,Date not established,unknown,Finding aid supplies no file-unit date,"Strategic Trade, Technology, and Investment Controls",Consider,Volume XXX review,Restricted - Possibly,Records may be closed under exemptions of the Presidential Records Act (PRA) and the Freedom of Information Act (FOIA). Withdrawal sheets in processed folders will indicate specific restrictions.,Unrestricted,not online,,,,,,,,0,,0,0,0,0,0,0,0,0,0,0,0,0,White House Office of Policy Development | Roger Porter Files | Export controls,"Finding-aid lead retained because of foreign-economic title terms. Review the folder document by document; the title does not establish document identity, selection value, or release completeness.",,"George H.W. Bush Library, Bush Presidential Records, White House Office of Policy Development, Roger Porter Files, OA/ID 08855–143, Technology Transfer.",https://catalog.archives.gov/id/509547904,
509547906,08855-147,503434622,GB-POD-043,Roger Porter Files,08855,Trade Policy,9999-12-31,9999-12-31,Date not established,unknown,Finding aid supplies no file-unit date,Trade Policy and Market Access,Core,Volume XXX review,Restricted - Possibly,Records may be closed under exemptions of the Presidential Records Act (PRA) and the Freedom of Information Act (FOIA). Withdrawal sheets in processed folders will indicate specific restrictions.,Unrestricted,not online,,,,,,,,0,,0,0,0,0,0,0,0,0,0,0,0,0,White House Office of Policy Development | Roger Porter Files | Trade policy,"Finding-aid lead retained because of foreign-economic title terms. Review the folder document by document; the title does not establish document identity, selection value, or release completeness.",,"George H.W. Bush Library, Bush Presidential Records, White House Office of Policy Development, Roger Porter Files, OA/ID 08855–147, Trade Policy.",https://catalog.archives.gov/id/509547906,
509547921,08857-013,503434622,GB-POD-043,Roger Porter Files,08857,EEC [European Economic Community],9999-12-31,9999-12-31,Date not established,unknown,Finding aid supplies no file-unit date,Trade Policy and Market Access,Consider,Volume XXX review,Restricted - Possibly,Records may be closed under exemptions of the Presidential Records Act (PRA) and the Freedom of Information Act (FOIA). Withdrawal sheets in processed folders will indicate specific restrictions.,Unrestricted,not online,,,,,,,,0,,0,0,0,0,0,0,0,0,0,0,0,0,White House Office of Policy Development | Roger Porter Files,"Finding-aid lead retained because of foreign-economic title terms. Review the folder document by document; the title does not establish document identity, selection value, or release completeness.",,"George H.W. Bush Library, Bush Presidential Records, White House Office of Policy Development, Roger Porter Files, OA/ID 08857–013, EEC [European Economic Community].",https://catalog.archives.gov/id/509547921,
509547417,08540-024,2600884,GB-POD-044,Roger Porter Subject Files,08540,China,9999-12-31,9999-12-31,Date not established,unknown,Finding aid supplies no file-unit date,Trade Policy and Market Access,Consider,Volume XXX review,Restricted - Possibly,Records may be closed under exemptions of the Presidential Records Act (PRA) and the Freedom of Information Act (FOIA). Withdrawal sheets in processed folders will indicate specific restrictions.,Unrestricted,not online,,,,,,,,0,,0,0,0,0,0,0,0,0,0,0,0,0,White House Office of Policy Development | Roger Porter Subject Files,"Finding-aid lead retained because of country file in a policy staff series. Review the folder document by document; the title does not establish document identity, selection value, or release completeness.",,"George H.W. Bush Library, Bush Presidential Records, White House Office of Policy Development, Roger Porter Subject Files, OA/ID 08540–024, China.",https://catalog.archives.gov/id/509547417,
509547426,08540-059,2600884,GB-POD-044,Roger Porter Subject Files,08540,European Community,9999-12-31,9999-12-31,Date not established,unknown,Finding aid supplies no file-unit date,Trade Policy and Market Access,Consider,Volume XXX review,Restricted - Possibly,Records may be closed under exemptions of the Presidential Records Act (PRA) and the Freedom of Information Act (FOIA). Withdrawal sheets in processed folders will indicate specific restrictions.,Unrestricted,not online,,,,,,,,0,,0,0,0,0,0,0,0,0,0,0,0,0,White House Office of Policy Development | Roger Porter Subject Files,"Finding-aid lead retained because of foreign-economic title terms, country file in a policy staff series. Review the folder document by document; the title does not establish document identity, selection value, or release completeness.",,"George H.W. Bush Library, Bush Presidential Records, White House Office of Policy Development, Roger Porter Subject Files, OA/ID 08540–059, European Community.",https://catalog.archives.gov/id/509547426,
509547431,08540-085,2600884,GB-POD-044,Roger Porter Subject Files,08540,Japan,9999-12-31,9999-12-31,Date not established,unknown,Finding aid supplies no file-unit date,Trade Policy and Market Access,Consider,Volume XXX review,Restricted - Possibly,Records may be closed under exemptions of the Presidential Records Act (PRA) and the Freedom of Information Act (FOIA). Withdrawal sheets in processed folders will indicate specific restrictions.,Unrestricted,not online,,,,,,,,0,,0,0,0,0,0,0,0,0,0,0,0,0,White House Office of Policy Development | Roger Porter Subject Files,"Finding-aid lead retained because of country file in a policy staff series. Review the folder document by document; the title does not establish document identity, selection value, or release completeness.",,"George H.W. Bush Library, Bush Presidential Records, White House Office of Policy Development, Roger Porter Subject Files, OA/ID 08540–085, Japan.",https://catalog.archives.gov/id/509547431,
509547913,08856-045,505628517,GB-POD-045,Roger Porter Subject Files,08856,Caribbean Basin,9999-12-31,9999-12-31,Date not established,unknown,Finding aid supplies no file-unit date,Trade Policy and Market Access,Consider,Volume XXX review,Restricted - Possibly,Records may be closed under exemptions of the Presidential Records Act (PRA) and the Freedom of Information Act (FOIA). Withdrawal sheets in processed folders will indicate specific restrictions.,Unrestricted,not online,,,,,,,,0,,0,0,0,0,0,0,0,0,0,0,0,0,White House Office of Policy Development | Roger Porter Subject Files,"Finding-aid lead retained because of country file in a policy staff series. Review the folder document by document; the title does not establish document identity, selection value, or release completeness.",,"George H.W. Bush Library, Bush Presidential Records, White House Office of Policy Development, Roger Porter Subject Files, OA/ID 08856–045, Caribbean Basin.",https://catalog.archives.gov/id/509547913,
509547915,08856-052,505628517,GB-POD-045,Roger Porter Subject Files,08856,China - MFN [Most Favored Nation],9999-12-31,9999-12-31,Date not established,unknown,Finding aid supplies no file-unit date,Trade Policy and Market Access,Consider,Volume XXX review,Restricted - Possibly,Records may be closed under exemptions of the Presidential Records Act (PRA) and the Freedom of Information Act (FOIA). Withdrawal sheets in processed folders will indicate specific restrictions.,Unrestricted,not online,,,,,,,,0,,0,0,0,0,0,0,0,0,0,0,0,0,White House Office of Policy Development | Roger Porter Subject Files,"Finding-aid lead retained because of foreign-economic title terms, country file in a policy staff series. Review the folder document by document; the title does not establish document identity, selection value, or release completeness.",,"George H.W. Bush Library, Bush Presidential Records, White House Office of Policy Development, Roger Porter Subject Files, OA/ID 08856–052, China - MFN [Most Favored Nation].",https://catalog.archives.gov/id/509547915,
509548221,CF01121-001,506211264,GB-POD-012,Stephen P. Farrar Country Files,CF01121,Subject/Country Files: Mexico,9999-12-31,9999-12-31,Date not established,unknown,Finding aid supplies no file-unit date,Trade Policy and Market Access,Boundary,Boundary review,Restricted - Possibly,Records may be closed under exemptions of the Presidential Records Act (PRA) and the Freedom of Information Act (FOIA). Withdrawal sheets in processed folders will indicate specific restrictions.,Unrestricted,not online,,,,,,,,0,,0,0,0,0,0,0,0,0,0,0,0,0,White House Office of Policy Development | Stephen P. Farrar Country Files | NAFTA boundary,"Finding-aid lead retained because of functional trade or international-economic series. Review the folder document by document; the title does not establish document identity, selection value, or release completeness.",,"George H.W. Bush Library, Bush Presidential Records, White House Office of Policy Development, Stephen P. Farrar Country Files, OA/ID CF01121–001, Subject/Country Files: Mexico.",https://catalog.archives.gov/id/509548221,
509548223,CF01121-003,506211264,GB-POD-012,Stephen P. Farrar Country Files,CF01121,Subject/Country Files: Panama,9999-12-31,9999-12-31,Date not established,unknown,Finding aid supplies no file-unit date,Trade Policy and Market Access,Consider,Volume XXX review,Restricted - Possibly,Records may be closed under exemptions of the Presidential Records Act (PRA) and the Freedom of Information Act (FOIA). Withdrawal sheets in processed folders will indicate specific restrictions.,Unrestricted,not online,,,,,,,,0,,0,0,0,0,0,0,0,0,0,0,0,0,White House Office of Policy Development | Stephen P. Farrar Country Files,"Finding-aid lead retained because of functional trade or international-economic series. Review the folder document by document; the title does not establish document identity, selection value, or release completeness.",,"George H.W. Bush Library, Bush Presidential Records, White House Office of Policy Development, Stephen P. Farrar Country Files, OA/ID CF01121–003, Subject/Country Files: Panama.",https://catalog.archives.gov/id/509548223,
509548224,CF01121-004,506211264,GB-POD-012,Stephen P. Farrar Country Files,CF01121,Subject/Country Files: Poland [1],9999-12-31,9999-12-31,Date not established,unknown,Finding aid supplies no file-unit date,Transition Economies and International Economic Strategy,Consider,Volume XXX review,Restricted - Possibly,Records may be closed under exemptions of the Presidential Records Act (PRA) and the Freedom of Information Act (FOIA). Withdrawal sheets in processed folders will indicate specific restrictions.,Unrestricted,not online,,,,,,,,0,,0,0,0,0,0,0,0,0,0,0,0,0,White House Office of Policy Development | Stephen P. Farrar Country Files | Transition economies,"Finding-aid lead retained because of functional trade or international-economic series. Review the folder document by document; the title does not establish document identity, selection value, or release completeness.",,"George H.W. Bush Library, Bush Presidential Records, White House Office of Policy Development, Stephen P. Farrar Country Files, OA/ID CF01121–004, Subject/Country Files: Poland [1].",https://catalog.archives.gov/id/509548224,
509548225,CF01121-005,506211264,GB-POD-012,Stephen P. Farrar Country Files,CF01121,Subject/Country Files: Poland [2],9999-12-31,9999-12-31,Date not established,unknown,Finding aid supplies no file-unit date,Transition Economies and International Economic Strategy,Consider,Volume XXX review,Restricted - Possibly,Records may be closed under exemptions of the Presidential Records Act (PRA) and the Freedom of Information Act (FOIA). Withdrawal sheets in processed folders will indicate specific restrictions.,Unrestricted,not online,,,,,,,,0,,0,0,0,0,0,0,0,0,0,0,0,0,White House Office of Policy Development | Stephen P. Farrar Country Files | Transition economies,"Finding-aid lead retained because of functional trade or international-economic series. Review the folder document by document; the title does not establish document identity, selection value, or release completeness.",,"George H.W. Bush Library, Bush Presidential Records, White House Office of Policy Development, Stephen P. Farrar Country Files, OA/ID CF01121–005, Subject/Country Files: Poland [2].",https://catalog.archives.gov/id/509548225,
509548228,CF01121-008,506211264,GB-POD-012,Stephen P. Farrar Country Files,CF01121,Subject/Country Files: Taiwan,9999-12-31,9999-12-31,Date not established,unknown,Finding aid supplies no file-unit date,Trade Policy and Market Access,Consider,Volume XXX review,Restricted - Possibly,Records may be closed under exemptions of the Presidential Records Act (PRA) and the Freedom of Information Act (FOIA). Withdrawal sheets in processed folders will indicate specific restrictions.,Unrestricted,not online,,,,,,,,0,,0,0,0,0,0,0,0,0,0,0,0,0,White House Office of Policy Development | Stephen P. Farrar Country Files,"Finding-aid lead retained because of functional trade or international-economic series. Review the folder document by document; the title does not establish document identity, selection value, or release completeness.",,"George H.W. Bush Library, Bush Presidential Records, White House Office of Policy Development, Stephen P. Farrar Country Files, OA/ID CF01121–008, Subject/Country Files: Taiwan.",https://catalog.archives.gov/id/509548228,
509548229,CF01121-009,506211264,GB-POD-012,Stephen P. Farrar Country Files,CF01121,Subject/Country Files: Thailand,9999-12-31,9999-12-31,Date not established,unknown,Finding aid supplies no file-unit date,Trade Policy and Market Access,Consider,Volume XXX review,Restricted - Possibly,Records may be closed under exemptions of the Presidential Records Act (PRA) and the Freedom of Information Act (FOIA). Withdrawal sheets in processed folders will indicate specific restrictions.,Unrestricted,not online,,,,,,,,0,,0,0,0,0,0,0,0,0,0,0,0,0,White House Office of Policy Development | Stephen P. Farrar Country Files,"Finding-aid lead retained because of functional trade or international-economic series. Review the folder document by document; the title does not establish document identity, selection value, or release completeness.",,"George H.W. Bush Library, Bush Presidential Records, White House Office of Policy Development, Stephen P. Farrar Country Files, OA/ID CF01121–009, Subject/Country Files: Thailand.",https://catalog.archives.gov/id/509548229,
509548230,CF01121-010,506211264,GB-POD-012,Stephen P. Farrar Country Files,CF01121,Subject/Country Files: USSR,9999-12-31,9999-12-31,Date not established,unknown,Finding aid supplies no file-unit date,Transition Economies and International Economic Strategy,Consider,Volume XXX review,Restricted - Possibly,Records may be closed under exemptions of the Presidential Records Act (PRA) and the Freedom of Information Act (FOIA). Withdrawal sheets in processed folders will indicate specific restrictions.,Unrestricted,not online,,,,,,,,0,,0,0,0,0,0,0,0,0,0,0,0,0,White House Office of Policy Development | Stephen P. Farrar Country Files | Transition economies,"Finding-aid lead retained because of functional trade or international-economic series. Review the folder document by document; the title does not establish document identity, selection value, or release completeness.",,"George H.W. Bush Library, Bush Presidential Records, White House Office of Policy Development, Stephen P. Farrar Country Files, OA/ID CF01121–010, Subject/Country Files: USSR.",https://catalog.archives.gov/id/509548230,
509545771,05805-008,2600799,GB-POD-013,Stephen P. Farrar Subject Files,05805,China,9999-12-31,9999-12-31,Date not established,unknown,Finding aid supplies no file-unit date,Trade Policy and Market Access,Consider,Volume XXX review,Restricted - Possibly,Records may be closed under exemptions of the Presidential Records Act (PRA) and the Freedom of Information Act (FOIA). Withdrawal sheets in processed folders will indicate specific restrictions.,Unrestricted,not online,,,,,,,,0,,0,0,0,0,0,0,0,0,0,0,0,0,White House Office of Policy Development | Stephen P. Farrar Subject Files,"Finding-aid lead retained because of functional trade or international-economic series. Review the folder document by document; the title does not establish document identity, selection value, or release completeness.",,"George H.W. Bush Library, Bush Presidential Records, White House Office of Policy Development, Stephen P. Farrar Subject Files, OA/ID 05805–008, China.",https://catalog.archives.gov/id/509545771,
509545772,05805-011,2600799,GB-POD-013,Stephen P. Farrar Subject Files,05805,Energy,9999-12-31,9999-12-31,Date not established,unknown,Finding aid supplies no file-unit date,Trade Policy and Market Access,Consider,Volume XXX review,Restricted - Possibly,Records may be closed under exemptions of the Presidential Records Act (PRA) and the Freedom of Information Act (FOIA). Withdrawal sheets in processed folders will indicate specific restrictions.,Unrestricted,not online,,,,,,,,0,,0,0,0,0,0,0,0,0,0,0,0,0,White House Office of Policy Development | Stephen P. Farrar Subject Files,"Finding-aid lead retained because of functional trade or international-economic series. Review the folder document by document; the title does not establish document identity, selection value, or release completeness.",,"George H.W. Bush Library, Bush Presidential Records, White House Office of Policy Development, Stephen P. Farrar Subject Files, OA/ID 05805–011, Energy.",https://catalog.archives.gov/id/509545772,
509545773,05805-022,2600799,GB-POD-013,Stephen P. Farrar Subject Files,05805,Hungary,9999-12-31,9999-12-31,Date not established,unknown,Finding aid supplies no file-unit date,Transition Economies and International Economic Strategy,Consider,Volume XXX review,Restricted - Possibly,Records may be closed under exemptions of the Presidential Records Act (PRA) and the Freedom of Information Act (FOIA). Withdrawal sheets in processed folders will indicate specific restrictions.,Unrestricted,not online,,,,,,,,0,,0,0,0,0,0,0,0,0,0,0,0,0,White House Office of Policy Development | Stephen P. Farrar Subject Files | Transition economies,"Finding-aid lead retained because of functional trade or international-economic series. Review the folder document by document; the title does not establish document identity, selection value, or release completeness.",,"George H.W. Bush Library, Bush Presidential Records, White House Office of Policy Development, Stephen P. Farrar Subject Files, OA/ID 05805–022, Hungary.",https://catalog.archives.gov/id/509545773,
509545774,05805-026,2600799,GB-POD-013,Stephen P. Farrar Subject Files,05805,Korea,9999-12-31,9999-12-31,Date not established,unknown,Finding aid supplies no file-unit date,Trade Policy and Market Access,Consider,Volume XXX review,Restricted - Possibly,Records may be closed under exemptions of the Presidential Records Act (PRA) and the Freedom of Information Act (FOIA). Withdrawal sheets in processed folders will indicate specific restrictions.,Unrestricted,not online,,,,,,,,0,,0,0,0,0,0,0,0,0,0,0,0,0,White House Office of Policy Development | Stephen P. Farrar Subject Files,"Finding-aid lead retained because of functional trade or international-economic series. Review the folder document by document; the title does not establish document identity, selection value, or release completeness.",,"George H.W. Bush Library, Bush Presidential Records, White House Office of Policy Development, Stephen P. Farrar Subject Files, OA/ID 05805–026, Korea.",https://catalog.archives.gov/id/509545774,
509545775,05805-030,2600799,GB-POD-013,Stephen P. Farrar Subject Files,05805,North American Free Trade Agreement,9999-12-31,9999-12-31,Date not established,unknown,Finding aid supplies no file-unit date,Trade Policy and Market Access,Boundary,Boundary review,Restricted - Possibly,Records may be closed under exemptions of the Presidential Records Act (PRA) and the Freedom of Information Act (FOIA). Withdrawal sheets in processed folders will indicate specific restrictions.,Unrestricted,not online,,,,,,,,0,,0,0,0,0,0,0,0,0,0,0,0,0,White House Office of Policy Development | Stephen P. Farrar Subject Files | Trade policy | NAFTA boundary,"Finding-aid lead retained because of functional trade or international-economic series, foreign-economic title terms. Review the folder document by document; the title does not establish document identity, selection value, or release completeness.",,"George H.W. Bush Library, Bush Presidential Records, White House Office of Policy Development, Stephen P. Farrar Subject Files, OA/ID 05805–030, North American Free Trade Agreement.",https://catalog.archives.gov/id/509545775,
509545776,05805-032,2600799,GB-POD-013,Stephen P. Farrar Subject Files,05805,Panama,9999-12-31,9999-12-31,Date not established,unknown,Finding aid supplies no file-unit date,Trade Policy and Market Access,Consider,Volume XXX review,Restricted - Possibly,Records may be closed under exemptions of the Presidential Records Act (PRA) and the Freedom of Information Act (FOIA). Withdrawal sheets in processed folders will indicate specific restrictions.,Unrestricted,not online,,,,,,,,0,,0,0,0,0,0,0,0,0,0,0,0,0,White House Office of Policy Development | Stephen P. Farrar Subject Files,"Finding-aid lead retained because of functional trade or international-economic series. Review the folder document by document; the title does not establish document identity, selection value, or release completeness.",,"George H.W. Bush Library, Bush Presidential Records, White House Office of Policy Development, Stephen P. Farrar Subject Files, OA/ID 05805–032, Panama.",https://catalog.archives.gov/id/509545776,
509545777,05805-033,2600799,GB-POD-013,Stephen P. Farrar Subject Files,05805,Poland,9999-12-31,9999-12-31,Date not established,unknown,Finding aid supplies no file-unit date,Transition Economies and International Economic Strategy,Consider,Volume XXX review,Restricted - Possibly,Records may be closed under exemptions of the Presidential Records Act (PRA) and the Freedom of Information Act (FOIA). Withdrawal sheets in processed folders will indicate specific restrictions.,Unrestricted,not online,,,,,,,,0,,0,0,0,0,0,0,0,0,0,0,0,0,White House Office of Policy Development | Stephen P. Farrar Subject Files | Transition economies,"Finding-aid lead retained because of functional trade or international-economic series. Review the folder document by document; the title does not establish document identity, selection value, or release completeness.",,"George H.W. Bush Library, Bush Presidential Records, White House Office of Policy Development, Stephen P. Farrar Subject Files, OA/ID 05805–033, Poland.",https://catalog.archives.gov/id/509545777,
509545778,05805-037,2600799,GB-POD-013,Stephen P. Farrar Subject Files,05805,Structural Impediments Initiative,9999-12-31,9999-12-31,Date not established,unknown,Finding aid supplies no file-unit date,Trade Policy and Market Access,Consider,Volume XXX review,Restricted - Possibly,Records may be closed under exemptions of the Presidential Records Act (PRA) and the Freedom of Information Act (FOIA). Withdrawal sheets in processed folders will indicate specific restrictions.,Unrestricted,not online,,,,,,,,0,,0,0,0,0,0,0,0,0,0,0,0,0,White House Office of Policy Development | Stephen P. Farrar Subject Files,"Finding-aid lead retained because of functional trade or international-economic series, foreign-economic title terms. Review the folder document by document; the title does not establish document identity, selection value, or release completeness.",,"George H.W. Bush Library, Bush Presidential Records, White House Office of Policy Development, Stephen P. Farrar Subject Files, OA/ID 05805–037, Structural Impediments Initiative.",https://catalog.archives.gov/id/509545778,
509545779,05806-010,2600799,GB-POD-013,Stephen P. Farrar Subject Files,05806,Japan: Trade [1],9999-12-31,9999-12-31,Date not established,unknown,Finding aid supplies no file-unit date,Trade Policy and Market Access,Consider,Volume XXX review,Restricted - Possibly,Records may be closed under exemptions of the Presidential Records Act (PRA) and the Freedom of Information Act (FOIA). Withdrawal sheets in processed folders will indicate specific restrictions.,Unrestricted,not online,,,,,,,,0,,0,0,0,0,0,0,0,0,0,0,0,0,White House Office of Policy Development | Stephen P. Farrar Subject Files | Trade policy,"Finding-aid lead retained because of functional trade or international-economic series, foreign-economic title terms. Review the folder document by document; the title does not establish document identity, selection value, or release completeness.",,"George H.W. Bush Library, Bush Presidential Records, White House Office of Policy Development, Stephen P. Farrar Subject Files, OA/ID 05806–010, Japan: Trade [1].",https://catalog.archives.gov/id/509545779,
509545780,05806-011,2600799,GB-POD-013,Stephen P. Farrar Subject Files,05806,Japan: Trade [2],9999-12-31,9999-12-31,Date not established,unknown,Finding aid supplies no file-unit date,Trade Policy and Market Access,Consider,Volume XXX review,Restricted - Possibly,Records may be closed under exemptions of the Presidential Records Act (PRA) and the Freedom of Information Act (FOIA). Withdrawal sheets in processed folders will indicate specific restrictions.,Unrestricted,not online,,,,,,,,0,,0,0,0,0,0,0,0,0,0,0,0,0,White House Office of Policy Development | Stephen P. Farrar Subject Files | Trade policy,"Finding-aid lead retained because of functional trade or international-economic series, foreign-economic title terms. Review the folder document by document; the title does not establish document identity, selection value, or release completeness.",,"George H.W. Bush Library, Bush Presidential Records, White House Office of Policy Development, Stephen P. Farrar Subject Files, OA/ID 05806–011, Japan: Trade [2].",https://catalog.archives.gov/id/509545780,
509545781,05806-017,2600799,GB-POD-013,Stephen P. Farrar Subject Files,05806,Steel,9999-12-31,9999-12-31,Date not established,unknown,Finding aid supplies no file-unit date,Trade Policy and Market Access,Consider,Volume XXX review,Restricted - Possibly,Records may be closed under exemptions of the Presidential Records Act (PRA) and the Freedom of Information Act (FOIA). Withdrawal sheets in processed folders will indicate specific restrictions.,Unrestricted,not online,,,,,,,,0,,0,0,0,0,0,0,0,0,0,0,0,0,White House Office of Policy Development | Stephen P. Farrar Subject Files,"Finding-aid lead retained because of functional trade or international-economic series. Review the folder document by document; the title does not establish document identity, selection value, or release completeness.",,"George H.W. Bush Library, Bush Presidential Records, White House Office of Policy Development, Stephen P. Farrar Subject Files, OA/ID 05806–017, Steel.",https://catalog.archives.gov/id/509545781,
509545809,05875-010,2600799,GB-POD-013,Stephen P. Farrar Subject Files,05875,Trade: Trade Strategy,9999-12-31,9999-12-31,Date not established,unknown,Finding aid supplies no file-unit date,Trade Policy and Market Access,Core,Volume XXX review,Restricted - Possibly,Records may be closed under exemptions of the Presidential Records Act (PRA) and the Freedom of Information Act (FOIA). Withdrawal sheets in processed folders will indicate specific restrictions.,Unrestricted,not online,,,,,,,,0,,0,0,0,0,0,0,0,0,0,0,0,0,White House Office of Policy Development | Stephen P. Farrar Subject Files | Trade policy,"Finding-aid lead retained because of functional trade or international-economic series, foreign-economic title terms. Review the folder document by document; the title does not establish document identity, selection value, or release completeness.",,"George H.W. Bush Library, Bush Presidential Records, White House Office of Policy Development, Stephen P. Farrar Subject Files, OA/ID 05875–010, Trade: Trade Strategy.",https://catalog.archives.gov/id/509545809,
509548120,CF00211-004,2600799,GB-POD-013,Stephen P. Farrar Subject Files,CF00211,Agriculture,9999-12-31,9999-12-31,Date not established,unknown,Finding aid supplies no file-unit date,Trade Policy and Market Access,Consider,Volume XXX review,Restricted - Possibly,Records may be closed under exemptions of the Presidential Records Act (PRA) and the Freedom of Information Act (FOIA). Withdrawal sheets in processed folders will indicate specific restrictions.,Unrestricted,not online,,,,,,,,0,,0,0,0,0,0,0,0,0,0,0,0,0,White House Office of Policy Development | Stephen P. Farrar Subject Files,"Finding-aid lead retained because of functional trade or international-economic series. Review the folder document by document; the title does not establish document identity, selection value, or release completeness.",,"George H.W. Bush Library, Bush Presidential Records, White House Office of Policy Development, Stephen P. Farrar Subject Files, OA/ID CF00211–004, Agriculture.",https://catalog.archives.gov/id/509548120,
509548121,CF00211-005,2600799,GB-POD-013,Stephen P. Farrar Subject Files,CF00211,Argentina,9999-12-31,9999-12-31,Date not established,unknown,Finding aid supplies no file-unit date,Trade Policy and Market Access,Consider,Volume XXX review,Restricted - Possibly,Records may be closed under exemptions of the Presidential Records Act (PRA) and the Freedom of Information Act (FOIA). Withdrawal sheets in processed folders will indicate specific restrictions.,Unrestricted,not online,,,,,,,,0,,0,0,0,0,0,0,0,0,0,0,0,0,White House Office of Policy Development | Stephen P. Farrar Subject Files,"Finding-aid lead retained because of functional trade or international-economic series. Review the folder document by document; the title does not establish document identity, selection value, or release completeness.",,"George H.W. Bush Library, Bush Presidential Records, White House Office of Policy Development, Stephen P. Farrar Subject Files, OA/ID CF00211–005, Argentina.",https://catalog.archives.gov/id/509548121,
509548122,CF00211-006,2600799,GB-POD-013,Stephen P. Farrar Subject Files,CF00211,Brazil,9999-12-31,9999-12-31,Date not established,unknown,Finding aid supplies no file-unit date,Trade Policy and Market Access,Consider,Volume XXX review,Restricted - Possibly,Records may be closed under exemptions of the Presidential Records Act (PRA) and the Freedom of Information Act (FOIA). Withdrawal sheets in processed folders will indicate specific restrictions.,Unrestricted,not online,,,,,,,,0,,0,0,0,0,0,0,0,0,0,0,0,0,White House Office of Policy Development | Stephen P. Farrar Subject Files,"Finding-aid lead retained because of functional trade or international-economic series. Review the folder document by document; the title does not establish document identity, selection value, or release completeness.",,"George H.W. Bush Library, Bush Presidential Records, White House Office of Policy Development, Stephen P. Farrar Subject Files, OA/ID CF00211–006, Brazil.",https://catalog.archives.gov/id/509548122,
509548123,CF00211-007,2600799,GB-POD-013,Stephen P. Farrar Subject Files,CF00211,COCOM [Coordinating Committee for Multilateral Export Controls],9999-12-31,9999-12-31,Date not established,unknown,Finding aid supplies no file-unit date,"Strategic Trade, Technology, and Investment Controls",Consider,Volume XXX review,Restricted - Possibly,Records may be closed under exemptions of the Presidential Records Act (PRA) and the Freedom of Information Act (FOIA). Withdrawal sheets in processed folders will indicate specific restrictions.,Unrestricted,not online,,,,,,,,0,,0,0,0,0,0,0,0,0,0,0,0,0,White House Office of Policy Development | Stephen P. Farrar Subject Files | Export controls,"Finding-aid lead retained because of functional trade or international-economic series, foreign-economic title terms. Review the folder document by document; the title does not establish document identity, selection value, or release completeness.",,"George H.W. Bush Library, Bush Presidential Records, White House Office of Policy Development, Stephen P. Farrar Subject Files, OA/ID CF00211–007, COCOM [Coordinating Committee for Multilateral Export Controls].",https://catalog.archives.gov/id/509548123,
509548124,CF00211-008,2600799,GB-POD-013,Stephen P. Farrar Subject Files,CF00211,Debt,9999-12-31,9999-12-31,Date not established,unknown,Finding aid supplies no file-unit date,"Monetary Policy, Debt, and International Institutions",Consider,Volume XXX review,Restricted - Possibly,Records may be closed under exemptions of the Presidential Records Act (PRA) and the Freedom of Information Act (FOIA). Withdrawal sheets in processed folders will indicate specific restrictions.,Unrestricted,not online,,,,,,,,0,,0,0,0,0,0,0,0,0,0,0,0,0,White House Office of Policy Development | Stephen P. Farrar Subject Files | International debt,"Finding-aid lead retained because of functional trade or international-economic series. Review the folder document by document; the title does not establish document identity, selection value, or release completeness.",,"George H.W. Bush Library, Bush Presidential Records, White House Office of Policy Development, Stephen P. Farrar Subject Files, OA/ID CF00211–008, Debt.",https://catalog.archives.gov/id/509548124,
509548125,CF00211-009,2600799,GB-POD-013,Stephen P. Farrar Subject Files,CF00211,Defense NSR,9999-12-31,9999-12-31,Date not established,unknown,Finding aid supplies no file-unit date,Trade Policy and Market Access,Consider,Volume XXX review,Restricted - Possibly,Records may be closed under exemptions of the Presidential Records Act (PRA) and the Freedom of Information Act (FOIA). Withdrawal sheets in processed folders will indicate specific restrictions.,Unrestricted,not online,,,,,,,,0,,0,0,0,0,0,0,0,0,0,0,0,0,White House Office of Policy Development | Stephen P. Farrar Subject Files,"Finding-aid lead retained because of functional trade or international-economic series. Review the folder document by document; the title does not establish document identity, selection value, or release completeness.",,"George H.W. Bush Library, Bush Presidential Records, White House Office of Policy Development, Stephen P. Farrar Subject Files, OA/ID CF00211–009, Defense NSR.",https://catalog.archives.gov/id/509548125,
509548126,CF00211-010,2600799,GB-POD-013,Stephen P. Farrar Subject Files,CF00211,East-West Trade,9999-12-31,9999-12-31,Date not established,unknown,Finding aid supplies no file-unit date,Transition Economies and International Economic Strategy,Consider,Volume XXX review,Restricted - Possibly,Records may be closed under exemptions of the Presidential Records Act (PRA) and the Freedom of Information Act (FOIA). Withdrawal sheets in processed folders will indicate specific restrictions.,Unrestricted,not online,,,,,,,,0,,0,0,0,0,0,0,0,0,0,0,0,0,White House Office of Policy Development | Stephen P. Farrar Subject Files | Trade policy,"Finding-aid lead retained because of functional trade or international-economic series, foreign-economic title terms. Review the folder document by document; the title does not establish document identity, selection value, or release completeness.",,"George H.W. Bush Library, Bush Presidential Records, White House Office of Policy Development, Stephen P. Farrar Subject Files, OA/ID CF00211–010, East-West Trade.",https://catalog.archives.gov/id/509548126,
509548127,CF00211-011,2600799,GB-POD-013,Stephen P. Farrar Subject Files,CF00211,Export Controls,9999-12-31,9999-12-31,Date not established,unknown,Finding aid supplies no file-unit date,"Strategic Trade, Technology, and Investment Controls",Consider,Volume XXX review,Restricted - Possibly,Records may be closed under exemptions of the Presidential Records Act (PRA) and the Freedom of Information Act (FOIA). Withdrawal sheets in processed folders will indicate specific restrictions.,Unrestricted,not online,,,,,,,,0,,0,0,0,0,0,0,0,0,0,0,0,0,White House Office of Policy Development | Stephen P. Farrar Subject Files | Export controls,"Finding-aid lead retained because of functional trade or international-economic series, foreign-economic title terms. Review the folder document by document; the title does not establish document identity, selection value, or release completeness.",,"George H.W. Bush Library, Bush Presidential Records, White House Office of Policy Development, Stephen P. Farrar Subject Files, OA/ID CF00211–011, Export Controls.",https://catalog.archives.gov/id/509548127,
509548128,CF00211-012,2600799,GB-POD-013,Stephen P. Farrar Subject Files,CF00211,Foreign Investment in the U.S. [1],9999-12-31,9999-12-31,Date not established,unknown,Finding aid supplies no file-unit date,Trade Policy and Market Access,Consider,Volume XXX review,Restricted - Possibly,Records may be closed under exemptions of the Presidential Records Act (PRA) and the Freedom of Information Act (FOIA). Withdrawal sheets in processed folders will indicate specific restrictions.,Unrestricted,not online,,,,,,,,0,,0,0,0,0,0,0,0,0,0,0,0,0,White House Office of Policy Development | Stephen P. Farrar Subject Files | Foreign investment,"Finding-aid lead retained because of functional trade or international-economic series, foreign-economic title terms. Review the folder document by document; the title does not establish document identity, selection value, or release completeness.",,"George H.W. Bush Library, Bush Presidential Records, White House Office of Policy Development, Stephen P. Farrar Subject Files, OA/ID CF00211–012, Foreign Investment in the U.S. [1].",https://catalog.archives.gov/id/509548128,
509548129,CF00211-013,2600799,GB-POD-013,Stephen P. Farrar Subject Files,CF00211,Foreign Investment in the U.S. [2],9999-12-31,9999-12-31,Date not established,unknown,Finding aid supplies no file-unit date,Trade Policy and Market Access,Consider,Volume XXX review,Restricted - Possibly,Records may be closed under exemptions of the Presidential Records Act (PRA) and the Freedom of Information Act (FOIA). Withdrawal sheets in processed folders will indicate specific restrictions.,Unrestricted,not online,,,,,,,,0,,0,0,0,0,0,0,0,0,0,0,0,0,White House Office of Policy Development | Stephen P. Farrar Subject Files | Foreign investment,"Finding-aid lead retained because of functional trade or international-economic series, foreign-economic title terms. Review the folder document by document; the title does not establish document identity, selection value, or release completeness.",,"George H.W. Bush Library, Bush Presidential Records, White House Office of Policy Development, Stephen P. Farrar Subject Files, OA/ID CF00211–013, Foreign Investment in the U.S. [2].",https://catalog.archives.gov/id/509548129,
509548130,CF00211-014,2600799,GB-POD-013,Stephen P. Farrar Subject Files,CF00211,Foreign Investment in the U.S. [3],9999-12-31,9999-12-31,Date not established,unknown,Finding aid supplies no file-unit date,Trade Policy and Market Access,Consider,Volume XXX review,Restricted - Possibly,Records may be closed under exemptions of the Presidential Records Act (PRA) and the Freedom of Information Act (FOIA). Withdrawal sheets in processed folders will indicate specific restrictions.,Unrestricted,not online,,,,,,,,0,,0,0,0,0,0,0,0,0,0,0,0,0,White House Office of Policy Development | Stephen P. Farrar Subject Files | Foreign investment,"Finding-aid lead retained because of functional trade or international-economic series, foreign-economic title terms. Review the folder document by document; the title does not establish document identity, selection value, or release completeness.",,"George H.W. Bush Library, Bush Presidential Records, White House Office of Policy Development, Stephen P. Farrar Subject Files, OA/ID CF00211–014, Foreign Investment in the U.S. [3].",https://catalog.archives.gov/id/509548130,
509548131,CF00211-015,2600799,GB-POD-013,Stephen P. Farrar Subject Files,CF00211,Foreign Investment in the U.S. [4],9999-12-31,9999-12-31,Date not established,unknown,Finding aid supplies no file-unit date,Trade Policy and Market Access,Consider,Volume XXX review,Restricted - Possibly,Records may be closed under exemptions of the Presidential Records Act (PRA) and the Freedom of Information Act (FOIA). Withdrawal sheets in processed folders will indicate specific restrictions.,Unrestricted,not online,,,,,,,,0,,0,0,0,0,0,0,0,0,0,0,0,0,White House Office of Policy Development | Stephen P. Farrar Subject Files | Foreign investment,"Finding-aid lead retained because of functional trade or international-economic series, foreign-economic title terms. Review the folder document by document; the title does not establish document identity, selection value, or release completeness.",,"George H.W. Bush Library, Bush Presidential Records, White House Office of Policy Development, Stephen P. Farrar Subject Files, OA/ID CF00211–015, Foreign Investment in the U.S. [4].",https://catalog.archives.gov/id/509548131,
509548132,CF00211-016,2600799,GB-POD-013,Stephen P. Farrar Subject Files,CF00211,Trade,9999-12-31,9999-12-31,Date not established,unknown,Finding aid supplies no file-unit date,Trade Policy and Market Access,Consider,Volume XXX review,Restricted - Possibly,Records may be closed under exemptions of the Presidential Records Act (PRA) and the Freedom of Information Act (FOIA). Withdrawal sheets in processed folders will indicate specific restrictions.,Unrestricted,not online,,,,,,,,0,,0,0,0,0,0,0,0,0,0,0,0,0,White House Office of Policy Development | Stephen P. Farrar Subject Files | Trade policy,"Finding-aid lead retained because of functional trade or international-economic series. Review the folder document by document; the title does not establish document identity, selection value, or release completeness.",,"George H.W. Bush Library, Bush Presidential Records, White House Office of Policy Development, Stephen P. Farrar Subject Files, OA/ID CF00211–016, Trade.",https://catalog.archives.gov/id/509548132,
509548222,CF01121-002,2600799,GB-POD-013,Stephen P. Farrar Subject Files,CF01121,Subject/Country Files: NAFTA,9999-12-31,9999-12-31,Date not established,unknown,Finding aid supplies no file-unit date,Trade Policy and Market Access,Boundary,Boundary review,Restricted - Possibly,Records may be closed under exemptions of the Presidential Records Act (PRA) and the Freedom of Information Act (FOIA). Withdrawal sheets in processed folders will indicate specific restrictions.,Unrestricted,not online,,,,,,,,0,,0,0,0,0,0,0,0,0,0,0,0,0,White House Office of Policy Development | Stephen P. Farrar Subject Files | NAFTA boundary,"Finding-aid lead retained because of functional trade or international-economic series. Review the folder document by document; the title does not establish document identity, selection value, or release completeness.",,"George H.W. Bush Library, Bush Presidential Records, White House Office of Policy Development, Stephen P. Farrar Subject Files, OA/ID CF01121–002, Subject/Country Files: NAFTA.",https://catalog.archives.gov/id/509548222,
509548226,CF01121-006,2600799,GB-POD-013,Stephen P. Farrar Subject Files,CF01121,Subject/Country Files: Satellites [1],9999-12-31,9999-12-31,Date not established,unknown,Finding aid supplies no file-unit date,"Strategic Trade, Technology, and Investment Controls",Consider,Volume XXX review,Restricted - Possibly,Records may be closed under exemptions of the Presidential Records Act (PRA) and the Freedom of Information Act (FOIA). Withdrawal sheets in processed folders will indicate specific restrictions.,Unrestricted,not online,,,,,,,,0,,0,0,0,0,0,0,0,0,0,0,0,0,White House Office of Policy Development | Stephen P. Farrar Subject Files,"Finding-aid lead retained because of functional trade or international-economic series. Review the folder document by document; the title does not establish document identity, selection value, or release completeness.",,"George H.W. Bush Library, Bush Presidential Records, White House Office of Policy Development, Stephen P. Farrar Subject Files, OA/ID CF01121–006, Subject/Country Files: Satellites [1].",https://catalog.archives.gov/id/509548226,
509548227,CF01121-007,2600799,GB-POD-013,Stephen P. Farrar Subject Files,CF01121,Subject/Country Files: Satellites [2],9999-12-31,9999-12-31,Date not established,unknown,Finding aid supplies no file-unit date,"Strategic Trade, Technology, and Investment Controls",Consider,Volume XXX review,Restricted - Possibly,Records may be closed under exemptions of the Presidential Records Act (PRA) and the Freedom of Information Act (FOIA). Withdrawal sheets in processed folders will indicate specific restrictions.,Unrestricted,not online,,,,,,,,0,,0,0,0,0,0,0,0,0,0,0,0,0,White House Office of Policy Development | Stephen P. Farrar Subject Files,"Finding-aid lead retained because of functional trade or international-economic series. Review the folder document by document; the title does not establish document identity, selection value, or release completeness.",,"George H.W. Bush Library, Bush Presidential Records, White House Office of Policy Development, Stephen P. Farrar Subject Files, OA/ID CF01121–007, Subject/Country Files: Satellites [2].",https://catalog.archives.gov/id/509548227,
509548231,CF01121-011,2600799,GB-POD-013,Stephen P. Farrar Subject Files,CF01121,IEP Breakfasts,9999-12-31,9999-12-31,Date not established,unknown,Finding aid supplies no file-unit date,Trade Policy and Market Access,Consider,Volume XXX review,Restricted - Possibly,Records may be closed under exemptions of the Presidential Records Act (PRA) and the Freedom of Information Act (FOIA). Withdrawal sheets in processed folders will indicate specific restrictions.,Unrestricted,not online,,,,,,,,0,,0,0,0,0,0,0,0,0,0,0,0,0,White House Office of Policy Development | Stephen P. Farrar Subject Files,"Finding-aid lead retained because of functional trade or international-economic series, foreign-economic title terms. Review the folder document by document; the title does not establish document identity, selection value, or release completeness.",,"George H.W. Bush Library, Bush Presidential Records, White House Office of Policy Development, Stephen P. Farrar Subject Files, OA/ID CF01121–011, IEP Breakfasts.",https://catalog.archives.gov/id/509548231,
509548232,CF01121-012,2600799,GB-POD-013,Stephen P. Farrar Subject Files,CF01121,[Files printed from disk],9999-12-31,9999-12-31,Date not established,unknown,Finding aid supplies no file-unit date,Trade Policy and Market Access,Consider,Volume XXX review,Restricted - Possibly,Records may be closed under exemptions of the Presidential Records Act (PRA) and the Freedom of Information Act (FOIA). Withdrawal sheets in processed folders will indicate specific restrictions.,Unrestricted,not online,,,,,,,,0,,0,0,0,0,0,0,0,0,0,0,0,0,White House Office of Policy Development | Stephen P. Farrar Subject Files,"Finding-aid lead retained because of functional trade or international-economic series. Review the folder document by document; the title does not establish document identity, selection value, or release completeness.",,"George H.W. Bush Library, Bush Presidential Records, White House Office of Policy Development, Stephen P. Farrar Subject Files, OA/ID CF01121–012, [Files printed from disk].",https://catalog.archives.gov/id/509548232,
509548137,CF01119-005,506211263,GB-POD-014,Stephen P. Farrar Trade Files,CF01119,Trade Files: Agriculture [1],9999-12-31,9999-12-31,Date not established,unknown,Finding aid supplies no file-unit date,Trade Policy and Market Access,Consider,Volume XXX review,Restricted - Possibly,Records may be closed under exemptions of the Presidential Records Act (PRA) and the Freedom of Information Act (FOIA). Withdrawal sheets in processed folders will indicate specific restrictions.,Unrestricted,not online,,,,,,,,0,,0,0,0,0,0,0,0,0,0,0,0,0,White House Office of Policy Development | Stephen P. Farrar Trade Files | Trade policy,"Finding-aid lead retained because of functional trade or international-economic series. Review the folder document by document; the title does not establish document identity, selection value, or release completeness.",,"George H.W. Bush Library, Bush Presidential Records, White House Office of Policy Development, Stephen P. Farrar Trade Files, OA/ID CF01119–005, Trade Files: Agriculture [1].",https://catalog.archives.gov/id/509548137,
509548138,CF01119-006,506211263,GB-POD-014,Stephen P. Farrar Trade Files,CF01119,Trade Files: Agriculture [2],9999-12-31,9999-12-31,Date not established,unknown,Finding aid supplies no file-unit date,Trade Policy and Market Access,Consider,Volume XXX review,Restricted - Possibly,Records may be closed under exemptions of the Presidential Records Act (PRA) and the Freedom of Information Act (FOIA). Withdrawal sheets in processed folders will indicate specific restrictions.,Unrestricted,not online,,,,,,,,0,,0,0,0,0,0,0,0,0,0,0,0,0,White House Office of Policy Development | Stephen P. Farrar Trade Files | Trade policy,"Finding-aid lead retained because of functional trade or international-economic series. Review the folder document by document; the title does not establish document identity, selection value, or release completeness.",,"George H.W. Bush Library, Bush Presidential Records, White House Office of Policy Development, Stephen P. Farrar Trade Files, OA/ID CF01119–006, Trade Files: Agriculture [2].",https://catalog.archives.gov/id/509548138,
509548139,CF01119-007,506211263,GB-POD-014,Stephen P. Farrar Trade Files,CF01119,Trade Files: Agriculture (Sugar),9999-12-31,9999-12-31,Date not established,unknown,Finding aid supplies no file-unit date,Trade Policy and Market Access,Consider,Volume XXX review,Restricted - Possibly,Records may be closed under exemptions of the Presidential Records Act (PRA) and the Freedom of Information Act (FOIA). Withdrawal sheets in processed folders will indicate specific restrictions.,Unrestricted,not online,,,,,,,,0,,0,0,0,0,0,0,0,0,0,0,0,0,White House Office of Policy Development | Stephen P. Farrar Trade Files | Trade policy,"Finding-aid lead retained because of functional trade or international-economic series. Review the folder document by document; the title does not establish document identity, selection value, or release completeness.",,"George H.W. Bush Library, Bush Presidential Records, White House Office of Policy Development, Stephen P. Farrar Trade Files, OA/ID CF01119–007, Trade Files: Agriculture (Sugar).",https://catalog.archives.gov/id/509548139,
509548142,CF01119-010,506211263,GB-POD-014,Stephen P. Farrar Trade Files,CF01119,Trade Files: GSP,9999-12-31,9999-12-31,Date not established,unknown,Finding aid supplies no file-unit date,Trade Policy and Market Access,Consider,Volume XXX review,Restricted - Possibly,Records may be closed under exemptions of the Presidential Records Act (PRA) and the Freedom of Information Act (FOIA). Withdrawal sheets in processed folders will indicate specific restrictions.,Unrestricted,not online,,,,,,,,0,,0,0,0,0,0,0,0,0,0,0,0,0,White House Office of Policy Development | Stephen P. Farrar Trade Files | Trade policy,"Finding-aid lead retained because of functional trade or international-economic series. Review the folder document by document; the title does not establish document identity, selection value, or release completeness.",,"George H.W. Bush Library, Bush Presidential Records, White House Office of Policy Development, Stephen P. Farrar Trade Files, OA/ID CF01119–010, Trade Files: GSP.",https://catalog.archives.gov/id/509548142,
509548143,CF01119-011,506211263,GB-POD-014,Stephen P. Farrar Trade Files,CF01119,Trade Files: Japan [1],9999-12-31,9999-12-31,Date not established,unknown,Finding aid supplies no file-unit date,Trade Policy and Market Access,Consider,Volume XXX review,Restricted - Possibly,Records may be closed under exemptions of the Presidential Records Act (PRA) and the Freedom of Information Act (FOIA). Withdrawal sheets in processed folders will indicate specific restrictions.,Unrestricted,not online,,,,,,,,0,,0,0,0,0,0,0,0,0,0,0,0,0,White House Office of Policy Development | Stephen P. Farrar Trade Files | Trade policy,"Finding-aid lead retained because of functional trade or international-economic series, foreign-economic title terms. Review the folder document by document; the title does not establish document identity, selection value, or release completeness.",,"George H.W. Bush Library, Bush Presidential Records, White House Office of Policy Development, Stephen P. Farrar Trade Files, OA/ID CF01119–011, Trade Files: Japan [1].",https://catalog.archives.gov/id/509548143,
509548144,CF01119-012,506211263,GB-POD-014,Stephen P. Farrar Trade Files,CF01119,Trade Files: Japan [2],9999-12-31,9999-12-31,Date not established,unknown,Finding aid supplies no file-unit date,Trade Policy and Market Access,Consider,Volume XXX review,Restricted - Possibly,Records may be closed under exemptions of the Presidential Records Act (PRA) and the Freedom of Information Act (FOIA). Withdrawal sheets in processed folders will indicate specific restrictions.,Unrestricted,not online,,,,,,,,0,,0,0,0,0,0,0,0,0,0,0,0,0,White House Office of Policy Development | Stephen P. Farrar Trade Files | Trade policy,"Finding-aid lead retained because of functional trade or international-economic series, foreign-economic title terms. Review the folder document by document; the title does not establish document identity, selection value, or release completeness.",,"George H.W. Bush Library, Bush Presidential Records, White House Office of Policy Development, Stephen P. Farrar Trade Files, OA/ID CF01119–012, Trade Files: Japan [2].",https://catalog.archives.gov/id/509548144,
509548145,CF01119-013,506211263,GB-POD-014,Stephen P. Farrar Trade Files,CF01119,Trade Files: Japan - SII [1],9999-12-31,9999-12-31,Date not established,unknown,Finding aid supplies no file-unit date,Trade Policy and Market Access,Consider,Volume XXX review,Restricted - Possibly,Records may be closed under exemptions of the Presidential Records Act (PRA) and the Freedom of Information Act (FOIA). Withdrawal sheets in processed folders will indicate specific restrictions.,Unrestricted,not online,,,,,,,,0,,0,0,0,0,0,0,0,0,0,0,0,0,White House Office of Policy Development | Stephen P. Farrar Trade Files | Trade policy,"Finding-aid lead retained because of functional trade or international-economic series, foreign-economic title terms. Review the folder document by document; the title does not establish document identity, selection value, or release completeness.",,"George H.W. Bush Library, Bush Presidential Records, White House Office of Policy Development, Stephen P. Farrar Trade Files, OA/ID CF01119–013, Trade Files: Japan - SII [1].",https://catalog.archives.gov/id/509548145,
509548146,CF01119-014,506211263,GB-POD-014,Stephen P. Farrar Trade Files,CF01119,Trade Files: Japan - SII [2],9999-12-31,9999-12-31,Date not established,unknown,Finding aid supplies no file-unit date,Trade Policy and Market Access,Consider,Volume XXX review,Restricted - Possibly,Records may be closed under exemptions of the Presidential Records Act (PRA) and the Freedom of Information Act (FOIA). Withdrawal sheets in processed folders will indicate specific restrictions.,Unrestricted,not online,,,,,,,,0,,0,0,0,0,0,0,0,0,0,0,0,0,White House Office of Policy Development | Stephen P. Farrar Trade Files | Trade policy,"Finding-aid lead retained because of functional trade or international-economic series, foreign-economic title terms. Review the folder document by document; the title does not establish document identity, selection value, or release completeness.",,"George H.W. Bush Library, Bush Presidential Records, White House Office of Policy Development, Stephen P. Farrar Trade Files, OA/ID CF01119–014, Trade Files: Japan - SII [2].",https://catalog.archives.gov/id/509548146,
509548147,CF01119-015,506211263,GB-POD-014,Stephen P. Farrar Trade Files,CF01119,Trade Files: Japan - SII [3],9999-12-31,9999-12-31,Date not established,unknown,Finding aid supplies no file-unit date,Trade Policy and Market Access,Consider,Volume XXX review,Restricted - Possibly,Records may be closed under exemptions of the Presidential Records Act (PRA) and the Freedom of Information Act (FOIA). Withdrawal sheets in processed folders will indicate specific restrictions.,Unrestricted,not online,,,,,,,,0,,0,0,0,0,0,0,0,0,0,0,0,0,White House Office of Policy Development | Stephen P. Farrar Trade Files | Trade policy,"Finding-aid lead retained because of functional trade or international-economic series, foreign-economic title terms. Review the folder document by document; the title does not establish document identity, selection value, or release completeness.",,"George H.W. Bush Library, Bush Presidential Records, White House Office of Policy Development, Stephen P. Farrar Trade Files, OA/ID CF01119–015, Trade Files: Japan - SII [3].",https://catalog.archives.gov/id/509548147,
509548148,CF01119-016,506211263,GB-POD-014,Stephen P. Farrar Trade Files,CF01119,Trade Files: Machine Tools,9999-12-31,9999-12-31,Date not established,unknown,Finding aid supplies no file-unit date,Trade Policy and Market Access,Consider,Volume XXX review,Restricted - Possibly,Records may be closed under exemptions of the Presidential Records Act (PRA) and the Freedom of Information Act (FOIA). Withdrawal sheets in processed folders will indicate specific restrictions.,Unrestricted,not online,,,,,,,,0,,0,0,0,0,0,0,0,0,0,0,0,0,White House Office of Policy Development | Stephen P. Farrar Trade Files | Trade policy,"Finding-aid lead retained because of functional trade or international-economic series. Review the folder document by document; the title does not establish document identity, selection value, or release completeness.",,"George H.W. Bush Library, Bush Presidential Records, White House Office of Policy Development, Stephen P. Farrar Trade Files, OA/ID CF01119–016, Trade Files: Machine Tools.",https://catalog.archives.gov/id/509548148,
509548149,CF01119-017,506211263,GB-POD-014,Stephen P. Farrar Trade Files,CF01119,Trade Files: Pacific Rim,9999-12-31,9999-12-31,Date not established,unknown,Finding aid supplies no file-unit date,Trade Policy and Market Access,Consider,Volume XXX review,Restricted - Possibly,Records may be closed under exemptions of the Presidential Records Act (PRA) and the Freedom of Information Act (FOIA). Withdrawal sheets in processed folders will indicate specific restrictions.,Unrestricted,not online,,,,,,,,0,,0,0,0,0,0,0,0,0,0,0,0,0,White House Office of Policy Development | Stephen P. Farrar Trade Files | Trade policy,"Finding-aid lead retained because of functional trade or international-economic series. Review the folder document by document; the title does not establish document identity, selection value, or release completeness.",,"George H.W. Bush Library, Bush Presidential Records, White House Office of Policy Development, Stephen P. Farrar Trade Files, OA/ID CF01119–017, Trade Files: Pacific Rim.",https://catalog.archives.gov/id/509548149,
509548150,CF01119-018,506211263,GB-POD-014,Stephen P. Farrar Trade Files,CF01119,Trade Files: Section 301 Actions,9999-12-31,9999-12-31,Date not established,unknown,Finding aid supplies no file-unit date,Trade Policy and Market Access,Consider,Volume XXX review,Restricted - Possibly,Records may be closed under exemptions of the Presidential Records Act (PRA) and the Freedom of Information Act (FOIA). Withdrawal sheets in processed folders will indicate specific restrictions.,Unrestricted,not online,,,,,,,,0,,0,0,0,0,0,0,0,0,0,0,0,0,White House Office of Policy Development | Stephen P. Farrar Trade Files | Trade policy,"Finding-aid lead retained because of functional trade or international-economic series, foreign-economic title terms. Review the folder document by document; the title does not establish document identity, selection value, or release completeness.",,"George H.W. Bush Library, Bush Presidential Records, White House Office of Policy Development, Stephen P. Farrar Trade Files, OA/ID CF01119–018, Trade Files: Section 301 Actions.",https://catalog.archives.gov/id/509548150,
509548151,CF01119-019,506211263,GB-POD-014,Stephen P. Farrar Trade Files,CF01119,Trade Files: Semiconductors,9999-12-31,9999-12-31,Date not established,unknown,Finding aid supplies no file-unit date,"Strategic Trade, Technology, and Investment Controls",Consider,Volume XXX review,Restricted - Possibly,Records may be closed under exemptions of the Presidential Records Act (PRA) and the Freedom of Information Act (FOIA). Withdrawal sheets in processed folders will indicate specific restrictions.,Unrestricted,not online,,,,,,,,0,,0,0,0,0,0,0,0,0,0,0,0,0,White House Office of Policy Development | Stephen P. Farrar Trade Files | Trade policy | Export controls,"Finding-aid lead retained because of functional trade or international-economic series. Review the folder document by document; the title does not establish document identity, selection value, or release completeness.",,"George H.W. Bush Library, Bush Presidential Records, White House Office of Policy Development, Stephen P. Farrar Trade Files, OA/ID CF01119–019, Trade Files: Semiconductors.",https://catalog.archives.gov/id/509548151,
509548152,CF01119-020,506211263,GB-POD-014,Stephen P. Farrar Trade Files,CF01119,Trade Files: Soviet Union,9999-12-31,9999-12-31,Date not established,unknown,Finding aid supplies no file-unit date,Transition Economies and International Economic Strategy,Consider,Volume XXX review,Restricted - Possibly,Records may be closed under exemptions of the Presidential Records Act (PRA) and the Freedom of Information Act (FOIA). Withdrawal sheets in processed folders will indicate specific restrictions.,Unrestricted,not online,,,,,,,,0,,0,0,0,0,0,0,0,0,0,0,0,0,White House Office of Policy Development | Stephen P. Farrar Trade Files | Trade policy | Transition economies,"Finding-aid lead retained because of functional trade or international-economic series. Review the folder document by document; the title does not establish document identity, selection value, or release completeness.",,"George H.W. Bush Library, Bush Presidential Records, White House Office of Policy Development, Stephen P. Farrar Trade Files, OA/ID CF01119–020, Trade Files: Soviet Union.",https://catalog.archives.gov/id/509548152,
509548153,CF01119-021,506211263,GB-POD-014,Stephen P. Farrar Trade Files,CF01119,Trade Files: Shipbuilding,9999-12-31,9999-12-31,Date not established,unknown,Finding aid supplies no file-unit date,Trade Policy and Market Access,Consider,Volume XXX review,Restricted - Possibly,Records may be closed under exemptions of the Presidential Records Act (PRA) and the Freedom of Information Act (FOIA). Withdrawal sheets in processed folders will indicate specific restrictions.,Unrestricted,not online,,,,,,,,0,,0,0,0,0,0,0,0,0,0,0,0,0,White House Office of Policy Development | Stephen P. Farrar Trade Files | Trade policy,"Finding-aid lead retained because of functional trade or international-economic series. Review the folder document by document; the title does not establish document identity, selection value, or release completeness.",,"George H.W. Bush Library, Bush Presidential Records, White House Office of Policy Development, Stephen P. Farrar Trade Files, OA/ID CF01119–021, Trade Files: Shipbuilding.",https://catalog.archives.gov/id/509548153,
509548154,CF01119-022,506211263,GB-POD-014,Stephen P. Farrar Trade Files,CF01119,Trade Files: Steel VRA[1],9999-12-31,9999-12-31,Date not established,unknown,Finding aid supplies no file-unit date,Trade Policy and Market Access,Consider,Volume XXX review,Restricted - Possibly,Records may be closed under exemptions of the Presidential Records Act (PRA) and the Freedom of Information Act (FOIA). Withdrawal sheets in processed folders will indicate specific restrictions.,Unrestricted,not online,,,,,,,,0,,0,0,0,0,0,0,0,0,0,0,0,0,White House Office of Policy Development | Stephen P. Farrar Trade Files | Trade policy,"Finding-aid lead retained because of functional trade or international-economic series, foreign-economic title terms. Review the folder document by document; the title does not establish document identity, selection value, or release completeness.",,"George H.W. Bush Library, Bush Presidential Records, White House Office of Policy Development, Stephen P. Farrar Trade Files, OA/ID CF01119–022, Trade Files: Steel VRA[1].",https://catalog.archives.gov/id/509548154,
509548155,CF01119-023,506211263,GB-POD-014,Stephen P. Farrar Trade Files,CF01119,Trade Files: Steel VRA[2],9999-12-31,9999-12-31,Date not established,unknown,Finding aid supplies no file-unit date,Trade Policy and Market Access,Consider,Volume XXX review,Restricted - Possibly,Records may be closed under exemptions of the Presidential Records Act (PRA) and the Freedom of Information Act (FOIA). Withdrawal sheets in processed folders will indicate specific restrictions.,Unrestricted,not online,,,,,,,,0,,0,0,0,0,0,0,0,0,0,0,0,0,White House Office of Policy Development | Stephen P. Farrar Trade Files | Trade policy,"Finding-aid lead retained because of functional trade or international-economic series, foreign-economic title terms. Review the folder document by document; the title does not establish document identity, selection value, or release completeness.",,"George H.W. Bush Library, Bush Presidential Records, White House Office of Policy Development, Stephen P. Farrar Trade Files, OA/ID CF01119–023, Trade Files: Steel VRA[2].",https://catalog.archives.gov/id/509548155,
509548156,CF01119-024,506211263,GB-POD-014,Stephen P. Farrar Trade Files,CF01119,Trade Files: Steel VRA[3],9999-12-31,9999-12-31,Date not established,unknown,Finding aid supplies no file-unit date,Trade Policy and Market Access,Consider,Volume XXX review,Restricted - Possibly,Records may be closed under exemptions of the Presidential Records Act (PRA) and the Freedom of Information Act (FOIA). Withdrawal sheets in processed folders will indicate specific restrictions.,Unrestricted,not online,,,,,,,,0,,0,0,0,0,0,0,0,0,0,0,0,0,White House Office of Policy Development | Stephen P. Farrar Trade Files | Trade policy,"Finding-aid lead retained because of functional trade or international-economic series, foreign-economic title terms. Review the folder document by document; the title does not establish document identity, selection value, or release completeness.",,"George H.W. Bush Library, Bush Presidential Records, White House Office of Policy Development, Stephen P. Farrar Trade Files, OA/ID CF01119–024, Trade Files: Steel VRA[3].",https://catalog.archives.gov/id/509548156,
509548157,CF01119-025,506211263,GB-POD-014,Stephen P. Farrar Trade Files,CF01119,Trade Files: Steel VRA[4],9999-12-31,9999-12-31,Date not established,unknown,Finding aid supplies no file-unit date,Trade Policy and Market Access,Consider,Volume XXX review,Restricted - Possibly,Records may be closed under exemptions of the Presidential Records Act (PRA) and the Freedom of Information Act (FOIA). Withdrawal sheets in processed folders will indicate specific restrictions.,Unrestricted,not online,,,,,,,,0,,0,0,0,0,0,0,0,0,0,0,0,0,White House Office of Policy Development | Stephen P. Farrar Trade Files | Trade policy,"Finding-aid lead retained because of functional trade or international-economic series, foreign-economic title terms. Review the folder document by document; the title does not establish document identity, selection value, or release completeness.",,"George H.W. Bush Library, Bush Presidential Records, White House Office of Policy Development, Stephen P. Farrar Trade Files, OA/ID CF01119–025, Trade Files: Steel VRA[4].",https://catalog.archives.gov/id/509548157,
509548158,CF01119-026,506211263,GB-POD-014,Stephen P. Farrar Trade Files,CF01119,Trade Files: Super/Special 301,9999-12-31,9999-12-31,Date not established,unknown,Finding aid supplies no file-unit date,Trade Policy and Market Access,Consider,Volume XXX review,Restricted - Possibly,Records may be closed under exemptions of the Presidential Records Act (PRA) and the Freedom of Information Act (FOIA). Withdrawal sheets in processed folders will indicate specific restrictions.,Unrestricted,not online,,,,,,,,0,,0,0,0,0,0,0,0,0,0,0,0,0,White House Office of Policy Development | Stephen P. Farrar Trade Files | Trade policy,"Finding-aid lead retained because of functional trade or international-economic series, foreign-economic title terms. Review the folder document by document; the title does not establish document identity, selection value, or release completeness.",,"George H.W. Bush Library, Bush Presidential Records, White House Office of Policy Development, Stephen P. Farrar Trade Files, OA/ID CF01119–026, Trade Files: Super/Special 301.",https://catalog.archives.gov/id/509548158,
509548159,CF01120-001,506211263,GB-POD-014,Stephen P. Farrar Trade Files,CF01120,Trade Files: Telecommunications,9999-12-31,9999-12-31,Date not established,unknown,Finding aid supplies no file-unit date,Trade Policy and Market Access,Consider,Volume XXX review,Restricted - Possibly,Records may be closed under exemptions of the Presidential Records Act (PRA) and the Freedom of Information Act (FOIA). Withdrawal sheets in processed folders will indicate specific restrictions.,Unrestricted,not online,,,,,,,,0,,0,0,0,0,0,0,0,0,0,0,0,0,White House Office of Policy Development | Stephen P. Farrar Trade Files | Trade policy,"Finding-aid lead retained because of functional trade or international-economic series. Review the folder document by document; the title does not establish document identity, selection value, or release completeness.",,"George H.W. Bush Library, Bush Presidential Records, White House Office of Policy Development, Stephen P. Farrar Trade Files, OA/ID CF01120–001, Trade Files: Telecommunications.",https://catalog.archives.gov/id/509548159,
509548160,CF01120-002,506211263,GB-POD-014,Stephen P. Farrar Trade Files,CF01120,Trade Files: Textiles,9999-12-31,9999-12-31,Date not established,unknown,Finding aid supplies no file-unit date,Trade Policy and Market Access,Consider,Volume XXX review,Restricted - Possibly,Records may be closed under exemptions of the Presidential Records Act (PRA) and the Freedom of Information Act (FOIA). Withdrawal sheets in processed folders will indicate specific restrictions.,Unrestricted,not online,,,,,,,,0,,0,0,0,0,0,0,0,0,0,0,0,0,White House Office of Policy Development | Stephen P. Farrar Trade Files | Trade policy,"Finding-aid lead retained because of functional trade or international-economic series. Review the folder document by document; the title does not establish document identity, selection value, or release completeness.",,"George H.W. Bush Library, Bush Presidential Records, White House Office of Policy Development, Stephen P. Farrar Trade Files, OA/ID CF01120–002, Trade Files: Textiles.",https://catalog.archives.gov/id/509548160,
509548161,CF01120-003,506211263,GB-POD-014,Stephen P. Farrar Trade Files,CF01120,Trade Files: Trade Policy,9999-12-31,9999-12-31,Date not established,unknown,Finding aid supplies no file-unit date,Trade Policy and Market Access,Core,Volume XXX review,Restricted - Possibly,Records may be closed under exemptions of the Presidential Records Act (PRA) and the Freedom of Information Act (FOIA). Withdrawal sheets in processed folders will indicate specific restrictions.,Unrestricted,not online,,,,,,,,0,,0,0,0,0,0,0,0,0,0,0,0,0,White House Office of Policy Development | Stephen P. Farrar Trade Files | Trade policy,"Finding-aid lead retained because of functional trade or international-economic series, foreign-economic title terms. Review the folder document by document; the title does not establish document identity, selection value, or release completeness.",,"George H.W. Bush Library, Bush Presidential Records, White House Office of Policy Development, Stephen P. Farrar Trade Files, OA/ID CF01120–003, Trade Files: Trade Policy.",https://catalog.archives.gov/id/509548161,
509548162,CF01120-004,506211263,GB-POD-014,Stephen P. Farrar Trade Files,CF01120,Trade Files: Trade Strategy [1],9999-12-31,9999-12-31,Date not established,unknown,Finding aid supplies no file-unit date,Trade Policy and Market Access,Core,Volume XXX review,Restricted - Possibly,Records may be closed under exemptions of the Presidential Records Act (PRA) and the Freedom of Information Act (FOIA). Withdrawal sheets in processed folders will indicate specific restrictions.,Unrestricted,not online,,,,,,,,0,,0,0,0,0,0,0,0,0,0,0,0,0,White House Office of Policy Development | Stephen P. Farrar Trade Files | Trade policy,"Finding-aid lead retained because of functional trade or international-economic series, foreign-economic title terms. Review the folder document by document; the title does not establish document identity, selection value, or release completeness.",,"George H.W. Bush Library, Bush Presidential Records, White House Office of Policy Development, Stephen P. Farrar Trade Files, OA/ID CF01120–004, Trade Files: Trade Strategy [1].",https://catalog.archives.gov/id/509548162,
509548163,CF01120-005,506211263,GB-POD-014,Stephen P. Farrar Trade Files,CF01120,Trade Files: Trade Strategy [2],9999-12-31,9999-12-31,Date not established,unknown,Finding aid supplies no file-unit date,Trade Policy and Market Access,Core,Volume XXX review,Restricted - Possibly,Records may be closed under exemptions of the Presidential Records Act (PRA) and the Freedom of Information Act (FOIA). Withdrawal sheets in processed folders will indicate specific restrictions.,Unrestricted,not online,,,,,,,,0,,0,0,0,0,0,0,0,0,0,0,0,0,White House Office of Policy Development | Stephen P. Farrar Trade Files | Trade policy,"Finding-aid lead retained because of functional trade or international-economic series, foreign-economic title terms. Review the folder document by document; the title does not establish document identity, selection value, or release completeness.",,"George H.W. Bush Library, Bush Presidential Records, White House Office of Policy Development, Stephen P. Farrar Trade Files, OA/ID CF01120–005, Trade Files: Trade Strategy [2].",https://catalog.archives.gov/id/509548163,
509548164,CF01120-006,506211263,GB-POD-014,Stephen P. Farrar Trade Files,CF01120,Trade Files: Trade Strategy [3],9999-12-31,9999-12-31,Date not established,unknown,Finding aid supplies no file-unit date,Trade Policy and Market Access,Core,Volume XXX review,Restricted - Possibly,Records may be closed under exemptions of the Presidential Records Act (PRA) and the Freedom of Information Act (FOIA). Withdrawal sheets in processed folders will indicate specific restrictions.,Unrestricted,not online,,,,,,,,0,,0,0,0,0,0,0,0,0,0,0,0,0,White House Office of Policy Development | Stephen P. Farrar Trade Files | Trade policy,"Finding-aid lead retained because of functional trade or international-economic series, foreign-economic title terms. Review the folder document by document; the title does not establish document identity, selection value, or release completeness.",,"George H.W. Bush Library, Bush Presidential Records, White House Office of Policy Development, Stephen P. Farrar Trade Files, OA/ID CF01120–006, Trade Files: Trade Strategy [3].",https://catalog.archives.gov/id/509548164,
509548165,CF01120-007,506211263,GB-POD-014,Stephen P. Farrar Trade Files,CF01120,Trade Files: Trade Strategy [4],9999-12-31,9999-12-31,Date not established,unknown,Finding aid supplies no file-unit date,Trade Policy and Market Access,Core,Volume XXX review,Restricted - Possibly,Records may be closed under exemptions of the Presidential Records Act (PRA) and the Freedom of Information Act (FOIA). Withdrawal sheets in processed folders will indicate specific restrictions.,Unrestricted,not online,,,,,,,,0,,0,0,0,0,0,0,0,0,0,0,0,0,White House Office of Policy Development | Stephen P. Farrar Trade Files | Trade policy,"Finding-aid lead retained because of functional trade or international-economic series, foreign-economic title terms. Review the folder document by document; the title does not establish document identity, selection value, or release completeness.",,"George H.W. Bush Library, Bush Presidential Records, White House Office of Policy Development, Stephen P. Farrar Trade Files, OA/ID CF01120–007, Trade Files: Trade Strategy [4].",https://catalog.archives.gov/id/509548165,
509548166,CF01120-008,506211263,GB-POD-014,Stephen P. Farrar Trade Files,CF01120,Trade Files: Uruguay Round,9999-12-31,9999-12-31,Date not established,unknown,Finding aid supplies no file-unit date,Trade Policy and Market Access,Consider,Volume XXX review,Restricted - Possibly,Records may be closed under exemptions of the Presidential Records Act (PRA) and the Freedom of Information Act (FOIA). Withdrawal sheets in processed folders will indicate specific restrictions.,Unrestricted,not online,,,,,,,,0,,0,0,0,0,0,0,0,0,0,0,0,0,White House Office of Policy Development | Stephen P. Farrar Trade Files | Trade policy,"Finding-aid lead retained because of functional trade or international-economic series, foreign-economic title terms. Review the folder document by document; the title does not establish document identity, selection value, or release completeness.",,"George H.W. Bush Library, Bush Presidential Records, White House Office of Policy Development, Stephen P. Farrar Trade Files, OA/ID CF01120–008, Trade Files: Uruguay Round.",https://catalog.archives.gov/id/509548166,
509548167,CF01120-009,506211263,GB-POD-014,Stephen P. Farrar Trade Files,CF01120,Debt Files: Andean Countries,9999-12-31,9999-12-31,Date not established,unknown,Finding aid supplies no file-unit date,"Monetary Policy, Debt, and International Institutions",Consider,Volume XXX review,Restricted - Possibly,Records may be closed under exemptions of the Presidential Records Act (PRA) and the Freedom of Information Act (FOIA). Withdrawal sheets in processed folders will indicate specific restrictions.,Unrestricted,not online,,,,,,,,0,,0,0,0,0,0,0,0,0,0,0,0,0,White House Office of Policy Development | Stephen P. Farrar Trade Files | International debt,"Finding-aid lead retained because of functional trade or international-economic series, foreign-economic title terms. Review the folder document by document; the title does not establish document identity, selection value, or release completeness.",,"George H.W. Bush Library, Bush Presidential Records, White House Office of Policy Development, Stephen P. Farrar Trade Files, OA/ID CF01120–009, Debt Files: Andean Countries.",https://catalog.archives.gov/id/509548167,
509548168,CF01120-010,506211263,GB-POD-014,Stephen P. Farrar Trade Files,CF01120,Debt Files: Brazil,9999-12-31,9999-12-31,Date not established,unknown,Finding aid supplies no file-unit date,"Monetary Policy, Debt, and International Institutions",Consider,Volume XXX review,Restricted - Possibly,Records may be closed under exemptions of the Presidential Records Act (PRA) and the Freedom of Information Act (FOIA). Withdrawal sheets in processed folders will indicate specific restrictions.,Unrestricted,not online,,,,,,,,0,,0,0,0,0,0,0,0,0,0,0,0,0,White House Office of Policy Development | Stephen P. Farrar Trade Files | International debt,"Finding-aid lead retained because of functional trade or international-economic series, foreign-economic title terms. Review the folder document by document; the title does not establish document identity, selection value, or release completeness.",,"George H.W. Bush Library, Bush Presidential Records, White House Office of Policy Development, Stephen P. Farrar Trade Files, OA/ID CF01120–010, Debt Files: Brazil.",https://catalog.archives.gov/id/509548168,
509548169,CF01120-011,506211263,GB-POD-014,Stephen P. Farrar Trade Files,CF01120,Debt Files: Mexico,9999-12-31,9999-12-31,Date not established,unknown,Finding aid supplies no file-unit date,"Monetary Policy, Debt, and International Institutions",Boundary,Boundary review,Restricted - Possibly,Records may be closed under exemptions of the Presidential Records Act (PRA) and the Freedom of Information Act (FOIA). Withdrawal sheets in processed folders will indicate specific restrictions.,Unrestricted,not online,,,,,,,,0,,0,0,0,0,0,0,0,0,0,0,0,0,White House Office of Policy Development | Stephen P. Farrar Trade Files | International debt | NAFTA boundary,"Finding-aid lead retained because of functional trade or international-economic series, foreign-economic title terms. Review the folder document by document; the title does not establish document identity, selection value, or release completeness.",,"George H.W. Bush Library, Bush Presidential Records, White House Office of Policy Development, Stephen P. Farrar Trade Files, OA/ID CF01120–011, Debt Files: Mexico.",https://catalog.archives.gov/id/509548169,
509548170,CF01120-012,506211263,GB-POD-014,Stephen P. Farrar Trade Files,CF01120,Debt Files: Africa,9999-12-31,9999-12-31,Date not established,unknown,Finding aid supplies no file-unit date,"Monetary Policy, Debt, and International Institutions",Consider,Volume XXX review,Restricted - Possibly,Records may be closed under exemptions of the Presidential Records Act (PRA) and the Freedom of Information Act (FOIA). Withdrawal sheets in processed folders will indicate specific restrictions.,Unrestricted,not online,,,,,,,,0,,0,0,0,0,0,0,0,0,0,0,0,0,White House Office of Policy Development | Stephen P. Farrar Trade Files | International debt,"Finding-aid lead retained because of functional trade or international-economic series, foreign-economic title terms. Review the folder document by document; the title does not establish document identity, selection value, or release completeness.",,"George H.W. Bush Library, Bush Presidential Records, White House Office of Policy Development, Stephen P. Farrar Trade Files, OA/ID CF01120–012, Debt Files: Africa.",https://catalog.archives.gov/id/509548170,
509548171,CF01120-013,506211263,GB-POD-014,Stephen P. Farrar Trade Files,CF01120,Debt Files: Debt (General),9999-12-31,9999-12-31,Date not established,unknown,Finding aid supplies no file-unit date,"Monetary Policy, Debt, and International Institutions",Consider,Volume XXX review,Restricted - Possibly,Records may be closed under exemptions of the Presidential Records Act (PRA) and the Freedom of Information Act (FOIA). Withdrawal sheets in processed folders will indicate specific restrictions.,Unrestricted,not online,,,,,,,,0,,0,0,0,0,0,0,0,0,0,0,0,0,White House Office of Policy Development | Stephen P. Farrar Trade Files | International debt,"Finding-aid lead retained because of functional trade or international-economic series, foreign-economic title terms. Review the folder document by document; the title does not establish document identity, selection value, or release completeness.",,"George H.W. Bush Library, Bush Presidential Records, White House Office of Policy Development, Stephen P. Farrar Trade Files, OA/ID CF01120–013, Debt Files: Debt (General).",https://catalog.archives.gov/id/509548171,
509548172,CF01120-014,506211263,GB-POD-014,Stephen P. Farrar Trade Files,CF01120,Debt Files: Brady Plan,9999-12-31,9999-12-31,Date not established,unknown,Finding aid supplies no file-unit date,"Monetary Policy, Debt, and International Institutions",Core,Volume XXX review,Restricted - Possibly,Records may be closed under exemptions of the Presidential Records Act (PRA) and the Freedom of Information Act (FOIA). Withdrawal sheets in processed folders will indicate specific restrictions.,Unrestricted,not online,,,,,,,,0,,0,0,0,0,0,0,0,0,0,0,0,0,White House Office of Policy Development | Stephen P. Farrar Trade Files | International debt,"Finding-aid lead retained because of functional trade or international-economic series, foreign-economic title terms. Review the folder document by document; the title does not establish document identity, selection value, or release completeness.",,"George H.W. Bush Library, Bush Presidential Records, White House Office of Policy Development, Stephen P. Farrar Trade Files, OA/ID CF01120–014, Debt Files: Brady Plan.",https://catalog.archives.gov/id/509548172,
509548173,CF01120-015,506211263,GB-POD-014,Stephen P. Farrar Trade Files,CF01120,Subject/Country Files: Asia,9999-12-31,9999-12-31,Date not established,unknown,Finding aid supplies no file-unit date,Trade Policy and Market Access,Consider,Volume XXX review,Restricted - Possibly,Records may be closed under exemptions of the Presidential Records Act (PRA) and the Freedom of Information Act (FOIA). Withdrawal sheets in processed folders will indicate specific restrictions.,Unrestricted,not online,,,,,,,,0,,0,0,0,0,0,0,0,0,0,0,0,0,White House Office of Policy Development | Stephen P. Farrar Trade Files,"Finding-aid lead retained because of functional trade or international-economic series. Review the folder document by document; the title does not establish document identity, selection value, or release completeness.",,"George H.W. Bush Library, Bush Presidential Records, White House Office of Policy Development, Stephen P. Farrar Trade Files, OA/ID CF01120–015, Subject/Country Files: Asia.",https://catalog.archives.gov/id/509548173,
509548174,CF01120-016,506211263,GB-POD-014,Stephen P. Farrar Trade Files,CF01120,Subject/Country Files: Canada,9999-12-31,9999-12-31,Date not established,unknown,Finding aid supplies no file-unit date,Trade Policy and Market Access,Boundary,Boundary review,Restricted - Possibly,Records may be closed under exemptions of the Presidential Records Act (PRA) and the Freedom of Information Act (FOIA). Withdrawal sheets in processed folders will indicate specific restrictions.,Unrestricted,not online,,,,,,,,0,,0,0,0,0,0,0,0,0,0,0,0,0,White House Office of Policy Development | Stephen P. Farrar Trade Files | NAFTA boundary,"Finding-aid lead retained because of functional trade or international-economic series. Review the folder document by document; the title does not establish document identity, selection value, or release completeness.",,"George H.W. Bush Library, Bush Presidential Records, White House Office of Policy Development, Stephen P. Farrar Trade Files, OA/ID CF01120–016, Subject/Country Files: Canada.",https://catalog.archives.gov/id/509548174,
509548175,CF01120-017,506211263,GB-POD-014,Stephen P. Farrar Trade Files,CF01120,Subject/Country Files: Czechoslovakia,9999-12-31,9999-12-31,Date not established,unknown,Finding aid supplies no file-unit date,Transition Economies and International Economic Strategy,Consider,Volume XXX review,Restricted - Possibly,Records may be closed under exemptions of the Presidential Records Act (PRA) and the Freedom of Information Act (FOIA). Withdrawal sheets in processed folders will indicate specific restrictions.,Unrestricted,not online,,,,,,,,0,,0,0,0,0,0,0,0,0,0,0,0,0,White House Office of Policy Development | Stephen P. Farrar Trade Files | Transition economies,"Finding-aid lead retained because of functional trade or international-economic series. Review the folder document by document; the title does not establish document identity, selection value, or release completeness.",,"George H.W. Bush Library, Bush Presidential Records, White House Office of Policy Development, Stephen P. Farrar Trade Files, OA/ID CF01120–017, Subject/Country Files: Czechoslovakia.",https://catalog.archives.gov/id/509548175,
509548176,CF01120-018,506211263,GB-POD-014,Stephen P. Farrar Trade Files,CF01120,Subject/Country Files: China,9999-12-31,9999-12-31,Date not established,unknown,Finding aid supplies no file-unit date,Trade Policy and Market Access,Consider,Volume XXX review,Restricted - Possibly,Records may be closed under exemptions of the Presidential Records Act (PRA) and the Freedom of Information Act (FOIA). Withdrawal sheets in processed folders will indicate specific restrictions.,Unrestricted,not online,,,,,,,,0,,0,0,0,0,0,0,0,0,0,0,0,0,White House Office of Policy Development | Stephen P. Farrar Trade Files,"Finding-aid lead retained because of functional trade or international-economic series. Review the folder document by document; the title does not establish document identity, selection value, or release completeness.",,"George H.W. Bush Library, Bush Presidential Records, White House Office of Policy Development, Stephen P. Farrar Trade Files, OA/ID CF01120–018, Subject/Country Files: China.",https://catalog.archives.gov/id/509548176,
509548177,CF01120-019,506211263,GB-POD-014,Stephen P. Farrar Trade Files,CF01120,Subject/Country Files: Columbia,9999-12-31,9999-12-31,Date not established,unknown,Finding aid supplies no file-unit date,Trade Policy and Market Access,Consider,Volume XXX review,Restricted - Possibly,Records may be closed under exemptions of the Presidential Records Act (PRA) and the Freedom of Information Act (FOIA). Withdrawal sheets in processed folders will indicate specific restrictions.,Unrestricted,not online,,,,,,,,0,,0,0,0,0,0,0,0,0,0,0,0,0,White House Office of Policy Development | Stephen P. Farrar Trade Files,"Finding-aid lead retained because of functional trade or international-economic series. Review the folder document by document; the title does not establish document identity, selection value, or release completeness.",,"George H.W. Bush Library, Bush Presidential Records, White House Office of Policy Development, Stephen P. Farrar Trade Files, OA/ID CF01120–019, Subject/Country Files: Columbia.",https://catalog.archives.gov/id/509548177,
509548178,CF01120-020,506211263,GB-POD-014,Stephen P. Farrar Trade Files,CF01120,Subject/Country Files: Development,9999-12-31,9999-12-31,Date not established,unknown,Finding aid supplies no file-unit date,Trade Policy and Market Access,Consider,Volume XXX review,Restricted - Possibly,Records may be closed under exemptions of the Presidential Records Act (PRA) and the Freedom of Information Act (FOIA). Withdrawal sheets in processed folders will indicate specific restrictions.,Unrestricted,not online,,,,,,,,0,,0,0,0,0,0,0,0,0,0,0,0,0,White House Office of Policy Development | Stephen P. Farrar Trade Files,"Finding-aid lead retained because of functional trade or international-economic series. Review the folder document by document; the title does not establish document identity, selection value, or release completeness.",,"George H.W. Bush Library, Bush Presidential Records, White House Office of Policy Development, Stephen P. Farrar Trade Files, OA/ID CF01120–020, Subject/Country Files: Development.",https://catalog.archives.gov/id/509548178,
509548179,CF01120-021,506211263,GB-POD-014,Stephen P. Farrar Trade Files,CF01120,Subject/Country Files: Eastern Europe,9999-12-31,9999-12-31,Date not established,unknown,Finding aid supplies no file-unit date,Transition Economies and International Economic Strategy,Consider,Volume XXX review,Restricted - Possibly,Records may be closed under exemptions of the Presidential Records Act (PRA) and the Freedom of Information Act (FOIA). Withdrawal sheets in processed folders will indicate specific restrictions.,Unrestricted,not online,,,,,,,,0,,0,0,0,0,0,0,0,0,0,0,0,0,White House Office of Policy Development | Stephen P. Farrar Trade Files | Transition economies,"Finding-aid lead retained because of functional trade or international-economic series. Review the folder document by document; the title does not establish document identity, selection value, or release completeness.",,"George H.W. Bush Library, Bush Presidential Records, White House Office of Policy Development, Stephen P. Farrar Trade Files, OA/ID CF01120–021, Subject/Country Files: Eastern Europe.",https://catalog.archives.gov/id/509548179,
509548180,CF01120-022,506211263,GB-POD-014,Stephen P. Farrar Trade Files,CF01120,Subject/Country Files: Economic Summits [1],9999-12-31,9999-12-31,Date not established,unknown,Finding aid supplies no file-unit date,Trade Policy and Market Access,Consider,Volume XXX review,Restricted - Possibly,Records may be closed under exemptions of the Presidential Records Act (PRA) and the Freedom of Information Act (FOIA). Withdrawal sheets in processed folders will indicate specific restrictions.,Unrestricted,not online,,,,,,,,0,,0,0,0,0,0,0,0,0,0,0,0,0,White House Office of Policy Development | Stephen P. Farrar Trade Files,"Finding-aid lead retained because of functional trade or international-economic series, foreign-economic title terms. Review the folder document by document; the title does not establish document identity, selection value, or release completeness.",,"George H.W. Bush Library, Bush Presidential Records, White House Office of Policy Development, Stephen P. Farrar Trade Files, OA/ID CF01120–022, Subject/Country Files: Economic Summits [1].",https://catalog.archives.gov/id/509548180,
509548181,CF01120-023,506211263,GB-POD-014,Stephen P. Farrar Trade Files,CF01120,Subject/Country Files: Economic Summits [2],9999-12-31,9999-12-31,Date not established,unknown,Finding aid supplies no file-unit date,Trade Policy and Market Access,Consider,Volume XXX review,Restricted - Possibly,Records may be closed under exemptions of the Presidential Records Act (PRA) and the Freedom of Information Act (FOIA). Withdrawal sheets in processed folders will indicate specific restrictions.,Unrestricted,not online,,,,,,,,0,,0,0,0,0,0,0,0,0,0,0,0,0,White House Office of Policy Development | Stephen P. Farrar Trade Files,"Finding-aid lead retained because of functional trade or international-economic series, foreign-economic title terms. Review the folder document by document; the title does not establish document identity, selection value, or release completeness.",,"George H.W. Bush Library, Bush Presidential Records, White House Office of Policy Development, Stephen P. Farrar Trade Files, OA/ID CF01120–023, Subject/Country Files: Economic Summits [2].",https://catalog.archives.gov/id/509548181,
509548182,CF01120-024,506211263,GB-POD-014,Stephen P. Farrar Trade Files,CF01120,Subject/Country Files: Economic Summit (London),9999-12-31,9999-12-31,Date not established,unknown,Finding aid supplies no file-unit date,Economic Summits and Industrialized-Country Cooperation,Core,Volume XXX review,Restricted - Possibly,Records may be closed under exemptions of the Presidential Records Act (PRA) and the Freedom of Information Act (FOIA). Withdrawal sheets in processed folders will indicate specific restrictions.,Unrestricted,not online,,,,,,,,0,,0,0,0,0,0,0,0,0,0,0,0,0,White House Office of Policy Development | Stephen P. Farrar Trade Files | Economic summits,"Finding-aid lead retained because of functional trade or international-economic series, foreign-economic title terms. Review the folder document by document; the title does not establish document identity, selection value, or release completeness.",,"George H.W. Bush Library, Bush Presidential Records, White House Office of Policy Development, Stephen P. Farrar Trade Files, OA/ID CF01120–024, Subject/Country Files: Economic Summit (London).",https://catalog.archives.gov/id/509548182,
509548183,CF01120-025,506211263,GB-POD-014,Stephen P. Farrar Trade Files,CF01120,Subject/Country Files: Economic Summit (Munich),9999-12-31,9999-12-31,Date not established,unknown,Finding aid supplies no file-unit date,Economic Summits and Industrialized-Country Cooperation,Core,Volume XXX review,Restricted - Possibly,Records may be closed under exemptions of the Presidential Records Act (PRA) and the Freedom of Information Act (FOIA). Withdrawal sheets in processed folders will indicate specific restrictions.,Unrestricted,not online,,,,,,,,0,,0,0,0,0,0,0,0,0,0,0,0,0,White House Office of Policy Development | Stephen P. Farrar Trade Files | Economic summits,"Finding-aid lead retained because of functional trade or international-economic series, foreign-economic title terms. Review the folder document by document; the title does not establish document identity, selection value, or release completeness.",,"George H.W. Bush Library, Bush Presidential Records, White House Office of Policy Development, Stephen P. Farrar Trade Files, OA/ID CF01120–025, Subject/Country Files: Economic Summit (Munich).",https://catalog.archives.gov/id/509548183,
509548184,CF01120-026,506211263,GB-POD-014,Stephen P. Farrar Trade Files,CF01120,Subject/Country Files: Environment,9999-12-31,9999-12-31,Date not established,unknown,Finding aid supplies no file-unit date,Trade Policy and Market Access,Consider,Volume XXX review,Restricted - Possibly,Records may be closed under exemptions of the Presidential Records Act (PRA) and the Freedom of Information Act (FOIA). Withdrawal sheets in processed folders will indicate specific restrictions.,Unrestricted,not online,,,,,,,,0,,0,0,0,0,0,0,0,0,0,0,0,0,White House Office of Policy Development | Stephen P. Farrar Trade Files,"Finding-aid lead retained because of functional trade or international-economic series. Review the folder document by document; the title does not establish document identity, selection value, or release completeness.",,"George H.W. Bush Library, Bush Presidential Records, White House Office of Policy Development, Stephen P. Farrar Trade Files, OA/ID CF01120–026, Subject/Country Files: Environment.",https://catalog.archives.gov/id/509548184,
509548185,CF01120-027,506211263,GB-POD-014,Stephen P. Farrar Trade Files,CF01120,Subject/Country Files: Export Controls,9999-12-31,9999-12-31,Date not established,unknown,Finding aid supplies no file-unit date,"Strategic Trade, Technology, and Investment Controls",Consider,Volume XXX review,Restricted - Possibly,Records may be closed under exemptions of the Presidential Records Act (PRA) and the Freedom of Information Act (FOIA). Withdrawal sheets in processed folders will indicate specific restrictions.,Unrestricted,not online,,,,,,,,0,,0,0,0,0,0,0,0,0,0,0,0,0,White House Office of Policy Development | Stephen P. Farrar Trade Files | Export controls,"Finding-aid lead retained because of functional trade or international-economic series, foreign-economic title terms. Review the folder document by document; the title does not establish document identity, selection value, or release completeness.",,"George H.W. Bush Library, Bush Presidential Records, White House Office of Policy Development, Stephen P. Farrar Trade Files, OA/ID CF01120–027, Subject/Country Files: Export Controls.",https://catalog.archives.gov/id/509548185,
509548186,CF01120-028,506211263,GB-POD-014,Stephen P. Farrar Trade Files,CF01120,Subject/Country Files: Germany,9999-12-31,9999-12-31,Date not established,unknown,Finding aid supplies no file-unit date,Trade Policy and Market Access,Consider,Volume XXX review,Restricted - Possibly,Records may be closed under exemptions of the Presidential Records Act (PRA) and the Freedom of Information Act (FOIA). Withdrawal sheets in processed folders will indicate specific restrictions.,Unrestricted,not online,,,,,,,,0,,0,0,0,0,0,0,0,0,0,0,0,0,White House Office of Policy Development | Stephen P. Farrar Trade Files,"Finding-aid lead retained because of functional trade or international-economic series. Review the folder document by document; the title does not establish document identity, selection value, or release completeness.",,"George H.W. Bush Library, Bush Presidential Records, White House Office of Policy Development, Stephen P. Farrar Trade Files, OA/ID CF01120–028, Subject/Country Files: Germany.",https://catalog.archives.gov/id/509548186,
509548187,CF01120-029,506211263,GB-POD-014,Stephen P. Farrar Trade Files,CF01120,Subject/Country Files: India,9999-12-31,9999-12-31,Date not established,unknown,Finding aid supplies no file-unit date,Trade Policy and Market Access,Consider,Volume XXX review,Restricted - Possibly,Records may be closed under exemptions of the Presidential Records Act (PRA) and the Freedom of Information Act (FOIA). Withdrawal sheets in processed folders will indicate specific restrictions.,Unrestricted,not online,,,,,,,,0,,0,0,0,0,0,0,0,0,0,0,0,0,White House Office of Policy Development | Stephen P. Farrar Trade Files,"Finding-aid lead retained because of functional trade or international-economic series. Review the folder document by document; the title does not establish document identity, selection value, or release completeness.",,"George H.W. Bush Library, Bush Presidential Records, White House Office of Policy Development, Stephen P. Farrar Trade Files, OA/ID CF01120–029, Subject/Country Files: India.",https://catalog.archives.gov/id/509548187,
509548188,CF01120-030,506211263,GB-POD-014,Stephen P. Farrar Trade Files,CF01120,Subject/Country Files: International Aviation,9999-12-31,9999-12-31,Date not established,unknown,Finding aid supplies no file-unit date,Trade Policy and Market Access,Consider,Volume XXX review,Restricted - Possibly,Records may be closed under exemptions of the Presidential Records Act (PRA) and the Freedom of Information Act (FOIA). Withdrawal sheets in processed folders will indicate specific restrictions.,Unrestricted,not online,,,,,,,,0,,0,0,0,0,0,0,0,0,0,0,0,0,White House Office of Policy Development | Stephen P. Farrar Trade Files,"Finding-aid lead retained because of functional trade or international-economic series. Review the folder document by document; the title does not establish document identity, selection value, or release completeness.",,"George H.W. Bush Library, Bush Presidential Records, White House Office of Policy Development, Stephen P. Farrar Trade Files, OA/ID CF01120–030, Subject/Country Files: International Aviation.",https://catalog.archives.gov/id/509548188,
509548189,CF01120-031,506211263,GB-POD-014,Stephen P. Farrar Trade Files,CF01120,Subject/Country Files: International Economic Policy,9999-12-31,9999-12-31,Date not established,unknown,Finding aid supplies no file-unit date,"Monetary Policy, Debt, and International Institutions",Core,Volume XXX review,Restricted - Possibly,Records may be closed under exemptions of the Presidential Records Act (PRA) and the Freedom of Information Act (FOIA). Withdrawal sheets in processed folders will indicate specific restrictions.,Unrestricted,not online,,,,,,,,0,,0,0,0,0,0,0,0,0,0,0,0,0,White House Office of Policy Development | Stephen P. Farrar Trade Files,"Finding-aid lead retained because of functional trade or international-economic series, foreign-economic title terms. Review the folder document by document; the title does not establish document identity, selection value, or release completeness.",,"George H.W. Bush Library, Bush Presidential Records, White House Office of Policy Development, Stephen P. Farrar Trade Files, OA/ID CF01120–031, Subject/Country Files: International Economic Policy.",https://catalog.archives.gov/id/509548189,
509548190,CF01120-032,506211263,GB-POD-014,Stephen P. Farrar Trade Files,CF01120,Subject/Country Files: Iraq,9999-12-31,9999-12-31,Date not established,unknown,Finding aid supplies no file-unit date,Trade Policy and Market Access,Consider,Volume XXX review,Restricted - Possibly,Records may be closed under exemptions of the Presidential Records Act (PRA) and the Freedom of Information Act (FOIA). Withdrawal sheets in processed folders will indicate specific restrictions.,Unrestricted,not online,,,,,,,,0,,0,0,0,0,0,0,0,0,0,0,0,0,White House Office of Policy Development | Stephen P. Farrar Trade Files,"Finding-aid lead retained because of functional trade or international-economic series. Review the folder document by document; the title does not establish document identity, selection value, or release completeness.",,"George H.W. Bush Library, Bush Presidential Records, White House Office of Policy Development, Stephen P. Farrar Trade Files, OA/ID CF01120–032, Subject/Country Files: Iraq.",https://catalog.archives.gov/id/509548190,
509548191,CF01120-033,506211263,GB-POD-014,Stephen P. Farrar Trade Files,CF01120,Subject/Country Files: Investment,9999-12-31,9999-12-31,Date not established,unknown,Finding aid supplies no file-unit date,Trade Policy and Market Access,Consider,Volume XXX review,Restricted - Possibly,Records may be closed under exemptions of the Presidential Records Act (PRA) and the Freedom of Information Act (FOIA). Withdrawal sheets in processed folders will indicate specific restrictions.,Unrestricted,not online,,,,,,,,0,,0,0,0,0,0,0,0,0,0,0,0,0,White House Office of Policy Development | Stephen P. Farrar Trade Files,"Finding-aid lead retained because of functional trade or international-economic series. Review the folder document by document; the title does not establish document identity, selection value, or release completeness.",,"George H.W. Bush Library, Bush Presidential Records, White House Office of Policy Development, Stephen P. Farrar Trade Files, OA/ID CF01120–033, Subject/Country Files: Investment.",https://catalog.archives.gov/id/509548191,
509548192,CF01120-034,506211263,GB-POD-014,Stephen P. Farrar Trade Files,CF01120,Subject/Country Files: Israel,9999-12-31,9999-12-31,Date not established,unknown,Finding aid supplies no file-unit date,Trade Policy and Market Access,Consider,Volume XXX review,Restricted - Possibly,Records may be closed under exemptions of the Presidential Records Act (PRA) and the Freedom of Information Act (FOIA). Withdrawal sheets in processed folders will indicate specific restrictions.,Unrestricted,not online,,,,,,,,0,,0,0,0,0,0,0,0,0,0,0,0,0,White House Office of Policy Development | Stephen P. Farrar Trade Files,"Finding-aid lead retained because of functional trade or international-economic series. Review the folder document by document; the title does not establish document identity, selection value, or release completeness.",,"George H.W. Bush Library, Bush Presidential Records, White House Office of Policy Development, Stephen P. Farrar Trade Files, OA/ID CF01120–034, Subject/Country Files: Israel.",https://catalog.archives.gov/id/509548192,
509548193,CF01120-035,506211263,GB-POD-014,Stephen P. Farrar Trade Files,CF01120,Subject/Country Files: Kuwait,9999-12-31,9999-12-31,Date not established,unknown,Finding aid supplies no file-unit date,Trade Policy and Market Access,Consider,Volume XXX review,Restricted - Possibly,Records may be closed under exemptions of the Presidential Records Act (PRA) and the Freedom of Information Act (FOIA). Withdrawal sheets in processed folders will indicate specific restrictions.,Unrestricted,not online,,,,,,,,0,,0,0,0,0,0,0,0,0,0,0,0,0,White House Office of Policy Development | Stephen P. Farrar Trade Files,"Finding-aid lead retained because of functional trade or international-economic series. Review the folder document by document; the title does not establish document identity, selection value, or release completeness.",,"George H.W. Bush Library, Bush Presidential Records, White House Office of Policy Development, Stephen P. Farrar Trade Files, OA/ID CF01120–035, Subject/Country Files: Kuwait.",https://catalog.archives.gov/id/509548193,
509548194,CF01120-036,506211263,GB-POD-014,Stephen P. Farrar Trade Files,CF01120,Subject/Country Files: Latin America [1],9999-12-31,9999-12-31,Date not established,unknown,Finding aid supplies no file-unit date,Trade Policy and Market Access,Consider,Volume XXX review,Restricted - Possibly,Records may be closed under exemptions of the Presidential Records Act (PRA) and the Freedom of Information Act (FOIA). Withdrawal sheets in processed folders will indicate specific restrictions.,Unrestricted,not online,,,,,,,,0,,0,0,0,0,0,0,0,0,0,0,0,0,White House Office of Policy Development | Stephen P. Farrar Trade Files,"Finding-aid lead retained because of functional trade or international-economic series. Review the folder document by document; the title does not establish document identity, selection value, or release completeness.",,"George H.W. Bush Library, Bush Presidential Records, White House Office of Policy Development, Stephen P. Farrar Trade Files, OA/ID CF01120–036, Subject/Country Files: Latin America [1].",https://catalog.archives.gov/id/509548194,
509548195,CF01120-037,506211263,GB-POD-014,Stephen P. Farrar Trade Files,CF01120,Subject/Country Files: Latin America [2],9999-12-31,9999-12-31,Date not established,unknown,Finding aid supplies no file-unit date,Trade Policy and Market Access,Consider,Volume XXX review,Restricted - Possibly,Records may be closed under exemptions of the Presidential Records Act (PRA) and the Freedom of Information Act (FOIA). Withdrawal sheets in processed folders will indicate specific restrictions.,Unrestricted,not online,,,,,,,,0,,0,0,0,0,0,0,0,0,0,0,0,0,White House Office of Policy Development | Stephen P. Farrar Trade Files,"Finding-aid lead retained because of functional trade or international-economic series. Review the folder document by document; the title does not establish document identity, selection value, or release completeness.",,"George H.W. Bush Library, Bush Presidential Records, White House Office of Policy Development, Stephen P. Farrar Trade Files, OA/ID CF01120–037, Subject/Country Files: Latin America [2].",https://catalog.archives.gov/id/509548195,
509548196,CF01120-038,506211263,GB-POD-014,Stephen P. Farrar Trade Files,CF01120,Subject/Country Files: Maritime,9999-12-31,9999-12-31,Date not established,unknown,Finding aid supplies no file-unit date,Trade Policy and Market Access,Consider,Volume XXX review,Restricted - Possibly,Records may be closed under exemptions of the Presidential Records Act (PRA) and the Freedom of Information Act (FOIA). Withdrawal sheets in processed folders will indicate specific restrictions.,Unrestricted,not online,,,,,,,,0,,0,0,0,0,0,0,0,0,0,0,0,0,White House Office of Policy Development | Stephen P. Farrar Trade Files,"Finding-aid lead retained because of functional trade or international-economic series. Review the folder document by document; the title does not establish document identity, selection value, or release completeness.",,"George H.W. Bush Library, Bush Presidential Records, White House Office of Policy Development, Stephen P. Farrar Trade Files, OA/ID CF01120–038, Subject/Country Files: Maritime.",https://catalog.archives.gov/id/509548196,
509548198,CF01120-040,506211263,GB-POD-014,Stephen P. Farrar Trade Files,CF01120,[Farrar Notebook [1]],9999-12-31,9999-12-31,Date not established,unknown,Finding aid supplies no file-unit date,Trade Policy and Market Access,Consider,Volume XXX review,Restricted - Possibly,Records may be closed under exemptions of the Presidential Records Act (PRA) and the Freedom of Information Act (FOIA). Withdrawal sheets in processed folders will indicate specific restrictions.,Unrestricted,not online,,,,,,,,0,,0,0,0,0,0,0,0,0,0,0,0,0,White House Office of Policy Development | Stephen P. Farrar Trade Files,"Finding-aid lead retained because of functional trade or international-economic series. Review the folder document by document; the title does not establish document identity, selection value, or release completeness.",,"George H.W. Bush Library, Bush Presidential Records, White House Office of Policy Development, Stephen P. Farrar Trade Files, OA/ID CF01120–040, [Farrar Notebook [1]].",https://catalog.archives.gov/id/509548198,
509548199,CF01120-041,506211263,GB-POD-014,Stephen P. Farrar Trade Files,CF01120,[Farrar Notebook [2]],9999-12-31,9999-12-31,Date not established,unknown,Finding aid supplies no file-unit date,Trade Policy and Market Access,Consider,Volume XXX review,Restricted - Possibly,Records may be closed under exemptions of the Presidential Records Act (PRA) and the Freedom of Information Act (FOIA). Withdrawal sheets in processed folders will indicate specific restrictions.,Unrestricted,not online,,,,,,,,0,,0,0,0,0,0,0,0,0,0,0,0,0,White House Office of Policy Development | Stephen P. Farrar Trade Files,"Finding-aid lead retained because of functional trade or international-economic series. Review the folder document by document; the title does not establish document identity, selection value, or release completeness.",,"George H.W. Bush Library, Bush Presidential Records, White House Office of Policy Development, Stephen P. Farrar Trade Files, OA/ID CF01120–041, [Farrar Notebook [2]].",https://catalog.archives.gov/id/509548199,
509548200,CF01120-042,506211263,GB-POD-014,Stephen P. Farrar Trade Files,CF01120,[Uruguay Round]: EC Bilateral,9999-12-31,9999-12-31,Date not established,unknown,Finding aid supplies no file-unit date,Trade Policy and Market Access,Consider,Volume XXX review,Restricted - Possibly,Records may be closed under exemptions of the Presidential Records Act (PRA) and the Freedom of Information Act (FOIA). Withdrawal sheets in processed folders will indicate specific restrictions.,Unrestricted,not online,,,,,,,,0,,0,0,0,0,0,0,0,0,0,0,0,0,White House Office of Policy Development | Stephen P. Farrar Trade Files | Trade policy,"Finding-aid lead retained because of functional trade or international-economic series, foreign-economic title terms. Review the folder document by document; the title does not establish document identity, selection value, or release completeness.",,"George H.W. Bush Library, Bush Presidential Records, White House Office of Policy Development, Stephen P. Farrar Trade Files, OA/ID CF01120–042, [Uruguay Round]: EC Bilateral.",https://catalog.archives.gov/id/509548200,
509548201,CF01120-043,506211263,GB-POD-014,Stephen P. Farrar Trade Files,CF01120,[Uruguay Round]: Non-Agriculture Issues,9999-12-31,9999-12-31,Date not established,unknown,Finding aid supplies no file-unit date,Trade Policy and Market Access,Consider,Volume XXX review,Restricted - Possibly,Records may be closed under exemptions of the Presidential Records Act (PRA) and the Freedom of Information Act (FOIA). Withdrawal sheets in processed folders will indicate specific restrictions.,Unrestricted,not online,,,,,,,,0,,0,0,0,0,0,0,0,0,0,0,0,0,White House Office of Policy Development | Stephen P. Farrar Trade Files | Trade policy,"Finding-aid lead retained because of functional trade or international-economic series, foreign-economic title terms. Review the folder document by document; the title does not establish document identity, selection value, or release completeness.",,"George H.W. Bush Library, Bush Presidential Records, White House Office of Policy Development, Stephen P. Farrar Trade Files, OA/ID CF01120–043, [Uruguay Round]: Non-Agriculture Issues.",https://catalog.archives.gov/id/509548201,
509548202,CF01120-044,506211263,GB-POD-014,Stephen P. Farrar Trade Files,CF01120,[Uruguay Round]: Market Access-Issue Objective,9999-12-31,9999-12-31,Date not established,unknown,Finding aid supplies no file-unit date,Trade Policy and Market Access,Consider,Volume XXX review,Restricted - Possibly,Records may be closed under exemptions of the Presidential Records Act (PRA) and the Freedom of Information Act (FOIA). Withdrawal sheets in processed folders will indicate specific restrictions.,Unrestricted,not online,,,,,,,,0,,0,0,0,0,0,0,0,0,0,0,0,0,White House Office of Policy Development | Stephen P. Farrar Trade Files | Trade policy,"Finding-aid lead retained because of functional trade or international-economic series, foreign-economic title terms. Review the folder document by document; the title does not establish document identity, selection value, or release completeness.",,"George H.W. Bush Library, Bush Presidential Records, White House Office of Policy Development, Stephen P. Farrar Trade Files, OA/ID CF01120–044, [Uruguay Round]: Market Access-Issue Objective.",https://catalog.archives.gov/id/509548202,
509548203,CF01120-045,506211263,GB-POD-014,Stephen P. Farrar Trade Files,CF01120,[Uruguay Round]: U.S.-EC Service Package,9999-12-31,9999-12-31,Date not established,unknown,Finding aid supplies no file-unit date,Trade Policy and Market Access,Consider,Volume XXX review,Restricted - Possibly,Records may be closed under exemptions of the Presidential Records Act (PRA) and the Freedom of Information Act (FOIA). Withdrawal sheets in processed folders will indicate specific restrictions.,Unrestricted,not online,,,,,,,,0,,0,0,0,0,0,0,0,0,0,0,0,0,White House Office of Policy Development | Stephen P. Farrar Trade Files | Trade policy,"Finding-aid lead retained because of functional trade or international-economic series, foreign-economic title terms. Review the folder document by document; the title does not establish document identity, selection value, or release completeness.",,"George H.W. Bush Library, Bush Presidential Records, White House Office of Policy Development, Stephen P. Farrar Trade Files, OA/ID CF01120–045, [Uruguay Round]: U.S.-EC Service Package.",https://catalog.archives.gov/id/509548203,
509548204,CF01120-046,506211263,GB-POD-014,Stephen P. Farrar Trade Files,CF01120,[Uruguay Round]: U.S.-EC Services Sector Summary,9999-12-31,9999-12-31,Date not established,unknown,Finding aid supplies no file-unit date,Trade Policy and Market Access,Consider,Volume XXX review,Restricted - Possibly,Records may be closed under exemptions of the Presidential Records Act (PRA) and the Freedom of Information Act (FOIA). Withdrawal sheets in processed folders will indicate specific restrictions.,Unrestricted,not online,,,,,,,,0,,0,0,0,0,0,0,0,0,0,0,0,0,White House Office of Policy Development | Stephen P. Farrar Trade Files | Trade policy,"Finding-aid lead retained because of functional trade or international-economic series, foreign-economic title terms. Review the folder document by document; the title does not establish document identity, selection value, or release completeness.",,"George H.W. Bush Library, Bush Presidential Records, White House Office of Policy Development, Stephen P. Farrar Trade Files, OA/ID CF01120–046, [Uruguay Round]: U.S.-EC Services Sector Summary.",https://catalog.archives.gov/id/509548204,
509548205,CF01120-047,506211263,GB-POD-014,Stephen P. Farrar Trade Files,CF01120,[Uruguay Round]: EC Telcom,9999-12-31,9999-12-31,Date not established,unknown,Finding aid supplies no file-unit date,Trade Policy and Market Access,Consider,Volume XXX review,Restricted - Possibly,Records may be closed under exemptions of the Presidential Records Act (PRA) and the Freedom of Information Act (FOIA). Withdrawal sheets in processed folders will indicate specific restrictions.,Unrestricted,not online,,,,,,,,0,,0,0,0,0,0,0,0,0,0,0,0,0,White House Office of Policy Development | Stephen P. Farrar Trade Files | Trade policy,"Finding-aid lead retained because of functional trade or international-economic series, foreign-economic title terms. Review the folder document by document; the title does not establish document identity, selection value, or release completeness.",,"George H.W. Bush Library, Bush Presidential Records, White House Office of Policy Development, Stephen P. Farrar Trade Files, OA/ID CF01120–047, [Uruguay Round]: EC Telcom.",https://catalog.archives.gov/id/509548205,
509548206,CF01120-048,506211263,GB-POD-014,Stephen P. Farrar Trade Files,CF01120,"[Uruguay Round]: Correspondence, Carla Hills",9999-12-31,9999-12-31,Date not established,unknown,Finding aid supplies no file-unit date,Trade Policy and Market Access,Consider,Volume XXX review,Restricted - Possibly,Records may be closed under exemptions of the Presidential Records Act (PRA) and the Freedom of Information Act (FOIA). Withdrawal sheets in processed folders will indicate specific restrictions.,Unrestricted,not online,,,,,,,,0,,0,0,0,0,0,0,0,0,0,0,0,0,White House Office of Policy Development | Stephen P. Farrar Trade Files | Trade policy,"Finding-aid lead retained because of functional trade or international-economic series, foreign-economic title terms. Review the folder document by document; the title does not establish document identity, selection value, or release completeness.",,"George H.W. Bush Library, Bush Presidential Records, White House Office of Policy Development, Stephen P. Farrar Trade Files, OA/ID CF01120–048, [Uruguay Round]: Correspondence, Carla Hills.",https://catalog.archives.gov/id/509548206,
509548208,CF01120-050,506211263,GB-POD-014,Stephen P. Farrar Trade Files,CF01120,[Uruguay Round]: Industrial Subsidies,9999-12-31,9999-12-31,Date not established,unknown,Finding aid supplies no file-unit date,Trade Policy and Market Access,Consider,Volume XXX review,Restricted - Possibly,Records may be closed under exemptions of the Presidential Records Act (PRA) and the Freedom of Information Act (FOIA). Withdrawal sheets in processed folders will indicate specific restrictions.,Unrestricted,not online,,,,,,,,0,,0,0,0,0,0,0,0,0,0,0,0,0,White House Office of Policy Development | Stephen P. Farrar Trade Files | Trade policy,"Finding-aid lead retained because of functional trade or international-economic series, foreign-economic title terms. Review the folder document by document; the title does not establish document identity, selection value, or release completeness.",,"George H.W. Bush Library, Bush Presidential Records, White House Office of Policy Development, Stephen P. Farrar Trade Files, OA/ID CF01120–050, [Uruguay Round]: Industrial Subsidies.",https://catalog.archives.gov/id/509548208,
509548209,CF01120-051,506211263,GB-POD-014,Stephen P. Farrar Trade Files,CF01120,[Uruguay Round]: Intellectual Property,9999-12-31,9999-12-31,Date not established,unknown,Finding aid supplies no file-unit date,Trade Policy and Market Access,Consider,Volume XXX review,Restricted - Possibly,Records may be closed under exemptions of the Presidential Records Act (PRA) and the Freedom of Information Act (FOIA). Withdrawal sheets in processed folders will indicate specific restrictions.,Unrestricted,not online,,,,,,,,0,,0,0,0,0,0,0,0,0,0,0,0,0,White House Office of Policy Development | Stephen P. Farrar Trade Files | Trade policy,"Finding-aid lead retained because of functional trade or international-economic series, foreign-economic title terms. Review the folder document by document; the title does not establish document identity, selection value, or release completeness.",,"George H.W. Bush Library, Bush Presidential Records, White House Office of Policy Development, Stephen P. Farrar Trade Files, OA/ID CF01120–051, [Uruguay Round]: Intellectual Property.",https://catalog.archives.gov/id/509548209,
509548210,CF01120-052,506211263,GB-POD-014,Stephen P. Farrar Trade Files,CF01120,[Uruguay Round]: U.S.-EC Bilateral Discussions,9999-12-31,9999-12-31,Date not established,unknown,Finding aid supplies no file-unit date,Trade Policy and Market Access,Consider,Volume XXX review,Restricted - Possibly,Records may be closed under exemptions of the Presidential Records Act (PRA) and the Freedom of Information Act (FOIA). Withdrawal sheets in processed folders will indicate specific restrictions.,Unrestricted,not online,,,,,,,,0,,0,0,0,0,0,0,0,0,0,0,0,0,White House Office of Policy Development | Stephen P. Farrar Trade Files | Trade policy,"Finding-aid lead retained because of functional trade or international-economic series, foreign-economic title terms. Review the folder document by document; the title does not establish document identity, selection value, or release completeness.",,"George H.W. Bush Library, Bush Presidential Records, White House Office of Policy Development, Stephen P. Farrar Trade Files, OA/ID CF01120–052, [Uruguay Round]: U.S.-EC Bilateral Discussions.",https://catalog.archives.gov/id/509548210,
509548213,CF01120-055,506211263,GB-POD-014,Stephen P. Farrar Trade Files,CF01120,[Uruguay Round]: Miscellaneous Trade Documents,9999-12-31,9999-12-31,Date not established,unknown,Finding aid supplies no file-unit date,Trade Policy and Market Access,Consider,Volume XXX review,Restricted - Possibly,Records may be closed under exemptions of the Presidential Records Act (PRA) and the Freedom of Information Act (FOIA). Withdrawal sheets in processed folders will indicate specific restrictions.,Unrestricted,not online,,,,,,,,0,,0,0,0,0,0,0,0,0,0,0,0,0,White House Office of Policy Development | Stephen P. Farrar Trade Files | Trade policy,"Finding-aid lead retained because of functional trade or international-economic series, foreign-economic title terms. Review the folder document by document; the title does not establish document identity, selection value, or release completeness.",,"George H.W. Bush Library, Bush Presidential Records, White House Office of Policy Development, Stephen P. Farrar Trade Files, OA/ID CF01120–055, [Uruguay Round]: Miscellaneous Trade Documents.",https://catalog.archives.gov/id/509548213,
509548214,CF01120-056,506211263,GB-POD-014,Stephen P. Farrar Trade Files,CF01120,[Uruguay Round]: Japan/Watanabe,9999-12-31,9999-12-31,Date not established,unknown,Finding aid supplies no file-unit date,Trade Policy and Market Access,Consider,Volume XXX review,Restricted - Possibly,Records may be closed under exemptions of the Presidential Records Act (PRA) and the Freedom of Information Act (FOIA). Withdrawal sheets in processed folders will indicate specific restrictions.,Unrestricted,not online,,,,,,,,0,,0,0,0,0,0,0,0,0,0,0,0,0,White House Office of Policy Development | Stephen P. Farrar Trade Files | Trade policy,"Finding-aid lead retained because of functional trade or international-economic series, foreign-economic title terms. Review the folder document by document; the title does not establish document identity, selection value, or release completeness.",,"George H.W. Bush Library, Bush Presidential Records, White House Office of Policy Development, Stephen P. Farrar Trade Files, OA/ID CF01120–056, [Uruguay Round]: Japan/Watanabe.",https://catalog.archives.gov/id/509548214,
509548215,CF01120-057,506211263,GB-POD-014,Stephen P. Farrar Trade Files,CF01120,[Uruguay Round]: Telecommunication Procurement,9999-12-31,9999-12-31,Date not established,unknown,Finding aid supplies no file-unit date,Trade Policy and Market Access,Consider,Volume XXX review,Restricted - Possibly,Records may be closed under exemptions of the Presidential Records Act (PRA) and the Freedom of Information Act (FOIA). Withdrawal sheets in processed folders will indicate specific restrictions.,Unrestricted,not online,,,,,,,,0,,0,0,0,0,0,0,0,0,0,0,0,0,White House Office of Policy Development | Stephen P. Farrar Trade Files | Trade policy,"Finding-aid lead retained because of functional trade or international-economic series, foreign-economic title terms. Review the folder document by document; the title does not establish document identity, selection value, or release completeness.",,"George H.W. Bush Library, Bush Presidential Records, White House Office of Policy Development, Stephen P. Farrar Trade Files, OA/ID CF01120–057, [Uruguay Round]: Telecommunication Procurement.",https://catalog.archives.gov/id/509548215,
509548216,CF01120-058,506211263,GB-POD-014,Stephen P. Farrar Trade Files,CF01120,[Uruguay Round]: Japan Economic Outlook and Situation,9999-12-31,9999-12-31,Date not established,unknown,Finding aid supplies no file-unit date,Trade Policy and Market Access,Consider,Volume XXX review,Restricted - Possibly,Records may be closed under exemptions of the Presidential Records Act (PRA) and the Freedom of Information Act (FOIA). Withdrawal sheets in processed folders will indicate specific restrictions.,Unrestricted,not online,,,,,,,,0,,0,0,0,0,0,0,0,0,0,0,0,0,White House Office of Policy Development | Stephen P. Farrar Trade Files | Trade policy,"Finding-aid lead retained because of functional trade or international-economic series, foreign-economic title terms. Review the folder document by document; the title does not establish document identity, selection value, or release completeness.",,"George H.W. Bush Library, Bush Presidential Records, White House Office of Policy Development, Stephen P. Farrar Trade Files, OA/ID CF01120–058, [Uruguay Round]: Japan Economic Outlook and Situation.",https://catalog.archives.gov/id/509548216,
509546804,07656-035,2600823,GB-POD-023,Teresa Gorman Subject Files,07656,[Global Warming Amendments],9999-12-31,9999-12-31,Date not established,unknown,Finding aid supplies no file-unit date,Economic Summits and Industrialized-Country Cooperation,Consider,Selective review,Restricted - Possibly,Records may be closed under exemptions of the Presidential Records Act (PRA) and the Freedom of Information Act (FOIA). Withdrawal sheets in processed folders will indicate specific restrictions.,Unrestricted,not online,,,,,,,,0,,0,0,0,0,0,0,0,0,0,0,0,0,White House Office of Policy Development | Teresa Gorman Subject Files | Global environment,"Finding-aid lead retained because of global climate or summit-environment title terms. Review the folder document by document; the title does not establish document identity, selection value, or release completeness.",,"George H.W. Bush Library, Bush Presidential Records, White House Office of Policy Development, Teresa Gorman Subject Files, OA/ID 07656–035, [Global Warming Amendments].",https://catalog.archives.gov/id/509546804,
509546836,07662-002,2600823,GB-POD-023,Teresa Gorman Subject Files,07662,"PCG Working Groups on Superfund, UNCED, and Wetlands",9999-12-31,9999-12-31,Date not established,unknown,Finding aid supplies no file-unit date,Economic Summits and Industrialized-Country Cooperation,Consider,Volume XXX review,Restricted - Possibly,Records may be closed under exemptions of the Presidential Records Act (PRA) and the Freedom of Information Act (FOIA). Withdrawal sheets in processed folders will indicate specific restrictions.,Unrestricted,not online,,,,,,,,0,,0,0,0,0,0,0,0,0,0,0,0,0,White House Office of Policy Development | Teresa Gorman Subject Files | Global environment,"Finding-aid lead retained because of foreign-economic title terms. Review the folder document by document; the title does not establish document identity, selection value, or release completeness.",,"George H.W. Bush Library, Bush Presidential Records, White House Office of Policy Development, Teresa Gorman Subject Files, OA/ID 07662–002, PCG Working Groups on Superfund, UNCED, and Wetlands.",https://catalog.archives.gov/id/509546836,
509546839,07662-020,2600823,GB-POD-023,Teresa Gorman Subject Files,07662,"PCG Working Groups on Superfund, UNCED, and Wetlands: Interior Department Report: The Impact of Federal Programs on Wetlands - Volume II",9999-12-31,9999-12-31,Date not established,unknown,Finding aid supplies no file-unit date,Economic Summits and Industrialized-Country Cooperation,Consider,Volume XXX review,Restricted - Possibly,Records may be closed under exemptions of the Presidential Records Act (PRA) and the Freedom of Information Act (FOIA). Withdrawal sheets in processed folders will indicate specific restrictions.,Unrestricted,not online,,,,,,,,0,,0,0,0,0,0,0,0,0,0,0,0,0,White House Office of Policy Development | Teresa Gorman Subject Files | Global environment,"Finding-aid lead retained because of foreign-economic title terms. Review the folder document by document; the title does not establish document identity, selection value, or release completeness.",,"George H.W. Bush Library, Bush Presidential Records, White House Office of Policy Development, Teresa Gorman Subject Files, OA/ID 07662–020, PCG Working Groups on Superfund, UNCED, and Wetlands: Interior Department Report: The Impact of Federal Programs on Wetlands - Volume II.",https://catalog.archives.gov/id/509546839,
509546840,07663-004,2600823,GB-POD-023,Teresa Gorman Subject Files,07663,Global Warming Numbers [1],9999-12-31,9999-12-31,Date not established,unknown,Finding aid supplies no file-unit date,Economic Summits and Industrialized-Country Cooperation,Consider,Selective review,Restricted - Possibly,Records may be closed under exemptions of the Presidential Records Act (PRA) and the Freedom of Information Act (FOIA). Withdrawal sheets in processed folders will indicate specific restrictions.,Unrestricted,not online,,,,,,,,0,,0,0,0,0,0,0,0,0,0,0,0,0,White House Office of Policy Development | Teresa Gorman Subject Files | Global environment,"Finding-aid lead retained because of global climate or summit-environment title terms. Review the folder document by document; the title does not establish document identity, selection value, or release completeness.",,"George H.W. Bush Library, Bush Presidential Records, White House Office of Policy Development, Teresa Gorman Subject Files, OA/ID 07663–004, Global Warming Numbers [1].",https://catalog.archives.gov/id/509546840,
509546841,07663-005,2600823,GB-POD-023,Teresa Gorman Subject Files,07663,Global Warming Numbers [2],9999-12-31,9999-12-31,Date not established,unknown,Finding aid supplies no file-unit date,Economic Summits and Industrialized-Country Cooperation,Consider,Selective review,Restricted - Possibly,Records may be closed under exemptions of the Presidential Records Act (PRA) and the Freedom of Information Act (FOIA). Withdrawal sheets in processed folders will indicate specific restrictions.,Unrestricted,not online,,,,,,,,0,,0,0,0,0,0,0,0,0,0,0,0,0,White House Office of Policy Development | Teresa Gorman Subject Files | Global environment,"Finding-aid lead retained because of global climate or summit-environment title terms. Review the folder document by document; the title does not establish document identity, selection value, or release completeness.",,"George H.W. Bush Library, Bush Presidential Records, White House Office of Policy Development, Teresa Gorman Subject Files, OA/ID 07663–005, Global Warming Numbers [2].",https://catalog.archives.gov/id/509546841,
509546842,07663-006,2600823,GB-POD-023,Teresa Gorman Subject Files,07663,Global Warming Numbers [3],9999-12-31,9999-12-31,Date not established,unknown,Finding aid supplies no file-unit date,Economic Summits and Industrialized-Country Cooperation,Consider,Selective review,Restricted - Possibly,Records may be closed under exemptions of the Presidential Records Act (PRA) and the Freedom of Information Act (FOIA). Withdrawal sheets in processed folders will indicate specific restrictions.,Unrestricted,not online,,,,,,,,0,,0,0,0,0,0,0,0,0,0,0,0,0,White House Office of Policy Development | Teresa Gorman Subject Files | Global environment,"Finding-aid lead retained because of global climate or summit-environment title terms. Review the folder document by document; the title does not establish document identity, selection value, or release completeness.",,"George H.W. Bush Library, Bush Presidential Records, White House Office of Policy Development, Teresa Gorman Subject Files, OA/ID 07663–006, Global Warming Numbers [3].",https://catalog.archives.gov/id/509546842,
509546843,07663-007,2600823,GB-POD-023,Teresa Gorman Subject Files,07663,Global Warming Numbers [4],9999-12-31,9999-12-31,Date not established,unknown,Finding aid supplies no file-unit date,Economic Summits and Industrialized-Country Cooperation,Consider,Selective review,Restricted - Possibly,Records may be closed under exemptions of the Presidential Records Act (PRA) and the Freedom of Information Act (FOIA). Withdrawal sheets in processed folders will indicate specific restrictions.,Unrestricted,not online,,,,,,,,0,,0,0,0,0,0,0,0,0,0,0,0,0,White House Office of Policy Development | Teresa Gorman Subject Files | Global environment,"Finding-aid lead retained because of global climate or summit-environment title terms. Review the folder document by document; the title does not establish document identity, selection value, or release completeness.",,"George H.W. Bush Library, Bush Presidential Records, White House Office of Policy Development, Teresa Gorman Subject Files, OA/ID 07663–007, Global Warming Numbers [4].",https://catalog.archives.gov/id/509546843,
509546844,07663-008,2600823,GB-POD-023,Teresa Gorman Subject Files,07663,Global Warming Numbers [5],9999-12-31,9999-12-31,Date not established,unknown,Finding aid supplies no file-unit date,Economic Summits and Industrialized-Country Cooperation,Consider,Selective review,Restricted - Possibly,Records may be closed under exemptions of the Presidential Records Act (PRA) and the Freedom of Information Act (FOIA). Withdrawal sheets in processed folders will indicate specific restrictions.,Unrestricted,not online,,,,,,,,0,,0,0,0,0,0,0,0,0,0,0,0,0,White House Office of Policy Development | Teresa Gorman Subject Files | Global environment,"Finding-aid lead retained because of global climate or summit-environment title terms. Review the folder document by document; the title does not establish document identity, selection value, or release completeness.",,"George H.W. Bush Library, Bush Presidential Records, White House Office of Policy Development, Teresa Gorman Subject Files, OA/ID 07663–008, Global Warming Numbers [5].",https://catalog.archives.gov/id/509546844,
509546853,07667-001,2600823,GB-POD-023,Teresa Gorman Subject Files,07667,Global Warming and UNCED [1],9999-12-31,9999-12-31,Date not established,unknown,Finding aid supplies no file-unit date,Economic Summits and Industrialized-Country Cooperation,Consider,Selective review,Restricted - Possibly,Records may be closed under exemptions of the Presidential Records Act (PRA) and the Freedom of Information Act (FOIA). Withdrawal sheets in processed folders will indicate specific restrictions.,Unrestricted,not online,,,,,,,,0,,0,0,0,0,0,0,0,0,0,0,0,0,White House Office of Policy Development | Teresa Gorman Subject Files | Global environment,"Finding-aid lead retained because of foreign-economic title terms, global climate or summit-environment title terms. Review the folder document by document; the title does not establish document identity, selection value, or release completeness.",,"George H.W. Bush Library, Bush Presidential Records, White House Office of Policy Development, Teresa Gorman Subject Files, OA/ID 07667–001, Global Warming and UNCED [1].",https://catalog.archives.gov/id/509546853,
509546854,07667-002,2600823,GB-POD-023,Teresa Gorman Subject Files,07667,Global Warming and UNCED [2],9999-12-31,9999-12-31,Date not established,unknown,Finding aid supplies no file-unit date,Economic Summits and Industrialized-Country Cooperation,Consider,Selective review,Restricted - Possibly,Records may be closed under exemptions of the Presidential Records Act (PRA) and the Freedom of Information Act (FOIA). Withdrawal sheets in processed folders will indicate specific restrictions.,Unrestricted,not online,,,,,,,,0,,0,0,0,0,0,0,0,0,0,0,0,0,White House Office of Policy Development | Teresa Gorman Subject Files | Global environment,"Finding-aid lead retained because of foreign-economic title terms, global climate or summit-environment title terms. Review the folder document by document; the title does not establish document identity, selection value, or release completeness.",,"George H.W. Bush Library, Bush Presidential Records, White House Office of Policy Development, Teresa Gorman Subject Files, OA/ID 07667–002, Global Warming and UNCED [2].",https://catalog.archives.gov/id/509546854,
509546855,07667-003,2600823,GB-POD-023,Teresa Gorman Subject Files,07667,Global Warming and UNCED [3],9999-12-31,9999-12-31,Date not established,unknown,Finding aid supplies no file-unit date,Economic Summits and Industrialized-Country Cooperation,Consider,Selective review,Restricted - Possibly,Records may be closed under exemptions of the Presidential Records Act (PRA) and the Freedom of Information Act (FOIA). Withdrawal sheets in processed folders will indicate specific restrictions.,Unrestricted,not online,,,,,,,,0,,0,0,0,0,0,0,0,0,0,0,0,0,White House Office of Policy Development | Teresa Gorman Subject Files | Global environment,"Finding-aid lead retained because of foreign-economic title terms, global climate or summit-environment title terms. Review the folder document by document; the title does not establish document identity, selection value, or release completeness.",,"George H.W. Bush Library, Bush Presidential Records, White House Office of Policy Development, Teresa Gorman Subject Files, OA/ID 07667–003, Global Warming and UNCED [3].",https://catalog.archives.gov/id/509546855,
509546856,07667-004,2600823,GB-POD-023,Teresa Gorman Subject Files,07667,Global Warming and UNCED [4],9999-12-31,9999-12-31,Date not established,unknown,Finding aid supplies no file-unit date,Economic Summits and Industrialized-Country Cooperation,Consider,Selective review,Restricted - Possibly,Records may be closed under exemptions of the Presidential Records Act (PRA) and the Freedom of Information Act (FOIA). Withdrawal sheets in processed folders will indicate specific restrictions.,Unrestricted,not online,,,,,,,,0,,0,0,0,0,0,0,0,0,0,0,0,0,White House Office of Policy Development | Teresa Gorman Subject Files | Global environment,"Finding-aid lead retained because of foreign-economic title terms, global climate or summit-environment title terms. Review the folder document by document; the title does not establish document identity, selection value, or release completeness.",,"George H.W. Bush Library, Bush Presidential Records, White House Office of Policy Development, Teresa Gorman Subject Files, OA/ID 07667–004, Global Warming and UNCED [4].",https://catalog.archives.gov/id/509546856,
509546857,07667-005,2600823,GB-POD-023,Teresa Gorman Subject Files,07667,Global Warming and UNCED [5],9999-12-31,9999-12-31,Date not established,unknown,Finding aid supplies no file-unit date,Economic Summits and Industrialized-Country Cooperation,Consider,Selective review,Restricted - Possibly,Records may be closed under exemptions of the Presidential Records Act (PRA) and the Freedom of Information Act (FOIA). Withdrawal sheets in processed folders will indicate specific restrictions.,Unrestricted,not online,,,,,,,,0,,0,0,0,0,0,0,0,0,0,0,0,0,White House Office of Policy Development | Teresa Gorman Subject Files | Global environment,"Finding-aid lead retained because of foreign-economic title terms, global climate or summit-environment title terms. Review the folder document by document; the title does not establish document identity, selection value, or release completeness.",,"George H.W. Bush Library, Bush Presidential Records, White House Office of Policy Development, Teresa Gorman Subject Files, OA/ID 07667–005, Global Warming and UNCED [5].",https://catalog.archives.gov/id/509546857,
509546858,07667-006,2600823,GB-POD-023,Teresa Gorman Subject Files,07667,Global Warming and UNCED [6],9999-12-31,9999-12-31,Date not established,unknown,Finding aid supplies no file-unit date,Economic Summits and Industrialized-Country Cooperation,Consider,Selective review,Restricted - Possibly,Records may be closed under exemptions of the Presidential Records Act (PRA) and the Freedom of Information Act (FOIA). Withdrawal sheets in processed folders will indicate specific restrictions.,Unrestricted,not online,,,,,,,,0,,0,0,0,0,0,0,0,0,0,0,0,0,White House Office of Policy Development | Teresa Gorman Subject Files | Global environment,"Finding-aid lead retained because of foreign-economic title terms, global climate or summit-environment title terms. Review the folder document by document; the title does not establish document identity, selection value, or release completeness.",,"George H.W. Bush Library, Bush Presidential Records, White House Office of Policy Development, Teresa Gorman Subject Files, OA/ID 07667–006, Global Warming and UNCED [6].",https://catalog.archives.gov/id/509546858,
509546859,07667-007,2600823,GB-POD-023,Teresa Gorman Subject Files,07667,Global Warming and UNCED [7],9999-12-31,9999-12-31,Date not established,unknown,Finding aid supplies no file-unit date,Economic Summits and Industrialized-Country Cooperation,Consider,Selective review,Restricted - Possibly,Records may be closed under exemptions of the Presidential Records Act (PRA) and the Freedom of Information Act (FOIA). Withdrawal sheets in processed folders will indicate specific restrictions.,Unrestricted,not online,,,,,,,,0,,0,0,0,0,0,0,0,0,0,0,0,0,White House Office of Policy Development | Teresa Gorman Subject Files | Global environment,"Finding-aid lead retained because of foreign-economic title terms, global climate or summit-environment title terms. Review the folder document by document; the title does not establish document identity, selection value, or release completeness.",,"George H.W. Bush Library, Bush Presidential Records, White House Office of Policy Development, Teresa Gorman Subject Files, OA/ID 07667–007, Global Warming and UNCED [7].",https://catalog.archives.gov/id/509546859,
509546860,07667-008,2600823,GB-POD-023,Teresa Gorman Subject Files,07667,Global Warming and UNCED [8],9999-12-31,9999-12-31,Date not established,unknown,Finding aid supplies no file-unit date,Economic Summits and Industrialized-Country Cooperation,Consider,Selective review,Restricted - Possibly,Records may be closed under exemptions of the Presidential Records Act (PRA) and the Freedom of Information Act (FOIA). Withdrawal sheets in processed folders will indicate specific restrictions.,Unrestricted,not online,,,,,,,,0,,0,0,0,0,0,0,0,0,0,0,0,0,White House Office of Policy Development | Teresa Gorman Subject Files | Global environment,"Finding-aid lead retained because of foreign-economic title terms, global climate or summit-environment title terms. Review the folder document by document; the title does not establish document identity, selection value, or release completeness.",,"George H.W. Bush Library, Bush Presidential Records, White House Office of Policy Development, Teresa Gorman Subject Files, OA/ID 07667–008, Global Warming and UNCED [8].",https://catalog.archives.gov/id/509546860,
509546861,07667-009,2600823,GB-POD-023,Teresa Gorman Subject Files,07667,Global Warming and UNCED [9],9999-12-31,9999-12-31,Date not established,unknown,Finding aid supplies no file-unit date,Economic Summits and Industrialized-Country Cooperation,Consider,Selective review,Restricted - Possibly,Records may be closed under exemptions of the Presidential Records Act (PRA) and the Freedom of Information Act (FOIA). Withdrawal sheets in processed folders will indicate specific restrictions.,Unrestricted,not online,,,,,,,,0,,0,0,0,0,0,0,0,0,0,0,0,0,White House Office of Policy Development | Teresa Gorman Subject Files | Global environment,"Finding-aid lead retained because of foreign-economic title terms, global climate or summit-environment title terms. Review the folder document by document; the title does not establish document identity, selection value, or release completeness.",,"George H.W. Bush Library, Bush Presidential Records, White House Office of Policy Development, Teresa Gorman Subject Files, OA/ID 07667–009, Global Warming and UNCED [9].",https://catalog.archives.gov/id/509546861,
509546862,07667-010,2600823,GB-POD-023,Teresa Gorman Subject Files,07667,Global Warming and UNCED [10],9999-12-31,9999-12-31,Date not established,unknown,Finding aid supplies no file-unit date,Economic Summits and Industrialized-Country Cooperation,Consider,Selective review,Restricted - Possibly,Records may be closed under exemptions of the Presidential Records Act (PRA) and the Freedom of Information Act (FOIA). Withdrawal sheets in processed folders will indicate specific restrictions.,Unrestricted,not online,,,,,,,,0,,0,0,0,0,0,0,0,0,0,0,0,0,White House Office of Policy Development | Teresa Gorman Subject Files | Global environment,"Finding-aid lead retained because of foreign-economic title terms, global climate or summit-environment title terms. Review the folder document by document; the title does not establish document identity, selection value, or release completeness.",,"George H.W. Bush Library, Bush Presidential Records, White House Office of Policy Development, Teresa Gorman Subject Files, OA/ID 07667–010, Global Warming and UNCED [10].",https://catalog.archives.gov/id/509546862,
509546863,07667-011,2600823,GB-POD-023,Teresa Gorman Subject Files,07667,Global Warming and UNCED [11],9999-12-31,9999-12-31,Date not established,unknown,Finding aid supplies no file-unit date,Economic Summits and Industrialized-Country Cooperation,Consider,Selective review,Restricted - Possibly,Records may be closed under exemptions of the Presidential Records Act (PRA) and the Freedom of Information Act (FOIA). Withdrawal sheets in processed folders will indicate specific restrictions.,Unrestricted,not online,,,,,,,,0,,0,0,0,0,0,0,0,0,0,0,0,0,White House Office of Policy Development | Teresa Gorman Subject Files | Global environment,"Finding-aid lead retained because of foreign-economic title terms, global climate or summit-environment title terms. Review the folder document by document; the title does not establish document identity, selection value, or release completeness.",,"George H.W. Bush Library, Bush Presidential Records, White House Office of Policy Development, Teresa Gorman Subject Files, OA/ID 07667–011, Global Warming and UNCED [11].",https://catalog.archives.gov/id/509546863,
509546864,07667-012,2600823,GB-POD-023,Teresa Gorman Subject Files,07667,Global Warming and UNCED [12],9999-12-31,9999-12-31,Date not established,unknown,Finding aid supplies no file-unit date,Economic Summits and Industrialized-Country Cooperation,Consider,Selective review,Restricted - Possibly,Records may be closed under exemptions of the Presidential Records Act (PRA) and the Freedom of Information Act (FOIA). Withdrawal sheets in processed folders will indicate specific restrictions.,Unrestricted,not online,,,,,,,,0,,0,0,0,0,0,0,0,0,0,0,0,0,White House Office of Policy Development | Teresa Gorman Subject Files | Global environment,"Finding-aid lead retained because of foreign-economic title terms, global climate or summit-environment title terms. Review the folder document by document; the title does not establish document identity, selection value, or release completeness.",,"George H.W. Bush Library, Bush Presidential Records, White House Office of Policy Development, Teresa Gorman Subject Files, OA/ID 07667–012, Global Warming and UNCED [12].",https://catalog.archives.gov/id/509546864,
509546865,07667-013,2600823,GB-POD-023,Teresa Gorman Subject Files,07667,Global Warming and UNCED [13],9999-12-31,9999-12-31,Date not established,unknown,Finding aid supplies no file-unit date,Economic Summits and Industrialized-Country Cooperation,Consider,Selective review,Restricted - Possibly,Records may be closed under exemptions of the Presidential Records Act (PRA) and the Freedom of Information Act (FOIA). Withdrawal sheets in processed folders will indicate specific restrictions.,Unrestricted,not online,,,,,,,,0,,0,0,0,0,0,0,0,0,0,0,0,0,White House Office of Policy Development | Teresa Gorman Subject Files | Global environment,"Finding-aid lead retained because of foreign-economic title terms, global climate or summit-environment title terms. Review the folder document by document; the title does not establish document identity, selection value, or release completeness.",,"George H.W. Bush Library, Bush Presidential Records, White House Office of Policy Development, Teresa Gorman Subject Files, OA/ID 07667–013, Global Warming and UNCED [13].",https://catalog.archives.gov/id/509546865,
509546866,07667-014,2600823,GB-POD-023,Teresa Gorman Subject Files,07667,Global Warming and UNCED [14],9999-12-31,9999-12-31,Date not established,unknown,Finding aid supplies no file-unit date,Economic Summits and Industrialized-Country Cooperation,Consider,Selective review,Restricted - Possibly,Records may be closed under exemptions of the Presidential Records Act (PRA) and the Freedom of Information Act (FOIA). Withdrawal sheets in processed folders will indicate specific restrictions.,Unrestricted,not online,,,,,,,,0,,0,0,0,0,0,0,0,0,0,0,0,0,White House Office of Policy Development | Teresa Gorman Subject Files | Global environment,"Finding-aid lead retained because of foreign-economic title terms, global climate or summit-environment title terms. Review the folder document by document; the title does not establish document identity, selection value, or release completeness.",,"George H.W. Bush Library, Bush Presidential Records, White House Office of Policy Development, Teresa Gorman Subject Files, OA/ID 07667–014, Global Warming and UNCED [14].",https://catalog.archives.gov/id/509546866,
509546867,07667-015,2600823,GB-POD-023,Teresa Gorman Subject Files,07667,Global Warming and UNCED [15],9999-12-31,9999-12-31,Date not established,unknown,Finding aid supplies no file-unit date,Economic Summits and Industrialized-Country Cooperation,Consider,Selective review,Restricted - Possibly,Records may be closed under exemptions of the Presidential Records Act (PRA) and the Freedom of Information Act (FOIA). Withdrawal sheets in processed folders will indicate specific restrictions.,Unrestricted,not online,,,,,,,,0,,0,0,0,0,0,0,0,0,0,0,0,0,White House Office of Policy Development | Teresa Gorman Subject Files | Global environment,"Finding-aid lead retained because of foreign-economic title terms, global climate or summit-environment title terms. Review the folder document by document; the title does not establish document identity, selection value, or release completeness.",,"George H.W. Bush Library, Bush Presidential Records, White House Office of Policy Development, Teresa Gorman Subject Files, OA/ID 07667–015, Global Warming and UNCED [15].",https://catalog.archives.gov/id/509546867,
509546868,07667-016,2600823,GB-POD-023,Teresa Gorman Subject Files,07667,Global Warming and UNCED [16],9999-12-31,9999-12-31,Date not established,unknown,Finding aid supplies no file-unit date,Economic Summits and Industrialized-Country Cooperation,Consider,Selective review,Restricted - Possibly,Records may be closed under exemptions of the Presidential Records Act (PRA) and the Freedom of Information Act (FOIA). Withdrawal sheets in processed folders will indicate specific restrictions.,Unrestricted,not online,,,,,,,,0,,0,0,0,0,0,0,0,0,0,0,0,0,White House Office of Policy Development | Teresa Gorman Subject Files | Global environment,"Finding-aid lead retained because of foreign-economic title terms, global climate or summit-environment title terms. Review the folder document by document; the title does not establish document identity, selection value, or release completeness.",,"George H.W. Bush Library, Bush Presidential Records, White House Office of Policy Development, Teresa Gorman Subject Files, OA/ID 07667–016, Global Warming and UNCED [16].",https://catalog.archives.gov/id/509546868,
509546869,07667-017,2600823,GB-POD-023,Teresa Gorman Subject Files,07667,Global Warming and UNCED [17],9999-12-31,9999-12-31,Date not established,unknown,Finding aid supplies no file-unit date,Economic Summits and Industrialized-Country Cooperation,Consider,Selective review,Restricted - Possibly,Records may be closed under exemptions of the Presidential Records Act (PRA) and the Freedom of Information Act (FOIA). Withdrawal sheets in processed folders will indicate specific restrictions.,Unrestricted,not online,,,,,,,,0,,0,0,0,0,0,0,0,0,0,0,0,0,White House Office of Policy Development | Teresa Gorman Subject Files | Global environment,"Finding-aid lead retained because of foreign-economic title terms, global climate or summit-environment title terms. Review the folder document by document; the title does not establish document identity, selection value, or release completeness.",,"George H.W. Bush Library, Bush Presidential Records, White House Office of Policy Development, Teresa Gorman Subject Files, OA/ID 07667–017, Global Warming and UNCED [17].",https://catalog.archives.gov/id/509546869,
509546870,07668-002,2600823,GB-POD-023,Teresa Gorman Subject Files,07668,Global Warming [1],9999-12-31,9999-12-31,Date not established,unknown,Finding aid supplies no file-unit date,Economic Summits and Industrialized-Country Cooperation,Consider,Selective review,Restricted - Possibly,Records may be closed under exemptions of the Presidential Records Act (PRA) and the Freedom of Information Act (FOIA). Withdrawal sheets in processed folders will indicate specific restrictions.,Unrestricted,not online,,,,,,,,0,,0,0,0,0,0,0,0,0,0,0,0,0,White House Office of Policy Development | Teresa Gorman Subject Files | Global environment,"Finding-aid lead retained because of global climate or summit-environment title terms. Review the folder document by document; the title does not establish document identity, selection value, or release completeness.",,"George H.W. Bush Library, Bush Presidential Records, White House Office of Policy Development, Teresa Gorman Subject Files, OA/ID 07668–002, Global Warming [1].",https://catalog.archives.gov/id/509546870,
509546871,07668-003,2600823,GB-POD-023,Teresa Gorman Subject Files,07668,Global Warming [2],9999-12-31,9999-12-31,Date not established,unknown,Finding aid supplies no file-unit date,Economic Summits and Industrialized-Country Cooperation,Consider,Selective review,Restricted - Possibly,Records may be closed under exemptions of the Presidential Records Act (PRA) and the Freedom of Information Act (FOIA). Withdrawal sheets in processed folders will indicate specific restrictions.,Unrestricted,not online,,,,,,,,0,,0,0,0,0,0,0,0,0,0,0,0,0,White House Office of Policy Development | Teresa Gorman Subject Files | Global environment,"Finding-aid lead retained because of global climate or summit-environment title terms. Review the folder document by document; the title does not establish document identity, selection value, or release completeness.",,"George H.W. Bush Library, Bush Presidential Records, White House Office of Policy Development, Teresa Gorman Subject Files, OA/ID 07668–003, Global Warming [2].",https://catalog.archives.gov/id/509546871,
509546872,07668-004,2600823,GB-POD-023,Teresa Gorman Subject Files,07668,Global Warming [3],9999-12-31,9999-12-31,Date not established,unknown,Finding aid supplies no file-unit date,Economic Summits and Industrialized-Country Cooperation,Consider,Selective review,Restricted - Possibly,Records may be closed under exemptions of the Presidential Records Act (PRA) and the Freedom of Information Act (FOIA). Withdrawal sheets in processed folders will indicate specific restrictions.,Unrestricted,not online,,,,,,,,0,,0,0,0,0,0,0,0,0,0,0,0,0,White House Office of Policy Development | Teresa Gorman Subject Files | Global environment,"Finding-aid lead retained because of global climate or summit-environment title terms. Review the folder document by document; the title does not establish document identity, selection value, or release completeness.",,"George H.W. Bush Library, Bush Presidential Records, White House Office of Policy Development, Teresa Gorman Subject Files, OA/ID 07668–004, Global Warming [3].",https://catalog.archives.gov/id/509546872,
509546873,07668-005,2600823,GB-POD-023,Teresa Gorman Subject Files,07668,Global Warming [4],9999-12-31,9999-12-31,Date not established,unknown,Finding aid supplies no file-unit date,Economic Summits and Industrialized-Country Cooperation,Consider,Selective review,Restricted - Possibly,Records may be closed under exemptions of the Presidential Records Act (PRA) and the Freedom of Information Act (FOIA). Withdrawal sheets in processed folders will indicate specific restrictions.,Unrestricted,not online,,,,,,,,0,,0,0,0,0,0,0,0,0,0,0,0,0,White House Office of Policy Development | Teresa Gorman Subject Files | Global environment,"Finding-aid lead retained because of global climate or summit-environment title terms. Review the folder document by document; the title does not establish document identity, selection value, or release completeness.",,"George H.W. Bush Library, Bush Presidential Records, White House Office of Policy Development, Teresa Gorman Subject Files, OA/ID 07668–005, Global Warming [4].",https://catalog.archives.gov/id/509546873,
509546895,07676-001,2600823,GB-POD-023,Teresa Gorman Subject Files,07676,Global Warming Papers [1],9999-12-31,9999-12-31,Date not established,unknown,Finding aid supplies no file-unit date,Economic Summits and Industrialized-Country Cooperation,Consider,Selective review,Restricted - Possibly,Records may be closed under exemptions of the Presidential Records Act (PRA) and the Freedom of Information Act (FOIA). Withdrawal sheets in processed folders will indicate specific restrictions.,Unrestricted,not online,,,,,,,,0,,0,0,0,0,0,0,0,0,0,0,0,0,White House Office of Policy Development | Teresa Gorman Subject Files | Global environment,"Finding-aid lead retained because of global climate or summit-environment title terms. Review the folder document by document; the title does not establish document identity, selection value, or release completeness.",,"George H.W. Bush Library, Bush Presidential Records, White House Office of Policy Development, Teresa Gorman Subject Files, OA/ID 07676–001, Global Warming Papers [1].",https://catalog.archives.gov/id/509546895,
509546896,07676-002,2600823,GB-POD-023,Teresa Gorman Subject Files,07676,Global Warming Papers [2],9999-12-31,9999-12-31,Date not established,unknown,Finding aid supplies no file-unit date,Economic Summits and Industrialized-Country Cooperation,Consider,Selective review,Restricted - Possibly,Records may be closed under exemptions of the Presidential Records Act (PRA) and the Freedom of Information Act (FOIA). Withdrawal sheets in processed folders will indicate specific restrictions.,Unrestricted,not online,,,,,,,,0,,0,0,0,0,0,0,0,0,0,0,0,0,White House Office of Policy Development | Teresa Gorman Subject Files | Global environment,"Finding-aid lead retained because of global climate or summit-environment title terms. Review the folder document by document; the title does not establish document identity, selection value, or release completeness.",,"George H.W. Bush Library, Bush Presidential Records, White House Office of Policy Development, Teresa Gorman Subject Files, OA/ID 07676–002, Global Warming Papers [2].",https://catalog.archives.gov/id/509546896,
509546900,07676-006,2600823,GB-POD-023,Teresa Gorman Subject Files,07676,Global Warming: Global Warming,9999-12-31,9999-12-31,Date not established,unknown,Finding aid supplies no file-unit date,Economic Summits and Industrialized-Country Cooperation,Consider,Selective review,Restricted - Possibly,Records may be closed under exemptions of the Presidential Records Act (PRA) and the Freedom of Information Act (FOIA). Withdrawal sheets in processed folders will indicate specific restrictions.,Unrestricted,not online,,,,,,,,0,,0,0,0,0,0,0,0,0,0,0,0,0,White House Office of Policy Development | Teresa Gorman Subject Files | Global environment,"Finding-aid lead retained because of global climate or summit-environment title terms. Review the folder document by document; the title does not establish document identity, selection value, or release completeness.",,"George H.W. Bush Library, Bush Presidential Records, White House Office of Policy Development, Teresa Gorman Subject Files, OA/ID 07676–006, Global Warming: Global Warming.",https://catalog.archives.gov/id/509546900,
509546119,06873-001,2580259,GB-POD-001,Tim Adam Subject Files,06873,Japan: Japan Antitrust,9999-12-31,9999-12-31,Date not established,unknown,Finding aid supplies no file-unit date,Trade Policy and Market Access,Consider,Volume XXX review,Restricted - Possibly,Records may be closed under exemptions of the Presidential Records Act (PRA) and the Freedom of Information Act (FOIA). Withdrawal sheets in processed folders will indicate specific restrictions.,Unrestricted,not online,,,,,,,,0,,0,0,0,0,0,0,0,0,0,0,0,0,White House Office of Policy Development | Tim Adam Subject Files,"Finding-aid lead retained because of foreign-economic title terms, country file in a policy staff series. Review the folder document by document; the title does not establish document identity, selection value, or release completeness.",,"George H.W. Bush Library, Bush Presidential Records, White House Office of Policy Development, Tim Adam Subject Files, OA/ID 06873–001, Japan: Japan Antitrust.",https://catalog.archives.gov/id/509546119,
509546120,06873-002,2580259,GB-POD-001,Tim Adam Subject Files,06873,Japan,9999-12-31,9999-12-31,Date not established,unknown,Finding aid supplies no file-unit date,Trade Policy and Market Access,Consider,Volume XXX review,Restricted - Possibly,Records may be closed under exemptions of the Presidential Records Act (PRA) and the Freedom of Information Act (FOIA). Withdrawal sheets in processed folders will indicate specific restrictions.,Unrestricted,not online,,,,,,,,0,,0,0,0,0,0,0,0,0,0,0,0,0,White House Office of Policy Development | Tim Adam Subject Files,"Finding-aid lead retained because of country file in a policy staff series. Review the folder document by document; the title does not establish document identity, selection value, or release completeness.",,"George H.W. Bush Library, Bush Presidential Records, White House Office of Policy Development, Tim Adam Subject Files, OA/ID 06873–002, Japan.",https://catalog.archives.gov/id/509546120,
509546127,06875-006,2580259,GB-POD-001,Tim Adam Subject Files,06875,Trade Policy: BMW Auto Plant in South Carolina,9999-12-31,9999-12-31,Date not established,unknown,Finding aid supplies no file-unit date,Trade Policy and Market Access,Core,Volume XXX review,Restricted - Possibly,Records may be closed under exemptions of the Presidential Records Act (PRA) and the Freedom of Information Act (FOIA). Withdrawal sheets in processed folders will indicate specific restrictions.,Unrestricted,not online,,,,,,,,0,,0,0,0,0,0,0,0,0,0,0,0,0,White House Office of Policy Development | Tim Adam Subject Files | Trade policy,"Finding-aid lead retained because of foreign-economic title terms. Review the folder document by document; the title does not establish document identity, selection value, or release completeness.",,"George H.W. Bush Library, Bush Presidential Records, White House Office of Policy Development, Tim Adam Subject Files, OA/ID 06875–006, Trade Policy: BMW Auto Plant in South Carolina.",https://catalog.archives.gov/id/509546127,
509546128,06875-009,2580259,GB-POD-001,Tim Adam Subject Files,06875,Trade Policy: Foreign Direct Investment,9999-12-31,9999-12-31,Date not established,unknown,Finding aid supplies no file-unit date,Trade Policy and Market Access,Core,Volume XXX review,Restricted - Possibly,Records may be closed under exemptions of the Presidential Records Act (PRA) and the Freedom of Information Act (FOIA). Withdrawal sheets in processed folders will indicate specific restrictions.,Unrestricted,not online,,,,,,,,0,,0,0,0,0,0,0,0,0,0,0,0,0,White House Office of Policy Development | Tim Adam Subject Files | Trade policy,"Finding-aid lead retained because of foreign-economic title terms. Review the folder document by document; the title does not establish document identity, selection value, or release completeness.",,"George H.W. Bush Library, Bush Presidential Records, White House Office of Policy Development, Tim Adam Subject Files, OA/ID 06875–009, Trade Policy: Foreign Direct Investment.",https://catalog.archives.gov/id/509546128,
509546134,06877-013,2580259,GB-POD-001,Tim Adam Subject Files,06877,Capital Gains: Japan & Germany,9999-12-31,9999-12-31,Date not established,unknown,Finding aid supplies no file-unit date,Trade Policy and Market Access,Consider,Volume XXX review,Restricted - Possibly,Records may be closed under exemptions of the Presidential Records Act (PRA) and the Freedom of Information Act (FOIA). Withdrawal sheets in processed folders will indicate specific restrictions.,Unrestricted,not online,,,,,,,,0,,0,0,0,0,0,0,0,0,0,0,0,0,White House Office of Policy Development | Tim Adam Subject Files,"Finding-aid lead retained because of foreign-economic title terms, country file in a policy staff series. Review the folder document by document; the title does not establish document identity, selection value, or release completeness.",,"George H.W. Bush Library, Bush Presidential Records, White House Office of Policy Development, Tim Adam Subject Files, OA/ID 06877–013, Capital Gains: Japan & Germany.",https://catalog.archives.gov/id/509546134,
509546692,07424-004,2600783,GB-POD-005,Todd Buchholz' Subject Files,07424,North America Free Trade Agreement [1],9999-12-31,9999-12-31,Date not established,unknown,Finding aid supplies no file-unit date,Trade Policy and Market Access,Boundary,Boundary review,Restricted - Possibly,Records may be closed under exemptions of the Presidential Records Act (PRA) and the Freedom of Information Act (FOIA). Withdrawal sheets in processed folders will indicate specific restrictions.,Unrestricted,not online,,,,,,,,0,,0,0,0,0,0,0,0,0,0,0,0,0,White House Office of Policy Development | Todd Buchholz' Subject Files | Trade policy,"Finding-aid lead retained because of foreign-economic title terms. Review the folder document by document; the title does not establish document identity, selection value, or release completeness.",,"George H.W. Bush Library, Bush Presidential Records, White House Office of Policy Development, Todd Buchholz' Subject Files, OA/ID 07424–004, North America Free Trade Agreement [1].",https://catalog.archives.gov/id/509546692,
509546693,07424-005,2600783,GB-POD-005,Todd Buchholz' Subject Files,07424,North America Free Trade Agreement [2],9999-12-31,9999-12-31,Date not established,unknown,Finding aid supplies no file-unit date,Trade Policy and Market Access,Boundary,Boundary review,Restricted - Possibly,Records may be closed under exemptions of the Presidential Records Act (PRA) and the Freedom of Information Act (FOIA). Withdrawal sheets in processed folders will indicate specific restrictions.,Unrestricted,not online,,,,,,,,0,,0,0,0,0,0,0,0,0,0,0,0,0,White House Office of Policy Development | Todd Buchholz' Subject Files | Trade policy,"Finding-aid lead retained because of foreign-economic title terms. Review the folder document by document; the title does not establish document identity, selection value, or release completeness.",,"George H.W. Bush Library, Bush Presidential Records, White House Office of Policy Development, Todd Buchholz' Subject Files, OA/ID 07424–005, North America Free Trade Agreement [2].",https://catalog.archives.gov/id/509546693,
509546694,07424-006,2600783,GB-POD-005,Todd Buchholz' Subject Files,07424,North America Free Trade Agreement [3],9999-12-31,9999-12-31,Date not established,unknown,Finding aid supplies no file-unit date,Trade Policy and Market Access,Boundary,Boundary review,Restricted - Possibly,Records may be closed under exemptions of the Presidential Records Act (PRA) and the Freedom of Information Act (FOIA). Withdrawal sheets in processed folders will indicate specific restrictions.,Unrestricted,not online,,,,,,,,0,,0,0,0,0,0,0,0,0,0,0,0,0,White House Office of Policy Development | Todd Buchholz' Subject Files | Trade policy,"Finding-aid lead retained because of foreign-economic title terms. Review the folder document by document; the title does not establish document identity, selection value, or release completeness.",,"George H.W. Bush Library, Bush Presidential Records, White House Office of Policy Development, Todd Buchholz' Subject Files, OA/ID 07424–006, North America Free Trade Agreement [3].",https://catalog.archives.gov/id/509546694,
509546695,07424-007,2600783,GB-POD-005,Todd Buchholz' Subject Files,07424,North America Free Trade Agreement [4],9999-12-31,9999-12-31,Date not established,unknown,Finding aid supplies no file-unit date,Trade Policy and Market Access,Boundary,Boundary review,Restricted - Possibly,Records may be closed under exemptions of the Presidential Records Act (PRA) and the Freedom of Information Act (FOIA). Withdrawal sheets in processed folders will indicate specific restrictions.,Unrestricted,not online,,,,,,,,0,,0,0,0,0,0,0,0,0,0,0,0,0,White House Office of Policy Development | Todd Buchholz' Subject Files | Trade policy,"Finding-aid lead retained because of foreign-economic title terms. Review the folder document by document; the title does not establish document identity, selection value, or release completeness.",,"George H.W. Bush Library, Bush Presidential Records, White House Office of Policy Development, Todd Buchholz' Subject Files, OA/ID 07424–007, North America Free Trade Agreement [4].",https://catalog.archives.gov/id/509546695,
509546711,07426-016,2600783,GB-POD-005,Todd Buchholz' Subject Files,07426,National Energy Strategy - Technology Transfer [1],9999-12-31,9999-12-31,Date not established,unknown,Finding aid supplies no file-unit date,"Strategic Trade, Technology, and Investment Controls",Consider,Volume XXX review,Restricted - Possibly,Records may be closed under exemptions of the Presidential Records Act (PRA) and the Freedom of Information Act (FOIA). Withdrawal sheets in processed folders will indicate specific restrictions.,Unrestricted,not online,,,,,,,,0,,0,0,0,0,0,0,0,0,0,0,0,0,White House Office of Policy Development | Todd Buchholz' Subject Files | Export controls,"Finding-aid lead retained because of foreign-economic title terms. Review the folder document by document; the title does not establish document identity, selection value, or release completeness.",,"George H.W. Bush Library, Bush Presidential Records, White House Office of Policy Development, Todd Buchholz' Subject Files, OA/ID 07426–016, National Energy Strategy - Technology Transfer [1].",https://catalog.archives.gov/id/509546711,
509546712,07426-017,2600783,GB-POD-005,Todd Buchholz' Subject Files,07426,National Energy Strategy - Technology Transfer [2],9999-12-31,9999-12-31,Date not established,unknown,Finding aid supplies no file-unit date,"Strategic Trade, Technology, and Investment Controls",Consider,Volume XXX review,Restricted - Possibly,Records may be closed under exemptions of the Presidential Records Act (PRA) and the Freedom of Information Act (FOIA). Withdrawal sheets in processed folders will indicate specific restrictions.,Unrestricted,not online,,,,,,,,0,,0,0,0,0,0,0,0,0,0,0,0,0,White House Office of Policy Development | Todd Buchholz' Subject Files | Export controls,"Finding-aid lead retained because of foreign-economic title terms. Review the folder document by document; the title does not establish document identity, selection value, or release completeness.",,"George H.W. Bush Library, Bush Presidential Records, White House Office of Policy Development, Todd Buchholz' Subject Files, OA/ID 07426–017, National Energy Strategy - Technology Transfer [2].",https://catalog.archives.gov/id/509546712,
509546713,07426-018,2600783,GB-POD-005,Todd Buchholz' Subject Files,07426,National Energy Strategy - Technology Transfer [3],9999-12-31,9999-12-31,Date not established,unknown,Finding aid supplies no file-unit date,"Strategic Trade, Technology, and Investment Controls",Consider,Volume XXX review,Restricted - Possibly,Records may be closed under exemptions of the Presidential Records Act (PRA) and the Freedom of Information Act (FOIA). Withdrawal sheets in processed folders will indicate specific restrictions.,Unrestricted,not online,,,,,,,,0,,0,0,0,0,0,0,0,0,0,0,0,0,White House Office of Policy Development | Todd Buchholz' Subject Files | Export controls,"Finding-aid lead retained because of foreign-economic title terms. Review the folder document by document; the title does not establish document identity, selection value, or release completeness.",,"George H.W. Bush Library, Bush Presidential Records, White House Office of Policy Development, Todd Buchholz' Subject Files, OA/ID 07426–018, National Energy Strategy - Technology Transfer [3].",https://catalog.archives.gov/id/509546713,
509546641,07403-003,2600865,GB-POD-032,Warren Maruyama Subject Files,07403,[Australia],9999-12-31,9999-12-31,Date not established,unknown,Finding aid supplies no file-unit date,Trade Policy and Market Access,Consider,Volume XXX review,Restricted - Possibly,Records may be closed under exemptions of the Presidential Records Act (PRA) and the Freedom of Information Act (FOIA). Withdrawal sheets in processed folders will indicate specific restrictions.,Unrestricted,not online,,,,,,,,0,,0,0,0,0,0,0,0,0,0,0,0,0,White House Office of Policy Development | Warren Maruyama Subject Files,"Finding-aid lead retained because of functional trade or international-economic series. Review the folder document by document; the title does not establish document identity, selection value, or release completeness.",,"George H.W. Bush Library, Bush Presidential Records, White House Office of Policy Development, Warren Maruyama Subject Files, OA/ID 07403–003, [Australia].",https://catalog.archives.gov/id/509546641,
509546642,07403-004,2600865,GB-POD-032,Warren Maruyama Subject Files,07403,[Brazil],9999-12-31,9999-12-31,Date not established,unknown,Finding aid supplies no file-unit date,Trade Policy and Market Access,Consider,Volume XXX review,Restricted - Possibly,Records may be closed under exemptions of the Presidential Records Act (PRA) and the Freedom of Information Act (FOIA). Withdrawal sheets in processed folders will indicate specific restrictions.,Unrestricted,not online,,,,,,,,0,,0,0,0,0,0,0,0,0,0,0,0,0,White House Office of Policy Development | Warren Maruyama Subject Files,"Finding-aid lead retained because of functional trade or international-economic series. Review the folder document by document; the title does not establish document identity, selection value, or release completeness.",,"George H.W. Bush Library, Bush Presidential Records, White House Office of Policy Development, Warren Maruyama Subject Files, OA/ID 07403–004, [Brazil].",https://catalog.archives.gov/id/509546642,
509546643,07403-006,2600865,GB-POD-032,Warren Maruyama Subject Files,07403,[Caribbean Basin],9999-12-31,9999-12-31,Date not established,unknown,Finding aid supplies no file-unit date,Trade Policy and Market Access,Consider,Volume XXX review,Restricted - Possibly,Records may be closed under exemptions of the Presidential Records Act (PRA) and the Freedom of Information Act (FOIA). Withdrawal sheets in processed folders will indicate specific restrictions.,Unrestricted,not online,,,,,,,,0,,0,0,0,0,0,0,0,0,0,0,0,0,White House Office of Policy Development | Warren Maruyama Subject Files,"Finding-aid lead retained because of functional trade or international-economic series. Review the folder document by document; the title does not establish document identity, selection value, or release completeness.",,"George H.W. Bush Library, Bush Presidential Records, White House Office of Policy Development, Warren Maruyama Subject Files, OA/ID 07403–006, [Caribbean Basin].",https://catalog.archives.gov/id/509546643,
509546644,07403-007,2600865,GB-POD-032,Warren Maruyama Subject Files,07403,[Chile],9999-12-31,9999-12-31,Date not established,unknown,Finding aid supplies no file-unit date,Trade Policy and Market Access,Consider,Volume XXX review,Restricted - Possibly,Records may be closed under exemptions of the Presidential Records Act (PRA) and the Freedom of Information Act (FOIA). Withdrawal sheets in processed folders will indicate specific restrictions.,Unrestricted,not online,,,,,,,,0,,0,0,0,0,0,0,0,0,0,0,0,0,White House Office of Policy Development | Warren Maruyama Subject Files,"Finding-aid lead retained because of functional trade or international-economic series. Review the folder document by document; the title does not establish document identity, selection value, or release completeness.",,"George H.W. Bush Library, Bush Presidential Records, White House Office of Policy Development, Warren Maruyama Subject Files, OA/ID 07403–007, [Chile].",https://catalog.archives.gov/id/509546644,
509546645,07403-008,2600865,GB-POD-032,Warren Maruyama Subject Files,07403,"[China, P.R.]",9999-12-31,9999-12-31,Date not established,unknown,Finding aid supplies no file-unit date,Trade Policy and Market Access,Consider,Volume XXX review,Restricted - Possibly,Records may be closed under exemptions of the Presidential Records Act (PRA) and the Freedom of Information Act (FOIA). Withdrawal sheets in processed folders will indicate specific restrictions.,Unrestricted,not online,,,,,,,,0,,0,0,0,0,0,0,0,0,0,0,0,0,White House Office of Policy Development | Warren Maruyama Subject Files,"Finding-aid lead retained because of functional trade or international-economic series. Review the folder document by document; the title does not establish document identity, selection value, or release completeness.",,"George H.W. Bush Library, Bush Presidential Records, White House Office of Policy Development, Warren Maruyama Subject Files, OA/ID 07403–008, [China, P.R.].",https://catalog.archives.gov/id/509546645,
509546646,07403-010,2600865,GB-POD-032,Warren Maruyama Subject Files,07403,[Cuba],9999-12-31,9999-12-31,Date not established,unknown,Finding aid supplies no file-unit date,Trade Policy and Market Access,Consider,Volume XXX review,Restricted - Possibly,Records may be closed under exemptions of the Presidential Records Act (PRA) and the Freedom of Information Act (FOIA). Withdrawal sheets in processed folders will indicate specific restrictions.,Unrestricted,not online,,,,,,,,0,,0,0,0,0,0,0,0,0,0,0,0,0,White House Office of Policy Development | Warren Maruyama Subject Files,"Finding-aid lead retained because of functional trade or international-economic series. Review the folder document by document; the title does not establish document identity, selection value, or release completeness.",,"George H.W. Bush Library, Bush Presidential Records, White House Office of Policy Development, Warren Maruyama Subject Files, OA/ID 07403–010, [Cuba].",https://catalog.archives.gov/id/509546646,
509546647,07403-013,2600865,GB-POD-032,Warren Maruyama Subject Files,07403,[European Community],9999-12-31,9999-12-31,Date not established,unknown,Finding aid supplies no file-unit date,Trade Policy and Market Access,Consider,Volume XXX review,Restricted - Possibly,Records may be closed under exemptions of the Presidential Records Act (PRA) and the Freedom of Information Act (FOIA). Withdrawal sheets in processed folders will indicate specific restrictions.,Unrestricted,not online,,,,,,,,0,,0,0,0,0,0,0,0,0,0,0,0,0,White House Office of Policy Development | Warren Maruyama Subject Files,"Finding-aid lead retained because of functional trade or international-economic series, foreign-economic title terms. Review the folder document by document; the title does not establish document identity, selection value, or release completeness.",,"George H.W. Bush Library, Bush Presidential Records, White House Office of Policy Development, Warren Maruyama Subject Files, OA/ID 07403–013, [European Community].",https://catalog.archives.gov/id/509546647,
509546648,07403-014,2600865,GB-POD-032,Warren Maruyama Subject Files,07403,[European Community - Airbus],9999-12-31,9999-12-31,Date not established,unknown,Finding aid supplies no file-unit date,Trade Policy and Market Access,Consider,Volume XXX review,Restricted - Possibly,Records may be closed under exemptions of the Presidential Records Act (PRA) and the Freedom of Information Act (FOIA). Withdrawal sheets in processed folders will indicate specific restrictions.,Unrestricted,not online,,,,,,,,0,,0,0,0,0,0,0,0,0,0,0,0,0,White House Office of Policy Development | Warren Maruyama Subject Files,"Finding-aid lead retained because of functional trade or international-economic series, foreign-economic title terms. Review the folder document by document; the title does not establish document identity, selection value, or release completeness.",,"George H.W. Bush Library, Bush Presidential Records, White House Office of Policy Development, Warren Maruyama Subject Files, OA/ID 07403–014, [European Community - Airbus].",https://catalog.archives.gov/id/509546648,
509546649,07403-015,2600865,GB-POD-032,Warren Maruyama Subject Files,07403,Japan [1],9999-12-31,9999-12-31,Date not established,unknown,Finding aid supplies no file-unit date,Trade Policy and Market Access,Consider,Volume XXX review,Restricted - Possibly,Records may be closed under exemptions of the Presidential Records Act (PRA) and the Freedom of Information Act (FOIA). Withdrawal sheets in processed folders will indicate specific restrictions.,Unrestricted,not online,,,,,,,,0,,0,0,0,0,0,0,0,0,0,0,0,0,White House Office of Policy Development | Warren Maruyama Subject Files,"Finding-aid lead retained because of functional trade or international-economic series. Review the folder document by document; the title does not establish document identity, selection value, or release completeness.",,"George H.W. Bush Library, Bush Presidential Records, White House Office of Policy Development, Warren Maruyama Subject Files, OA/ID 07403–015, Japan [1].",https://catalog.archives.gov/id/509546649,
509546650,07403-016,2600865,GB-POD-032,Warren Maruyama Subject Files,07403,Japan [2],9999-12-31,9999-12-31,Date not established,unknown,Finding aid supplies no file-unit date,Trade Policy and Market Access,Consider,Volume XXX review,Restricted - Possibly,Records may be closed under exemptions of the Presidential Records Act (PRA) and the Freedom of Information Act (FOIA). Withdrawal sheets in processed folders will indicate specific restrictions.,Unrestricted,not online,,,,,,,,0,,0,0,0,0,0,0,0,0,0,0,0,0,White House Office of Policy Development | Warren Maruyama Subject Files,"Finding-aid lead retained because of functional trade or international-economic series. Review the folder document by document; the title does not establish document identity, selection value, or release completeness.",,"George H.W. Bush Library, Bush Presidential Records, White House Office of Policy Development, Warren Maruyama Subject Files, OA/ID 07403–016, Japan [2].",https://catalog.archives.gov/id/509546650,
509546651,07403-017,2600865,GB-POD-032,Warren Maruyama Subject Files,07403,[Japan - U.S. Trade Policy Towards],9999-12-31,9999-12-31,Date not established,unknown,Finding aid supplies no file-unit date,Trade Policy and Market Access,Core,Volume XXX review,Restricted - Possibly,Records may be closed under exemptions of the Presidential Records Act (PRA) and the Freedom of Information Act (FOIA). Withdrawal sheets in processed folders will indicate specific restrictions.,Unrestricted,not online,,,,,,,,0,,0,0,0,0,0,0,0,0,0,0,0,0,White House Office of Policy Development | Warren Maruyama Subject Files | Trade policy,"Finding-aid lead retained because of functional trade or international-economic series, foreign-economic title terms. Review the folder document by document; the title does not establish document identity, selection value, or release completeness.",,"George H.W. Bush Library, Bush Presidential Records, White House Office of Policy Development, Warren Maruyama Subject Files, OA/ID 07403–017, [Japan - U.S. Trade Policy Towards].",https://catalog.archives.gov/id/509546651,
509546652,07403-018,2600865,GB-POD-032,Warren Maruyama Subject Files,07403,[Japan - NAM],9999-12-31,9999-12-31,Date not established,unknown,Finding aid supplies no file-unit date,Trade Policy and Market Access,Consider,Volume XXX review,Restricted - Possibly,Records may be closed under exemptions of the Presidential Records Act (PRA) and the Freedom of Information Act (FOIA). Withdrawal sheets in processed folders will indicate specific restrictions.,Unrestricted,not online,,,,,,,,0,,0,0,0,0,0,0,0,0,0,0,0,0,White House Office of Policy Development | Warren Maruyama Subject Files,"Finding-aid lead retained because of functional trade or international-economic series. Review the folder document by document; the title does not establish document identity, selection value, or release completeness.",,"George H.W. Bush Library, Bush Presidential Records, White House Office of Policy Development, Warren Maruyama Subject Files, OA/ID 07403–018, [Japan - NAM].",https://catalog.archives.gov/id/509546652,
509546653,07403-019,2600865,GB-POD-032,Warren Maruyama Subject Files,07403,[Japan - Trade Barriers],9999-12-31,9999-12-31,Date not established,unknown,Finding aid supplies no file-unit date,Trade Policy and Market Access,Consider,Volume XXX review,Restricted - Possibly,Records may be closed under exemptions of the Presidential Records Act (PRA) and the Freedom of Information Act (FOIA). Withdrawal sheets in processed folders will indicate specific restrictions.,Unrestricted,not online,,,,,,,,0,,0,0,0,0,0,0,0,0,0,0,0,0,White House Office of Policy Development | Warren Maruyama Subject Files | Trade policy,"Finding-aid lead retained because of functional trade or international-economic series, foreign-economic title terms. Review the folder document by document; the title does not establish document identity, selection value, or release completeness.",,"George H.W. Bush Library, Bush Presidential Records, White House Office of Policy Development, Warren Maruyama Subject Files, OA/ID 07403–019, [Japan - Trade Barriers].",https://catalog.archives.gov/id/509546653,
509546654,07403-020,2600865,GB-POD-032,Warren Maruyama Subject Files,07403,[Korea] [1],9999-12-31,9999-12-31,Date not established,unknown,Finding aid supplies no file-unit date,Trade Policy and Market Access,Consider,Volume XXX review,Restricted - Possibly,Records may be closed under exemptions of the Presidential Records Act (PRA) and the Freedom of Information Act (FOIA). Withdrawal sheets in processed folders will indicate specific restrictions.,Unrestricted,not online,,,,,,,,0,,0,0,0,0,0,0,0,0,0,0,0,0,White House Office of Policy Development | Warren Maruyama Subject Files,"Finding-aid lead retained because of functional trade or international-economic series. Review the folder document by document; the title does not establish document identity, selection value, or release completeness.",,"George H.W. Bush Library, Bush Presidential Records, White House Office of Policy Development, Warren Maruyama Subject Files, OA/ID 07403–020, [Korea] [1].",https://catalog.archives.gov/id/509546654,
509546655,07403-021,2600865,GB-POD-032,Warren Maruyama Subject Files,07403,[Korea] [2],9999-12-31,9999-12-31,Date not established,unknown,Finding aid supplies no file-unit date,Trade Policy and Market Access,Consider,Volume XXX review,Restricted - Possibly,Records may be closed under exemptions of the Presidential Records Act (PRA) and the Freedom of Information Act (FOIA). Withdrawal sheets in processed folders will indicate specific restrictions.,Unrestricted,not online,,,,,,,,0,,0,0,0,0,0,0,0,0,0,0,0,0,White House Office of Policy Development | Warren Maruyama Subject Files,"Finding-aid lead retained because of functional trade or international-economic series. Review the folder document by document; the title does not establish document identity, selection value, or release completeness.",,"George H.W. Bush Library, Bush Presidential Records, White House Office of Policy Development, Warren Maruyama Subject Files, OA/ID 07403–021, [Korea] [2].",https://catalog.archives.gov/id/509546655,
509546656,07403-026,2600865,GB-POD-032,Warren Maruyama Subject Files,07403,[Hungary],9999-12-31,9999-12-31,Date not established,unknown,Finding aid supplies no file-unit date,Transition Economies and International Economic Strategy,Consider,Volume XXX review,Restricted - Possibly,Records may be closed under exemptions of the Presidential Records Act (PRA) and the Freedom of Information Act (FOIA). Withdrawal sheets in processed folders will indicate specific restrictions.,Unrestricted,not online,,,,,,,,0,,0,0,0,0,0,0,0,0,0,0,0,0,White House Office of Policy Development | Warren Maruyama Subject Files | Transition economies,"Finding-aid lead retained because of functional trade or international-economic series. Review the folder document by document; the title does not establish document identity, selection value, or release completeness.",,"George H.W. Bush Library, Bush Presidential Records, White House Office of Policy Development, Warren Maruyama Subject Files, OA/ID 07403–026, [Hungary].",https://catalog.archives.gov/id/509546656,
509546657,07404-004,2600865,GB-POD-032,Warren Maruyama Subject Files,07404,[North American Free Trade] [1],9999-12-31,9999-12-31,Date not established,unknown,Finding aid supplies no file-unit date,Trade Policy and Market Access,Boundary,Boundary review,Restricted - Possibly,Records may be closed under exemptions of the Presidential Records Act (PRA) and the Freedom of Information Act (FOIA). Withdrawal sheets in processed folders will indicate specific restrictions.,Unrestricted,not online,,,,,,,,0,,0,0,0,0,0,0,0,0,0,0,0,0,White House Office of Policy Development | Warren Maruyama Subject Files | Trade policy | NAFTA boundary,"Finding-aid lead retained because of functional trade or international-economic series, foreign-economic title terms. Review the folder document by document; the title does not establish document identity, selection value, or release completeness.",,"George H.W. Bush Library, Bush Presidential Records, White House Office of Policy Development, Warren Maruyama Subject Files, OA/ID 07404–004, [North American Free Trade] [1].",https://catalog.archives.gov/id/509546657,
509546658,07404-005,2600865,GB-POD-032,Warren Maruyama Subject Files,07404,[North American Free Trade] [2],9999-12-31,9999-12-31,Date not established,unknown,Finding aid supplies no file-unit date,Trade Policy and Market Access,Boundary,Boundary review,Restricted - Possibly,Records may be closed under exemptions of the Presidential Records Act (PRA) and the Freedom of Information Act (FOIA). Withdrawal sheets in processed folders will indicate specific restrictions.,Unrestricted,not online,,,,,,,,0,,0,0,0,0,0,0,0,0,0,0,0,0,White House Office of Policy Development | Warren Maruyama Subject Files | Trade policy | NAFTA boundary,"Finding-aid lead retained because of functional trade or international-economic series, foreign-economic title terms. Review the folder document by document; the title does not establish document identity, selection value, or release completeness.",,"George H.W. Bush Library, Bush Presidential Records, White House Office of Policy Development, Warren Maruyama Subject Files, OA/ID 07404–005, [North American Free Trade] [2].",https://catalog.archives.gov/id/509546658,
509546659,07404-006,2600865,GB-POD-032,Warren Maruyama Subject Files,07404,[North American Free Trade] [3],9999-12-31,9999-12-31,Date not established,unknown,Finding aid supplies no file-unit date,Trade Policy and Market Access,Boundary,Boundary review,Restricted - Possibly,Records may be closed under exemptions of the Presidential Records Act (PRA) and the Freedom of Information Act (FOIA). Withdrawal sheets in processed folders will indicate specific restrictions.,Unrestricted,not online,,,,,,,,0,,0,0,0,0,0,0,0,0,0,0,0,0,White House Office of Policy Development | Warren Maruyama Subject Files | Trade policy | NAFTA boundary,"Finding-aid lead retained because of functional trade or international-economic series, foreign-economic title terms. Review the folder document by document; the title does not establish document identity, selection value, or release completeness.",,"George H.W. Bush Library, Bush Presidential Records, White House Office of Policy Development, Warren Maruyama Subject Files, OA/ID 07404–006, [North American Free Trade] [3].",https://catalog.archives.gov/id/509546659,
509546660,07405-002,2600865,GB-POD-032,Warren Maruyama Subject Files,07405,NAFTA - Effects on Agriculture,9999-12-31,9999-12-31,Date not established,unknown,Finding aid supplies no file-unit date,Trade Policy and Market Access,Boundary,Boundary review,Restricted - Possibly,Records may be closed under exemptions of the Presidential Records Act (PRA) and the Freedom of Information Act (FOIA). Withdrawal sheets in processed folders will indicate specific restrictions.,Unrestricted,not online,,,,,,,,0,,0,0,0,0,0,0,0,0,0,0,0,0,White House Office of Policy Development | Warren Maruyama Subject Files | NAFTA boundary,"Finding-aid lead retained because of functional trade or international-economic series. Review the folder document by document; the title does not establish document identity, selection value, or release completeness.",,"George H.W. Bush Library, Bush Presidential Records, White House Office of Policy Development, Warren Maruyama Subject Files, OA/ID 07405–002, NAFTA - Effects on Agriculture.",https://catalog.archives.gov/id/509546660,
509546662,07405-006,2600865,GB-POD-032,Warren Maruyama Subject Files,07405,NAFTA Benefits - State Source Book [1],9999-12-31,9999-12-31,Date not established,unknown,Finding aid supplies no file-unit date,Trade Policy and Market Access,Boundary,Boundary review,Restricted - Possibly,Records may be closed under exemptions of the Presidential Records Act (PRA) and the Freedom of Information Act (FOIA). Withdrawal sheets in processed folders will indicate specific restrictions.,Unrestricted,not online,,,,,,,,0,,0,0,0,0,0,0,0,0,0,0,0,0,White House Office of Policy Development | Warren Maruyama Subject Files | NAFTA boundary,"Finding-aid lead retained because of functional trade or international-economic series. Review the folder document by document; the title does not establish document identity, selection value, or release completeness.",,"George H.W. Bush Library, Bush Presidential Records, White House Office of Policy Development, Warren Maruyama Subject Files, OA/ID 07405–006, NAFTA Benefits - State Source Book [1].",https://catalog.archives.gov/id/509546662,
509546663,07405-007,2600865,GB-POD-032,Warren Maruyama Subject Files,07405,NAFTA Benefits - State Source Book [2],9999-12-31,9999-12-31,Date not established,unknown,Finding aid supplies no file-unit date,Trade Policy and Market Access,Boundary,Boundary review,Restricted - Possibly,Records may be closed under exemptions of the Presidential Records Act (PRA) and the Freedom of Information Act (FOIA). Withdrawal sheets in processed folders will indicate specific restrictions.,Unrestricted,not online,,,,,,,,0,,0,0,0,0,0,0,0,0,0,0,0,0,White House Office of Policy Development | Warren Maruyama Subject Files | NAFTA boundary,"Finding-aid lead retained because of functional trade or international-economic series. Review the folder document by document; the title does not establish document identity, selection value, or release completeness.",,"George H.W. Bush Library, Bush Presidential Records, White House Office of Policy Development, Warren Maruyama Subject Files, OA/ID 07405–007, NAFTA Benefits - State Source Book [2].",https://catalog.archives.gov/id/509546663,
509546664,07405-008,2600865,GB-POD-032,Warren Maruyama Subject Files,07405,NAFTA Benefits - State Source Book [3],9999-12-31,9999-12-31,Date not established,unknown,Finding aid supplies no file-unit date,Trade Policy and Market Access,Boundary,Boundary review,Restricted - Possibly,Records may be closed under exemptions of the Presidential Records Act (PRA) and the Freedom of Information Act (FOIA). Withdrawal sheets in processed folders will indicate specific restrictions.,Unrestricted,not online,,,,,,,,0,,0,0,0,0,0,0,0,0,0,0,0,0,White House Office of Policy Development | Warren Maruyama Subject Files | NAFTA boundary,"Finding-aid lead retained because of functional trade or international-economic series. Review the folder document by document; the title does not establish document identity, selection value, or release completeness.",,"George H.W. Bush Library, Bush Presidential Records, White House Office of Policy Development, Warren Maruyama Subject Files, OA/ID 07405–008, NAFTA Benefits - State Source Book [3].",https://catalog.archives.gov/id/509546664,
509546665,07406-005,2600865,GB-POD-032,Warren Maruyama Subject Files,07406,Commercial Space,9999-12-31,9999-12-31,Date not established,unknown,Finding aid supplies no file-unit date,Trade Policy and Market Access,Consider,Volume XXX review,Restricted - Possibly,Records may be closed under exemptions of the Presidential Records Act (PRA) and the Freedom of Information Act (FOIA). Withdrawal sheets in processed folders will indicate specific restrictions.,Unrestricted,not online,,,,,,,,0,,0,0,0,0,0,0,0,0,0,0,0,0,White House Office of Policy Development | Warren Maruyama Subject Files,"Finding-aid lead retained because of functional trade or international-economic series. Review the folder document by document; the title does not establish document identity, selection value, or release completeness.",,"George H.W. Bush Library, Bush Presidential Records, White House Office of Policy Development, Warren Maruyama Subject Files, OA/ID 07406–005, Commercial Space.",https://catalog.archives.gov/id/509546665,
509546666,07406-015,2600865,GB-POD-032,Warren Maruyama Subject Files,07406,European Energy Charter,9999-12-31,9999-12-31,Date not established,unknown,Finding aid supplies no file-unit date,Trade Policy and Market Access,Consider,Volume XXX review,Restricted - Possibly,Records may be closed under exemptions of the Presidential Records Act (PRA) and the Freedom of Information Act (FOIA). Withdrawal sheets in processed folders will indicate specific restrictions.,Unrestricted,not online,,,,,,,,0,,0,0,0,0,0,0,0,0,0,0,0,0,White House Office of Policy Development | Warren Maruyama Subject Files,"Finding-aid lead retained because of functional trade or international-economic series, foreign-economic title terms. Review the folder document by document; the title does not establish document identity, selection value, or release completeness.",,"George H.W. Bush Library, Bush Presidential Records, White House Office of Policy Development, Warren Maruyama Subject Files, OA/ID 07406–015, European Energy Charter.",https://catalog.archives.gov/id/509546666,
509546667,07406-017,2600865,GB-POD-032,Warren Maruyama Subject Files,07406,General Electric Engines / United Kingdom,9999-12-31,9999-12-31,Date not established,unknown,Finding aid supplies no file-unit date,Trade Policy and Market Access,Consider,Volume XXX review,Restricted - Possibly,Records may be closed under exemptions of the Presidential Records Act (PRA) and the Freedom of Information Act (FOIA). Withdrawal sheets in processed folders will indicate specific restrictions.,Unrestricted,not online,,,,,,,,0,,0,0,0,0,0,0,0,0,0,0,0,0,White House Office of Policy Development | Warren Maruyama Subject Files,"Finding-aid lead retained because of functional trade or international-economic series. Review the folder document by document; the title does not establish document identity, selection value, or release completeness.",,"George H.W. Bush Library, Bush Presidential Records, White House Office of Policy Development, Warren Maruyama Subject Files, OA/ID 07406–017, General Electric Engines / United Kingdom.",https://catalog.archives.gov/id/509546667,
509546668,07406-018,2600865,GB-POD-032,Warren Maruyama Subject Files,07406,Japan Trade,9999-12-31,9999-12-31,Date not established,unknown,Finding aid supplies no file-unit date,Trade Policy and Market Access,Consider,Volume XXX review,Restricted - Possibly,Records may be closed under exemptions of the Presidential Records Act (PRA) and the Freedom of Information Act (FOIA). Withdrawal sheets in processed folders will indicate specific restrictions.,Unrestricted,not online,,,,,,,,0,,0,0,0,0,0,0,0,0,0,0,0,0,White House Office of Policy Development | Warren Maruyama Subject Files | Trade policy,"Finding-aid lead retained because of functional trade or international-economic series, foreign-economic title terms. Review the folder document by document; the title does not establish document identity, selection value, or release completeness.",,"George H.W. Bush Library, Bush Presidential Records, White House Office of Policy Development, Warren Maruyama Subject Files, OA/ID 07406–018, Japan Trade.",https://catalog.archives.gov/id/509546668,
509546669,07406-019,2600865,GB-POD-032,Warren Maruyama Subject Files,07406,Technology,9999-12-31,9999-12-31,Date not established,unknown,Finding aid supplies no file-unit date,Trade Policy and Market Access,Consider,Volume XXX review,Restricted - Possibly,Records may be closed under exemptions of the Presidential Records Act (PRA) and the Freedom of Information Act (FOIA). Withdrawal sheets in processed folders will indicate specific restrictions.,Unrestricted,not online,,,,,,,,0,,0,0,0,0,0,0,0,0,0,0,0,0,White House Office of Policy Development | Warren Maruyama Subject Files,"Finding-aid lead retained because of functional trade or international-economic series. Review the folder document by document; the title does not establish document identity, selection value, or release completeness.",,"George H.W. Bush Library, Bush Presidential Records, White House Office of Policy Development, Warren Maruyama Subject Files, OA/ID 07406–019, Technology.",https://catalog.archives.gov/id/509546669,
509546670,07407-002,2600865,GB-POD-032,Warren Maruyama Subject Files,07407,NAFTA: Fact Sheet - White House Clearance,9999-12-31,9999-12-31,Date not established,unknown,Finding aid supplies no file-unit date,Trade Policy and Market Access,Boundary,Boundary review,Restricted - Possibly,Records may be closed under exemptions of the Presidential Records Act (PRA) and the Freedom of Information Act (FOIA). Withdrawal sheets in processed folders will indicate specific restrictions.,Unrestricted,not online,,,,,,,,0,,0,0,0,0,0,0,0,0,0,0,0,0,White House Office of Policy Development | Warren Maruyama Subject Files | NAFTA boundary,"Finding-aid lead retained because of functional trade or international-economic series. Review the folder document by document; the title does not establish document identity, selection value, or release completeness.",,"George H.W. Bush Library, Bush Presidential Records, White House Office of Policy Development, Warren Maruyama Subject Files, OA/ID 07407–002, NAFTA: Fact Sheet - White House Clearance.",https://catalog.archives.gov/id/509546670,
509546671,07407-003,2600865,GB-POD-032,Warren Maruyama Subject Files,07407,NAFTA: POTUS Statement - White House Clearance,9999-12-31,9999-12-31,Date not established,unknown,Finding aid supplies no file-unit date,Trade Policy and Market Access,Boundary,Boundary review,Restricted - Possibly,Records may be closed under exemptions of the Presidential Records Act (PRA) and the Freedom of Information Act (FOIA). Withdrawal sheets in processed folders will indicate specific restrictions.,Unrestricted,not online,,,,,,,,0,,0,0,0,0,0,0,0,0,0,0,0,0,White House Office of Policy Development | Warren Maruyama Subject Files | NAFTA boundary,"Finding-aid lead retained because of functional trade or international-economic series. Review the folder document by document; the title does not establish document identity, selection value, or release completeness.",,"George H.W. Bush Library, Bush Presidential Records, White House Office of Policy Development, Warren Maruyama Subject Files, OA/ID 07407–003, NAFTA: POTUS Statement - White House Clearance.",https://catalog.archives.gov/id/509546671,
509546672,07407-004,2600865,GB-POD-032,Warren Maruyama Subject Files,07407,NAFTA Notification - White House Clearance,9999-12-31,9999-12-31,Date not established,unknown,Finding aid supplies no file-unit date,Trade Policy and Market Access,Boundary,Boundary review,Restricted - Possibly,Records may be closed under exemptions of the Presidential Records Act (PRA) and the Freedom of Information Act (FOIA). Withdrawal sheets in processed folders will indicate specific restrictions.,Unrestricted,not online,,,,,,,,0,,0,0,0,0,0,0,0,0,0,0,0,0,White House Office of Policy Development | Warren Maruyama Subject Files | NAFTA boundary,"Finding-aid lead retained because of functional trade or international-economic series. Review the folder document by document; the title does not establish document identity, selection value, or release completeness.",,"George H.W. Bush Library, Bush Presidential Records, White House Office of Policy Development, Warren Maruyama Subject Files, OA/ID 07407–004, NAFTA Notification - White House Clearance.",https://catalog.archives.gov/id/509546672,
509546673,07407-005,2600865,GB-POD-032,Warren Maruyama Subject Files,07407,NAFTA: San Antonio Initialing Ceremony,9999-12-31,9999-12-31,Date not established,unknown,Finding aid supplies no file-unit date,Trade Policy and Market Access,Boundary,Boundary review,Restricted - Possibly,Records may be closed under exemptions of the Presidential Records Act (PRA) and the Freedom of Information Act (FOIA). Withdrawal sheets in processed folders will indicate specific restrictions.,Unrestricted,not online,,,,,,,,0,,0,0,0,0,0,0,0,0,0,0,0,0,White House Office of Policy Development | Warren Maruyama Subject Files | NAFTA boundary,"Finding-aid lead retained because of functional trade or international-economic series. Review the folder document by document; the title does not establish document identity, selection value, or release completeness.",,"George H.W. Bush Library, Bush Presidential Records, White House Office of Policy Development, Warren Maruyama Subject Files, OA/ID 07407–005, NAFTA: San Antonio Initialing Ceremony.",https://catalog.archives.gov/id/509546673,
509546674,07407-006,2600865,GB-POD-032,Warren Maruyama Subject Files,07407,NAFTA: Miscellaneous [1],9999-12-31,9999-12-31,Date not established,unknown,Finding aid supplies no file-unit date,Trade Policy and Market Access,Boundary,Boundary review,Restricted - Possibly,Records may be closed under exemptions of the Presidential Records Act (PRA) and the Freedom of Information Act (FOIA). Withdrawal sheets in processed folders will indicate specific restrictions.,Unrestricted,not online,,,,,,,,0,,0,0,0,0,0,0,0,0,0,0,0,0,White House Office of Policy Development | Warren Maruyama Subject Files | NAFTA boundary,"Finding-aid lead retained because of functional trade or international-economic series. Review the folder document by document; the title does not establish document identity, selection value, or release completeness.",,"George H.W. Bush Library, Bush Presidential Records, White House Office of Policy Development, Warren Maruyama Subject Files, OA/ID 07407–006, NAFTA: Miscellaneous [1].",https://catalog.archives.gov/id/509546674,
509546675,07407-007,2600865,GB-POD-032,Warren Maruyama Subject Files,07407,NAFTA: Miscellaneous [2],9999-12-31,9999-12-31,Date not established,unknown,Finding aid supplies no file-unit date,Trade Policy and Market Access,Boundary,Boundary review,Restricted - Possibly,Records may be closed under exemptions of the Presidential Records Act (PRA) and the Freedom of Information Act (FOIA). Withdrawal sheets in processed folders will indicate specific restrictions.,Unrestricted,not online,,,,,,,,0,,0,0,0,0,0,0,0,0,0,0,0,0,White House Office of Policy Development | Warren Maruyama Subject Files | NAFTA boundary,"Finding-aid lead retained because of functional trade or international-economic series. Review the folder document by document; the title does not establish document identity, selection value, or release completeness.",,"George H.W. Bush Library, Bush Presidential Records, White House Office of Policy Development, Warren Maruyama Subject Files, OA/ID 07407–007, NAFTA: Miscellaneous [2].",https://catalog.archives.gov/id/509546675,
509546676,07407-008,2600865,GB-POD-032,Warren Maruyama Subject Files,07407,NAFTA: La Raza,9999-12-31,9999-12-31,Date not established,unknown,Finding aid supplies no file-unit date,Trade Policy and Market Access,Boundary,Boundary review,Restricted - Possibly,Records may be closed under exemptions of the Presidential Records Act (PRA) and the Freedom of Information Act (FOIA). Withdrawal sheets in processed folders will indicate specific restrictions.,Unrestricted,not online,,,,,,,,0,,0,0,0,0,0,0,0,0,0,0,0,0,White House Office of Policy Development | Warren Maruyama Subject Files | NAFTA boundary,"Finding-aid lead retained because of functional trade or international-economic series. Review the folder document by document; the title does not establish document identity, selection value, or release completeness.",,"George H.W. Bush Library, Bush Presidential Records, White House Office of Policy Development, Warren Maruyama Subject Files, OA/ID 07407–008, NAFTA: La Raza.",https://catalog.archives.gov/id/509546676,
509546677,07407-015,2600865,GB-POD-032,Warren Maruyama Subject Files,07407,"Caribbean (Coffee, Sugar, CBI Renewal)",9999-12-31,9999-12-31,Date not established,unknown,Finding aid supplies no file-unit date,Trade Policy and Market Access,Consider,Volume XXX review,Restricted - Possibly,Records may be closed under exemptions of the Presidential Records Act (PRA) and the Freedom of Information Act (FOIA). Withdrawal sheets in processed folders will indicate specific restrictions.,Unrestricted,not online,,,,,,,,0,,0,0,0,0,0,0,0,0,0,0,0,0,White House Office of Policy Development | Warren Maruyama Subject Files,"Finding-aid lead retained because of functional trade or international-economic series. Review the folder document by document; the title does not establish document identity, selection value, or release completeness.",,"George H.W. Bush Library, Bush Presidential Records, White House Office of Policy Development, Warren Maruyama Subject Files, OA/ID 07407–015, Caribbean (Coffee, Sugar, CBI Renewal).",https://catalog.archives.gov/id/509546677,
509546678,07408-001,2600865,GB-POD-032,Warren Maruyama Subject Files,07408,Super 301 - Decision Documents,9999-12-31,9999-12-31,Date not established,unknown,Finding aid supplies no file-unit date,Trade Policy and Market Access,Core,Volume XXX review,Restricted - Possibly,Records may be closed under exemptions of the Presidential Records Act (PRA) and the Freedom of Information Act (FOIA). Withdrawal sheets in processed folders will indicate specific restrictions.,Unrestricted,not online,,,,,,,,0,,0,0,0,0,0,0,0,0,0,0,0,0,White House Office of Policy Development | Warren Maruyama Subject Files,"Finding-aid lead retained because of functional trade or international-economic series, foreign-economic title terms. Review the folder document by document; the title does not establish document identity, selection value, or release completeness.",,"George H.W. Bush Library, Bush Presidential Records, White House Office of Policy Development, Warren Maruyama Subject Files, OA/ID 07408–001, Super 301 - Decision Documents.",https://catalog.archives.gov/id/509546678,
509546679,07408-002,2600865,GB-POD-032,Warren Maruyama Subject Files,07408,Super 301 [1],9999-12-31,9999-12-31,Date not established,unknown,Finding aid supplies no file-unit date,Trade Policy and Market Access,Consider,Volume XXX review,Restricted - Possibly,Records may be closed under exemptions of the Presidential Records Act (PRA) and the Freedom of Information Act (FOIA). Withdrawal sheets in processed folders will indicate specific restrictions.,Unrestricted,not online,,,,,,,,0,,0,0,0,0,0,0,0,0,0,0,0,0,White House Office of Policy Development | Warren Maruyama Subject Files,"Finding-aid lead retained because of functional trade or international-economic series, foreign-economic title terms. Review the folder document by document; the title does not establish document identity, selection value, or release completeness.",,"George H.W. Bush Library, Bush Presidential Records, White House Office of Policy Development, Warren Maruyama Subject Files, OA/ID 07408–002, Super 301 [1].",https://catalog.archives.gov/id/509546679,
509546680,07408-003,2600865,GB-POD-032,Warren Maruyama Subject Files,07408,Super 301 [2],9999-12-31,9999-12-31,Date not established,unknown,Finding aid supplies no file-unit date,Trade Policy and Market Access,Consider,Volume XXX review,Restricted - Possibly,Records may be closed under exemptions of the Presidential Records Act (PRA) and the Freedom of Information Act (FOIA). Withdrawal sheets in processed folders will indicate specific restrictions.,Unrestricted,not online,,,,,,,,0,,0,0,0,0,0,0,0,0,0,0,0,0,White House Office of Policy Development | Warren Maruyama Subject Files,"Finding-aid lead retained because of functional trade or international-economic series, foreign-economic title terms. Review the folder document by document; the title does not establish document identity, selection value, or release completeness.",,"George H.W. Bush Library, Bush Presidential Records, White House Office of Policy Development, Warren Maruyama Subject Files, OA/ID 07408–003, Super 301 [2].",https://catalog.archives.gov/id/509546680,
509546681,07408-004,2600865,GB-POD-032,Warren Maruyama Subject Files,07408,Super 301 [3],9999-12-31,9999-12-31,Date not established,unknown,Finding aid supplies no file-unit date,Trade Policy and Market Access,Consider,Volume XXX review,Restricted - Possibly,Records may be closed under exemptions of the Presidential Records Act (PRA) and the Freedom of Information Act (FOIA). Withdrawal sheets in processed folders will indicate specific restrictions.,Unrestricted,not online,,,,,,,,0,,0,0,0,0,0,0,0,0,0,0,0,0,White House Office of Policy Development | Warren Maruyama Subject Files,"Finding-aid lead retained because of functional trade or international-economic series, foreign-economic title terms. Review the folder document by document; the title does not establish document identity, selection value, or release completeness.",,"George H.W. Bush Library, Bush Presidential Records, White House Office of Policy Development, Warren Maruyama Subject Files, OA/ID 07408–004, Super 301 [3].",https://catalog.archives.gov/id/509546681,
509546682,07408-007,2600865,GB-POD-032,Warren Maruyama Subject Files,07408,Telecommunications Policy [1],9999-12-31,9999-12-31,Date not established,unknown,Finding aid supplies no file-unit date,Trade Policy and Market Access,Consider,Volume XXX review,Restricted - Possibly,Records may be closed under exemptions of the Presidential Records Act (PRA) and the Freedom of Information Act (FOIA). Withdrawal sheets in processed folders will indicate specific restrictions.,Unrestricted,not online,,,,,,,,0,,0,0,0,0,0,0,0,0,0,0,0,0,White House Office of Policy Development | Warren Maruyama Subject Files,"Finding-aid lead retained because of functional trade or international-economic series. Review the folder document by document; the title does not establish document identity, selection value, or release completeness.",,"George H.W. Bush Library, Bush Presidential Records, White House Office of Policy Development, Warren Maruyama Subject Files, OA/ID 07408–007, Telecommunications Policy [1].",https://catalog.archives.gov/id/509546682,
509546683,07408-008,2600865,GB-POD-032,Warren Maruyama Subject Files,07408,Telecommunications Policy [2],9999-12-31,9999-12-31,Date not established,unknown,Finding aid supplies no file-unit date,Trade Policy and Market Access,Consider,Volume XXX review,Restricted - Possibly,Records may be closed under exemptions of the Presidential Records Act (PRA) and the Freedom of Information Act (FOIA). Withdrawal sheets in processed folders will indicate specific restrictions.,Unrestricted,not online,,,,,,,,0,,0,0,0,0,0,0,0,0,0,0,0,0,White House Office of Policy Development | Warren Maruyama Subject Files,"Finding-aid lead retained because of functional trade or international-economic series. Review the folder document by document; the title does not establish document identity, selection value, or release completeness.",,"George H.W. Bush Library, Bush Presidential Records, White House Office of Policy Development, Warren Maruyama Subject Files, OA/ID 07408–008, Telecommunications Policy [2].",https://catalog.archives.gov/id/509546683,
509546684,07408-009,2600865,GB-POD-032,Warren Maruyama Subject Files,07408,Telecommunications Policy [3],9999-12-31,9999-12-31,Date not established,unknown,Finding aid supplies no file-unit date,Trade Policy and Market Access,Consider,Volume XXX review,Restricted - Possibly,Records may be closed under exemptions of the Presidential Records Act (PRA) and the Freedom of Information Act (FOIA). Withdrawal sheets in processed folders will indicate specific restrictions.,Unrestricted,not online,,,,,,,,0,,0,0,0,0,0,0,0,0,0,0,0,0,White House Office of Policy Development | Warren Maruyama Subject Files,"Finding-aid lead retained because of functional trade or international-economic series. Review the folder document by document; the title does not establish document identity, selection value, or release completeness.",,"George H.W. Bush Library, Bush Presidential Records, White House Office of Policy Development, Warren Maruyama Subject Files, OA/ID 07408–009, Telecommunications Policy [3].",https://catalog.archives.gov/id/509546684,
509546685,07408-010,2600865,GB-POD-032,Warren Maruyama Subject Files,07408,NAFTA Adjustment - May 1 Package,9999-12-31,9999-12-31,Date not established,unknown,Finding aid supplies no file-unit date,Trade Policy and Market Access,Boundary,Boundary review,Restricted - Possibly,Records may be closed under exemptions of the Presidential Records Act (PRA) and the Freedom of Information Act (FOIA). Withdrawal sheets in processed folders will indicate specific restrictions.,Unrestricted,not online,,,,,,,,0,,0,0,0,0,0,0,0,0,0,0,0,0,White House Office of Policy Development | Warren Maruyama Subject Files | NAFTA boundary,"Finding-aid lead retained because of functional trade or international-economic series. Review the folder document by document; the title does not establish document identity, selection value, or release completeness.",,"George H.W. Bush Library, Bush Presidential Records, White House Office of Policy Development, Warren Maruyama Subject Files, OA/ID 07408–010, NAFTA Adjustment - May 1 Package.",https://catalog.archives.gov/id/509546685,
509546687,07408-013,2600865,GB-POD-032,Warren Maruyama Subject Files,07408,[Binder] Uruguay Round - Assessment of the Final Act [1],9999-12-31,9999-12-31,Date not established,unknown,Finding aid supplies no file-unit date,Trade Policy and Market Access,Consider,Volume XXX review,Restricted - Possibly,Records may be closed under exemptions of the Presidential Records Act (PRA) and the Freedom of Information Act (FOIA). Withdrawal sheets in processed folders will indicate specific restrictions.,Unrestricted,not online,,,,,,,,0,,0,0,0,0,0,0,0,0,0,0,0,0,White House Office of Policy Development | Warren Maruyama Subject Files | Trade policy,"Finding-aid lead retained because of functional trade or international-economic series, foreign-economic title terms. Review the folder document by document; the title does not establish document identity, selection value, or release completeness.",,"George H.W. Bush Library, Bush Presidential Records, White House Office of Policy Development, Warren Maruyama Subject Files, OA/ID 07408–013, [Binder] Uruguay Round - Assessment of the Final Act [1].",https://catalog.archives.gov/id/509546687,
509546688,07408-014,2600865,GB-POD-032,Warren Maruyama Subject Files,07408,[Binder] Uruguay Round - Assessment of the Final Act [2],9999-12-31,9999-12-31,Date not established,unknown,Finding aid supplies no file-unit date,Trade Policy and Market Access,Consider,Volume XXX review,Restricted - Possibly,Records may be closed under exemptions of the Presidential Records Act (PRA) and the Freedom of Information Act (FOIA). Withdrawal sheets in processed folders will indicate specific restrictions.,Unrestricted,not online,,,,,,,,0,,0,0,0,0,0,0,0,0,0,0,0,0,White House Office of Policy Development | Warren Maruyama Subject Files | Trade policy,"Finding-aid lead retained because of functional trade or international-economic series, foreign-economic title terms. Review the folder document by document; the title does not establish document identity, selection value, or release completeness.",,"George H.W. Bush Library, Bush Presidential Records, White House Office of Policy Development, Warren Maruyama Subject Files, OA/ID 07408–014, [Binder] Uruguay Round - Assessment of the Final Act [2].",https://catalog.archives.gov/id/509546688,
509546689,07409-001,2600865,GB-POD-032,Warren Maruyama Subject Files,07409,Publications: U.S. - Japan Trade,9999-12-31,9999-12-31,Date not established,unknown,Finding aid supplies no file-unit date,Trade Policy and Market Access,Consider,Volume XXX review,Restricted - Possibly,Records may be closed under exemptions of the Presidential Records Act (PRA) and the Freedom of Information Act (FOIA). Withdrawal sheets in processed folders will indicate specific restrictions.,Unrestricted,not online,,,,,,,,0,,0,0,0,0,0,0,0,0,0,0,0,0,White House Office of Policy Development | Warren Maruyama Subject Files | Trade policy,"Finding-aid lead retained because of functional trade or international-economic series, foreign-economic title terms. Review the folder document by document; the title does not establish document identity, selection value, or release completeness.",,"George H.W. Bush Library, Bush Presidential Records, White House Office of Policy Development, Warren Maruyama Subject Files, OA/ID 07409–001, Publications: U.S. - Japan Trade.",https://catalog.archives.gov/id/509546689,
509546690,07409-005,2600865,GB-POD-032,Warren Maruyama Subject Files,07409,NAFTA - Negotiations [1],9999-12-31,9999-12-31,Date not established,unknown,Finding aid supplies no file-unit date,Trade Policy and Market Access,Boundary,Boundary review,Restricted - Possibly,Records may be closed under exemptions of the Presidential Records Act (PRA) and the Freedom of Information Act (FOIA). Withdrawal sheets in processed folders will indicate specific restrictions.,Unrestricted,not online,,,,,,,,0,,0,0,0,0,0,0,0,0,0,0,0,0,White House Office of Policy Development | Warren Maruyama Subject Files | NAFTA boundary,"Finding-aid lead retained because of functional trade or international-economic series. Review the folder document by document; the title does not establish document identity, selection value, or release completeness.",,"George H.W. Bush Library, Bush Presidential Records, White House Office of Policy Development, Warren Maruyama Subject Files, OA/ID 07409–005, NAFTA - Negotiations [1].",https://catalog.archives.gov/id/509546690,
509546691,07409-006,2600865,GB-POD-032,Warren Maruyama Subject Files,07409,NAFTA - Negotiations [2],9999-12-31,9999-12-31,Date not established,unknown,Finding aid supplies no file-unit date,Trade Policy and Market Access,Boundary,Boundary review,Restricted - Possibly,Records may be closed under exemptions of the Presidential Records Act (PRA) and the Freedom of Information Act (FOIA). Withdrawal sheets in processed folders will indicate specific restrictions.,Unrestricted,not online,,,,,,,,0,,0,0,0,0,0,0,0,0,0,0,0,0,White House Office of Policy Development | Warren Maruyama Subject Files | NAFTA boundary,"Finding-aid lead retained because of functional trade or international-economic series. Review the folder document by document; the title does not establish document identity, selection value, or release completeness.",,"George H.W. Bush Library, Bush Presidential Records, White House Office of Policy Development, Warren Maruyama Subject Files, OA/ID 07409–006, NAFTA - Negotiations [2].",https://catalog.archives.gov/id/509546691,
509548233,CF01243-001,2600865,GB-POD-032,Warren Maruyama Subject Files,CF01243,"Miscellaneous Papers [Environmental Matters, Waivers and Adjustments] [1]",9999-12-31,9999-12-31,Date not established,unknown,Finding aid supplies no file-unit date,Trade Policy and Market Access,Consider,Volume XXX review,Restricted - Possibly,Records may be closed under exemptions of the Presidential Records Act (PRA) and the Freedom of Information Act (FOIA). Withdrawal sheets in processed folders will indicate specific restrictions.,Unrestricted,not online,,,,,,,,0,,0,0,0,0,0,0,0,0,0,0,0,0,White House Office of Policy Development | Warren Maruyama Subject Files,"Finding-aid lead retained because of functional trade or international-economic series. Review the folder document by document; the title does not establish document identity, selection value, or release completeness.",,"George H.W. Bush Library, Bush Presidential Records, White House Office of Policy Development, Warren Maruyama Subject Files, OA/ID CF01243–001, Miscellaneous Papers [Environmental Matters, Waivers and Adjustments] [1].",https://catalog.archives.gov/id/509548233,
509548234,CF01243-002,2600865,GB-POD-032,Warren Maruyama Subject Files,CF01243,"Miscellaneous Papers [Environmental Matters, Waivers and Adjustments] [2]",9999-12-31,9999-12-31,Date not established,unknown,Finding aid supplies no file-unit date,Trade Policy and Market Access,Consider,Volume XXX review,Restricted - Possibly,Records may be closed under exemptions of the Presidential Records Act (PRA) and the Freedom of Information Act (FOIA). Withdrawal sheets in processed folders will indicate specific restrictions.,Unrestricted,not online,,,,,,,,0,,0,0,0,0,0,0,0,0,0,0,0,0,White House Office of Policy Development | Warren Maruyama Subject Files,"Finding-aid lead retained because of functional trade or international-economic series. Review the folder document by document; the title does not establish document identity, selection value, or release completeness.",,"George H.W. Bush Library, Bush Presidential Records, White House Office of Policy Development, Warren Maruyama Subject Files, OA/ID CF01243–002, Miscellaneous Papers [Environmental Matters, Waivers and Adjustments] [2].",https://catalog.archives.gov/id/509548234,
509548235,CF01243-003,2600865,GB-POD-032,Warren Maruyama Subject Files,CF01243,SII - Japan [1],9999-12-31,9999-12-31,Date not established,unknown,Finding aid supplies no file-unit date,Trade Policy and Market Access,Consider,Volume XXX review,Restricted - Possibly,Records may be closed under exemptions of the Presidential Records Act (PRA) and the Freedom of Information Act (FOIA). Withdrawal sheets in processed folders will indicate specific restrictions.,Unrestricted,not online,,,,,,,,0,,0,0,0,0,0,0,0,0,0,0,0,0,White House Office of Policy Development | Warren Maruyama Subject Files | Trade policy,"Finding-aid lead retained because of functional trade or international-economic series, foreign-economic title terms. Review the folder document by document; the title does not establish document identity, selection value, or release completeness.",,"George H.W. Bush Library, Bush Presidential Records, White House Office of Policy Development, Warren Maruyama Subject Files, OA/ID CF01243–003, SII - Japan [1].",https://catalog.archives.gov/id/509548235,
509548236,CF01243-004,2600865,GB-POD-032,Warren Maruyama Subject Files,CF01243,SII - Japan [2],9999-12-31,9999-12-31,Date not established,unknown,Finding aid supplies no file-unit date,Trade Policy and Market Access,Consider,Volume XXX review,Restricted - Possibly,Records may be closed under exemptions of the Presidential Records Act (PRA) and the Freedom of Information Act (FOIA). Withdrawal sheets in processed folders will indicate specific restrictions.,Unrestricted,not online,,,,,,,,0,,0,0,0,0,0,0,0,0,0,0,0,0,White House Office of Policy Development | Warren Maruyama Subject Files | Trade policy,"Finding-aid lead retained because of functional trade or international-economic series, foreign-economic title terms. Review the folder document by document; the title does not establish document identity, selection value, or release completeness.",,"George H.W. Bush Library, Bush Presidential Records, White House Office of Policy Development, Warren Maruyama Subject Files, OA/ID CF01243–004, SII - Japan [2].",https://catalog.archives.gov/id/509548236,
509548237,CF01243-005,2600865,GB-POD-032,Warren Maruyama Subject Files,CF01243,SII - Japan [3],9999-12-31,9999-12-31,Date not established,unknown,Finding aid supplies no file-unit date,Trade Policy and Market Access,Consider,Volume XXX review,Restricted - Possibly,Records may be closed under exemptions of the Presidential Records Act (PRA) and the Freedom of Information Act (FOIA). Withdrawal sheets in processed folders will indicate specific restrictions.,Unrestricted,not online,,,,,,,,0,,0,0,0,0,0,0,0,0,0,0,0,0,White House Office of Policy Development | Warren Maruyama Subject Files | Trade policy,"Finding-aid lead retained because of functional trade or international-economic series, foreign-economic title terms. Review the folder document by document; the title does not establish document identity, selection value, or release completeness.",,"George H.W. Bush Library, Bush Presidential Records, White House Office of Policy Development, Warren Maruyama Subject Files, OA/ID CF01243–005, SII - Japan [3].",https://catalog.archives.gov/id/509548237,
509548238,CF01243-006,2600865,GB-POD-032,Warren Maruyama Subject Files,CF01243,SII - Japan [4],9999-12-31,9999-12-31,Date not established,unknown,Finding aid supplies no file-unit date,Trade Policy and Market Access,Consider,Volume XXX review,Restricted - Possibly,Records may be closed under exemptions of the Presidential Records Act (PRA) and the Freedom of Information Act (FOIA). Withdrawal sheets in processed folders will indicate specific restrictions.,Unrestricted,not online,,,,,,,,0,,0,0,0,0,0,0,0,0,0,0,0,0,White House Office of Policy Development | Warren Maruyama Subject Files | Trade policy,"Finding-aid lead retained because of functional trade or international-economic series, foreign-economic title terms. Review the folder document by document; the title does not establish document identity, selection value, or release completeness.",,"George H.W. Bush Library, Bush Presidential Records, White House Office of Policy Development, Warren Maruyama Subject Files, OA/ID CF01243–006, SII - Japan [4].",https://catalog.archives.gov/id/509548238,
509548239,CF01243-007,2600865,GB-POD-032,Warren Maruyama Subject Files,CF01243,SII - Japan [5],9999-12-31,9999-12-31,Date not established,unknown,Finding aid supplies no file-unit date,Trade Policy and Market Access,Consider,Volume XXX review,Restricted - Possibly,Records may be closed under exemptions of the Presidential Records Act (PRA) and the Freedom of Information Act (FOIA). Withdrawal sheets in processed folders will indicate specific restrictions.,Unrestricted,not online,,,,,,,,0,,0,0,0,0,0,0,0,0,0,0,0,0,White House Office of Policy Development | Warren Maruyama Subject Files | Trade policy,"Finding-aid lead retained because of functional trade or international-economic series, foreign-economic title terms. Review the folder document by document; the title does not establish document identity, selection value, or release completeness.",,"George H.W. Bush Library, Bush Presidential Records, White House Office of Policy Development, Warren Maruyama Subject Files, OA/ID CF01243–007, SII - Japan [5].",https://catalog.archives.gov/id/509548239,
509548240,CF01243-008,2600865,GB-POD-032,Warren Maruyama Subject Files,CF01243,SII - Japan [6],9999-12-31,9999-12-31,Date not established,unknown,Finding aid supplies no file-unit date,Trade Policy and Market Access,Consider,Volume XXX review,Restricted - Possibly,Records may be closed under exemptions of the Presidential Records Act (PRA) and the Freedom of Information Act (FOIA). Withdrawal sheets in processed folders will indicate specific restrictions.,Unrestricted,not online,,,,,,,,0,,0,0,0,0,0,0,0,0,0,0,0,0,White House Office of Policy Development | Warren Maruyama Subject Files | Trade policy,"Finding-aid lead retained because of functional trade or international-economic series, foreign-economic title terms. Review the folder document by document; the title does not establish document identity, selection value, or release completeness.",,"George H.W. Bush Library, Bush Presidential Records, White House Office of Policy Development, Warren Maruyama Subject Files, OA/ID CF01243–008, SII - Japan [6].",https://catalog.archives.gov/id/509548240,
509548241,CF01243-009,2600865,GB-POD-032,Warren Maruyama Subject Files,CF01243,SII - Japan [7],9999-12-31,9999-12-31,Date not established,unknown,Finding aid supplies no file-unit date,Trade Policy and Market Access,Consider,Volume XXX review,Restricted - Possibly,Records may be closed under exemptions of the Presidential Records Act (PRA) and the Freedom of Information Act (FOIA). Withdrawal sheets in processed folders will indicate specific restrictions.,Unrestricted,not online,,,,,,,,0,,0,0,0,0,0,0,0,0,0,0,0,0,White House Office of Policy Development | Warren Maruyama Subject Files | Trade policy,"Finding-aid lead retained because of functional trade or international-economic series, foreign-economic title terms. Review the folder document by document; the title does not establish document identity, selection value, or release completeness.",,"George H.W. Bush Library, Bush Presidential Records, White House Office of Policy Development, Warren Maruyama Subject Files, OA/ID CF01243–009, SII - Japan [7].",https://catalog.archives.gov/id/509548241,
509548242,CF01243-010,2600865,GB-POD-032,Warren Maruyama Subject Files,CF01243,SII - Japan [8],9999-12-31,9999-12-31,Date not established,unknown,Finding aid supplies no file-unit date,Trade Policy and Market Access,Consider,Volume XXX review,Restricted - Possibly,Records may be closed under exemptions of the Presidential Records Act (PRA) and the Freedom of Information Act (FOIA). Withdrawal sheets in processed folders will indicate specific restrictions.,Unrestricted,not online,,,,,,,,0,,0,0,0,0,0,0,0,0,0,0,0,0,White House Office of Policy Development | Warren Maruyama Subject Files | Trade policy,"Finding-aid lead retained because of functional trade or international-economic series, foreign-economic title terms. Review the folder document by document; the title does not establish document identity, selection value, or release completeness.",,"George H.W. Bush Library, Bush Presidential Records, White House Office of Policy Development, Warren Maruyama Subject Files, OA/ID CF01243–010, SII - Japan [8].",https://catalog.archives.gov/id/509548242,
509548243,CF01243-011,2600865,GB-POD-032,Warren Maruyama Subject Files,CF01243,Environment,9999-12-31,9999-12-31,Date not established,unknown,Finding aid supplies no file-unit date,Trade Policy and Market Access,Consider,Volume XXX review,Restricted - Possibly,Records may be closed under exemptions of the Presidential Records Act (PRA) and the Freedom of Information Act (FOIA). Withdrawal sheets in processed folders will indicate specific restrictions.,Unrestricted,not online,,,,,,,,0,,0,0,0,0,0,0,0,0,0,0,0,0,White House Office of Policy Development | Warren Maruyama Subject Files,"Finding-aid lead retained because of functional trade or international-economic series. Review the folder document by document; the title does not establish document identity, selection value, or release completeness.",,"George H.W. Bush Library, Bush Presidential Records, White House Office of Policy Development, Warren Maruyama Subject Files, OA/ID CF01243–011, Environment.",https://catalog.archives.gov/id/509548243,
509548245,CF01243-013,2600865,GB-POD-032,Warren Maruyama Subject Files,CF01243,USSR Trade [1],9999-12-31,9999-12-31,Date not established,unknown,Finding aid supplies no file-unit date,Transition Economies and International Economic Strategy,Consider,Volume XXX review,Restricted - Possibly,Records may be closed under exemptions of the Presidential Records Act (PRA) and the Freedom of Information Act (FOIA). Withdrawal sheets in processed folders will indicate specific restrictions.,Unrestricted,not online,,,,,,,,0,,0,0,0,0,0,0,0,0,0,0,0,0,White House Office of Policy Development | Warren Maruyama Subject Files | Trade policy | Transition economies,"Finding-aid lead retained because of functional trade or international-economic series. Review the folder document by document; the title does not establish document identity, selection value, or release completeness.",,"George H.W. Bush Library, Bush Presidential Records, White House Office of Policy Development, Warren Maruyama Subject Files, OA/ID CF01243–013, USSR Trade [1].",https://catalog.archives.gov/id/509548245,
509548246,CF01243-014,2600865,GB-POD-032,Warren Maruyama Subject Files,CF01243,USSR Trade [2],9999-12-31,9999-12-31,Date not established,unknown,Finding aid supplies no file-unit date,Transition Economies and International Economic Strategy,Consider,Volume XXX review,Restricted - Possibly,Records may be closed under exemptions of the Presidential Records Act (PRA) and the Freedom of Information Act (FOIA). Withdrawal sheets in processed folders will indicate specific restrictions.,Unrestricted,not online,,,,,,,,0,,0,0,0,0,0,0,0,0,0,0,0,0,White House Office of Policy Development | Warren Maruyama Subject Files | Trade policy | Transition economies,"Finding-aid lead retained because of functional trade or international-economic series. Review the folder document by document; the title does not establish document identity, selection value, or release completeness.",,"George H.W. Bush Library, Bush Presidential Records, White House Office of Policy Development, Warren Maruyama Subject Files, OA/ID CF01243–014, USSR Trade [2].",https://catalog.archives.gov/id/509548246,
509548247,CF01243-015,2600865,GB-POD-032,Warren Maruyama Subject Files,CF01243,USSR Trade [3],9999-12-31,9999-12-31,Date not established,unknown,Finding aid supplies no file-unit date,Transition Economies and International Economic Strategy,Consider,Volume XXX review,Restricted - Possibly,Records may be closed under exemptions of the Presidential Records Act (PRA) and the Freedom of Information Act (FOIA). Withdrawal sheets in processed folders will indicate specific restrictions.,Unrestricted,not online,,,,,,,,0,,0,0,0,0,0,0,0,0,0,0,0,0,White House Office of Policy Development | Warren Maruyama Subject Files | Trade policy | Transition economies,"Finding-aid lead retained because of functional trade or international-economic series. Review the folder document by document; the title does not establish document identity, selection value, or release completeness.",,"George H.W. Bush Library, Bush Presidential Records, White House Office of Policy Development, Warren Maruyama Subject Files, OA/ID CF01243–015, USSR Trade [3].",https://catalog.archives.gov/id/509548247,
509548248,CF01243-016,2600865,GB-POD-032,Warren Maruyama Subject Files,CF01243,USSR Trade [4],9999-12-31,9999-12-31,Date not established,unknown,Finding aid supplies no file-unit date,Transition Economies and International Economic Strategy,Consider,Volume XXX review,Restricted - Possibly,Records may be closed under exemptions of the Presidential Records Act (PRA) and the Freedom of Information Act (FOIA). Withdrawal sheets in processed folders will indicate specific restrictions.,Unrestricted,not online,,,,,,,,0,,0,0,0,0,0,0,0,0,0,0,0,0,White House Office of Policy Development | Warren Maruyama Subject Files | Trade policy | Transition economies,"Finding-aid lead retained because of functional trade or international-economic series. Review the folder document by document; the title does not establish document identity, selection value, or release completeness.",,"George H.W. Bush Library, Bush Presidential Records, White House Office of Policy Development, Warren Maruyama Subject Files, OA/ID CF01243–016, USSR Trade [4].",https://catalog.archives.gov/id/509548248,
509548249,CF01243-017,2600865,GB-POD-032,Warren Maruyama Subject Files,CF01243,Korea,9999-12-31,9999-12-31,Date not established,unknown,Finding aid supplies no file-unit date,Trade Policy and Market Access,Consider,Volume XXX review,Restricted - Possibly,Records may be closed under exemptions of the Presidential Records Act (PRA) and the Freedom of Information Act (FOIA). Withdrawal sheets in processed folders will indicate specific restrictions.,Unrestricted,not online,,,,,,,,0,,0,0,0,0,0,0,0,0,0,0,0,0,White House Office of Policy Development | Warren Maruyama Subject Files,"Finding-aid lead retained because of functional trade or international-economic series. Review the folder document by document; the title does not establish document identity, selection value, or release completeness.",,"George H.W. Bush Library, Bush Presidential Records, White House Office of Policy Development, Warren Maruyama Subject Files, OA/ID CF01243–017, Korea.",https://catalog.archives.gov/id/509548249,
509548250,CF01243-018,2600865,GB-POD-032,Warren Maruyama Subject Files,CF01243,"[Miscellaneous unfoldered material] Economic Policy Council [meetings, trade issues, practices] [1]",9999-12-31,9999-12-31,Date not established,unknown,Finding aid supplies no file-unit date,Trade Policy and Market Access,Consider,Volume XXX review,Restricted - Possibly,Records may be closed under exemptions of the Presidential Records Act (PRA) and the Freedom of Information Act (FOIA). Withdrawal sheets in processed folders will indicate specific restrictions.,Unrestricted,not online,,,,,,,,0,,0,0,0,0,0,0,0,0,0,0,0,0,White House Office of Policy Development | Warren Maruyama Subject Files | Trade policy,"Finding-aid lead retained because of functional trade or international-economic series, foreign-economic title terms. Review the folder document by document; the title does not establish document identity, selection value, or release completeness.",,"George H.W. Bush Library, Bush Presidential Records, White House Office of Policy Development, Warren Maruyama Subject Files, OA/ID CF01243–018, [Miscellaneous unfoldered material] Economic Policy Council [meetings, trade issues, practices] [1].",https://catalog.archives.gov/id/509548250,
509548251,CF01243-019,2600865,GB-POD-032,Warren Maruyama Subject Files,CF01243,"[Miscellaneous unfoldered material] Economic Policy Council [meetings, trade issues, practices] [2]",9999-12-31,9999-12-31,Date not established,unknown,Finding aid supplies no file-unit date,Trade Policy and Market Access,Consider,Volume XXX review,Restricted - Possibly,Records may be closed under exemptions of the Presidential Records Act (PRA) and the Freedom of Information Act (FOIA). Withdrawal sheets in processed folders will indicate specific restrictions.,Unrestricted,not online,,,,,,,,0,,0,0,0,0,0,0,0,0,0,0,0,0,White House Office of Policy Development | Warren Maruyama Subject Files | Trade policy,"Finding-aid lead retained because of functional trade or international-economic series, foreign-economic title terms. Review the folder document by document; the title does not establish document identity, selection value, or release completeness.",,"George H.W. Bush Library, Bush Presidential Records, White House Office of Policy Development, Warren Maruyama Subject Files, OA/ID CF01243–019, [Miscellaneous unfoldered material] Economic Policy Council [meetings, trade issues, practices] [2].",https://catalog.archives.gov/id/509548251,
509548252,CF01243-020,2600865,GB-POD-032,Warren Maruyama Subject Files,CF01243,[Miscellaneous Unfoldered Material]: Steel Industry Data,9999-12-31,9999-12-31,Date not established,unknown,Finding aid supplies no file-unit date,Trade Policy and Market Access,Consider,Volume XXX review,Restricted - Possibly,Records may be closed under exemptions of the Presidential Records Act (PRA) and the Freedom of Information Act (FOIA). Withdrawal sheets in processed folders will indicate specific restrictions.,Unrestricted,not online,,,,,,,,0,,0,0,0,0,0,0,0,0,0,0,0,0,White House Office of Policy Development | Warren Maruyama Subject Files,"Finding-aid lead retained because of functional trade or international-economic series. Review the folder document by document; the title does not establish document identity, selection value, or release completeness.",,"George H.W. Bush Library, Bush Presidential Records, White House Office of Policy Development, Warren Maruyama Subject Files, OA/ID CF01243–020, [Miscellaneous Unfoldered Material]: Steel Industry Data.",https://catalog.archives.gov/id/509548252,
509548253,CF01243-021,2600865,GB-POD-032,Warren Maruyama Subject Files,CF01243,[Miscellaneous unfoldered material] [Steel],9999-12-31,9999-12-31,Date not established,unknown,Finding aid supplies no file-unit date,Trade Policy and Market Access,Consider,Volume XXX review,Restricted - Possibly,Records may be closed under exemptions of the Presidential Records Act (PRA) and the Freedom of Information Act (FOIA). Withdrawal sheets in processed folders will indicate specific restrictions.,Unrestricted,not online,,,,,,,,0,,0,0,0,0,0,0,0,0,0,0,0,0,White House Office of Policy Development | Warren Maruyama Subject Files,"Finding-aid lead retained because of functional trade or international-economic series. Review the folder document by document; the title does not establish document identity, selection value, or release completeness.",,"George H.W. Bush Library, Bush Presidential Records, White House Office of Policy Development, Warren Maruyama Subject Files, OA/ID CF01243–021, [Miscellaneous unfoldered material] [Steel].",https://catalog.archives.gov/id/509548253,
509548254,CF01243-022,2600865,GB-POD-032,Warren Maruyama Subject Files,CF01243,[Miscellaneous unfoldered material] [Super 301 and steel] [1],9999-12-31,9999-12-31,Date not established,unknown,Finding aid supplies no file-unit date,Trade Policy and Market Access,Consider,Volume XXX review,Restricted - Possibly,Records may be closed under exemptions of the Presidential Records Act (PRA) and the Freedom of Information Act (FOIA). Withdrawal sheets in processed folders will indicate specific restrictions.,Unrestricted,not online,,,,,,,,0,,0,0,0,0,0,0,0,0,0,0,0,0,White House Office of Policy Development | Warren Maruyama Subject Files,"Finding-aid lead retained because of functional trade or international-economic series, foreign-economic title terms. Review the folder document by document; the title does not establish document identity, selection value, or release completeness.",,"George H.W. Bush Library, Bush Presidential Records, White House Office of Policy Development, Warren Maruyama Subject Files, OA/ID CF01243–022, [Miscellaneous unfoldered material] [Super 301 and steel] [1].",https://catalog.archives.gov/id/509548254,
509548255,CF01243-023,2600865,GB-POD-032,Warren Maruyama Subject Files,CF01243,[Miscellaneous unfoldered material] [Super 301 and steel] [2],9999-12-31,9999-12-31,Date not established,unknown,Finding aid supplies no file-unit date,Trade Policy and Market Access,Consider,Volume XXX review,Restricted - Possibly,Records may be closed under exemptions of the Presidential Records Act (PRA) and the Freedom of Information Act (FOIA). Withdrawal sheets in processed folders will indicate specific restrictions.,Unrestricted,not online,,,,,,,,0,,0,0,0,0,0,0,0,0,0,0,0,0,White House Office of Policy Development | Warren Maruyama Subject Files,"Finding-aid lead retained because of functional trade or international-economic series, foreign-economic title terms. Review the folder document by document; the title does not establish document identity, selection value, or release completeness.",,"George H.W. Bush Library, Bush Presidential Records, White House Office of Policy Development, Warren Maruyama Subject Files, OA/ID CF01243–023, [Miscellaneous unfoldered material] [Super 301 and steel] [2].",https://catalog.archives.gov/id/509548255,
509548256,CF01267-001,2600865,GB-POD-032,Warren Maruyama Subject Files,CF01267,Uruguay Round [1],9999-12-31,9999-12-31,Date not established,unknown,Finding aid supplies no file-unit date,Trade Policy and Market Access,Consider,Volume XXX review,Restricted - Possibly,Records may be closed under exemptions of the Presidential Records Act (PRA) and the Freedom of Information Act (FOIA). Withdrawal sheets in processed folders will indicate specific restrictions.,Unrestricted,not online,,,,,,,,0,,0,0,0,0,0,0,0,0,0,0,0,0,White House Office of Policy Development | Warren Maruyama Subject Files | Trade policy,"Finding-aid lead retained because of functional trade or international-economic series, foreign-economic title terms. Review the folder document by document; the title does not establish document identity, selection value, or release completeness.",,"George H.W. Bush Library, Bush Presidential Records, White House Office of Policy Development, Warren Maruyama Subject Files, OA/ID CF01267–001, Uruguay Round [1].",https://catalog.archives.gov/id/509548256,
509548257,CF01267-002,2600865,GB-POD-032,Warren Maruyama Subject Files,CF01267,Uruguay Round [2],9999-12-31,9999-12-31,Date not established,unknown,Finding aid supplies no file-unit date,Trade Policy and Market Access,Consider,Volume XXX review,Restricted - Possibly,Records may be closed under exemptions of the Presidential Records Act (PRA) and the Freedom of Information Act (FOIA). Withdrawal sheets in processed folders will indicate specific restrictions.,Unrestricted,not online,,,,,,,,0,,0,0,0,0,0,0,0,0,0,0,0,0,White House Office of Policy Development | Warren Maruyama Subject Files | Trade policy,"Finding-aid lead retained because of functional trade or international-economic series, foreign-economic title terms. Review the folder document by document; the title does not establish document identity, selection value, or release completeness.",,"George H.W. Bush Library, Bush Presidential Records, White House Office of Policy Development, Warren Maruyama Subject Files, OA/ID CF01267–002, Uruguay Round [2].",https://catalog.archives.gov/id/509548257,
509548258,CF01267-003,2600865,GB-POD-032,Warren Maruyama Subject Files,CF01267,Uruguay Round [3],9999-12-31,9999-12-31,Date not established,unknown,Finding aid supplies no file-unit date,Trade Policy and Market Access,Consider,Volume XXX review,Restricted - Possibly,Records may be closed under exemptions of the Presidential Records Act (PRA) and the Freedom of Information Act (FOIA). Withdrawal sheets in processed folders will indicate specific restrictions.,Unrestricted,not online,,,,,,,,0,,0,0,0,0,0,0,0,0,0,0,0,0,White House Office of Policy Development | Warren Maruyama Subject Files | Trade policy,"Finding-aid lead retained because of functional trade or international-economic series, foreign-economic title terms. Review the folder document by document; the title does not establish document identity, selection value, or release completeness.",,"George H.W. Bush Library, Bush Presidential Records, White House Office of Policy Development, Warren Maruyama Subject Files, OA/ID CF01267–003, Uruguay Round [3].",https://catalog.archives.gov/id/509548258,
509548259,CF01267-004,2600865,GB-POD-032,Warren Maruyama Subject Files,CF01267,Uruguay Round [4],9999-12-31,9999-12-31,Date not established,unknown,Finding aid supplies no file-unit date,Trade Policy and Market Access,Consider,Volume XXX review,Restricted - Possibly,Records may be closed under exemptions of the Presidential Records Act (PRA) and the Freedom of Information Act (FOIA). Withdrawal sheets in processed folders will indicate specific restrictions.,Unrestricted,not online,,,,,,,,0,,0,0,0,0,0,0,0,0,0,0,0,0,White House Office of Policy Development | Warren Maruyama Subject Files | Trade policy,"Finding-aid lead retained because of functional trade or international-economic series, foreign-economic title terms. Review the folder document by document; the title does not establish document identity, selection value, or release completeness.",,"George H.W. Bush Library, Bush Presidential Records, White House Office of Policy Development, Warren Maruyama Subject Files, OA/ID CF01267–004, Uruguay Round [4].",https://catalog.archives.gov/id/509548259,
509548260,CF01267-005,2600865,GB-POD-032,Warren Maruyama Subject Files,CF01267,Uruguay Round [5],9999-12-31,9999-12-31,Date not established,unknown,Finding aid supplies no file-unit date,Trade Policy and Market Access,Consider,Volume XXX review,Restricted - Possibly,Records may be closed under exemptions of the Presidential Records Act (PRA) and the Freedom of Information Act (FOIA). Withdrawal sheets in processed folders will indicate specific restrictions.,Unrestricted,not online,,,,,,,,0,,0,0,0,0,0,0,0,0,0,0,0,0,White House Office of Policy Development | Warren Maruyama Subject Files | Trade policy,"Finding-aid lead retained because of functional trade or international-economic series, foreign-economic title terms. Review the folder document by document; the title does not establish document identity, selection value, or release completeness.",,"George H.W. Bush Library, Bush Presidential Records, White House Office of Policy Development, Warren Maruyama Subject Files, OA/ID CF01267–005, Uruguay Round [5].",https://catalog.archives.gov/id/509548260,
509548261,CF01267-006,2600865,GB-POD-032,Warren Maruyama Subject Files,CF01267,Uruguay Round [6],9999-12-31,9999-12-31,Date not established,unknown,Finding aid supplies no file-unit date,Trade Policy and Market Access,Consider,Volume XXX review,Restricted - Possibly,Records may be closed under exemptions of the Presidential Records Act (PRA) and the Freedom of Information Act (FOIA). Withdrawal sheets in processed folders will indicate specific restrictions.,Unrestricted,not online,,,,,,,,0,,0,0,0,0,0,0,0,0,0,0,0,0,White House Office of Policy Development | Warren Maruyama Subject Files | Trade policy,"Finding-aid lead retained because of functional trade or international-economic series, foreign-economic title terms. Review the folder document by document; the title does not establish document identity, selection value, or release completeness.",,"George H.W. Bush Library, Bush Presidential Records, White House Office of Policy Development, Warren Maruyama Subject Files, OA/ID CF01267–006, Uruguay Round [6].",https://catalog.archives.gov/id/509548261,
509548262,CF01267-007,2600865,GB-POD-032,Warren Maruyama Subject Files,CF01267,Super/Special 301 [1],9999-12-31,9999-12-31,Date not established,unknown,Finding aid supplies no file-unit date,Trade Policy and Market Access,Consider,Volume XXX review,Restricted - Possibly,Records may be closed under exemptions of the Presidential Records Act (PRA) and the Freedom of Information Act (FOIA). Withdrawal sheets in processed folders will indicate specific restrictions.,Unrestricted,not online,,,,,,,,0,,0,0,0,0,0,0,0,0,0,0,0,0,White House Office of Policy Development | Warren Maruyama Subject Files,"Finding-aid lead retained because of functional trade or international-economic series, foreign-economic title terms. Review the folder document by document; the title does not establish document identity, selection value, or release completeness.",,"George H.W. Bush Library, Bush Presidential Records, White House Office of Policy Development, Warren Maruyama Subject Files, OA/ID CF01267–007, Super/Special 301 [1].",https://catalog.archives.gov/id/509548262,
509548263,CF01267-008,2600865,GB-POD-032,Warren Maruyama Subject Files,CF01267,Super/Special 301 [2],9999-12-31,9999-12-31,Date not established,unknown,Finding aid supplies no file-unit date,Trade Policy and Market Access,Consider,Volume XXX review,Restricted - Possibly,Records may be closed under exemptions of the Presidential Records Act (PRA) and the Freedom of Information Act (FOIA). Withdrawal sheets in processed folders will indicate specific restrictions.,Unrestricted,not online,,,,,,,,0,,0,0,0,0,0,0,0,0,0,0,0,0,White House Office of Policy Development | Warren Maruyama Subject Files,"Finding-aid lead retained because of functional trade or international-economic series, foreign-economic title terms. Review the folder document by document; the title does not establish document identity, selection value, or release completeness.",,"George H.W. Bush Library, Bush Presidential Records, White House Office of Policy Development, Warren Maruyama Subject Files, OA/ID CF01267–008, Super/Special 301 [2].",https://catalog.archives.gov/id/509548263,
509548264,CF01267-009,2600865,GB-POD-032,Warren Maruyama Subject Files,CF01267,Super/Special 301 [3],9999-12-31,9999-12-31,Date not established,unknown,Finding aid supplies no file-unit date,Trade Policy and Market Access,Consider,Volume XXX review,Restricted - Possibly,Records may be closed under exemptions of the Presidential Records Act (PRA) and the Freedom of Information Act (FOIA). Withdrawal sheets in processed folders will indicate specific restrictions.,Unrestricted,not online,,,,,,,,0,,0,0,0,0,0,0,0,0,0,0,0,0,White House Office of Policy Development | Warren Maruyama Subject Files,"Finding-aid lead retained because of functional trade or international-economic series, foreign-economic title terms. Review the folder document by document; the title does not establish document identity, selection value, or release completeness.",,"George H.W. Bush Library, Bush Presidential Records, White House Office of Policy Development, Warren Maruyama Subject Files, OA/ID CF01267–009, Super/Special 301 [3].",https://catalog.archives.gov/id/509548264,
509548265,CF01267-010,2600865,GB-POD-032,Warren Maruyama Subject Files,CF01267,Latin America [1],9999-12-31,9999-12-31,Date not established,unknown,Finding aid supplies no file-unit date,Trade Policy and Market Access,Consider,Volume XXX review,Restricted - Possibly,Records may be closed under exemptions of the Presidential Records Act (PRA) and the Freedom of Information Act (FOIA). Withdrawal sheets in processed folders will indicate specific restrictions.,Unrestricted,not online,,,,,,,,0,,0,0,0,0,0,0,0,0,0,0,0,0,White House Office of Policy Development | Warren Maruyama Subject Files,"Finding-aid lead retained because of functional trade or international-economic series. Review the folder document by document; the title does not establish document identity, selection value, or release completeness.",,"George H.W. Bush Library, Bush Presidential Records, White House Office of Policy Development, Warren Maruyama Subject Files, OA/ID CF01267–010, Latin America [1].",https://catalog.archives.gov/id/509548265,
509548266,CF01267-011,2600865,GB-POD-032,Warren Maruyama Subject Files,CF01267,Latin America [2],9999-12-31,9999-12-31,Date not established,unknown,Finding aid supplies no file-unit date,Trade Policy and Market Access,Consider,Volume XXX review,Restricted - Possibly,Records may be closed under exemptions of the Presidential Records Act (PRA) and the Freedom of Information Act (FOIA). Withdrawal sheets in processed folders will indicate specific restrictions.,Unrestricted,not online,,,,,,,,0,,0,0,0,0,0,0,0,0,0,0,0,0,White House Office of Policy Development | Warren Maruyama Subject Files,"Finding-aid lead retained because of functional trade or international-economic series. Review the folder document by document; the title does not establish document identity, selection value, or release completeness.",,"George H.W. Bush Library, Bush Presidential Records, White House Office of Policy Development, Warren Maruyama Subject Files, OA/ID CF01267–011, Latin America [2].",https://catalog.archives.gov/id/509548266,
509548267,CF01267-012,2600865,GB-POD-032,Warren Maruyama Subject Files,CF01267,Latin America [3],9999-12-31,9999-12-31,Date not established,unknown,Finding aid supplies no file-unit date,Trade Policy and Market Access,Consider,Volume XXX review,Restricted - Possibly,Records may be closed under exemptions of the Presidential Records Act (PRA) and the Freedom of Information Act (FOIA). Withdrawal sheets in processed folders will indicate specific restrictions.,Unrestricted,not online,,,,,,,,0,,0,0,0,0,0,0,0,0,0,0,0,0,White House Office of Policy Development | Warren Maruyama Subject Files,"Finding-aid lead retained because of functional trade or international-economic series. Review the folder document by document; the title does not establish document identity, selection value, or release completeness.",,"George H.W. Bush Library, Bush Presidential Records, White House Office of Policy Development, Warren Maruyama Subject Files, OA/ID CF01267–012, Latin America [3].",https://catalog.archives.gov/id/509548267,
509548268,CF01267-013,2600865,GB-POD-032,Warren Maruyama Subject Files,CF01267,Mexico [1],9999-12-31,9999-12-31,Date not established,unknown,Finding aid supplies no file-unit date,Trade Policy and Market Access,Boundary,Boundary review,Restricted - Possibly,Records may be closed under exemptions of the Presidential Records Act (PRA) and the Freedom of Information Act (FOIA). Withdrawal sheets in processed folders will indicate specific restrictions.,Unrestricted,not online,,,,,,,,0,,0,0,0,0,0,0,0,0,0,0,0,0,White House Office of Policy Development | Warren Maruyama Subject Files | NAFTA boundary,"Finding-aid lead retained because of functional trade or international-economic series. Review the folder document by document; the title does not establish document identity, selection value, or release completeness.",,"George H.W. Bush Library, Bush Presidential Records, White House Office of Policy Development, Warren Maruyama Subject Files, OA/ID CF01267–013, Mexico [1].",https://catalog.archives.gov/id/509548268,
509548269,CF01267-014,2600865,GB-POD-032,Warren Maruyama Subject Files,CF01267,Mexico [2],9999-12-31,9999-12-31,Date not established,unknown,Finding aid supplies no file-unit date,Trade Policy and Market Access,Boundary,Boundary review,Restricted - Possibly,Records may be closed under exemptions of the Presidential Records Act (PRA) and the Freedom of Information Act (FOIA). Withdrawal sheets in processed folders will indicate specific restrictions.,Unrestricted,not online,,,,,,,,0,,0,0,0,0,0,0,0,0,0,0,0,0,White House Office of Policy Development | Warren Maruyama Subject Files | NAFTA boundary,"Finding-aid lead retained because of functional trade or international-economic series. Review the folder document by document; the title does not establish document identity, selection value, or release completeness.",,"George H.W. Bush Library, Bush Presidential Records, White House Office of Policy Development, Warren Maruyama Subject Files, OA/ID CF01267–014, Mexico [2].",https://catalog.archives.gov/id/509548269,
509548270,CF01267-015,2600865,GB-POD-032,Warren Maruyama Subject Files,CF01267,PRC [People's Republic of China] [1],9999-12-31,9999-12-31,Date not established,unknown,Finding aid supplies no file-unit date,Trade Policy and Market Access,Consider,Volume XXX review,Restricted - Possibly,Records may be closed under exemptions of the Presidential Records Act (PRA) and the Freedom of Information Act (FOIA). Withdrawal sheets in processed folders will indicate specific restrictions.,Unrestricted,not online,,,,,,,,0,,0,0,0,0,0,0,0,0,0,0,0,0,White House Office of Policy Development | Warren Maruyama Subject Files,"Finding-aid lead retained because of functional trade or international-economic series. Review the folder document by document; the title does not establish document identity, selection value, or release completeness.",,"George H.W. Bush Library, Bush Presidential Records, White House Office of Policy Development, Warren Maruyama Subject Files, OA/ID CF01267–015, PRC [People's Republic of China] [1].",https://catalog.archives.gov/id/509548270,
509548271,CF01267-016,2600865,GB-POD-032,Warren Maruyama Subject Files,CF01267,PRC [People's Republic of China] [2],9999-12-31,9999-12-31,Date not established,unknown,Finding aid supplies no file-unit date,Trade Policy and Market Access,Consider,Volume XXX review,Restricted - Possibly,Records may be closed under exemptions of the Presidential Records Act (PRA) and the Freedom of Information Act (FOIA). Withdrawal sheets in processed folders will indicate specific restrictions.,Unrestricted,not online,,,,,,,,0,,0,0,0,0,0,0,0,0,0,0,0,0,White House Office of Policy Development | Warren Maruyama Subject Files,"Finding-aid lead retained because of functional trade or international-economic series. Review the folder document by document; the title does not establish document identity, selection value, or release completeness.",,"George H.W. Bush Library, Bush Presidential Records, White House Office of Policy Development, Warren Maruyama Subject Files, OA/ID CF01267–016, PRC [People's Republic of China] [2].",https://catalog.archives.gov/id/509548271,
509548272,CF01267-017,2600865,GB-POD-032,Warren Maruyama Subject Files,CF01267,Canada [1],9999-12-31,9999-12-31,Date not established,unknown,Finding aid supplies no file-unit date,Trade Policy and Market Access,Boundary,Boundary review,Restricted - Possibly,Records may be closed under exemptions of the Presidential Records Act (PRA) and the Freedom of Information Act (FOIA). Withdrawal sheets in processed folders will indicate specific restrictions.,Unrestricted,not online,,,,,,,,0,,0,0,0,0,0,0,0,0,0,0,0,0,White House Office of Policy Development | Warren Maruyama Subject Files | NAFTA boundary,"Finding-aid lead retained because of functional trade or international-economic series. Review the folder document by document; the title does not establish document identity, selection value, or release completeness.",,"George H.W. Bush Library, Bush Presidential Records, White House Office of Policy Development, Warren Maruyama Subject Files, OA/ID CF01267–017, Canada [1].",https://catalog.archives.gov/id/509548272,
509548273,CF01267-018,2600865,GB-POD-032,Warren Maruyama Subject Files,CF01267,Canada [2],9999-12-31,9999-12-31,Date not established,unknown,Finding aid supplies no file-unit date,Trade Policy and Market Access,Boundary,Boundary review,Restricted - Possibly,Records may be closed under exemptions of the Presidential Records Act (PRA) and the Freedom of Information Act (FOIA). Withdrawal sheets in processed folders will indicate specific restrictions.,Unrestricted,not online,,,,,,,,0,,0,0,0,0,0,0,0,0,0,0,0,0,White House Office of Policy Development | Warren Maruyama Subject Files | NAFTA boundary,"Finding-aid lead retained because of functional trade or international-economic series. Review the folder document by document; the title does not establish document identity, selection value, or release completeness.",,"George H.W. Bush Library, Bush Presidential Records, White House Office of Policy Development, Warren Maruyama Subject Files, OA/ID CF01267–018, Canada [2].",https://catalog.archives.gov/id/509548273,
509548274,CF01267-019,2600865,GB-POD-032,Warren Maruyama Subject Files,CF01267,Miscellaneous / 337 / GSP / Section 22,9999-12-31,9999-12-31,Date not established,unknown,Finding aid supplies no file-unit date,Trade Policy and Market Access,Consider,Volume XXX review,Restricted - Possibly,Records may be closed under exemptions of the Presidential Records Act (PRA) and the Freedom of Information Act (FOIA). Withdrawal sheets in processed folders will indicate specific restrictions.,Unrestricted,not online,,,,,,,,0,,0,0,0,0,0,0,0,0,0,0,0,0,White House Office of Policy Development | Warren Maruyama Subject Files,"Finding-aid lead retained because of functional trade or international-economic series. Review the folder document by document; the title does not establish document identity, selection value, or release completeness.",,"George H.W. Bush Library, Bush Presidential Records, White House Office of Policy Development, Warren Maruyama Subject Files, OA/ID CF01267–019, Miscellaneous / 337 / GSP / Section 22.",https://catalog.archives.gov/id/509548274,
509548275,CF01267-020,2600865,GB-POD-032,Warren Maruyama Subject Files,CF01267,Airbus,9999-12-31,9999-12-31,Date not established,unknown,Finding aid supplies no file-unit date,Trade Policy and Market Access,Consider,Volume XXX review,Restricted - Possibly,Records may be closed under exemptions of the Presidential Records Act (PRA) and the Freedom of Information Act (FOIA). Withdrawal sheets in processed folders will indicate specific restrictions.,Unrestricted,not online,,,,,,,,0,,0,0,0,0,0,0,0,0,0,0,0,0,White House Office of Policy Development | Warren Maruyama Subject Files,"Finding-aid lead retained because of functional trade or international-economic series. Review the folder document by document; the title does not establish document identity, selection value, or release completeness.",,"George H.W. Bush Library, Bush Presidential Records, White House Office of Policy Development, Warren Maruyama Subject Files, OA/ID CF01267–020, Airbus.",https://catalog.archives.gov/id/509548275,
509548276,CF01267-021,2600865,GB-POD-032,Warren Maruyama Subject Files,CF01267,ASEAN [Association of Southeast Asian Nations] / Australia / APEC [1],9999-12-31,9999-12-31,Date not established,unknown,Finding aid supplies no file-unit date,Trade Policy and Market Access,Consider,Volume XXX review,Restricted - Possibly,Records may be closed under exemptions of the Presidential Records Act (PRA) and the Freedom of Information Act (FOIA). Withdrawal sheets in processed folders will indicate specific restrictions.,Unrestricted,not online,,,,,,,,0,,0,0,0,0,0,0,0,0,0,0,0,0,White House Office of Policy Development | Warren Maruyama Subject Files,"Finding-aid lead retained because of functional trade or international-economic series. Review the folder document by document; the title does not establish document identity, selection value, or release completeness.",,"George H.W. Bush Library, Bush Presidential Records, White House Office of Policy Development, Warren Maruyama Subject Files, OA/ID CF01267–021, ASEAN [Association of Southeast Asian Nations] / Australia / APEC [1].",https://catalog.archives.gov/id/509548276,
509548277,CF01267-022,2600865,GB-POD-032,Warren Maruyama Subject Files,CF01267,ASEAN [Association of Southeast Asian Nations] / Australia / APEC [2],9999-12-31,9999-12-31,Date not established,unknown,Finding aid supplies no file-unit date,Trade Policy and Market Access,Consider,Volume XXX review,Restricted - Possibly,Records may be closed under exemptions of the Presidential Records Act (PRA) and the Freedom of Information Act (FOIA). Withdrawal sheets in processed folders will indicate specific restrictions.,Unrestricted,not online,,,,,,,,0,,0,0,0,0,0,0,0,0,0,0,0,0,White House Office of Policy Development | Warren Maruyama Subject Files,"Finding-aid lead retained because of functional trade or international-economic series. Review the folder document by document; the title does not establish document identity, selection value, or release completeness.",,"George H.W. Bush Library, Bush Presidential Records, White House Office of Policy Development, Warren Maruyama Subject Files, OA/ID CF01267–022, ASEAN [Association of Southeast Asian Nations] / Australia / APEC [2].",https://catalog.archives.gov/id/509548277,
509548278,CF01267-023,2600865,GB-POD-032,Warren Maruyama Subject Files,CF01267,Trade Policy [1],9999-12-31,9999-12-31,Date not established,unknown,Finding aid supplies no file-unit date,Trade Policy and Market Access,Core,Volume XXX review,Restricted - Possibly,Records may be closed under exemptions of the Presidential Records Act (PRA) and the Freedom of Information Act (FOIA). Withdrawal sheets in processed folders will indicate specific restrictions.,Unrestricted,not online,,,,,,,,0,,0,0,0,0,0,0,0,0,0,0,0,0,White House Office of Policy Development | Warren Maruyama Subject Files | Trade policy,"Finding-aid lead retained because of functional trade or international-economic series, foreign-economic title terms. Review the folder document by document; the title does not establish document identity, selection value, or release completeness.",,"George H.W. Bush Library, Bush Presidential Records, White House Office of Policy Development, Warren Maruyama Subject Files, OA/ID CF01267–023, Trade Policy [1].",https://catalog.archives.gov/id/509548278,
509548279,CF01267-024,2600865,GB-POD-032,Warren Maruyama Subject Files,CF01267,Trade Policy [2],9999-12-31,9999-12-31,Date not established,unknown,Finding aid supplies no file-unit date,Trade Policy and Market Access,Core,Volume XXX review,Restricted - Possibly,Records may be closed under exemptions of the Presidential Records Act (PRA) and the Freedom of Information Act (FOIA). Withdrawal sheets in processed folders will indicate specific restrictions.,Unrestricted,not online,,,,,,,,0,,0,0,0,0,0,0,0,0,0,0,0,0,White House Office of Policy Development | Warren Maruyama Subject Files | Trade policy,"Finding-aid lead retained because of functional trade or international-economic series, foreign-economic title terms. Review the folder document by document; the title does not establish document identity, selection value, or release completeness.",,"George H.W. Bush Library, Bush Presidential Records, White House Office of Policy Development, Warren Maruyama Subject Files, OA/ID CF01267–024, Trade Policy [2].",https://catalog.archives.gov/id/509548279,
509548280,CF01267-025,2600865,GB-POD-032,Warren Maruyama Subject Files,CF01267,Trade Policy [3],9999-12-31,9999-12-31,Date not established,unknown,Finding aid supplies no file-unit date,Trade Policy and Market Access,Core,Volume XXX review,Restricted - Possibly,Records may be closed under exemptions of the Presidential Records Act (PRA) and the Freedom of Information Act (FOIA). Withdrawal sheets in processed folders will indicate specific restrictions.,Unrestricted,not online,,,,,,,,0,,0,0,0,0,0,0,0,0,0,0,0,0,White House Office of Policy Development | Warren Maruyama Subject Files | Trade policy,"Finding-aid lead retained because of functional trade or international-economic series, foreign-economic title terms. Review the folder document by document; the title does not establish document identity, selection value, or release completeness.",,"George H.W. Bush Library, Bush Presidential Records, White House Office of Policy Development, Warren Maruyama Subject Files, OA/ID CF01267–025, Trade Policy [3].",https://catalog.archives.gov/id/509548280,
509548281,CF01267-026,2600865,GB-POD-032,Warren Maruyama Subject Files,CF01267,Trade Policy [4],9999-12-31,9999-12-31,Date not established,unknown,Finding aid supplies no file-unit date,Trade Policy and Market Access,Core,Volume XXX review,Restricted - Possibly,Records may be closed under exemptions of the Presidential Records Act (PRA) and the Freedom of Information Act (FOIA). Withdrawal sheets in processed folders will indicate specific restrictions.,Unrestricted,not online,,,,,,,,0,,0,0,0,0,0,0,0,0,0,0,0,0,White House Office of Policy Development | Warren Maruyama Subject Files | Trade policy,"Finding-aid lead retained because of functional trade or international-economic series, foreign-economic title terms. Review the folder document by document; the title does not establish document identity, selection value, or release completeness.",,"George H.W. Bush Library, Bush Presidential Records, White House Office of Policy Development, Warren Maruyama Subject Files, OA/ID CF01267–026, Trade Policy [4].",https://catalog.archives.gov/id/509548281,
