"id","date","displayDateLabel","datePrecision","title","seriesTitle","heading","dateline","type","subjectArea","selection","releaseStatus","extentLabel","classification","naid","localId","sourceNoteStatus","sourceNoteBasis","archivalLocator","topics","notes","catalogUrl","pdfUrl"
"policy-development-653628647","1989-01-01","January-February 1989","range","Porter - Jan-Feb-89 [January-February 1989]","Roger Porter's Chronological Files","White House Office of Policy Development File: Porter - Jan-Feb-89 [January-February 1989]","January-February 1989","White House Office of Policy Development file","Trade Policy and Market Access","Consider","Online file unit; document boundaries not yet split","Online PDF; page extent and document boundaries not yet verified","Not determined at document level","653628647","05841–001","locator","Collection provenance checked on page 1 of the Bush Library finding aid; opening file-marker text checked in NARA OCR. This remains a file-unit locator pending document identity, heading, dateline, extent, release state, terminal markings, and controlling-copy review in the source images.","George H.W. Bush Library, Bush Presidential Records, White House Office of Policy Development, Roger Porter's Chronological Files, OA/ID 05841–001, Porter - Jan-Feb-89 [January-February 1989].","White House Office of Policy Development; Roger Porter's Chronological Files","Finding-aid lead retained because of online Roger Porter chronological file requiring document-level screening. Review the folder document by document; the title does not establish document identity, selection value, or release completeness. Access status in the Catalog: Unrestricted.","https://catalog.archives.gov/id/653628647","https://catalog.archives.gov/medialz/presidential-libraries/bush/gb-pod/porter/chron_633663627/41-bpr-poldev-porter-chron-05841-001.pdf"
"policy-development-509546686","1989-01-01","January 1, 1989-December 31, 1989","range","Steel VRA - POTUS Decision (1989)","Warren Maruyama Subject Files","White House Office of Policy Development File: Steel VRA - POTUS Decision (1989)","January 1, 1989-December 31, 1989","White House Office of Policy Development file","Trade Policy and Market Access","Core","Catalog file unit; on-site document review required","On-site file unit; document and page extents not established","Not determined at document level","509546686","07408–011","locator","Collection provenance checked on page 1 of the Bush Library finding aid and the file-unit hierarchy checked in the NARA Catalog. No online PDF is available; this remains an archival locator pending on-site document review.","George H.W. Bush Library, Bush Presidential Records, White House Office of Policy Development, Warren Maruyama Subject Files, OA/ID 07408–011, Steel VRA - POTUS Decision (1989).","White House Office of Policy Development; Warren Maruyama Subject Files","Finding-aid lead retained because of functional trade or international-economic series, foreign-economic title terms. Review the folder document by document; the title does not establish document identity, selection value, or release completeness. Access status in the Catalog: Restricted - Possibly.","https://catalog.archives.gov/id/509546686",""
"policy-development-509548133","1989-01-01","January 1, 1989-December 31, 1989","range","Trade Chron Files: 1989","Stephen P. Farrar Trade Files","White House Office of Policy Development File: Trade Chron Files: 1989","January 1, 1989-December 31, 1989","White House Office of Policy Development file","Trade Policy and Market Access","Consider","Catalog file unit; on-site document review required","On-site file unit; document and page extents not established","Not determined at document level","509548133","CF01119–001","locator","Collection provenance checked on page 1 of the Bush Library finding aid and the file-unit hierarchy checked in the NARA Catalog. No online PDF is available; this remains an archival locator pending on-site document review.","George H.W. Bush Library, Bush Presidential Records, White House Office of Policy Development, Stephen P. Farrar Trade Files, OA/ID CF01119–001, Trade Chron Files: 1989.","White House Office of Policy Development; Stephen P. Farrar Trade Files; Trade policy","Finding-aid lead retained because of functional trade or international-economic series, foreign-economic title terms. Review the folder document by document; the title does not establish document identity, selection value, or release completeness. Access status in the Catalog: Restricted - Possibly.","https://catalog.archives.gov/id/509548133",""
"policy-development-653628649","1989-03-01","March 1989","month","Porter - Mar 89 [March 1989]","Roger Porter's Chronological Files","White House Office of Policy Development File: Porter - Mar 89 [March 1989]","March 1989","White House Office of Policy Development file","Trade Policy and Market Access","Consider","Online file unit; document boundaries not yet split","Online PDF; page extent and document boundaries not yet verified","Not determined at document level","653628649","05841–002","locator","Collection provenance checked on page 1 of the Bush Library finding aid; opening file-marker text checked in NARA OCR. This remains a file-unit locator pending document identity, heading, dateline, extent, release state, terminal markings, and controlling-copy review in the source images.","George H.W. Bush Library, Bush Presidential Records, White House Office of Policy Development, Roger Porter's Chronological Files, OA/ID 05841–002, Porter - Mar 89 [March 1989].","White House Office of Policy Development; Roger Porter's Chronological Files","Finding-aid lead retained because of online Roger Porter chronological file requiring document-level screening. Review the folder document by document; the title does not establish document identity, selection value, or release completeness. Access status in the Catalog: Unrestricted.","https://catalog.archives.gov/id/653628649","https://catalog.archives.gov/medialz/presidential-libraries/bush/gb-pod/porter/chron_633663627/41-bpr-poldev-porter-chron-05841-002.pdf"
"policy-development-653628651","1989-04-01","April 1989","month","Porter - Apr-89 [April 1989]","Roger Porter's Chronological Files","White House Office of Policy Development File: Porter - Apr-89 [April 1989]","April 1989","White House Office of Policy Development file","Trade Policy and Market Access","Consider","Online file unit; document boundaries not yet split","Online PDF; page extent and document boundaries not yet verified","Not determined at document level","653628651","05841–003","locator","Collection provenance checked on page 1 of the Bush Library finding aid; opening file-marker text checked in NARA OCR. This remains a file-unit locator pending document identity, heading, dateline, extent, release state, terminal markings, and controlling-copy review in the source images.","George H.W. Bush Library, Bush Presidential Records, White House Office of Policy Development, Roger Porter's Chronological Files, OA/ID 05841–003, Porter - Apr-89 [April 1989].","White House Office of Policy Development; Roger Porter's Chronological Files","Finding-aid lead retained because of online Roger Porter chronological file requiring document-level screening. Review the folder document by document; the title does not establish document identity, selection value, or release completeness. Access status in the Catalog: Unrestricted.","https://catalog.archives.gov/id/653628651","https://catalog.archives.gov/medialz/presidential-libraries/bush/gb-pod/porter/chron_633663627/41-bpr-poldev-porter-chron-05841-003.pdf"
"policy-development-653628653","1989-05-01","May-June 1989","range","Porter - May-June-89 [1989]","Roger Porter's Chronological Files","White House Office of Policy Development File: Porter - May-June-89 [1989]","May-June 1989","White House Office of Policy Development file","Trade Policy and Market Access","Consider","Online file unit; document boundaries not yet split","Online PDF; page extent and document boundaries not yet verified","Not determined at document level","653628653","05841–004","locator","Collection provenance checked on page 1 of the Bush Library finding aid; opening file-marker text checked in NARA OCR. This remains a file-unit locator pending document identity, heading, dateline, extent, release state, terminal markings, and controlling-copy review in the source images.","George H.W. Bush Library, Bush Presidential Records, White House Office of Policy Development, Roger Porter's Chronological Files, OA/ID 05841–004, Porter - May-June-89 [1989].","White House Office of Policy Development; Roger Porter's Chronological Files","Finding-aid lead retained because of online Roger Porter chronological file requiring document-level screening. Review the folder document by document; the title does not establish document identity, selection value, or release completeness. Access status in the Catalog: Unrestricted.","https://catalog.archives.gov/id/653628653","https://catalog.archives.gov/medialz/presidential-libraries/bush/gb-pod/porter/chron_633663627/41-bpr-poldev-porter-chron-05841-004.pdf"
"policy-development-653628655","1989-07-01","July 1989","month","July 1989 Porter","Roger Porter's Chronological Files","White House Office of Policy Development File: July 1989 Porter","July 1989","White House Office of Policy Development file","Trade Policy and Market Access","Consider","Online file unit; document boundaries not yet split","Online PDF; page extent and document boundaries not yet verified","Not determined at document level","653628655","05841–005","locator","Collection provenance checked on page 1 of the Bush Library finding aid; opening file-marker text checked in NARA OCR. This remains a file-unit locator pending document identity, heading, dateline, extent, release state, terminal markings, and controlling-copy review in the source images.","George H.W. Bush Library, Bush Presidential Records, White House Office of Policy Development, Roger Porter's Chronological Files, OA/ID 05841–005, July 1989 Porter.","White House Office of Policy Development; Roger Porter's Chronological Files","Finding-aid lead retained because of online Roger Porter chronological file requiring document-level screening. Review the folder document by document; the title does not establish document identity, selection value, or release completeness. Access status in the Catalog: Restricted - Partly.","https://catalog.archives.gov/id/653628655","https://catalog.archives.gov/medialz/presidential-libraries/bush/gb-pod/porter/chron_633663627/41-bpr-poldev-porter-chron-05841-005.pdf"
"policy-development-285411053","1989-07-01","July 1989","month","Global Climate Research [Our Changing Planet: The FY 1990 Research Plan 7/89] [2 copies]","Ed Goldstein Subject Files","White House Office of Policy Development File: Global Climate Research [Our Changing Planet: The FY 1990 Research Plan 7/89] [2 copies]","July 1989","White House Office of Policy Development file","Economic Summits and Industrialized-Country Cooperation","Consider","Online file unit; document boundaries not yet split","Online PDF; page extent and document boundaries not yet verified","Not determined at document level","285411053","06682–021","locator","Collection provenance checked on page 1 of the Bush Library finding aid; opening file-marker text checked in NARA OCR. This remains a file-unit locator pending document identity, heading, dateline, extent, release state, terminal markings, and controlling-copy review in the source images.","George H.W. Bush Library, Bush Presidential Records, White House Office of Policy Development, Ed Goldstein Subject Files, OA/ID 06682–021, Global Climate Research [Our Changing Planet: The FY 1990 Research Plan 7/89] [2 copies].","White House Office of Policy Development; Ed Goldstein Subject Files","Finding-aid lead retained because of global climate or summit-environment title terms. Review the folder document by document; the title does not establish document identity, selection value, or release completeness. Access status in the Catalog: Restricted - Possibly.","https://catalog.archives.gov/id/285411053","https://catalog.archives.gov/medialz/presidential-libraries/bush/foia/2017/41-bpr-poldev-goldstein-06682-021.pdf"
"policy-development-653628657","1989-08-01","August 1989","month","Porter - Aug [August] 1989","Roger Porter's Chronological Files","White House Office of Policy Development File: Porter - Aug [August] 1989","August 1989","White House Office of Policy Development file","Trade Policy and Market Access","Consider","Online file unit; document boundaries not yet split","Online PDF; page extent and document boundaries not yet verified","Not determined at document level","653628657","05841–006","locator","Collection provenance checked on page 1 of the Bush Library finding aid; opening file-marker text checked in NARA OCR. This remains a file-unit locator pending document identity, heading, dateline, extent, release state, terminal markings, and controlling-copy review in the source images.","George H.W. Bush Library, Bush Presidential Records, White House Office of Policy Development, Roger Porter's Chronological Files, OA/ID 05841–006, Porter - Aug [August] 1989.","White House Office of Policy Development; Roger Porter's Chronological Files","Finding-aid lead retained because of online Roger Porter chronological file requiring document-level screening. Review the folder document by document; the title does not establish document identity, selection value, or release completeness. Access status in the Catalog: Unrestricted.","https://catalog.archives.gov/id/653628657","https://catalog.archives.gov/medialz/presidential-libraries/bush/gb-pod/porter/chron_633663627/41-bpr-poldev-porter-chron-05841-006.pdf"
"policy-development-653628659","1989-09-01","September 1989","month","Porter -  Sept [September] 1989","Roger Porter's Chronological Files","White House Office of Policy Development File: Porter -  Sept [September] 1989","September 1989","White House Office of Policy Development file","Trade Policy and Market Access","Consider","Online file unit; document boundaries not yet split","Online PDF; page extent and document boundaries not yet verified","Not determined at document level","653628659","05841–007","locator","Collection provenance checked on page 1 of the Bush Library finding aid; opening file-marker text checked in NARA OCR. This remains a file-unit locator pending document identity, heading, dateline, extent, release state, terminal markings, and controlling-copy review in the source images.","George H.W. Bush Library, Bush Presidential Records, White House Office of Policy Development, Roger Porter's Chronological Files, OA/ID 05841–007, Porter -  Sept [September] 1989.","White House Office of Policy Development; Roger Porter's Chronological Files","Finding-aid lead retained because of online Roger Porter chronological file requiring document-level screening. Review the folder document by document; the title does not establish document identity, selection value, or release completeness. Access status in the Catalog: Unrestricted.","https://catalog.archives.gov/id/653628659","https://catalog.archives.gov/medialz/presidential-libraries/bush/gb-pod/porter/chron_633663627/41-bpr-poldev-porter-chron-05841-007.pdf"
"policy-development-653628661","1989-10-01","October 1989","month","Porter - Oct [October] 1989","Roger Porter's Chronological Files","White House Office of Policy Development File: Porter - Oct [October] 1989","October 1989","White House Office of Policy Development file","Trade Policy and Market Access","Consider","Online file unit; document boundaries not yet split","Online PDF; page extent and document boundaries not yet verified","Not determined at document level","653628661","05841–008","locator","Collection provenance checked on page 1 of the Bush Library finding aid; opening file-marker text checked in NARA OCR. This remains a file-unit locator pending document identity, heading, dateline, extent, release state, terminal markings, and controlling-copy review in the source images.","George H.W. Bush Library, Bush Presidential Records, White House Office of Policy Development, Roger Porter's Chronological Files, OA/ID 05841–008, Porter - Oct [October] 1989.","White House Office of Policy Development; Roger Porter's Chronological Files","Finding-aid lead retained because of online Roger Porter chronological file requiring document-level screening. Review the folder document by document; the title does not establish document identity, selection value, or release completeness. Access status in the Catalog: Unrestricted.","https://catalog.archives.gov/id/653628661","https://catalog.archives.gov/medialz/presidential-libraries/bush/gb-pod/porter/chron_633663627/41-bpr-poldev-porter-chron-05841-008.pdf"
"policy-development-509545336","1989-10-20","October 20, 1989","day","DPC Global Warming Meeting - 10/20/89","Nancy Maloley Subject Files","White House Office of Policy Development File: DPC Global Warming Meeting - 10/20/89","October 20, 1989","White House Office of Policy Development file","Economic Summits and Industrialized-Country Cooperation","Consider","Catalog file unit; on-site document review required","On-site file unit; document and page extents not established","Not determined at document level","509545336","04153–019","locator","Collection provenance checked on page 1 of the Bush Library finding aid and the file-unit hierarchy checked in the NARA Catalog. No online PDF is available; this remains an archival locator pending on-site document review.","George H.W. Bush Library, Bush Presidential Records, White House Office of Policy Development, Nancy Maloley Subject Files, OA/ID 04153–019, DPC Global Warming Meeting - 10/20/89.","White House Office of Policy Development; Nancy Maloley Subject Files; Global environment","Finding-aid lead retained because of global climate or summit-environment title terms. Review the folder document by document; the title does not establish document identity, selection value, or release completeness. Access status in the Catalog: Restricted - Possibly.","https://catalog.archives.gov/id/509545336",""
"policy-development-653628663","1989-11-01","November 1989","month","Porter - Nov [November] 1989","Roger Porter's Chronological Files","White House Office of Policy Development File: Porter - Nov [November] 1989","November 1989","White House Office of Policy Development file","Trade Policy and Market Access","Consider","Online file unit; document boundaries not yet split","Online PDF; page extent and document boundaries not yet verified","Not determined at document level","653628663","05841–009","locator","Collection provenance checked on page 1 of the Bush Library finding aid; opening file-marker text checked in NARA OCR. This remains a file-unit locator pending document identity, heading, dateline, extent, release state, terminal markings, and controlling-copy review in the source images.","George H.W. Bush Library, Bush Presidential Records, White House Office of Policy Development, Roger Porter's Chronological Files, OA/ID 05841–009, Porter - Nov [November] 1989.","White House Office of Policy Development; Roger Porter's Chronological Files","Finding-aid lead retained because of online Roger Porter chronological file requiring document-level screening. Review the folder document by document; the title does not establish document identity, selection value, or release completeness. Access status in the Catalog: Unrestricted.","https://catalog.archives.gov/id/653628663","https://catalog.archives.gov/medialz/presidential-libraries/bush/gb-pod/porter/chron_633663627/41-bpr-poldev-porter-chron-05841-009.pdf"
"policy-development-509545457","1989-11-28","November 28, 1989","day","EPC Meeting: Oil Export Study, 11/28/89","J. French Hill 1990 EPC Meetings Files","White House Office of Policy Development File: EPC Meeting: Oil Export Study, 11/28/89","November 28, 1989","White House Office of Policy Development file","Trade Policy and Market Access","Core","Catalog file unit; on-site document review required","On-site file unit; document and page extents not established","Not determined at document level","509545457","04824–004","locator","Collection provenance checked on page 1 of the Bush Library finding aid and the file-unit hierarchy checked in the NARA Catalog. No online PDF is available; this remains an archival locator pending on-site document review.","George H.W. Bush Library, Bush Presidential Records, White House Office of Policy Development, J. French Hill 1990 EPC Meetings Files, OA/ID 04824–004, EPC Meeting: Oil Export Study, 11/28/89.","White House Office of Policy Development; J. French Hill 1990 EPC Meetings Files","Finding-aid lead retained because of foreign-economic title terms. Review the folder document by document; the title does not establish document identity, selection value, or release completeness. Access status in the Catalog: Restricted - Possibly.","https://catalog.archives.gov/id/509545457",""
"policy-development-653628665","1989-12-01","December 1989","month","Porter - Dec 89 [December 1989]","Roger Porter's Chronological Files","White House Office of Policy Development File: Porter - Dec 89 [December 1989]","December 1989","White House Office of Policy Development file","Trade Policy and Market Access","Consider","Online file unit; document boundaries not yet split","Online PDF; page extent and document boundaries not yet verified","Not determined at document level","653628665","05841–010","locator","Collection provenance checked on page 1 of the Bush Library finding aid; opening file-marker text checked in NARA OCR. This remains a file-unit locator pending document identity, heading, dateline, extent, release state, terminal markings, and controlling-copy review in the source images.","George H.W. Bush Library, Bush Presidential Records, White House Office of Policy Development, Roger Porter's Chronological Files, OA/ID 05841–010, Porter - Dec 89 [December 1989].","White House Office of Policy Development; Roger Porter's Chronological Files","Finding-aid lead retained because of online Roger Porter chronological file requiring document-level screening. Review the folder document by document; the title does not establish document identity, selection value, or release completeness. Access status in the Catalog: Unrestricted.","https://catalog.archives.gov/id/653628665","https://catalog.archives.gov/medialz/presidential-libraries/bush/gb-pod/porter/chron_633663627/41-bpr-poldev-porter-chron-05841-010.pdf"
"policy-development-285411055","1989-12-01","December 1989","month","EPA - Global Climate Change [The Potential for Global Climate Change on the United States 12/89]","Ed Goldstein Subject Files","White House Office of Policy Development File: EPA - Global Climate Change [The Potential for Global Climate Change on the United States 12/89]","December 1989","White House Office of Policy Development file","Economic Summits and Industrialized-Country Cooperation","Consider","Online file unit; document boundaries not yet split","Online PDF; page extent and document boundaries not yet verified","Not determined at document level","285411055","06683–004","locator","Collection provenance checked on page 1 of the Bush Library finding aid; opening file-marker text checked in NARA OCR. This remains a file-unit locator pending document identity, heading, dateline, extent, release state, terminal markings, and controlling-copy review in the source images.","George H.W. Bush Library, Bush Presidential Records, White House Office of Policy Development, Ed Goldstein Subject Files, OA/ID 06683–004, EPA - Global Climate Change [The Potential for Global Climate Change on the United States 12/89].","White House Office of Policy Development; Ed Goldstein Subject Files; Global environment","Finding-aid lead retained because of global climate or summit-environment title terms. Review the folder document by document; the title does not establish document identity, selection value, or release completeness. Access status in the Catalog: Restricted - Possibly.","https://catalog.archives.gov/id/285411055","https://catalog.archives.gov/medialz/presidential-libraries/bush/foia/2017/41-bpr-poldev-goldstein-06683-004.pdf"
"policy-development-653628667","1990-01-01","January 1990","month","Porter - Jan 90 [January 1990]","Roger Porter's Chronological Files","White House Office of Policy Development File: Porter - Jan 90 [January 1990]","January 1990","White House Office of Policy Development file","Trade Policy and Market Access","Consider","Online file unit; document boundaries not yet split","Online PDF; page extent and document boundaries not yet verified","Not determined at document level","653628667","05841–011","locator","Collection provenance checked on page 1 of the Bush Library finding aid; opening file-marker text checked in NARA OCR. This remains a file-unit locator pending document identity, heading, dateline, extent, release state, terminal markings, and controlling-copy review in the source images.","George H.W. Bush Library, Bush Presidential Records, White House Office of Policy Development, Roger Porter's Chronological Files, OA/ID 05841–011, Porter - Jan 90 [January 1990].","White House Office of Policy Development; Roger Porter's Chronological Files","Finding-aid lead retained because of online Roger Porter chronological file requiring document-level screening. Review the folder document by document; the title does not establish document identity, selection value, or release completeness. Access status in the Catalog: Unrestricted.","https://catalog.archives.gov/id/653628667","https://catalog.archives.gov/medialz/presidential-libraries/bush/gb-pod/porter/chron_633663627/41-bpr-poldev-porter-chron-05841-011.pdf"
"policy-development-509548134","1990-01-01","January 1, 1990-December 31, 1990","range","Trade Chron Files: 1990","Stephen P. Farrar Trade Files","White House Office of Policy Development File: Trade Chron Files: 1990","January 1, 1990-December 31, 1990","White House Office of Policy Development file","Trade Policy and Market Access","Consider","Catalog file unit; on-site document review required","On-site file unit; document and page extents not established","Not determined at document level","509548134","CF01119–002","locator","Collection provenance checked on page 1 of the Bush Library finding aid and the file-unit hierarchy checked in the NARA Catalog. No online PDF is available; this remains an archival locator pending on-site document review.","George H.W. Bush Library, Bush Presidential Records, White House Office of Policy Development, Stephen P. Farrar Trade Files, OA/ID CF01119–002, Trade Chron Files: 1990.","White House Office of Policy Development; Stephen P. Farrar Trade Files; Trade policy","Finding-aid lead retained because of functional trade or international-economic series, foreign-economic title terms. Review the folder document by document; the title does not establish document identity, selection value, or release completeness. Access status in the Catalog: Restricted - Possibly.","https://catalog.archives.gov/id/509548134",""
"policy-development-653628669","1990-02-01","February 1990","month","Porter - Feb-90 [February 1990]","Roger Porter's Chronological Files","White House Office of Policy Development File: Porter - Feb-90 [February 1990]","February 1990","White House Office of Policy Development file","Trade Policy and Market Access","Consider","Online file unit; document boundaries not yet split","Online PDF; page extent and document boundaries not yet verified","Not determined at document level","653628669","05841–012","locator","Collection provenance checked on page 1 of the Bush Library finding aid; opening file-marker text checked in NARA OCR. This remains a file-unit locator pending document identity, heading, dateline, extent, release state, terminal markings, and controlling-copy review in the source images.","George H.W. Bush Library, Bush Presidential Records, White House Office of Policy Development, Roger Porter's Chronological Files, OA/ID 05841–012, Porter - Feb-90 [February 1990].","White House Office of Policy Development; Roger Porter's Chronological Files","Finding-aid lead retained because of online Roger Porter chronological file requiring document-level screening. Review the folder document by document; the title does not establish document identity, selection value, or release completeness. Access status in the Catalog: Unrestricted.","https://catalog.archives.gov/id/653628669","https://catalog.archives.gov/medialz/presidential-libraries/bush/gb-pod/porter/chron_633663627/41-bpr-poldev-porter-chron-05841-012.pdf"
"policy-development-509545498","1990-02-05","February 5, 1990","day","Intergovernmental Panel on Climate Change 2/5/90","James Pinkerton Chronological Files","White House Office of Policy Development File: Intergovernmental Panel on Climate Change 2/5/90","February 5, 1990","White House Office of Policy Development file","Economic Summits and Industrialized-Country Cooperation","Consider","Catalog file unit; on-site document review required","On-site file unit; document and page extents not established","Not determined at document level","509545498","04939–094","locator","Collection provenance checked on page 1 of the Bush Library finding aid and the file-unit hierarchy checked in the NARA Catalog. No online PDF is available; this remains an archival locator pending on-site document review.","George H.W. Bush Library, Bush Presidential Records, White House Office of Policy Development, James Pinkerton Chronological Files, OA/ID 04939–094, Intergovernmental Panel on Climate Change 2/5/90.","White House Office of Policy Development; James Pinkerton Chronological Files; Global environment","Finding-aid lead retained because of global climate or summit-environment title terms. Review the folder document by document; the title does not establish document identity, selection value, or release completeness. Access status in the Catalog: Restricted - Possibly.","https://catalog.archives.gov/id/509545498",""
"policy-development-653628671","1990-03-01","March 1990","month","Porter - Mar 90 [March 1990]","Roger Porter's Chronological Files","White House Office of Policy Development File: Porter - Mar 90 [March 1990]","March 1990","White House Office of Policy Development file","Trade Policy and Market Access","Consider","Online file unit; document boundaries not yet split","Online PDF; page extent and document boundaries not yet verified","Not determined at document level","653628671","05841–013","locator","Collection provenance checked on page 1 of the Bush Library finding aid; opening file-marker text checked in NARA OCR. This remains a file-unit locator pending document identity, heading, dateline, extent, release state, terminal markings, and controlling-copy review in the source images.","George H.W. Bush Library, Bush Presidential Records, White House Office of Policy Development, Roger Porter's Chronological Files, OA/ID 05841–013, Porter - Mar 90 [March 1990].","White House Office of Policy Development; Roger Porter's Chronological Files","Finding-aid lead retained because of online Roger Porter chronological file requiring document-level screening. Review the folder document by document; the title does not establish document identity, selection value, or release completeness. Access status in the Catalog: Unrestricted.","https://catalog.archives.gov/id/653628671","https://catalog.archives.gov/medialz/presidential-libraries/bush/gb-pod/porter/chron_633663627/41-bpr-poldev-porter-chron-05841-013.pdf"
"policy-development-653628673","1990-04-01","April 1990","month","Porter - Apr-90 [April 1990]","Roger Porter's Chronological Files","White House Office of Policy Development File: Porter - Apr-90 [April 1990]","April 1990","White House Office of Policy Development file","Trade Policy and Market Access","Consider","Online file unit; document boundaries not yet split","Online PDF; page extent and document boundaries not yet verified","Not determined at document level","653628673","05841–014","locator","Collection provenance checked on page 1 of the Bush Library finding aid; opening file-marker text checked in NARA OCR. This remains a file-unit locator pending document identity, heading, dateline, extent, release state, terminal markings, and controlling-copy review in the source images.","George H.W. Bush Library, Bush Presidential Records, White House Office of Policy Development, Roger Porter's Chronological Files, OA/ID 05841–014, Porter - Apr-90 [April 1990].","White House Office of Policy Development; Roger Porter's Chronological Files","Finding-aid lead retained because of online Roger Porter chronological file requiring document-level screening. Review the folder document by document; the title does not establish document identity, selection value, or release completeness. Access status in the Catalog: Unrestricted.","https://catalog.archives.gov/id/653628673","https://catalog.archives.gov/medialz/presidential-libraries/bush/gb-pod/porter/chron_633663627/41-bpr-poldev-porter-chron-05841-014.pdf"
"policy-development-653628675","1990-05-01","May 1990","month","Porter - May 90 [1990]","Roger Porter's Chronological Files","White House Office of Policy Development File: Porter - May 90 [1990]","May 1990","White House Office of Policy Development file","Trade Policy and Market Access","Consider","Online file unit; document boundaries not yet split","Online PDF; page extent and document boundaries not yet verified","Not determined at document level","653628675","05841–015","locator","Collection provenance checked on page 1 of the Bush Library finding aid; opening file-marker text checked in NARA OCR. This remains a file-unit locator pending document identity, heading, dateline, extent, release state, terminal markings, and controlling-copy review in the source images.","George H.W. Bush Library, Bush Presidential Records, White House Office of Policy Development, Roger Porter's Chronological Files, OA/ID 05841–015, Porter - May 90 [1990].","White House Office of Policy Development; Roger Porter's Chronological Files","Finding-aid lead retained because of online Roger Porter chronological file requiring document-level screening. Review the folder document by document; the title does not establish document identity, selection value, or release completeness. Access status in the Catalog: Unrestricted.","https://catalog.archives.gov/id/653628675","https://catalog.archives.gov/medialz/presidential-libraries/bush/gb-pod/porter/chron_633663627/41-bpr-poldev-porter-chron-05841-015.pdf"
"policy-development-653628677","1990-06-01","June 1990","month","Porter - Jun 90 [June 1990]","Roger Porter's Chronological Files","White House Office of Policy Development File: Porter - Jun 90 [June 1990]","June 1990","White House Office of Policy Development file","Trade Policy and Market Access","Consider","Online file unit; document boundaries not yet split","Online PDF; page extent and document boundaries not yet verified","Not determined at document level","653628677","05841–016","locator","Collection provenance checked on page 1 of the Bush Library finding aid; opening file-marker text checked in NARA OCR. This remains a file-unit locator pending document identity, heading, dateline, extent, release state, terminal markings, and controlling-copy review in the source images.","George H.W. Bush Library, Bush Presidential Records, White House Office of Policy Development, Roger Porter's Chronological Files, OA/ID 05841–016, Porter - Jun 90 [June 1990].","White House Office of Policy Development; Roger Porter's Chronological Files","Finding-aid lead retained because of online Roger Porter chronological file requiring document-level screening. Review the folder document by document; the title does not establish document identity, selection value, or release completeness. Access status in the Catalog: Unrestricted.","https://catalog.archives.gov/id/653628677","https://catalog.archives.gov/medialz/presidential-libraries/bush/gb-pod/porter/chron_633663627/41-bpr-poldev-porter-chron-05841-016.pdf"
"policy-development-653628679","1990-07-01","July 1990","month","Porter - Jul 90 [July 1990]","Roger Porter's Chronological Files","White House Office of Policy Development File: Porter - Jul 90 [July 1990]","July 1990","White House Office of Policy Development file","Trade Policy and Market Access","Consider","Online file unit; document boundaries not yet split","Online PDF; page extent and document boundaries not yet verified","Not determined at document level","653628679","05841–017","locator","Collection provenance checked on page 1 of the Bush Library finding aid; opening file-marker text checked in NARA OCR. This remains a file-unit locator pending document identity, heading, dateline, extent, release state, terminal markings, and controlling-copy review in the source images.","George H.W. Bush Library, Bush Presidential Records, White House Office of Policy Development, Roger Porter's Chronological Files, OA/ID 05841–017, Porter - Jul 90 [July 1990].","White House Office of Policy Development; Roger Porter's Chronological Files","Finding-aid lead retained because of online Roger Porter chronological file requiring document-level screening. Review the folder document by document; the title does not establish document identity, selection value, or release completeness. Access status in the Catalog: Unrestricted.","https://catalog.archives.gov/id/653628679","https://catalog.archives.gov/medialz/presidential-libraries/bush/gb-pod/porter/chron_633663627/41-bpr-poldev-porter-chron-05841-017.pdf"
"policy-development-509545577","1990-07-09","July 9, 1990","day","G-7 Economic Summit - Houston, Texas 7/9/90","James Pinkerton Files","White House Office of Policy Development File: G-7 Economic Summit - Houston, Texas 7/9/90","July 9, 1990","White House Office of Policy Development file","Economic Summits and Industrialized-Country Cooperation","Core","Catalog file unit; on-site document review required","On-site file unit; document and page extents not established","Not determined at document level","509545577","04952–071","locator","Collection provenance checked on page 1 of the Bush Library finding aid and the file-unit hierarchy checked in the NARA Catalog. No online PDF is available; this remains an archival locator pending on-site document review.","George H.W. Bush Library, Bush Presidential Records, White House Office of Policy Development, James Pinkerton Files, OA/ID 04952–071, G-7 Economic Summit - Houston, Texas 7/9/90.","White House Office of Policy Development; James Pinkerton Files; Economic summits","Finding-aid lead retained because of foreign-economic title terms. Review the folder document by document; the title does not establish document identity, selection value, or release completeness. Access status in the Catalog: Restricted - Possibly.","https://catalog.archives.gov/id/509545577",""
"policy-development-653628681","1990-08-01","August 1990","month","Porter - Aug 90 [August 1990]","Roger Porter's Chronological Files","White House Office of Policy Development File: Porter - Aug 90 [August 1990]","August 1990","White House Office of Policy Development file","Trade Policy and Market Access","Consider","Online file unit; document boundaries not yet split","Online PDF; page extent and document boundaries not yet verified","Not determined at document level","653628681","05841–018","locator","Collection provenance checked on page 1 of the Bush Library finding aid; opening file-marker text checked in NARA OCR. This remains a file-unit locator pending document identity, heading, dateline, extent, release state, terminal markings, and controlling-copy review in the source images.","George H.W. Bush Library, Bush Presidential Records, White House Office of Policy Development, Roger Porter's Chronological Files, OA/ID 05841–018, Porter - Aug 90 [August 1990].","White House Office of Policy Development; Roger Porter's Chronological Files","Finding-aid lead retained because of online Roger Porter chronological file requiring document-level screening. Review the folder document by document; the title does not establish document identity, selection value, or release completeness. Access status in the Catalog: Unrestricted.","https://catalog.archives.gov/id/653628681","https://catalog.archives.gov/medialz/presidential-libraries/bush/gb-pod/porter/chron_633663627/41-bpr-poldev-porter-chron-05841-018.pdf"
"policy-development-653628683","1990-09-01","September 1990","month","Porter - Sept 90 [September 1990]","Roger Porter's Chronological Files","White House Office of Policy Development File: Porter - Sept 90 [September 1990]","September 1990","White House Office of Policy Development file","Trade Policy and Market Access","Consider","Online file unit; document boundaries not yet split","Online PDF; page extent and document boundaries not yet verified","Not determined at document level","653628683","05841–019","locator","Collection provenance checked on page 1 of the Bush Library finding aid; opening file-marker text checked in NARA OCR. This remains a file-unit locator pending document identity, heading, dateline, extent, release state, terminal markings, and controlling-copy review in the source images.","George H.W. Bush Library, Bush Presidential Records, White House Office of Policy Development, Roger Porter's Chronological Files, OA/ID 05841–019, Porter - Sept 90 [September 1990].","White House Office of Policy Development; Roger Porter's Chronological Files","Finding-aid lead retained because of online Roger Porter chronological file requiring document-level screening. Review the folder document by document; the title does not establish document identity, selection value, or release completeness. Access status in the Catalog: Unrestricted.","https://catalog.archives.gov/id/653628683","https://catalog.archives.gov/medialz/presidential-libraries/bush/gb-pod/porter/chron_633663627/41-bpr-poldev-porter-chron-05841-019.pdf"
"policy-development-653628685","1990-10-01","October 1990","month","Porter - Oct 90 [October 1990]","Roger Porter's Chronological Files","White House Office of Policy Development File: Porter - Oct 90 [October 1990]","October 1990","White House Office of Policy Development file","Trade Policy and Market Access","Consider","Online file unit; document boundaries not yet split","Online PDF; page extent and document boundaries not yet verified","Not determined at document level","653628685","05841–020","locator","Collection provenance checked on page 1 of the Bush Library finding aid; opening file-marker text checked in NARA OCR. This remains a file-unit locator pending document identity, heading, dateline, extent, release state, terminal markings, and controlling-copy review in the source images.","George H.W. Bush Library, Bush Presidential Records, White House Office of Policy Development, Roger Porter's Chronological Files, OA/ID 05841–020, Porter - Oct 90 [October 1990].","White House Office of Policy Development; Roger Porter's Chronological Files","Finding-aid lead retained because of online Roger Porter chronological file requiring document-level screening. Review the folder document by document; the title does not establish document identity, selection value, or release completeness. Access status in the Catalog: Unrestricted.","https://catalog.archives.gov/id/653628685","https://catalog.archives.gov/medialz/presidential-libraries/bush/gb-pod/porter/chron_633663627/41-bpr-poldev-porter-chron-05841-020.pdf"
"policy-development-653628687","1990-11-01","November 1990","month","Porter - Nov 90 [November 1990]","Roger Porter's Chronological Files","White House Office of Policy Development File: Porter - Nov 90 [November 1990]","November 1990","White House Office of Policy Development file","Trade Policy and Market Access","Consider","Online file unit; document boundaries not yet split","Online PDF; page extent and document boundaries not yet verified","Not determined at document level","653628687","05841–021","locator","Collection provenance checked on page 1 of the Bush Library finding aid; opening file-marker text checked in NARA OCR. This remains a file-unit locator pending document identity, heading, dateline, extent, release state, terminal markings, and controlling-copy review in the source images.","George H.W. Bush Library, Bush Presidential Records, White House Office of Policy Development, Roger Porter's Chronological Files, OA/ID 05841–021, Porter - Nov 90 [November 1990].","White House Office of Policy Development; Roger Porter's Chronological Files","Finding-aid lead retained because of online Roger Porter chronological file requiring document-level screening. Review the folder document by document; the title does not establish document identity, selection value, or release completeness. Access status in the Catalog: Unrestricted.","https://catalog.archives.gov/id/653628687","https://catalog.archives.gov/medialz/presidential-libraries/bush/gb-pod/porter/chron_633663627/41-bpr-poldev-porter-chron-05841-021.pdf"
"policy-development-653628689","1990-12-01","December 1990","month","Porter - Dec-90 [December 1990]","Roger Porter's Chronological Files","White House Office of Policy Development File: Porter - Dec-90 [December 1990]","December 1990","White House Office of Policy Development file","Trade Policy and Market Access","Consider","Online file unit; document boundaries not yet split","Online PDF; page extent and document boundaries not yet verified","Not determined at document level","653628689","05841–022","locator","Collection provenance checked on page 1 of the Bush Library finding aid; opening file-marker text checked in NARA OCR. This remains a file-unit locator pending document identity, heading, dateline, extent, release state, terminal markings, and controlling-copy review in the source images.","George H.W. Bush Library, Bush Presidential Records, White House Office of Policy Development, Roger Porter's Chronological Files, OA/ID 05841–022, Porter - Dec-90 [December 1990].","White House Office of Policy Development; Roger Porter's Chronological Files","Finding-aid lead retained because of online Roger Porter chronological file requiring document-level screening. Review the folder document by document; the title does not establish document identity, selection value, or release completeness. Access status in the Catalog: Unrestricted.","https://catalog.archives.gov/id/653628689","https://catalog.archives.gov/medialz/presidential-libraries/bush/gb-pod/porter/chron_633663627/41-bpr-poldev-porter-chron-05841-022.pdf"
"policy-development-509546902","1991-01-01","January 1991","month","Global Warming: Global Climate Change 1/91 [1]","Teresa Gorman Subject Files","White House Office of Policy Development File: Global Warming: Global Climate Change 1/91 [1]","January 1991","White House Office of Policy Development file","Economic Summits and Industrialized-Country Cooperation","Consider","Catalog file unit; on-site document review required","On-site file unit; document and page extents not established","Not determined at document level","509546902","07676–008","locator","Collection provenance checked on page 1 of the Bush Library finding aid and the file-unit hierarchy checked in the NARA Catalog. No online PDF is available; this remains an archival locator pending on-site document review.","George H.W. Bush Library, Bush Presidential Records, White House Office of Policy Development, Teresa Gorman Subject Files, OA/ID 07676–008, Global Warming: Global Climate Change 1/91 [1].","White House Office of Policy Development; Teresa Gorman Subject Files; Global environment","Finding-aid lead retained because of global climate or summit-environment title terms. Review the folder document by document; the title does not establish document identity, selection value, or release completeness. Access status in the Catalog: Restricted - Possibly.","https://catalog.archives.gov/id/509546902",""
"policy-development-509546903","1991-01-01","January 1991","month","Global Warming: Global Climate Change 1/91 [2]","Teresa Gorman Subject Files","White House Office of Policy Development File: Global Warming: Global Climate Change 1/91 [2]","January 1991","White House Office of Policy Development file","Economic Summits and Industrialized-Country Cooperation","Consider","Catalog file unit; on-site document review required","On-site file unit; document and page extents not established","Not determined at document level","509546903","07676–009","locator","Collection provenance checked on page 1 of the Bush Library finding aid and the file-unit hierarchy checked in the NARA Catalog. No online PDF is available; this remains an archival locator pending on-site document review.","George H.W. Bush Library, Bush Presidential Records, White House Office of Policy Development, Teresa Gorman Subject Files, OA/ID 07676–009, Global Warming: Global Climate Change 1/91 [2].","White House Office of Policy Development; Teresa Gorman Subject Files; Global environment","Finding-aid lead retained because of global climate or summit-environment title terms. Review the folder document by document; the title does not establish document identity, selection value, or release completeness. Access status in the Catalog: Restricted - Possibly.","https://catalog.archives.gov/id/509546903",""
"policy-development-509546904","1991-01-01","January 1991","month","Global Warming: Global Climate Change 1/91 [3]","Teresa Gorman Subject Files","White House Office of Policy Development File: Global Warming: Global Climate Change 1/91 [3]","January 1991","White House Office of Policy Development file","Economic Summits and Industrialized-Country Cooperation","Consider","Catalog file unit; on-site document review required","On-site file unit; document and page extents not established","Not determined at document level","509546904","07676–010","locator","Collection provenance checked on page 1 of the Bush Library finding aid and the file-unit hierarchy checked in the NARA Catalog. No online PDF is available; this remains an archival locator pending on-site document review.","George H.W. Bush Library, Bush Presidential Records, White House Office of Policy Development, Teresa Gorman Subject Files, OA/ID 07676–010, Global Warming: Global Climate Change 1/91 [3].","White House Office of Policy Development; Teresa Gorman Subject Files; Global environment","Finding-aid lead retained because of global climate or summit-environment title terms. Review the folder document by document; the title does not establish document identity, selection value, or release completeness. Access status in the Catalog: Restricted - Possibly.","https://catalog.archives.gov/id/509546904",""
"policy-development-509548135","1991-01-01","January 1, 1991-December 31, 1991","range","Trade Chron Files: 1991","Stephen P. Farrar Trade Files","White House Office of Policy Development File: Trade Chron Files: 1991","January 1, 1991-December 31, 1991","White House Office of Policy Development file","Trade Policy and Market Access","Consider","Catalog file unit; on-site document review required","On-site file unit; document and page extents not established","Not determined at document level","509548135","CF01119–003","locator","Collection provenance checked on page 1 of the Bush Library finding aid and the file-unit hierarchy checked in the NARA Catalog. No online PDF is available; this remains an archival locator pending on-site document review.","George H.W. Bush Library, Bush Presidential Records, White House Office of Policy Development, Stephen P. Farrar Trade Files, OA/ID CF01119–003, Trade Chron Files: 1991.","White House Office of Policy Development; Stephen P. Farrar Trade Files; Trade policy","Finding-aid lead retained because of functional trade or international-economic series, foreign-economic title terms. Review the folder document by document; the title does not establish document identity, selection value, or release completeness. Access status in the Catalog: Restricted - Possibly.","https://catalog.archives.gov/id/509548135",""
"policy-development-653628639","1991-04-01","April-May 1991","range","[Staffing Memoranda, April-May, 1991] [1]","Roger Porter's Chronological Files","White House Office of Policy Development File: [Staffing Memoranda, April-May, 1991] [1]","April-May 1991","White House Office of Policy Development file","Trade Policy and Market Access","Consider","Online file unit; document boundaries not yet split","Online PDF; page extent and document boundaries not yet verified","Not determined at document level","653628639","03861–001","locator","Collection provenance checked on page 1 of the Bush Library finding aid; opening file-marker text checked in NARA OCR. This remains a file-unit locator pending document identity, heading, dateline, extent, release state, terminal markings, and controlling-copy review in the source images.","George H.W. Bush Library, Bush Presidential Records, White House Office of Policy Development, Roger Porter's Chronological Files, OA/ID 03861–001, [Staffing Memoranda, April-May, 1991] [1].","White House Office of Policy Development; Roger Porter's Chronological Files","Finding-aid lead retained because of online Roger Porter chronological file requiring document-level screening. Review the folder document by document; the title does not establish document identity, selection value, or release completeness. Access status in the Catalog: Unrestricted.","https://catalog.archives.gov/id/653628639","https://catalog.archives.gov/medialz/presidential-libraries/bush/gb-pod/porter/chron_633663627/41-bpr-poldev-porter-chron-03861-001.pdf"
"policy-development-653628641","1991-04-01","April-May 1991","range","[Staffing Memoranda, April-May, 1991] [2]","Roger Porter's Chronological Files","White House Office of Policy Development File: [Staffing Memoranda, April-May, 1991] [2]","April-May 1991","White House Office of Policy Development file","Trade Policy and Market Access","Consider","Online file unit; document boundaries not yet split","Online PDF; page extent and document boundaries not yet verified","Not determined at document level","653628641","03861–002","locator","Collection provenance checked on page 1 of the Bush Library finding aid; opening file-marker text checked in NARA OCR. This remains a file-unit locator pending document identity, heading, dateline, extent, release state, terminal markings, and controlling-copy review in the source images.","George H.W. Bush Library, Bush Presidential Records, White House Office of Policy Development, Roger Porter's Chronological Files, OA/ID 03861–002, [Staffing Memoranda, April-May, 1991] [2].","White House Office of Policy Development; Roger Porter's Chronological Files","Finding-aid lead retained because of online Roger Porter chronological file requiring document-level screening. Review the folder document by document; the title does not establish document identity, selection value, or release completeness. Access status in the Catalog: Unrestricted.","https://catalog.archives.gov/id/653628641","https://catalog.archives.gov/medialz/presidential-libraries/bush/gb-pod/porter/chron_633663627/41-bpr-poldev-porter-chron-03861-002.pdf"
"policy-development-653628643","1991-06-01","June-July 1991","range","[Staffing Memoranda, June-July, 1991] [1]","Roger Porter's Chronological Files","White House Office of Policy Development File: [Staffing Memoranda, June-July, 1991] [1]","June-July 1991","White House Office of Policy Development file","Trade Policy and Market Access","Consider","Online file unit; document boundaries not yet split","Online PDF; page extent and document boundaries not yet verified","Not determined at document level","653628643","03861–003","locator","Collection provenance checked on page 1 of the Bush Library finding aid; opening file-marker text checked in NARA OCR. This remains a file-unit locator pending document identity, heading, dateline, extent, release state, terminal markings, and controlling-copy review in the source images.","George H.W. Bush Library, Bush Presidential Records, White House Office of Policy Development, Roger Porter's Chronological Files, OA/ID 03861–003, [Staffing Memoranda, June-July, 1991] [1].","White House Office of Policy Development; Roger Porter's Chronological Files","Finding-aid lead retained because of online Roger Porter chronological file requiring document-level screening. Review the folder document by document; the title does not establish document identity, selection value, or release completeness. Access status in the Catalog: Unrestricted.","https://catalog.archives.gov/id/653628643","https://catalog.archives.gov/medialz/presidential-libraries/bush/gb-pod/porter/chron_633663627/41-bpr-poldev-porter-chron-03861-003.pdf"
"policy-development-653628645","1991-06-01","June-July 1991","range","[Staffing Memoranda, June-July, 1991] [2]","Roger Porter's Chronological Files","White House Office of Policy Development File: [Staffing Memoranda, June-July, 1991] [2]","June-July 1991","White House Office of Policy Development file","Trade Policy and Market Access","Consider","Online file unit; document boundaries not yet split","Online PDF; page extent and document boundaries not yet verified","Not determined at document level","653628645","03861–004","locator","Collection provenance checked on page 1 of the Bush Library finding aid; opening file-marker text checked in NARA OCR. This remains a file-unit locator pending document identity, heading, dateline, extent, release state, terminal markings, and controlling-copy review in the source images.","George H.W. Bush Library, Bush Presidential Records, White House Office of Policy Development, Roger Porter's Chronological Files, OA/ID 03861–004, [Staffing Memoranda, June-July, 1991] [2].","White House Office of Policy Development; Roger Porter's Chronological Files","Finding-aid lead retained because of online Roger Porter chronological file requiring document-level screening. Review the folder document by document; the title does not establish document identity, selection value, or release completeness. Access status in the Catalog: Unrestricted.","https://catalog.archives.gov/id/653628645","https://catalog.archives.gov/medialz/presidential-libraries/bush/gb-pod/porter/chron_633663627/41-bpr-poldev-porter-chron-03861-004.pdf"
"policy-development-509546661","1991-11-18","November 18, 1991","day","Video: NHK - Japan Broadcasting - The Uruguay Round 11/18/91","Warren Maruyama Subject Files","White House Office of Policy Development File: Video: NHK - Japan Broadcasting - The Uruguay Round 11/18/91","November 18, 1991","White House Office of Policy Development file","Trade Policy and Market Access","Consider","Catalog file unit; on-site document review required","On-site file unit; document and page extents not established","Not determined at document level","509546661","07405–004","locator","Collection provenance checked on page 1 of the Bush Library finding aid and the file-unit hierarchy checked in the NARA Catalog. No online PDF is available; this remains an archival locator pending on-site document review.","George H.W. Bush Library, Bush Presidential Records, White House Office of Policy Development, Warren Maruyama Subject Files, OA/ID 07405–004, Video: NHK - Japan Broadcasting - The Uruguay Round 11/18/91.","White House Office of Policy Development; Warren Maruyama Subject Files; Trade policy","Finding-aid lead retained because of functional trade or international-economic series, foreign-economic title terms. Review the folder document by document; the title does not establish document identity, selection value, or release completeness. Access status in the Catalog: Restricted - Possibly.","https://catalog.archives.gov/id/509546661",""
"policy-development-509545840","1992-01-01","January 1992","month","Trade Policy Paper, January 1992","J. French Hill Files","White House Office of Policy Development File: Trade Policy Paper, January 1992","January 1992","White House Office of Policy Development file","Trade Policy and Market Access","Core","Catalog file unit; on-site document review required","On-site file unit; document and page extents not established","Not determined at document level","509545840","06094–015","locator","Collection provenance checked on page 1 of the Bush Library finding aid and the file-unit hierarchy checked in the NARA Catalog. No online PDF is available; this remains an archival locator pending on-site document review.","George H.W. Bush Library, Bush Presidential Records, White House Office of Policy Development, J. French Hill Files, OA/ID 06094–015, Trade Policy Paper, January 1992.","White House Office of Policy Development; J. French Hill Files; Trade policy","Finding-aid lead retained because of foreign-economic title terms. Review the folder document by document; the title does not establish document identity, selection value, or release completeness. Access status in the Catalog: Restricted - Possibly.","https://catalog.archives.gov/id/509545840",""
"policy-development-285411057","1992-01-01","1992","year","Climate Change 1992","Ed Goldstein Subject Files","White House Office of Policy Development File: Climate Change 1992","1992","White House Office of Policy Development file","Economic Summits and Industrialized-Country Cooperation","Consider","Online file unit; document boundaries not yet split","Online PDF; page extent and document boundaries not yet verified","Not determined at document level","285411057","06683–017","locator","Collection provenance checked on page 1 of the Bush Library finding aid; opening file-marker text checked in NARA OCR. This remains a file-unit locator pending document identity, heading, dateline, extent, release state, terminal markings, and controlling-copy review in the source images.","George H.W. Bush Library, Bush Presidential Records, White House Office of Policy Development, Ed Goldstein Subject Files, OA/ID 06683–017, Climate Change 1992.","White House Office of Policy Development; Ed Goldstein Subject Files; Global environment","Finding-aid lead retained because of global climate or summit-environment title terms. Review the folder document by document; the title does not establish document identity, selection value, or release completeness. Access status in the Catalog: Restricted - Possibly.","https://catalog.archives.gov/id/285411057","https://catalog.archives.gov/medialz/presidential-libraries/bush/foia/2017/41-bpr-poldev-goldstein-06683-017.pdf"
"policy-development-509546897","1992-01-01","January 1, 1992-December 31, 1992","range","Global Warming: 1992 Conference / Brazil [1]","Teresa Gorman Subject Files","White House Office of Policy Development File: Global Warming: 1992 Conference / Brazil [1]","January 1, 1992-December 31, 1992","White House Office of Policy Development file","Economic Summits and Industrialized-Country Cooperation","Consider","Catalog file unit; on-site document review required","On-site file unit; document and page extents not established","Not determined at document level","509546897","07676–003","locator","Collection provenance checked on page 1 of the Bush Library finding aid and the file-unit hierarchy checked in the NARA Catalog. No online PDF is available; this remains an archival locator pending on-site document review.","George H.W. Bush Library, Bush Presidential Records, White House Office of Policy Development, Teresa Gorman Subject Files, OA/ID 07676–003, Global Warming: 1992 Conference / Brazil [1].","White House Office of Policy Development; Teresa Gorman Subject Files; Global environment","Finding-aid lead retained because of global climate or summit-environment title terms. Review the folder document by document; the title does not establish document identity, selection value, or release completeness. Access status in the Catalog: Restricted - Possibly.","https://catalog.archives.gov/id/509546897",""
"policy-development-509546898","1992-01-01","January 1, 1992-December 31, 1992","range","Global Warming: 1992 Conference / Brazil [2]","Teresa Gorman Subject Files","White House Office of Policy Development File: Global Warming: 1992 Conference / Brazil [2]","January 1, 1992-December 31, 1992","White House Office of Policy Development file","Economic Summits and Industrialized-Country Cooperation","Consider","Catalog file unit; on-site document review required","On-site file unit; document and page extents not established","Not determined at document level","509546898","07676–004","locator","Collection provenance checked on page 1 of the Bush Library finding aid and the file-unit hierarchy checked in the NARA Catalog. No online PDF is available; this remains an archival locator pending on-site document review.","George H.W. Bush Library, Bush Presidential Records, White House Office of Policy Development, Teresa Gorman Subject Files, OA/ID 07676–004, Global Warming: 1992 Conference / Brazil [2].","White House Office of Policy Development; Teresa Gorman Subject Files; Global environment","Finding-aid lead retained because of global climate or summit-environment title terms. Review the folder document by document; the title does not establish document identity, selection value, or release completeness. Access status in the Catalog: Restricted - Possibly.","https://catalog.archives.gov/id/509546898",""
"policy-development-509546899","1992-01-01","January 1, 1992-December 31, 1992","range","Global Warming: 1992 Conference / Brazil [3]","Teresa Gorman Subject Files","White House Office of Policy Development File: Global Warming: 1992 Conference / Brazil [3]","January 1, 1992-December 31, 1992","White House Office of Policy Development file","Economic Summits and Industrialized-Country Cooperation","Consider","Catalog file unit; on-site document review required","On-site file unit; document and page extents not established","Not determined at document level","509546899","07676–005","locator","Collection provenance checked on page 1 of the Bush Library finding aid and the file-unit hierarchy checked in the NARA Catalog. No online PDF is available; this remains an archival locator pending on-site document review.","George H.W. Bush Library, Bush Presidential Records, White House Office of Policy Development, Teresa Gorman Subject Files, OA/ID 07676–005, Global Warming: 1992 Conference / Brazil [3].","White House Office of Policy Development; Teresa Gorman Subject Files; Global environment","Finding-aid lead retained because of global climate or summit-environment title terms. Review the folder document by document; the title does not establish document identity, selection value, or release completeness. Access status in the Catalog: Restricted - Possibly.","https://catalog.archives.gov/id/509546899",""
"policy-development-509548136","1992-01-01","January 1, 1992-December 31, 1992","range","Trade Chron Files: 1992","Stephen P. Farrar Trade Files","White House Office of Policy Development File: Trade Chron Files: 1992","January 1, 1992-December 31, 1992","White House Office of Policy Development file","Trade Policy and Market Access","Consider","Catalog file unit; on-site document review required","On-site file unit; document and page extents not established","Not determined at document level","509548136","CF01119–004","locator","Collection provenance checked on page 1 of the Bush Library finding aid and the file-unit hierarchy checked in the NARA Catalog. No online PDF is available; this remains an archival locator pending on-site document review.","George H.W. Bush Library, Bush Presidential Records, White House Office of Policy Development, Stephen P. Farrar Trade Files, OA/ID CF01119–004, Trade Chron Files: 1992.","White House Office of Policy Development; Stephen P. Farrar Trade Files; Trade policy","Finding-aid lead retained because of functional trade or international-economic series, foreign-economic title terms. Review the folder document by document; the title does not establish document identity, selection value, or release completeness. Access status in the Catalog: Restricted - Possibly.","https://catalog.archives.gov/id/509548136",""
"policy-development-509548140","1992-01-01","January 1, 1992-December 31, 1992","range","Trade Files: EEC 1992 [1]","Stephen P. Farrar Trade Files","White House Office of Policy Development File: Trade Files: EEC 1992 [1]","January 1, 1992-December 31, 1992","White House Office of Policy Development file","Trade Policy and Market Access","Consider","Catalog file unit; on-site document review required","On-site file unit; document and page extents not established","Not determined at document level","509548140","CF01119–008","locator","Collection provenance checked on page 1 of the Bush Library finding aid and the file-unit hierarchy checked in the NARA Catalog. No online PDF is available; this remains an archival locator pending on-site document review.","George H.W. Bush Library, Bush Presidential Records, White House Office of Policy Development, Stephen P. Farrar Trade Files, OA/ID CF01119–008, Trade Files: EEC 1992 [1].","White House Office of Policy Development; Stephen P. Farrar Trade Files; Trade policy","Finding-aid lead retained because of functional trade or international-economic series, foreign-economic title terms. Review the folder document by document; the title does not establish document identity, selection value, or release completeness. Access status in the Catalog: Restricted - Possibly.","https://catalog.archives.gov/id/509548140",""
"policy-development-509548141","1992-01-01","January 1, 1992-December 31, 1992","range","Trade Files: EEC 1992 [2]","Stephen P. Farrar Trade Files","White House Office of Policy Development File: Trade Files: EEC 1992 [2]","January 1, 1992-December 31, 1992","White House Office of Policy Development file","Trade Policy and Market Access","Consider","Catalog file unit; on-site document review required","On-site file unit; document and page extents not established","Not determined at document level","509548141","CF01119–009","locator","Collection provenance checked on page 1 of the Bush Library finding aid and the file-unit hierarchy checked in the NARA Catalog. No online PDF is available; this remains an archival locator pending on-site document review.","George H.W. Bush Library, Bush Presidential Records, White House Office of Policy Development, Stephen P. Farrar Trade Files, OA/ID CF01119–009, Trade Files: EEC 1992 [2].","White House Office of Policy Development; Stephen P. Farrar Trade Files; Trade policy","Finding-aid lead retained because of functional trade or international-economic series, foreign-economic title terms. Review the folder document by document; the title does not establish document identity, selection value, or release completeness. Access status in the Catalog: Restricted - Possibly.","https://catalog.archives.gov/id/509548141",""
"policy-development-509548244","1992-01-01","January 1, 1992-December 31, 1992","range","EC [European Community] 1992","Warren Maruyama Subject Files","White House Office of Policy Development File: EC [European Community] 1992","January 1, 1992-December 31, 1992","White House Office of Policy Development file","Trade Policy and Market Access","Consider","Catalog file unit; on-site document review required","On-site file unit; document and page extents not established","Not determined at document level","509548244","CF01243–012","locator","Collection provenance checked on page 1 of the Bush Library finding aid and the file-unit hierarchy checked in the NARA Catalog. No online PDF is available; this remains an archival locator pending on-site document review.","George H.W. Bush Library, Bush Presidential Records, White House Office of Policy Development, Warren Maruyama Subject Files, OA/ID CF01243–012, EC [European Community] 1992.","White House Office of Policy Development; Warren Maruyama Subject Files","Finding-aid lead retained because of functional trade or international-economic series, foreign-economic title terms. Review the folder document by document; the title does not establish document identity, selection value, or release completeness. Access status in the Catalog: Restricted - Possibly.","https://catalog.archives.gov/id/509548244",""
"policy-development-509548212","1992-04-06","April 6, 1992","day","[Uruguay Round]: NAFTA Ministerial, April 6-8, 1992","Stephen P. Farrar Trade Files","White House Office of Policy Development File: [Uruguay Round]: NAFTA Ministerial, April 6-8, 1992","April 6, 1992","White House Office of Policy Development file","Trade Policy and Market Access","Boundary","Catalog file unit; on-site document review required","On-site file unit; document and page extents not established","Not determined at document level","509548212","CF01120–054","locator","Collection provenance checked on page 1 of the Bush Library finding aid and the file-unit hierarchy checked in the NARA Catalog. No online PDF is available; this remains an archival locator pending on-site document review.","George H.W. Bush Library, Bush Presidential Records, White House Office of Policy Development, Stephen P. Farrar Trade Files, OA/ID CF01120–054, [Uruguay Round]: NAFTA Ministerial, April 6-8, 1992.","White House Office of Policy Development; Stephen P. Farrar Trade Files; Trade policy; NAFTA boundary","Finding-aid lead retained because of functional trade or international-economic series, foreign-economic title terms. Review the folder document by document; the title does not establish document identity, selection value, or release completeness. Access status in the Catalog: Restricted - Possibly.","https://catalog.archives.gov/id/509548212",""
"policy-development-509548217","1992-04-06","April 6, 1992","day","[Uruguay Round]: NAFTA Ministerial, Montreal, Canada, April 6-8, 1992 [1]","Stephen P. Farrar Trade Files","White House Office of Policy Development File: [Uruguay Round]: NAFTA Ministerial, Montreal, Canada, April 6-8, 1992 [1]","April 6, 1992","White House Office of Policy Development file","Trade Policy and Market Access","Boundary","Catalog file unit; on-site document review required","On-site file unit; document and page extents not established","Not determined at document level","509548217","CF01120–059","locator","Collection provenance checked on page 1 of the Bush Library finding aid and the file-unit hierarchy checked in the NARA Catalog. No online PDF is available; this remains an archival locator pending on-site document review.","George H.W. Bush Library, Bush Presidential Records, White House Office of Policy Development, Stephen P. Farrar Trade Files, OA/ID CF01120–059, [Uruguay Round]: NAFTA Ministerial, Montreal, Canada, April 6-8, 1992 [1].","White House Office of Policy Development; Stephen P. Farrar Trade Files; Trade policy; NAFTA boundary","Finding-aid lead retained because of functional trade or international-economic series, foreign-economic title terms. Review the folder document by document; the title does not establish document identity, selection value, or release completeness. Access status in the Catalog: Restricted - Possibly.","https://catalog.archives.gov/id/509548217",""
"policy-development-509548218","1992-04-06","April 6, 1992","day","[Uruguay Round]: NAFTA Ministerial, Montreal, Canada, April 6-8, 1992 [2]","Stephen P. Farrar Trade Files","White House Office of Policy Development File: [Uruguay Round]: NAFTA Ministerial, Montreal, Canada, April 6-8, 1992 [2]","April 6, 1992","White House Office of Policy Development file","Trade Policy and Market Access","Boundary","Catalog file unit; on-site document review required","On-site file unit; document and page extents not established","Not determined at document level","509548218","CF01120–060","locator","Collection provenance checked on page 1 of the Bush Library finding aid and the file-unit hierarchy checked in the NARA Catalog. No online PDF is available; this remains an archival locator pending on-site document review.","George H.W. Bush Library, Bush Presidential Records, White House Office of Policy Development, Stephen P. Farrar Trade Files, OA/ID CF01120–060, [Uruguay Round]: NAFTA Ministerial, Montreal, Canada, April 6-8, 1992 [2].","White House Office of Policy Development; Stephen P. Farrar Trade Files; Trade policy; NAFTA boundary","Finding-aid lead retained because of functional trade or international-economic series, foreign-economic title terms. Review the folder document by document; the title does not establish document identity, selection value, or release completeness. Access status in the Catalog: Restricted - Possibly.","https://catalog.archives.gov/id/509548218",""
"policy-development-509548219","1992-05-13","May 13, 1992","day","[Uruguay Round]: NAFTA Ministerial, Toronto, Canada, May 13-14, 1992 [1]","Stephen P. Farrar Trade Files","White House Office of Policy Development File: [Uruguay Round]: NAFTA Ministerial, Toronto, Canada, May 13-14, 1992 [1]","May 13, 1992","White House Office of Policy Development file","Trade Policy and Market Access","Boundary","Catalog file unit; on-site document review required","On-site file unit; document and page extents not established","Not determined at document level","509548219","CF01120–061","locator","Collection provenance checked on page 1 of the Bush Library finding aid and the file-unit hierarchy checked in the NARA Catalog. No online PDF is available; this remains an archival locator pending on-site document review.","George H.W. Bush Library, Bush Presidential Records, White House Office of Policy Development, Stephen P. Farrar Trade Files, OA/ID CF01120–061, [Uruguay Round]: NAFTA Ministerial, Toronto, Canada, May 13-14, 1992 [1].","White House Office of Policy Development; Stephen P. Farrar Trade Files; Trade policy; NAFTA boundary","Finding-aid lead retained because of functional trade or international-economic series, foreign-economic title terms. Review the folder document by document; the title does not establish document identity, selection value, or release completeness. Access status in the Catalog: Restricted - Possibly.","https://catalog.archives.gov/id/509548219",""
"policy-development-509548220","1992-05-13","May 13, 1992","day","[Uruguay Round]: NAFTA Ministerial, Toronto, Canada, May 13-14, 1992 [2]","Stephen P. Farrar Trade Files","White House Office of Policy Development File: [Uruguay Round]: NAFTA Ministerial, Toronto, Canada, May 13-14, 1992 [2]","May 13, 1992","White House Office of Policy Development file","Trade Policy and Market Access","Boundary","Catalog file unit; on-site document review required","On-site file unit; document and page extents not established","Not determined at document level","509548220","CF01120–062","locator","Collection provenance checked on page 1 of the Bush Library finding aid and the file-unit hierarchy checked in the NARA Catalog. No online PDF is available; this remains an archival locator pending on-site document review.","George H.W. Bush Library, Bush Presidential Records, White House Office of Policy Development, Stephen P. Farrar Trade Files, OA/ID CF01120–062, [Uruguay Round]: NAFTA Ministerial, Toronto, Canada, May 13-14, 1992 [2].","White House Office of Policy Development; Stephen P. Farrar Trade Files; Trade policy; NAFTA boundary","Finding-aid lead retained because of functional trade or international-economic series, foreign-economic title terms. Review the folder document by document; the title does not establish document identity, selection value, or release completeness. Access status in the Catalog: Restricted - Possibly.","https://catalog.archives.gov/id/509548220",""
"policy-development-509548207","1992-05-27","May 27, 1992","day","[Uruguay Round]: U.S.-EC Ministerial, May 27, 1992","Stephen P. Farrar Trade Files","White House Office of Policy Development File: [Uruguay Round]: U.S.-EC Ministerial, May 27, 1992","May 27, 1992","White House Office of Policy Development file","Trade Policy and Market Access","Consider","Catalog file unit; on-site document review required","On-site file unit; document and page extents not established","Not determined at document level","509548207","CF01120–049","locator","Collection provenance checked on page 1 of the Bush Library finding aid and the file-unit hierarchy checked in the NARA Catalog. No online PDF is available; this remains an archival locator pending on-site document review.","George H.W. Bush Library, Bush Presidential Records, White House Office of Policy Development, Stephen P. Farrar Trade Files, OA/ID CF01120–049, [Uruguay Round]: U.S.-EC Ministerial, May 27, 1992.","White House Office of Policy Development; Stephen P. Farrar Trade Files; Trade policy","Finding-aid lead retained because of functional trade or international-economic series, foreign-economic title terms. Review the folder document by document; the title does not establish document identity, selection value, or release completeness. Access status in the Catalog: Restricted - Possibly.","https://catalog.archives.gov/id/509548207",""
"policy-development-509546074","1992-06-11","June 11, 1992","day","UNCED [United Nations Conference on Environment and Development i.e. Earth Summit or Rio Summit - June 11-13, 1992]","Charles E. M. Kolb Subject Files","White House Office of Policy Development File: UNCED [United Nations Conference on Environment and Development i.e. Earth Summit or Rio Summit - June 11-13, 1992]","June 11, 1992","White House Office of Policy Development file","Economic Summits and Industrialized-Country Cooperation","Consider","Catalog file unit; on-site document review required","On-site file unit; document and page extents not established","Not determined at document level","509546074","06836–007","locator","Collection provenance checked on page 1 of the Bush Library finding aid and the file-unit hierarchy checked in the NARA Catalog. No online PDF is available; this remains an archival locator pending on-site document review.","George H.W. Bush Library, Bush Presidential Records, White House Office of Policy Development, Charles E. M. Kolb Subject Files, OA/ID 06836–007, UNCED [United Nations Conference on Environment and Development i.e. Earth Summit or Rio Summit - June 11-13, 1992].","White House Office of Policy Development; Charles E. M. Kolb Subject Files; Global environment","Finding-aid lead retained because of foreign-economic title terms. Review the folder document by document; the title does not establish document identity, selection value, or release completeness. Access status in the Catalog: Restricted - Possibly.","https://catalog.archives.gov/id/509546074",""
"policy-development-509546420","1992-06-11","June 11, 1992","day","[PCG Working Group]: PCG Group - UNCED [United Nations Conference on Environment and Development i.e. Earth Summit or Rio Summit - June 11-13, 1992] Follow-up","J. French Hill Files","White House Office of Policy Development File: [PCG Working Group]: PCG Group - UNCED [United Nations Conference on Environment and Development i.e. Earth Summit or Rio Summit - June 11-13, 1992] Follow-up","June 11, 1992","White House Office of Policy Development file","Economic Summits and Industrialized-Country Cooperation","Consider","Catalog file unit; on-site document review required","On-site file unit; document and page extents not established","Not determined at document level","509546420","07270–012","locator","Collection provenance checked on page 1 of the Bush Library finding aid and the file-unit hierarchy checked in the NARA Catalog. No online PDF is available; this remains an archival locator pending on-site document review.","George H.W. Bush Library, Bush Presidential Records, White House Office of Policy Development, J. French Hill Files, OA/ID 07270–012, [PCG Working Group]: PCG Group - UNCED [United Nations Conference on Environment and Development i.e. Earth Summit or Rio Summit - June 11-13, 1992] Follow-up.","White House Office of Policy Development; J. French Hill Files; Global environment","Finding-aid lead retained because of foreign-economic title terms. Review the folder document by document; the title does not establish document identity, selection value, or release completeness. Access status in the Catalog: Restricted - Possibly.","https://catalog.archives.gov/id/509546420",""
"policy-development-509546845","1992-06-11","June 11, 1992","day","UNCED [United Nations Conference on Environment and Development i.e. Earth Summit or Rio Summit - June 11-13, 1992] Follow-Up [1]","Teresa Gorman Subject Files","White House Office of Policy Development File: UNCED [United Nations Conference on Environment and Development i.e. Earth Summit or Rio Summit - June 11-13, 1992] Follow-Up [1]","June 11, 1992","White House Office of Policy Development file","Economic Summits and Industrialized-Country Cooperation","Consider","Catalog file unit; on-site document review required","On-site file unit; document and page extents not established","Not determined at document level","509546845","07663–009","locator","Collection provenance checked on page 1 of the Bush Library finding aid and the file-unit hierarchy checked in the NARA Catalog. No online PDF is available; this remains an archival locator pending on-site document review.","George H.W. Bush Library, Bush Presidential Records, White House Office of Policy Development, Teresa Gorman Subject Files, OA/ID 07663–009, UNCED [United Nations Conference on Environment and Development i.e. Earth Summit or Rio Summit - June 11-13, 1992] Follow-Up [1].","White House Office of Policy Development; Teresa Gorman Subject Files; Global environment","Finding-aid lead retained because of foreign-economic title terms. Review the folder document by document; the title does not establish document identity, selection value, or release completeness. Access status in the Catalog: Restricted - Possibly.","https://catalog.archives.gov/id/509546845",""
"policy-development-509546846","1992-06-11","June 11, 1992","day","UNCED [United Nations Conference on Environment and Development i.e. Earth Summit or Rio Summit - June 11-13, 1992] Follow-Up [2]","Teresa Gorman Subject Files","White House Office of Policy Development File: UNCED [United Nations Conference on Environment and Development i.e. Earth Summit or Rio Summit - June 11-13, 1992] Follow-Up [2]","June 11, 1992","White House Office of Policy Development file","Economic Summits and Industrialized-Country Cooperation","Consider","Catalog file unit; on-site document review required","On-site file unit; document and page extents not established","Not determined at document level","509546846","07663–010","locator","Collection provenance checked on page 1 of the Bush Library finding aid and the file-unit hierarchy checked in the NARA Catalog. No online PDF is available; this remains an archival locator pending on-site document review.","George H.W. Bush Library, Bush Presidential Records, White House Office of Policy Development, Teresa Gorman Subject Files, OA/ID 07663–010, UNCED [United Nations Conference on Environment and Development i.e. Earth Summit or Rio Summit - June 11-13, 1992] Follow-Up [2].","White House Office of Policy Development; Teresa Gorman Subject Files; Global environment","Finding-aid lead retained because of foreign-economic title terms. Review the folder document by document; the title does not establish document identity, selection value, or release completeness. Access status in the Catalog: Restricted - Possibly.","https://catalog.archives.gov/id/509546846",""
"policy-development-509546847","1992-06-11","June 11, 1992","day","UNCED [United Nations Conference on Environment and Development i.e. Earth Summit or Rio Summit - June 11-13, 1992] Follow-Up [3]","Teresa Gorman Subject Files","White House Office of Policy Development File: UNCED [United Nations Conference on Environment and Development i.e. Earth Summit or Rio Summit - June 11-13, 1992] Follow-Up [3]","June 11, 1992","White House Office of Policy Development file","Economic Summits and Industrialized-Country Cooperation","Consider","Catalog file unit; on-site document review required","On-site file unit; document and page extents not established","Not determined at document level","509546847","07663–011","locator","Collection provenance checked on page 1 of the Bush Library finding aid and the file-unit hierarchy checked in the NARA Catalog. No online PDF is available; this remains an archival locator pending on-site document review.","George H.W. Bush Library, Bush Presidential Records, White House Office of Policy Development, Teresa Gorman Subject Files, OA/ID 07663–011, UNCED [United Nations Conference on Environment and Development i.e. Earth Summit or Rio Summit - June 11-13, 1992] Follow-Up [3].","White House Office of Policy Development; Teresa Gorman Subject Files; Global environment","Finding-aid lead retained because of foreign-economic title terms. Review the folder document by document; the title does not establish document identity, selection value, or release completeness. Access status in the Catalog: Restricted - Possibly.","https://catalog.archives.gov/id/509546847",""
"policy-development-509546848","1992-06-11","June 11, 1992","day","UNCED [United Nations Conference on Environment and Development i.e. Earth Summit or Rio Summit - June 11-13, 1992] Follow-Up [4]","Teresa Gorman Subject Files","White House Office of Policy Development File: UNCED [United Nations Conference on Environment and Development i.e. Earth Summit or Rio Summit - June 11-13, 1992] Follow-Up [4]","June 11, 1992","White House Office of Policy Development file","Economic Summits and Industrialized-Country Cooperation","Consider","Catalog file unit; on-site document review required","On-site file unit; document and page extents not established","Not determined at document level","509546848","07663–012","locator","Collection provenance checked on page 1 of the Bush Library finding aid and the file-unit hierarchy checked in the NARA Catalog. No online PDF is available; this remains an archival locator pending on-site document review.","George H.W. Bush Library, Bush Presidential Records, White House Office of Policy Development, Teresa Gorman Subject Files, OA/ID 07663–012, UNCED [United Nations Conference on Environment and Development i.e. Earth Summit or Rio Summit - June 11-13, 1992] Follow-Up [4].","White House Office of Policy Development; Teresa Gorman Subject Files; Global environment","Finding-aid lead retained because of foreign-economic title terms. Review the folder document by document; the title does not establish document identity, selection value, or release completeness. Access status in the Catalog: Restricted - Possibly.","https://catalog.archives.gov/id/509546848",""
"policy-development-509546849","1992-06-11","June 11, 1992","day","UNCED [United Nations Conference on Environment and Development i.e. Earth Summit or Rio Summit - June 11-13, 1992] Follow-Up [5]","Teresa Gorman Subject Files","White House Office of Policy Development File: UNCED [United Nations Conference on Environment and Development i.e. Earth Summit or Rio Summit - June 11-13, 1992] Follow-Up [5]","June 11, 1992","White House Office of Policy Development file","Economic Summits and Industrialized-Country Cooperation","Consider","Catalog file unit; on-site document review required","On-site file unit; document and page extents not established","Not determined at document level","509546849","07663–013","locator","Collection provenance checked on page 1 of the Bush Library finding aid and the file-unit hierarchy checked in the NARA Catalog. No online PDF is available; this remains an archival locator pending on-site document review.","George H.W. Bush Library, Bush Presidential Records, White House Office of Policy Development, Teresa Gorman Subject Files, OA/ID 07663–013, UNCED [United Nations Conference on Environment and Development i.e. Earth Summit or Rio Summit - June 11-13, 1992] Follow-Up [5].","White House Office of Policy Development; Teresa Gorman Subject Files; Global environment","Finding-aid lead retained because of foreign-economic title terms. Review the folder document by document; the title does not establish document identity, selection value, or release completeness. Access status in the Catalog: Restricted - Possibly.","https://catalog.archives.gov/id/509546849",""
"policy-development-509546850","1992-06-11","June 11, 1992","day","UNCED [United Nations Conference on Environment and Development i.e. Earth Summit or Rio Summit - June 11-13, 1992] Follow-Up [6]","Teresa Gorman Subject Files","White House Office of Policy Development File: UNCED [United Nations Conference on Environment and Development i.e. Earth Summit or Rio Summit - June 11-13, 1992] Follow-Up [6]","June 11, 1992","White House Office of Policy Development file","Economic Summits and Industrialized-Country Cooperation","Consider","Catalog file unit; on-site document review required","On-site file unit; document and page extents not established","Not determined at document level","509546850","07663–014","locator","Collection provenance checked on page 1 of the Bush Library finding aid and the file-unit hierarchy checked in the NARA Catalog. No online PDF is available; this remains an archival locator pending on-site document review.","George H.W. Bush Library, Bush Presidential Records, White House Office of Policy Development, Teresa Gorman Subject Files, OA/ID 07663–014, UNCED [United Nations Conference on Environment and Development i.e. Earth Summit or Rio Summit - June 11-13, 1992] Follow-Up [6].","White House Office of Policy Development; Teresa Gorman Subject Files; Global environment","Finding-aid lead retained because of foreign-economic title terms. Review the folder document by document; the title does not establish document identity, selection value, or release completeness. Access status in the Catalog: Restricted - Possibly.","https://catalog.archives.gov/id/509546850",""
"policy-development-509546851","1992-06-11","June 11, 1992","day","UNCED [United Nations Conference on Environment and Development i.e. Earth Summit or Rio Summit - June 11-13, 1992] Follow-Up [7]","Teresa Gorman Subject Files","White House Office of Policy Development File: UNCED [United Nations Conference on Environment and Development i.e. Earth Summit or Rio Summit - June 11-13, 1992] Follow-Up [7]","June 11, 1992","White House Office of Policy Development file","Economic Summits and Industrialized-Country Cooperation","Consider","Catalog file unit; on-site document review required","On-site file unit; document and page extents not established","Not determined at document level","509546851","07663–015","locator","Collection provenance checked on page 1 of the Bush Library finding aid and the file-unit hierarchy checked in the NARA Catalog. No online PDF is available; this remains an archival locator pending on-site document review.","George H.W. Bush Library, Bush Presidential Records, White House Office of Policy Development, Teresa Gorman Subject Files, OA/ID 07663–015, UNCED [United Nations Conference on Environment and Development i.e. Earth Summit or Rio Summit - June 11-13, 1992] Follow-Up [7].","White House Office of Policy Development; Teresa Gorman Subject Files; Global environment","Finding-aid lead retained because of foreign-economic title terms. Review the folder document by document; the title does not establish document identity, selection value, or release completeness. Access status in the Catalog: Restricted - Possibly.","https://catalog.archives.gov/id/509546851",""
"policy-development-509546901","1992-06-11","June 11, 1992","day","Global Warming: UNCED [United Nations Conference on Environment and Development i.e. Earth Summit or Rio Summit - June 11-13, 1992] Meeting 1992","Teresa Gorman Subject Files","White House Office of Policy Development File: Global Warming: UNCED [United Nations Conference on Environment and Development i.e. Earth Summit or Rio Summit - June 11-13, 1992] Meeting 1992","June 11, 1992","White House Office of Policy Development file","Economic Summits and Industrialized-Country Cooperation","Consider","Catalog file unit; on-site document review required","On-site file unit; document and page extents not established","Not determined at document level","509546901","07676–007","locator","Collection provenance checked on page 1 of the Bush Library finding aid and the file-unit hierarchy checked in the NARA Catalog. No online PDF is available; this remains an archival locator pending on-site document review.","George H.W. Bush Library, Bush Presidential Records, White House Office of Policy Development, Teresa Gorman Subject Files, OA/ID 07676–007, Global Warming: UNCED [United Nations Conference on Environment and Development i.e. Earth Summit or Rio Summit - June 11-13, 1992] Meeting 1992.","White House Office of Policy Development; Teresa Gorman Subject Files; Global environment","Finding-aid lead retained because of foreign-economic title terms, global climate or summit-environment title terms. Review the folder document by document; the title does not establish document identity, selection value, or release completeness. Access status in the Catalog: Restricted - Possibly.","https://catalog.archives.gov/id/509546901",""
"policy-development-509547877","1992-06-11","June 11, 1992","day","UNCED [United Nations Conference on Environment and Development i.e. Earth Summit or Rio Summit - June 11-13, 1992]","Roger Porter Files","White House Office of Policy Development File: UNCED [United Nations Conference on Environment and Development i.e. Earth Summit or Rio Summit - June 11-13, 1992]","June 11, 1992","White House Office of Policy Development file","Economic Summits and Industrialized-Country Cooperation","Consider","Catalog file unit; on-site document review required","On-site file unit; document and page extents not established","Not determined at document level","509547877","08854–014","locator","Collection provenance checked on page 1 of the Bush Library finding aid and the file-unit hierarchy checked in the NARA Catalog. No online PDF is available; this remains an archival locator pending on-site document review.","George H.W. Bush Library, Bush Presidential Records, White House Office of Policy Development, Roger Porter Files, OA/ID 08854–014, UNCED [United Nations Conference on Environment and Development i.e. Earth Summit or Rio Summit - June 11-13, 1992].","White House Office of Policy Development; Roger Porter Files; Global environment","Finding-aid lead retained because of foreign-economic title terms. Review the folder document by document; the title does not establish document identity, selection value, or release completeness. Access status in the Catalog: Restricted - Possibly.","https://catalog.archives.gov/id/509547877",""
"policy-development-509546080","1992-08-31","August 31, 1992","day","PCG Meeting on UNCED Follow-up Monday 8/31/92 2:00 p.m. Roosevelt Room","Todd Buchholz' Subject Files","White House Office of Policy Development File: PCG Meeting on UNCED Follow-up Monday 8/31/92 2:00 p.m. Roosevelt Room","August 31, 1992","White House Office of Policy Development file","Economic Summits and Industrialized-Country Cooperation","Consider","Catalog file unit; on-site document review required","On-site file unit; document and page extents not established","Not determined at document level","509546080","06867–010","locator","Collection provenance checked on page 1 of the Bush Library finding aid and the file-unit hierarchy checked in the NARA Catalog. No online PDF is available; this remains an archival locator pending on-site document review.","George H.W. Bush Library, Bush Presidential Records, White House Office of Policy Development, Todd Buchholz' Subject Files, OA/ID 06867–010, PCG Meeting on UNCED Follow-up Monday 8/31/92 2:00 p.m. Roosevelt Room.","White House Office of Policy Development; Todd Buchholz' Subject Files; Global environment","Finding-aid lead retained because of foreign-economic title terms. Review the folder document by document; the title does not establish document identity, selection value, or release completeness. Access status in the Catalog: Restricted - Possibly.","https://catalog.archives.gov/id/509546080",""
"policy-development-509548211","1992-10-17","October 17, 1992","day","[Uruguay Round]: Quadrilateral Meetings, Canada, October 17-18, 1992","Stephen P. Farrar Trade Files","White House Office of Policy Development File: [Uruguay Round]: Quadrilateral Meetings, Canada, October 17-18, 1992","October 17, 1992","White House Office of Policy Development file","Trade Policy and Market Access","Boundary","Catalog file unit; on-site document review required","On-site file unit; document and page extents not established","Not determined at document level","509548211","CF01120–053","locator","Collection provenance checked on page 1 of the Bush Library finding aid and the file-unit hierarchy checked in the NARA Catalog. No online PDF is available; this remains an archival locator pending on-site document review.","George H.W. Bush Library, Bush Presidential Records, White House Office of Policy Development, Stephen P. Farrar Trade Files, OA/ID CF01120–053, [Uruguay Round]: Quadrilateral Meetings, Canada, October 17-18, 1992.","White House Office of Policy Development; Stephen P. Farrar Trade Files; Trade policy; NAFTA boundary","Finding-aid lead retained because of functional trade or international-economic series, foreign-economic title terms. Review the folder document by document; the title does not establish document identity, selection value, or release completeness. Access status in the Catalog: Restricted - Possibly.","https://catalog.archives.gov/id/509548211",""
"policy-development-509548197","1992-11-23","November 23, 1992","day","[Subject/Country Files:  Taiwan, Carla Hills Briefing November 23, 1992]","Stephen P. Farrar Trade Files","White House Office of Policy Development File: [Subject/Country Files:  Taiwan, Carla Hills Briefing November 23, 1992]","November 23, 1992","White House Office of Policy Development file","Trade Policy and Market Access","Consider","Catalog file unit; on-site document review required","On-site file unit; document and page extents not established","Not determined at document level","509548197","CF01120–039","locator","Collection provenance checked on page 1 of the Bush Library finding aid and the file-unit hierarchy checked in the NARA Catalog. No online PDF is available; this remains an archival locator pending on-site document review.","George H.W. Bush Library, Bush Presidential Records, White House Office of Policy Development, Stephen P. Farrar Trade Files, OA/ID CF01120–039, [Subject/Country Files:  Taiwan, Carla Hills Briefing November 23, 1992].","White House Office of Policy Development; Stephen P. Farrar Trade Files","Finding-aid lead retained because of functional trade or international-economic series. Review the folder document by document; the title does not establish document identity, selection value, or release completeness. Access status in the Catalog: Restricted - Possibly.","https://catalog.archives.gov/id/509548197",""
