"naid","workingStartDate","workingEndDate","workingDateLabel","dateBasis","title","localId","seriesNaid","seriesTitle","chapter","routing","reviewTopics","reviewFocus","reviewKeyExtent","markerStatus","markerRecordGroup","markerSeries","markerSubseries","hasOnlinePdf","pdfPages","pdfBytes","catalogPdfBytes","pdfByteBasis","accessStatus","ocrCharacterCount","memosToPresident","memosToScowcroft","memorandaOfConversation","meetingRecords","withdrawalSheets","economicSignalTotal","economySignals","financeSignals","tradeSignals","assistanceSanctionsSignals","energySignals","agricultureSignals","treasurySignals","archivalLocator","provenanceStem","catalogUrl","pdfUrl"
"366552191","1988-10-01","1988-10-31","October 1988","Folder title month","October 1988","85040-001","74785827","Brent Scowcroft Media Articles Files","Series context and cross-volume routing","Reference context","","","","verified","George H.W. Bush Presidential Records","Media Articles Files","","true","0","3878266","1234","HTTP Content-Length","Restricted - Possibly","20096","0","0","0","0","0","4","2","0","0","0","0","0","2","George H.W. Bush Library, Bush Presidential Records, Brent Scowcroft Collection, Media Articles Files, OA/ID 85040–001, October 1988.","Source: George H.W. Bush Library, Bush Presidential Records, Brent Scowcroft Collection, Media Articles Files, OA/ID 85040–001, October 1988.","https://catalog.archives.gov/id/366552191","https://catalog.archives.gov/medialz/presidential-libraries/bush/gb-gbs/74785827/41-bpr-scow-ma-85040-001.pdf"
"366552192","1988-11-01","1988-11-30","November 1988","Folder title month","November 1988","85040-002","74785827","Brent Scowcroft Media Articles Files","Series context and cross-volume routing","Reference context","","","","verified","George H.W. Bush Presidential Records","Media Articles Files","","true","0","26470752","1234","HTTP Content-Length","Restricted - Possibly","185200","0","0","0","0","0","54","8","7","7","0","6","4","21","George H.W. Bush Library, Bush Presidential Records, Brent Scowcroft Collection, Media Articles Files, OA/ID 85040–002, November 1988.","Source: George H.W. Bush Library, Bush Presidential Records, Brent Scowcroft Collection, Media Articles Files, OA/ID 85040–002, November 1988.","https://catalog.archives.gov/id/366552192","https://catalog.archives.gov/medialz/presidential-libraries/bush/gb-gbs/74785827/41-bpr-scow-ma-85040-002.pdf"
"366552193","1988-12-01","1988-12-31","December 1988","Folder title month","December 1988","85040-003","74785827","Brent Scowcroft Media Articles Files","Series context and cross-volume routing","Reference context","","","","verified","George H.W. Bush Presidential Records","Media Articles Files","","true","0","22219963","1234","HTTP Content-Length","Restricted - Possibly","156464","0","0","0","0","0","98","8","29","27","0","3","13","18","George H.W. Bush Library, Bush Presidential Records, Brent Scowcroft Collection, Media Articles Files, OA/ID 85040–003, December 1988.","Source: George H.W. Bush Library, Bush Presidential Records, Brent Scowcroft Collection, Media Articles Files, OA/ID 85040–003, December 1988.","https://catalog.archives.gov/id/366552193","https://catalog.archives.gov/medialz/presidential-libraries/bush/gb-gbs/74785827/41-bpr-scow-ma-85040-003.pdf"
"366552194","1989-01-01","1989-01-31","January 1989","Folder title month","January 1989","85040-004","74785827","Brent Scowcroft Media Articles Files","Series context and cross-volume routing","Reference context","","","","verified","George H.W. Bush Presidential Records","Media Articles Files","","true","0","27904243","1234","HTTP Content-Length","Restricted - Possibly","230576","0","0","0","0","0","74","29","13","13","3","4","0","12","George H.W. Bush Library, Bush Presidential Records, Brent Scowcroft Collection, Media Articles Files, OA/ID 85040–004, January 1989.","Source: George H.W. Bush Library, Bush Presidential Records, Brent Scowcroft Collection, Media Articles Files, OA/ID 85040–004, January 1989.","https://catalog.archives.gov/id/366552194","https://catalog.archives.gov/medialz/presidential-libraries/bush/gb-gbs/74785827/41-bpr-scow-ma-85040-004.pdf"
"366552239","1989-01-01","1989-01-31","January 1989","Folder title month","January 1989","85046-001","74785753","Brent Scowcroft Scheduled Calls Files","Series context and cross-volume routing","Reference context","","","","verified","George H.W. Bush Presidential Records","Scheduled Calls Files","","true","0","5136606","1234","HTTP Content-Length","Restricted - Possibly","23629","0","0","0","0","0","17","0","10","2","0","1","0","4","George H.W. Bush Library, Bush Presidential Records, Brent Scowcroft Collection, Scheduled Calls Files, OA/ID 85046–001, January 1989.","Source: George H.W. Bush Library, Bush Presidential Records, Brent Scowcroft Collection, Scheduled Calls Files, OA/ID 85046–001, January 1989.","https://catalog.archives.gov/id/366552239","https://catalog.archives.gov/medialz/presidential-libraries/bush/gb-gbs/74785753/41-bpr-scow-schcalls-85046-001.pdf"
"366552288","1989-01-01","1989-02-28","January 1989-February 1989","Folder title month range","January 1989 to February 1989","85050-001","74785758","Brent Scowcroft Schedule Files","Series context and cross-volume routing","Reference context","","","","verified","George H.W. Bush Presidential Records","Schedule Files","","true","0","2180841","1234","HTTP Content-Length","Restricted - Possibly","9923","0","0","0","0","5","4","0","4","0","0","0","0","0","George H.W. Bush Library, Bush Presidential Records, Brent Scowcroft Collection, Schedule Files, OA/ID 85050–001, January 1989 to February 1989.","Source: George H.W. Bush Library, Bush Presidential Records, Brent Scowcroft Collection, Schedule Files, OA/ID 85050–001, January 1989 to February 1989.","https://catalog.archives.gov/id/366552288","https://catalog.archives.gov/medialz/presidential-libraries/bush/gb-gbs/74785758/41-bpr-scow-schedule-85050-001.pdf"
"366551990","1989-01-01","1989-03-31","January-March 1989","Folder title month range","Other (January-March 1989)","91148-001","4708326","Chronological Files","Economic Summits and Industrialized-Country Cooperation","Volume XXX review","G-7; Paris Economic Summit; EC 1992; Trade and market access; Debt and international finance; Economic summits and G-7; Energy; Agriculture","The folder lists the January 31 paper on the U.S. position at the G-7, background papers on EC 1992, the February 28 paper on next steps for the Paris Economic Summit, and Scowcroft memoranda on summit preparations.","The official file-unit PDF is online. This collection-wide pass did not establish its served-PDF page count or item boundaries; page totals on withdrawal sheets describe individual entries, not the complete file unit.","verified","George H.W. Bush Presidential Records","Chronological Files","","true","0","32993861","32993860","HTTP Content-Length","Restricted - Possibly","137227","4","12","0","0","5","189","68","37","22","5","1","6","23","George H.W. Bush Library, Bush Presidential Records, Brent Scowcroft Collection, Chronological Files, OA/ID 91148–001, Other (January—March 1989).","Source: George H.W. Bush Library, Bush Presidential Records, Brent Scowcroft Collection, Chronological Files, OA/ID 91148–001, Other (January—March 1989).","https://catalog.archives.gov/id/366551990","https://catalog.archives.gov/medialz/presidential-libraries/bush/gb-gbs/4708326/41-bpr-scow-chron-91148-001.pdf"
"366551738","1989-01-01","1989-04-30","January-April 1989","Folder title month range","USSR Collapse: U.S.--Soviet Relations Thru 1991 (January-April 1989)","91117-001","4545954","USSR Collapse Files","Series context and cross-volume routing","Series context","","","","verified","George H.W. Bush Presidential Records","USSR Collapse Files","U.S - Soviet Relations Chronological Files","true","0","23284911","23284912","HTTP Content-Length","Restricted - Possibly","92190","5","12","0","0","3","109","42","4","25","5","1","1","0","George H.W. Bush Library, Bush Presidential Records, Brent Scowcroft Collection, USSR Collapse Files, U.S - Soviet Relations Chronological Files, OA/ID 91117–001, USSR Collapse: U.S—Soviet Relations Thru 1991 (January—April 1989).","Source: George H.W. Bush Library, Bush Presidential Records, Brent Scowcroft Collection, USSR Collapse Files, U.S - Soviet Relations Chronological Files, OA/ID 91117–001, USSR Collapse: U.S—Soviet Relations Thru 1991 (January—April 1989).","https://catalog.archives.gov/id/366551738","https://catalog.archives.gov/medialz/presidential-libraries/bush/gb-gbs/4545954/41-bpr-scow-ussrco-ussrl-91117-001.pdf"
"366552141","1989-01-01","1989-06-30","January-June 1989","Folder title month range","Appointments Completed, January to June 1989 [1]","85033-007","74785770","Brent Scowcroft Administrative Files","Series context and cross-volume routing","Reference context","","","","verified","George H.W. Bush Presidential Records","Administrative Files","","true","0","47726276","1234","HTTP Content-Length","Restricted - Possibly","177901","0","5","0","0","18","112","32","33","26","0","11","0","6","George H.W. Bush Library, Bush Presidential Records, Brent Scowcroft Collection, Administrative Files, OA/ID 85033–007, Appointments Completed, January to June 1989 [1].","Source: George H.W. Bush Library, Bush Presidential Records, Brent Scowcroft Collection, Administrative Files, OA/ID 85033–007, Appointments Completed, January to June 1989 [1].","https://catalog.archives.gov/id/366552141","https://catalog.archives.gov/medialz/presidential-libraries/bush/gb-gbs/74785770/41-bpr-scow-admin-85033-007.pdf"
"366552142","1989-01-01","1989-06-30","January-June 1989","Folder title month range","Appointments Completed, January to June 1989 [2]","85033-008","74785770","Brent Scowcroft Administrative Files","Series context and cross-volume routing","Reference context","","","","verified","George H.W. Bush Presidential Records","Administrative Files","","true","0","50067475","1234","HTTP Content-Length","Restricted - Possibly","195066","0","9","0","0","10","45","8","14","12","2","4","0","2","George H.W. Bush Library, Bush Presidential Records, Brent Scowcroft Collection, Administrative Files, OA/ID 85033–008, Appointments Completed, January to June 1989 [2].","Source: George H.W. Bush Library, Bush Presidential Records, Brent Scowcroft Collection, Administrative Files, OA/ID 85033–008, Appointments Completed, January to June 1989 [2].","https://catalog.archives.gov/id/366552142","https://catalog.archives.gov/medialz/presidential-libraries/bush/gb-gbs/74785770/41-bpr-scow-admin-85033-008.pdf"
"366552143","1989-01-01","1989-06-30","January-June 1989","Folder title month range","Appointments Completed, January to June 1989 [3]","85034-001","74785770","Brent Scowcroft Administrative Files","Series context and cross-volume routing","Reference context","","","","verified","George H.W. Bush Presidential Records","Administrative Files","","true","0","37717811","1234","HTTP Content-Length","Restricted - Possibly","126691","0","16","0","0","16","39","7","24","1","3","1","0","3","George H.W. Bush Library, Bush Presidential Records, Brent Scowcroft Collection, Administrative Files, OA/ID 85034–001, Appointments Completed, January to June 1989 [3].","Source: George H.W. Bush Library, Bush Presidential Records, Brent Scowcroft Collection, Administrative Files, OA/ID 85034–001, Appointments Completed, January to June 1989 [3].","https://catalog.archives.gov/id/366552143","https://catalog.archives.gov/medialz/presidential-libraries/bush/gb-gbs/74785770/41-bpr-scow-admin-85034-001.pdf"
"366552144","1989-01-01","1989-06-30","January-June 1989","Folder title month range","Appointments Completed, January to June 1989 [4]","85034-002","74785770","Brent Scowcroft Administrative Files","Series context and cross-volume routing","Reference context","","","","verified","George H.W. Bush Presidential Records","Administrative Files","","true","0","42248677","1234","HTTP Content-Length","Restricted - Possibly","129177","0","12","0","0","7","76","16","13","7","14","11","5","3","George H.W. Bush Library, Bush Presidential Records, Brent Scowcroft Collection, Administrative Files, OA/ID 85034–002, Appointments Completed, January to June 1989 [4].","Source: George H.W. Bush Library, Bush Presidential Records, Brent Scowcroft Collection, Administrative Files, OA/ID 85034–002, Appointments Completed, January to June 1989 [4].","https://catalog.archives.gov/id/366552144","https://catalog.archives.gov/medialz/presidential-libraries/bush/gb-gbs/74785770/41-bpr-scow-admin-85034-002.pdf"
"366552159","1989-01-01","1989-12-31","January-December 1989","Folder title month range","Appointments Regretted, January to December 1989","85036-004","74785770","Brent Scowcroft Administrative Files","Series context and cross-volume routing","Reference context","","","","verified","George H.W. Bush Presidential Records","Administrative Files","","true","0","19483443","1234","HTTP Content-Length","Restricted - Possibly","57588","0","8","0","0","3","11","4","3","1","0","2","0","1","George H.W. Bush Library, Bush Presidential Records, Brent Scowcroft Collection, Administrative Files, OA/ID 85036–004, Appointments Regretted, January to December 1989.","Source: George H.W. Bush Library, Bush Presidential Records, Brent Scowcroft Collection, Administrative Files, OA/ID 85036–004, Appointments Regretted, January to December 1989.","https://catalog.archives.gov/id/366552159","https://catalog.archives.gov/medialz/presidential-libraries/bush/gb-gbs/74785770/41-bpr-scow-admin-85036-004.pdf"
"366552190","1989-01-01","1989-12-31","1989","Folder title year","Tower, John, 1989","85039-009","74785770","Brent Scowcroft Administrative Files","Series context and cross-volume routing","Series context","","","","verified","George H.W. Bush Presidential Records","Administrative Files","","true","0","5045878","1234","HTTP Content-Length","Restricted - Possibly","19352","0","0","0","0","0","4","1","1","0","0","2","0","0","George H.W. Bush Library, Bush Presidential Records, Brent Scowcroft Collection, Administrative Files, OA/ID 85039–009, Tower, John, 1989.","Source: George H.W. Bush Library, Bush Presidential Records, Brent Scowcroft Collection, Administrative Files, OA/ID 85039–009, Tower, John, 1989.","https://catalog.archives.gov/id/366552190","https://catalog.archives.gov/medialz/presidential-libraries/bush/gb-gbs/74785770/41-bpr-scow-admin-85039-009.pdf"
"366551875","1989-01-01","1989-12-31","1989","Folder title year","China 1989 (Sensitive) [1]","91135-001","4708330","Special Separate China Notes Files","Series context and cross-volume routing","Series context","","","","verified","George H.W. Bush Presidential Records","Special Separate China Notes Files","China Files","true","0","47912490","47912488","HTTP Content-Length","Restricted - Possibly","197726","0","2","1","0","21","134","55","26","17","18","2","3","2","George H.W. Bush Library, Bush Presidential Records, Brent Scowcroft Collection, Special Separate China Notes Files, China Files, OA/ID 91135–001, China 1989 (Sensitive) [1].","Source: George H.W. Bush Library, Bush Presidential Records, Brent Scowcroft Collection, Special Separate China Notes Files, China Files, OA/ID 91135–001, China 1989 (Sensitive) [1].","https://catalog.archives.gov/id/366551875","https://catalog.archives.gov/medialz/presidential-libraries/bush/gb-gbs/4708330/41-bpr-scow-ssch-china-91135-001.pdf"
"366551876","1989-01-01","1989-12-31","1989","Folder title year","China 1989 (Sensitive) [2]","91135-002","4708330","Special Separate China Notes Files","Series context and cross-volume routing","Series context","","","","verified","George H.W. Bush Presidential Records","Special Separate China Notes Files","China Files","true","0","42846258","42846256","HTTP Content-Length","Restricted - Possibly","184146","0","0","7","0","13","97","38","26","6","15","3","0","0","George H.W. Bush Library, Bush Presidential Records, Brent Scowcroft Collection, Special Separate China Notes Files, China Files, OA/ID 91135–002, China 1989 (Sensitive) [2].","Source: George H.W. Bush Library, Bush Presidential Records, Brent Scowcroft Collection, Special Separate China Notes Files, China Files, OA/ID 91135–002, China 1989 (Sensitive) [2].","https://catalog.archives.gov/id/366551876","https://catalog.archives.gov/medialz/presidential-libraries/bush/gb-gbs/4708330/41-bpr-scow-ssch-china-91135-002.pdf"
"366551877","1989-01-01","1989-12-31","1989","Folder title year","China 1989 (Sensitive) [3]","91135-003","4708330","Special Separate China Notes Files","Series context and cross-volume routing","Series context","","","","verified","George H.W. Bush Presidential Records","Special Separate China Notes Files","China Files","true","0","50186439","50186440","HTTP Content-Length","Restricted - Possibly","217968","0","0","5","0","12","151","83","19","10","30","4","5","0","George H.W. Bush Library, Bush Presidential Records, Brent Scowcroft Collection, Special Separate China Notes Files, China Files, OA/ID 91135–003, China 1989 (Sensitive) [3].","Source: George H.W. Bush Library, Bush Presidential Records, Brent Scowcroft Collection, Special Separate China Notes Files, China Files, OA/ID 91135–003, China 1989 (Sensitive) [3].","https://catalog.archives.gov/id/366551877","https://catalog.archives.gov/medialz/presidential-libraries/bush/gb-gbs/4708330/41-bpr-scow-ssch-china-91135-003.pdf"
"366551878","1989-01-01","1989-12-31","1989","Folder title year","China 1989 (Sensitive) [4]","91135-004","4708330","Special Separate China Notes Files","Series context and cross-volume routing","Series context","","","","verified","George H.W. Bush Presidential Records","Special Separate China Notes Files","China Files","true","0","28619934","28619934","HTTP Content-Length","Restricted - Possibly","111752","0","0","1","0","4","45","23","3","6","10","1","0","0","George H.W. Bush Library, Bush Presidential Records, Brent Scowcroft Collection, Special Separate China Notes Files, China Files, OA/ID 91135–004, China 1989 (Sensitive) [4].","Source: George H.W. Bush Library, Bush Presidential Records, Brent Scowcroft Collection, Special Separate China Notes Files, China Files, OA/ID 91135–004, China 1989 (Sensitive) [4].","https://catalog.archives.gov/id/366551878","https://catalog.archives.gov/medialz/presidential-libraries/bush/gb-gbs/4708330/41-bpr-scow-ssch-china-91135-004.pdf"
"366551879","1989-01-01","1989-12-31","1989","Folder title year","China 1989 (Sensitive) [5]","91135-005","4708330","Special Separate China Notes Files","Series context and cross-volume routing","Series context","","","","verified","George H.W. Bush Presidential Records","Special Separate China Notes Files","China Files","true","0","50736573","50736572","HTTP Content-Length","Restricted - Possibly","224421","0","0","9","0","14","179","73","18","60","7","6","6","1","George H.W. Bush Library, Bush Presidential Records, Brent Scowcroft Collection, Special Separate China Notes Files, China Files, OA/ID 91135–005, China 1989 (Sensitive) [5].","Source: George H.W. Bush Library, Bush Presidential Records, Brent Scowcroft Collection, Special Separate China Notes Files, China Files, OA/ID 91135–005, China 1989 (Sensitive) [5].","https://catalog.archives.gov/id/366551879","https://catalog.archives.gov/medialz/presidential-libraries/bush/gb-gbs/4708330/41-bpr-scow-ssch-china-91135-005.pdf"
"366551880","1989-01-01","1989-12-31","1989","Folder title year","China 1989 (Sensitive) [6]","91135-006","4708330","Special Separate China Notes Files","Series context and cross-volume routing","Series context","","","","verified","George H.W. Bush Presidential Records","Special Separate China Notes Files","China Files","true","0","34945266","34945264","HTTP Content-Length","Restricted - Possibly","159185","0","0","5","0","11","75","42","12","13","5","0","3","0","George H.W. Bush Library, Bush Presidential Records, Brent Scowcroft Collection, Special Separate China Notes Files, China Files, OA/ID 91135–006, China 1989 (Sensitive) [6].","Source: George H.W. Bush Library, Bush Presidential Records, Brent Scowcroft Collection, Special Separate China Notes Files, China Files, OA/ID 91135–006, China 1989 (Sensitive) [6].","https://catalog.archives.gov/id/366551880","https://catalog.archives.gov/medialz/presidential-libraries/bush/gb-gbs/4708330/41-bpr-scow-ssch-china-91135-006.pdf"
"366551881","1989-01-01","1989-12-31","1989","Folder title year","China 1989 (Sensitive) [7]","91135-007","4708330","Special Separate China Notes Files","Series context and cross-volume routing","Series context","","","","verified","George H.W. Bush Presidential Records","Special Separate China Notes Files","China Files","true","0","31930394","31930394","HTTP Content-Length","Restricted - Possibly","106811","0","4","4","0","24","54","7","23","19","4","0","1","0","George H.W. Bush Library, Bush Presidential Records, Brent Scowcroft Collection, Special Separate China Notes Files, China Files, OA/ID 91135–007, China 1989 (Sensitive) [7].","Source: George H.W. Bush Library, Bush Presidential Records, Brent Scowcroft Collection, Special Separate China Notes Files, China Files, OA/ID 91135–007, China 1989 (Sensitive) [7].","https://catalog.archives.gov/id/366551881","https://catalog.archives.gov/medialz/presidential-libraries/bush/gb-gbs/4708330/41-bpr-scow-ssch-china-91135-007.pdf"
"366551882","1989-01-01","1989-12-31","1989","Folder title year","China 1989 (Sensitive) [1]","91136-001","4708330","Special Separate China Notes Files","Series context and cross-volume routing","Series context","","","","verified","George H.W. Bush Presidential Records","Special Separate China Notes Files","China Files","true","0","49169700","49169700","HTTP Content-Length","Restricted - Possibly","194018","0","0","2","0","20","94","44","17","14","13","0","1","0","George H.W. Bush Library, Bush Presidential Records, Brent Scowcroft Collection, Special Separate China Notes Files, China Files, OA/ID 91136–001, China 1989 (Sensitive) [1].","Source: George H.W. Bush Library, Bush Presidential Records, Brent Scowcroft Collection, Special Separate China Notes Files, China Files, OA/ID 91136–001, China 1989 (Sensitive) [1].","https://catalog.archives.gov/id/366551882","https://catalog.archives.gov/medialz/presidential-libraries/bush/gb-gbs/4708330/41-bpr-scow-ssch-china-91136-001.pdf"
"366551883","1989-01-01","1989-12-31","1989","Folder title year","China 1989 (Sensitive) [2]","91136-002","4708330","Special Separate China Notes Files","Series context and cross-volume routing","Series context","","","","verified","George H.W. Bush Presidential Records","Special Separate China Notes Files","China Files","true","0","29193282","29193282","HTTP Content-Length","Restricted - Possibly","140893","0","0","7","0","2","139","55","8","53","4","6","6","1","George H.W. Bush Library, Bush Presidential Records, Brent Scowcroft Collection, Special Separate China Notes Files, China Files, OA/ID 91136–002, China 1989 (Sensitive) [2].","Source: George H.W. Bush Library, Bush Presidential Records, Brent Scowcroft Collection, Special Separate China Notes Files, China Files, OA/ID 91136–002, China 1989 (Sensitive) [2].","https://catalog.archives.gov/id/366551883","https://catalog.archives.gov/medialz/presidential-libraries/bush/gb-gbs/4708330/41-bpr-scow-ssch-china-91136-002.pdf"
"366551884","1989-01-01","1989-12-31","1989","Folder title year","China 1989 (Sensitive) [3]","91136-003","4708330","Special Separate China Notes Files","Series context and cross-volume routing","Series context","","","","verified","George H.W. Bush Presidential Records","Special Separate China Notes Files","China Files","true","0","54675198","54675200","HTTP Content-Length","Restricted - Possibly","228859","0","0","5","0","9","138","81","14","11","22","5","5","0","George H.W. Bush Library, Bush Presidential Records, Brent Scowcroft Collection, Special Separate China Notes Files, China Files, OA/ID 91136–003, China 1989 (Sensitive) [3].","Source: George H.W. Bush Library, Bush Presidential Records, Brent Scowcroft Collection, Special Separate China Notes Files, China Files, OA/ID 91136–003, China 1989 (Sensitive) [3].","https://catalog.archives.gov/id/366551884","https://catalog.archives.gov/medialz/presidential-libraries/bush/gb-gbs/4708330/41-bpr-scow-ssch-china-91136-003.pdf"
"366551885","1989-01-01","1989-12-31","1989","Folder title year","China 1989 (Sensitive) [4]","91136-004","4708330","Special Separate China Notes Files","Series context and cross-volume routing","Series context","","","","verified","George H.W. Bush Presidential Records","Special Separate China Notes Files","China Files","true","0","32328572","32328572","HTTP Content-Length","Restricted - Possibly","115279","0","0","5","0","19","39","10","18","1","4","0","0","0","George H.W. Bush Library, Bush Presidential Records, Brent Scowcroft Collection, Special Separate China Notes Files, China Files, OA/ID 91136–004, China 1989 (Sensitive) [4].","Source: George H.W. Bush Library, Bush Presidential Records, Brent Scowcroft Collection, Special Separate China Notes Files, China Files, OA/ID 91136–004, China 1989 (Sensitive) [4].","https://catalog.archives.gov/id/366551885","https://catalog.archives.gov/medialz/presidential-libraries/bush/gb-gbs/4708330/41-bpr-scow-ssch-china-91136-004.pdf"
"366551886","1989-01-01","1989-12-31","1989","Folder title year","China 1989 (Sensitive) [5]","91136-005","4708330","Special Separate China Notes Files","Series context and cross-volume routing","Series context","","","","verified","George H.W. Bush Presidential Records","Special Separate China Notes Files","China Files","true","0","42305838","42305840","HTTP Content-Length","Restricted - Possibly","160588","0","0","5","0","9","88","48","12","19","6","0","3","0","George H.W. Bush Library, Bush Presidential Records, Brent Scowcroft Collection, Special Separate China Notes Files, China Files, OA/ID 91136–005, China 1989 (Sensitive) [5].","Source: George H.W. Bush Library, Bush Presidential Records, Brent Scowcroft Collection, Special Separate China Notes Files, China Files, OA/ID 91136–005, China 1989 (Sensitive) [5].","https://catalog.archives.gov/id/366551886","https://catalog.archives.gov/medialz/presidential-libraries/bush/gb-gbs/4708330/41-bpr-scow-ssch-china-91136-005.pdf"
"366551887","1989-01-01","1989-12-31","1989","Folder title year","China 1989 (Sensitive) [6]","91136-006","4708330","Special Separate China Notes Files","Series context and cross-volume routing","Series context","","","","verified","George H.W. Bush Presidential Records","Special Separate China Notes Files","China Files","true","0","27917681","27917680","HTTP Content-Length","Restricted - Possibly","108109","0","2","1","0","10","69","34","9","13","7","1","0","0","George H.W. Bush Library, Bush Presidential Records, Brent Scowcroft Collection, Special Separate China Notes Files, China Files, OA/ID 91136–006, China 1989 (Sensitive) [6].","Source: George H.W. Bush Library, Bush Presidential Records, Brent Scowcroft Collection, Special Separate China Notes Files, China Files, OA/ID 91136–006, China 1989 (Sensitive) [6].","https://catalog.archives.gov/id/366551887","https://catalog.archives.gov/medialz/presidential-libraries/bush/gb-gbs/4708330/41-bpr-scow-ssch-china-91136-006.pdf"
"366551888","1989-01-01","1989-12-31","1989","Folder title year","China 1989 (Sensitive) [7]","91136-007","4708330","Special Separate China Notes Files","Series context and cross-volume routing","Series context","","","","verified","George H.W. Bush Presidential Records","Special Separate China Notes Files","China Files","true","0","26034701","26034700","HTTP Content-Length","Restricted - Possibly","113365","0","0","0","0","9","61","30","9","3","15","0","0","2","George H.W. Bush Library, Bush Presidential Records, Brent Scowcroft Collection, Special Separate China Notes Files, China Files, OA/ID 91136–007, China 1989 (Sensitive) [7].","Source: George H.W. Bush Library, Bush Presidential Records, Brent Scowcroft Collection, Special Separate China Notes Files, China Files, OA/ID 91136–007, China 1989 (Sensitive) [7].","https://catalog.archives.gov/id/366551888","https://catalog.archives.gov/medialz/presidential-libraries/bush/gb-gbs/4708330/41-bpr-scow-ssch-china-91136-007.pdf"
"366551889","1989-01-01","1989-12-31","1989","Folder title year","China 1989 (Sensitive) [8]","91136-008","4708330","Special Separate China Notes Files","Series context and cross-volume routing","Series context","","","","verified","George H.W. Bush Presidential Records","Special Separate China Notes Files","China Files","true","0","24080824","24080824","HTTP Content-Length","Restricted - Possibly","99632","0","0","2","0","8","54","17","22","3","6","3","0","0","George H.W. Bush Library, Bush Presidential Records, Brent Scowcroft Collection, Special Separate China Notes Files, China Files, OA/ID 91136–008, China 1989 (Sensitive) [8].","Source: George H.W. Bush Library, Bush Presidential Records, Brent Scowcroft Collection, Special Separate China Notes Files, China Files, OA/ID 91136–008, China 1989 (Sensitive) [8].","https://catalog.archives.gov/id/366551889","https://catalog.archives.gov/medialz/presidential-libraries/bush/gb-gbs/4708330/41-bpr-scow-ssch-china-91136-008.pdf"
"366552070","1989-01-01","1989-12-31","1989","Folder title year","NSB's--National Security Briefings 1989 [1]","91159-002","4708328","Meeting Files","Series context and cross-volume routing","Series context","","","","verified","George H.W. Bush Presidential Records","Meetings Files","National Security Briefings","true","0","22164775","22164776","HTTP Content-Length","Restricted - Possibly","116423","0","0","0","0","56","50","0","50","0","0","0","0","0","George H.W. Bush Library, Bush Presidential Records, Brent Scowcroft Collection, Meetings Files, National Security Briefings, OA/ID 91159–002, NSB's—National Security Briefings 1989 [1].","Source: George H.W. Bush Library, Bush Presidential Records, Brent Scowcroft Collection, Meetings Files, National Security Briefings, OA/ID 91159–002, NSB's—National Security Briefings 1989 [1].","https://catalog.archives.gov/id/366552070","https://catalog.archives.gov/medialz/presidential-libraries/bush/gb-gbs/4708328/41-bpr-scow-mtg-nsb-91159-002.pdf"
"366552071","1989-01-01","1989-12-31","1989","Folder title year","NSB's--National Security Briefings 1989 [2]","91159-003","4708328","Meeting Files","Series context and cross-volume routing","Series context","","","","verified","George H.W. Bush Presidential Records","Meetings Files","National Security Briefings","true","0","23517222","23517222","HTTP Content-Length","Restricted - Possibly","117689","0","0","0","0","56","50","0","50","0","0","0","0","0","George H.W. Bush Library, Bush Presidential Records, Brent Scowcroft Collection, Meetings Files, National Security Briefings, OA/ID 91159–003, NSB's—National Security Briefings 1989 [2].","Source: George H.W. Bush Library, Bush Presidential Records, Brent Scowcroft Collection, Meetings Files, National Security Briefings, OA/ID 91159–003, NSB's—National Security Briefings 1989 [2].","https://catalog.archives.gov/id/366552071","https://catalog.archives.gov/medialz/presidential-libraries/bush/gb-gbs/4708328/41-bpr-scow-mtg-nsb-91159-003.pdf"
"366552072","1989-01-01","1989-12-31","1989","Folder title year","NSB's--National Security Briefings 1989 [3]","91159-004","4708328","Meeting Files","Series context and cross-volume routing","Series context","","","","verified","George H.W. Bush Presidential Records","Meetings Files","National Security Briefings","true","0","25062659","25062660","HTTP Content-Length","Restricted - Possibly","122270","0","0","0","0","58","52","0","51","0","0","0","0","0","George H.W. Bush Library, Bush Presidential Records, Brent Scowcroft Collection, Meetings Files, National Security Briefings, OA/ID 91159–004, NSB's—National Security Briefings 1989 [3].","Source: George H.W. Bush Library, Bush Presidential Records, Brent Scowcroft Collection, Meetings Files, National Security Briefings, OA/ID 91159–004, NSB's—National Security Briefings 1989 [3].","https://catalog.archives.gov/id/366552072","https://catalog.archives.gov/medialz/presidential-libraries/bush/gb-gbs/4708328/41-bpr-scow-mtg-nsb-91159-004.pdf"
"366552073","1989-01-01","1989-12-31","1989","Folder title year","NSB's--National Security Briefings 1989 [4]","91159-005","4708328","Meeting Files","Series context and cross-volume routing","Series context","","","","verified","George H.W. Bush Presidential Records","Meetings Files","National Security Briefings","true","0","18526584","18526584","HTTP Content-Length","Restricted - Possibly","93049","0","0","0","0","43","38","0","38","0","0","0","0","0","George H.W. Bush Library, Bush Presidential Records, Brent Scowcroft Collection, Meetings Files, National Security Briefings, OA/ID 91159–005, NSB's—National Security Briefings 1989 [4].","Source: George H.W. Bush Library, Bush Presidential Records, Brent Scowcroft Collection, Meetings Files, National Security Briefings, OA/ID 91159–005, NSB's—National Security Briefings 1989 [4].","https://catalog.archives.gov/id/366552073","https://catalog.archives.gov/medialz/presidential-libraries/bush/gb-gbs/4708328/41-bpr-scow-mtg-nsb-91159-005.pdf"
"366552074","1989-01-01","1989-12-31","1989","Folder title year","NSB's--National Security Briefings 1989 [5]","91159-006","4708328","Meeting Files","Series context and cross-volume routing","Series context","","","","verified","George H.W. Bush Presidential Records","Meetings Files","National Security Briefings","true","0","17599366","17599366","HTTP Content-Length","Restricted - Possibly","91998","0","0","0","0","44","39","0","39","0","0","0","0","0","George H.W. Bush Library, Bush Presidential Records, Brent Scowcroft Collection, Meetings Files, National Security Briefings, OA/ID 91159–006, NSB's—National Security Briefings 1989 [5].","Source: George H.W. Bush Library, Bush Presidential Records, Brent Scowcroft Collection, Meetings Files, National Security Briefings, OA/ID 91159–006, NSB's—National Security Briefings 1989 [5].","https://catalog.archives.gov/id/366552074","https://catalog.archives.gov/medialz/presidential-libraries/bush/gb-gbs/4708328/41-bpr-scow-mtg-nsb-91159-006.pdf"
"366552075","1989-01-01","1989-12-31","1989","Folder title year","NSB's--National Security Briefings 1989 [6]","91159-007","4708328","Meeting Files","Series context and cross-volume routing","Series context","","","","verified","George H.W. Bush Presidential Records","Meetings Files","National Security Briefings","true","0","7753841","7753841","HTTP Content-Length","Restricted - Possibly","40402","0","0","0","0","19","17","0","17","0","0","0","0","0","George H.W. Bush Library, Bush Presidential Records, Brent Scowcroft Collection, Meetings Files, National Security Briefings, OA/ID 91159–007, NSB's—National Security Briefings 1989 [6].","Source: George H.W. Bush Library, Bush Presidential Records, Brent Scowcroft Collection, Meetings Files, National Security Briefings, OA/ID 91159–007, NSB's—National Security Briefings 1989 [6].","https://catalog.archives.gov/id/366552075","https://catalog.archives.gov/medialz/presidential-libraries/bush/gb-gbs/4708328/41-bpr-scow-mtg-nsb-91159-007.pdf"
"366551816","1989-01-01","1990-06-30","1989-June 1990","Folder title date range","Gorbachev (Dobrynin) Sensitive 1989-June 1990 [1]","91126-001","4708331","Special Separate USSR Notes Files","Series context and cross-volume routing","Series context","","","","verified","George H.W. Bush Presidential Records","Special Separate USSR Notes Files","Gorbachev Files","true","0","37110902","37110904","HTTP Content-Length","Restricted - Possibly","131312","3","2","6","0","4","54","29","3","11","0","5","2","1","George H.W. Bush Library, Bush Presidential Records, Brent Scowcroft Collection, Special Separate USSR Notes Files, Gorbachev Files, OA/ID 91126–001, Gorbachev (Dobrynin) Sensitive 1989—June 1990 [1].","Source: George H.W. Bush Library, Bush Presidential Records, Brent Scowcroft Collection, Special Separate USSR Notes Files, Gorbachev Files, OA/ID 91126–001, Gorbachev (Dobrynin) Sensitive 1989—June 1990 [1].","https://catalog.archives.gov/id/366551816","https://catalog.archives.gov/medialz/presidential-libraries/bush/gb-gbs/4708331/41-bpr-scow-ssussr-gor-91126-001.pdf"
"366551817","1989-01-01","1990-06-30","1989-June 1990","Folder title date range","Gorbachev (Dobrynin) Sensitive 1989-June 1990 [2]","91126-002","4708331","Special Separate USSR Notes Files","Series context and cross-volume routing","Series context","","","","verified","George H.W. Bush Presidential Records","Special Separate USSR Notes Files","Gorbachev Files","true","0","62965204","62965204","HTTP Content-Length","Restricted - Possibly","226102","4","1","5","0","7","52","32","4","2","0","5","4","0","George H.W. Bush Library, Bush Presidential Records, Brent Scowcroft Collection, Special Separate USSR Notes Files, Gorbachev Files, OA/ID 91126–002, Gorbachev (Dobrynin) Sensitive 1989—June 1990 [2].","Source: George H.W. Bush Library, Bush Presidential Records, Brent Scowcroft Collection, Special Separate USSR Notes Files, Gorbachev Files, OA/ID 91126–002, Gorbachev (Dobrynin) Sensitive 1989—June 1990 [2].","https://catalog.archives.gov/id/366551817","https://catalog.archives.gov/medialz/presidential-libraries/bush/gb-gbs/4708331/41-bpr-scow-ssussr-gor-91126-002.pdf"
"366551818","1989-01-01","1990-06-30","1989-June 1990","Folder title date range","Gorbachev (Dobrynin) Sensitive 1989-June 1990 [3]","91126-003","4708331","Special Separate USSR Notes Files","Series context and cross-volume routing","Series context","","","","verified","George H.W. Bush Presidential Records","Special Separate USSR Notes Files","Gorbachev Files","true","0","53013405","53013404","HTTP Content-Length","Restricted - Possibly","200256","17","2","0","0","8","59","27","6","19","2","1","2","0","George H.W. Bush Library, Bush Presidential Records, Brent Scowcroft Collection, Special Separate USSR Notes Files, Gorbachev Files, OA/ID 91126–003, Gorbachev (Dobrynin) Sensitive 1989—June 1990 [3].","Source: George H.W. Bush Library, Bush Presidential Records, Brent Scowcroft Collection, Special Separate USSR Notes Files, Gorbachev Files, OA/ID 91126–003, Gorbachev (Dobrynin) Sensitive 1989—June 1990 [3].","https://catalog.archives.gov/id/366551818","https://catalog.archives.gov/medialz/presidential-libraries/bush/gb-gbs/4708331/41-bpr-scow-ssussr-gor-91126-003.pdf"
"366551819","1989-01-01","1990-06-30","1989-June 1990","Folder title date range","Gorbachev (Dobrynin) Sensitive 1989-June 1990 [4]","91126-004","4708331","Special Separate USSR Notes Files","Series context and cross-volume routing","Series context","","","","verified","George H.W. Bush Presidential Records","Special Separate USSR Notes Files","Gorbachev Files","true","0","69226975","69226976","HTTP Content-Length","Restricted - Possibly","260446","1","1","10","0","4","122","71","10","16","9","3","5","1","George H.W. Bush Library, Bush Presidential Records, Brent Scowcroft Collection, Special Separate USSR Notes Files, Gorbachev Files, OA/ID 91126–004, Gorbachev (Dobrynin) Sensitive 1989—June 1990 [4].","Source: George H.W. Bush Library, Bush Presidential Records, Brent Scowcroft Collection, Special Separate USSR Notes Files, Gorbachev Files, OA/ID 91126–004, Gorbachev (Dobrynin) Sensitive 1989—June 1990 [4].","https://catalog.archives.gov/id/366551819","https://catalog.archives.gov/medialz/presidential-libraries/bush/gb-gbs/4708331/41-bpr-scow-ssussr-gor-91126-004.pdf"
"366551822","1989-01-01","1990-06-30","1989-June 1990","Folder title date range","Gorbachev (Dobrynin) Sensitive 1989-June 1990 [Copy Set] [1]","91127-001","4708331","Special Separate USSR Notes Files","Series context and cross-volume routing","Parallel-copy context","","","","verified","George H.W. Bush Presidential Records","Special Separate USSR Notes Files","Gorbachev Files","true","0","38367173","38367172","HTTP Content-Length","Restricted - Possibly","143150","1","1","7","0","5","66","36","7","10","4","2","2","1","George H.W. Bush Library, Bush Presidential Records, Brent Scowcroft Collection, Special Separate USSR Notes Files, Gorbachev Files, OA/ID 91127–001, Gorbachev (Dobrynin) Sensitive 1989—June 1990 [Copy Set] [1].","Source: George H.W. Bush Library, Bush Presidential Records, Brent Scowcroft Collection, Special Separate USSR Notes Files, Gorbachev Files, OA/ID 91127–001, Gorbachev (Dobrynin) Sensitive 1989—June 1990 [Copy Set] [1].","https://catalog.archives.gov/id/366551822","https://catalog.archives.gov/medialz/presidential-libraries/bush/gb-gbs/4708331/41-bpr-scow-ssussr-gor-91127-001.pdf"
"366551823","1989-01-01","1990-06-30","1989-June 1990","Folder title date range","Gorbachev (Dobrynin) Sensitive 1989-June 1990 [Copy Set] [2]","91127-002","4708331","Special Separate USSR Notes Files","Series context and cross-volume routing","Parallel-copy context","","","","verified","George H.W. Bush Presidential Records","Special Separate USSR Notes Files","Gorbachev Files","true","0","46592829","46592828","HTTP Content-Length","Restricted - Possibly","187125","5","1","5","0","5","85","47","6","15","7","1","5","0","George H.W. Bush Library, Bush Presidential Records, Brent Scowcroft Collection, Special Separate USSR Notes Files, Gorbachev Files, OA/ID 91127–002, Gorbachev (Dobrynin) Sensitive 1989—June 1990 [Copy Set] [2].","Source: George H.W. Bush Library, Bush Presidential Records, Brent Scowcroft Collection, Special Separate USSR Notes Files, Gorbachev Files, OA/ID 91127–002, Gorbachev (Dobrynin) Sensitive 1989—June 1990 [Copy Set] [2].","https://catalog.archives.gov/id/366551823","https://catalog.archives.gov/medialz/presidential-libraries/bush/gb-gbs/4708331/41-bpr-scow-ssussr-gor-91127-002.pdf"
"366551824","1989-01-01","1990-06-30","1989-June 1990","Folder title date range","Gorbachev (Dobrynin) Sensitive 1989-June 1990 [Copy Set] [3]","91127-003","4708331","Special Separate USSR Notes Files","Series context and cross-volume routing","Parallel-copy context","","","","verified","George H.W. Bush Presidential Records","Special Separate USSR Notes Files","Gorbachev Files","true","0","58997481","58997480","HTTP Content-Length","Restricted - Possibly","212661","19","2","3","0","19","55","22","16","11","0","4","0","0","George H.W. Bush Library, Bush Presidential Records, Brent Scowcroft Collection, Special Separate USSR Notes Files, Gorbachev Files, OA/ID 91127–003, Gorbachev (Dobrynin) Sensitive 1989—June 1990 [Copy Set] [3].","Source: George H.W. Bush Library, Bush Presidential Records, Brent Scowcroft Collection, Special Separate USSR Notes Files, Gorbachev Files, OA/ID 91127–003, Gorbachev (Dobrynin) Sensitive 1989—June 1990 [Copy Set] [3].","https://catalog.archives.gov/id/366551824","https://catalog.archives.gov/medialz/presidential-libraries/bush/gb-gbs/4708331/41-bpr-scow-ssussr-gor-91127-003.pdf"
"366551825","1989-01-01","1990-06-30","1989-June 1990","Folder title date range","Gorbachev (Dobrynin) Sensitive 1989-June 1990 [Copy Set] [4]","91127-004","4708331","Special Separate USSR Notes Files","Series context and cross-volume routing","Parallel-copy context","","","","verified","George H.W. Bush Presidential Records","Special Separate USSR Notes Files","Gorbachev Files","true","0","41697088","41697088","HTTP Content-Length","Restricted - Possibly","174989","0","2","8","0","6","58","32","4","11","0","4","2","1","George H.W. Bush Library, Bush Presidential Records, Brent Scowcroft Collection, Special Separate USSR Notes Files, Gorbachev Files, OA/ID 91127–004, Gorbachev (Dobrynin) Sensitive 1989—June 1990 [Copy Set] [4].","Source: George H.W. Bush Library, Bush Presidential Records, Brent Scowcroft Collection, Special Separate USSR Notes Files, Gorbachev Files, OA/ID 91127–004, Gorbachev (Dobrynin) Sensitive 1989—June 1990 [Copy Set] [4].","https://catalog.archives.gov/id/366551825","https://catalog.archives.gov/medialz/presidential-libraries/bush/gb-gbs/4708331/41-bpr-scow-ssussr-gor-91127-004.pdf"
"366551826","1989-01-01","1990-06-30","1989-June 1990","Folder title date range","Gorbachev (Dobrynin) Sensitive 1989-June 1990 [Copy Set] [5]","91127-005","4708331","Special Separate USSR Notes Files","Series context and cross-volume routing","Parallel-copy context","","","","verified","George H.W. Bush Presidential Records","Special Separate USSR Notes Files","Gorbachev Files","true","0","121303252","121303248","HTTP Content-Length","Restricted - Possibly","186782","7","2","0","0","20","65","31","19","1","0","4","5","0","George H.W. Bush Library, Bush Presidential Records, Brent Scowcroft Collection, Special Separate USSR Notes Files, Gorbachev Files, OA/ID 91127–005, Gorbachev (Dobrynin) Sensitive 1989—June 1990 [Copy Set] [5].","Source: George H.W. Bush Library, Bush Presidential Records, Brent Scowcroft Collection, Special Separate USSR Notes Files, Gorbachev Files, OA/ID 91127–005, Gorbachev (Dobrynin) Sensitive 1989—June 1990 [Copy Set] [5].","https://catalog.archives.gov/id/366551826","https://catalog.archives.gov/medialz/presidential-libraries/bush/gb-gbs/4708331/41-bpr-scow-ssussr-gor-91127-005.pdf"
"366552069","1989-01-01","1990-12-31","1989-1990","Folder title year range","Breakfast Items (Wednesday) 1989-90","91159-001","4708328","Meeting Files","Series context and cross-volume routing","Series context","","","","verified","George H.W. Bush Presidential Records","Meetings Files","National Security Briefings","true","0","1267506","1267506","HTTP Content-Length","Restricted - Possibly","2053","0","0","0","0","1","0","0","0","0","0","0","0","0","George H.W. Bush Library, Bush Presidential Records, Brent Scowcroft Collection, Meetings Files, National Security Briefings, OA/ID 91159–001, Breakfast Items (Wednesday) 1989-90.","Source: George H.W. Bush Library, Bush Presidential Records, Brent Scowcroft Collection, Meetings Files, National Security Briefings, OA/ID 91159–001, Breakfast Items (Wednesday) 1989-90.","https://catalog.archives.gov/id/366552069","https://catalog.archives.gov/medialz/presidential-libraries/bush/gb-gbs/4708328/41-bpr-scow-mtg-nsb-91159-001.pdf"
"366552088","1989-01-01","1990-12-31","1989-1990","Folder title year range","NSB's [National Security Briefings] (1989-1990) [1]","91161-005","4708328","Meeting Files","Series context and cross-volume routing","Series context","","","","verified","George H.W. Bush Presidential Records","Meetings Files","National Security Briefings","true","0","19385299","19385300","HTTP Content-Length","Restricted - Possibly","91946","0","0","0","0","41","37","0","36","0","0","0","0","0","George H.W. Bush Library, Bush Presidential Records, Brent Scowcroft Collection, Meetings Files, National Security Briefings, OA/ID 91161–005, NSB's [National Security Briefings] (1989—1990) [1].","Source: George H.W. Bush Library, Bush Presidential Records, Brent Scowcroft Collection, Meetings Files, National Security Briefings, OA/ID 91161–005, NSB's [National Security Briefings] (1989—1990) [1].","https://catalog.archives.gov/id/366552088","https://catalog.archives.gov/medialz/presidential-libraries/bush/gb-gbs/4708328/41-bpr-scow-mtg-nsb-91161-005.pdf"
"366552089","1989-01-01","1990-12-31","1989-1990","Folder title year range","NSB's [National Security Briefings] (1989-1990) [2]","91161-006","4708328","Meeting Files","Series context and cross-volume routing","Series context","","","","verified","George H.W. Bush Presidential Records","Meetings Files","National Security Briefings","true","0","20014176","20014176","HTTP Content-Length","Restricted - Possibly","103917","0","0","0","0","49","44","0","44","0","0","0","0","0","George H.W. Bush Library, Bush Presidential Records, Brent Scowcroft Collection, Meetings Files, National Security Briefings, OA/ID 91161–006, NSB's [National Security Briefings] (1989—1990) [2].","Source: George H.W. Bush Library, Bush Presidential Records, Brent Scowcroft Collection, Meetings Files, National Security Briefings, OA/ID 91161–006, NSB's [National Security Briefings] (1989—1990) [2].","https://catalog.archives.gov/id/366552089","https://catalog.archives.gov/medialz/presidential-libraries/bush/gb-gbs/4708328/41-bpr-scow-mtg-nsb-91161-006.pdf"
"366552090","1989-01-01","1990-12-31","1989-1990","Folder title year range","NSB's [National Security Briefings] (1989-1990) [3]","91161-007","4708328","Meeting Files","Series context and cross-volume routing","Series context","","","","verified","George H.W. Bush Presidential Records","Meetings Files","National Security Briefings","true","0","17479776","17479776","HTTP Content-Length","Restricted - Possibly","59732","0","0","0","0","22","22","1","18","1","0","1","1","0","George H.W. Bush Library, Bush Presidential Records, Brent Scowcroft Collection, Meetings Files, National Security Briefings, OA/ID 91161–007, NSB's [National Security Briefings] (1989—1990) [3].","Source: George H.W. Bush Library, Bush Presidential Records, Brent Scowcroft Collection, Meetings Files, National Security Briefings, OA/ID 91161–007, NSB's [National Security Briefings] (1989—1990) [3].","https://catalog.archives.gov/id/366552090","https://catalog.archives.gov/medialz/presidential-libraries/bush/gb-gbs/4708328/41-bpr-scow-mtg-nsb-91161-007.pdf"
"366552091","1989-01-01","1990-12-31","1989-1990","Folder title year range","NSB's [National Security Briefings] (1989-1990) [4]","91161-008","4708328","Meeting Files","Series context and cross-volume routing","Series context","","","","verified","George H.W. Bush Presidential Records","Meetings Files","National Security Briefings","true","0","16404696","16404696","HTTP Content-Length","Restricted - Possibly","33965","0","0","0","0","11","20","0","10","3","1","6","0","0","George H.W. Bush Library, Bush Presidential Records, Brent Scowcroft Collection, Meetings Files, National Security Briefings, OA/ID 91161–008, NSB's [National Security Briefings] (1989—1990) [4].","Source: George H.W. Bush Library, Bush Presidential Records, Brent Scowcroft Collection, Meetings Files, National Security Briefings, OA/ID 91161–008, NSB's [National Security Briefings] (1989—1990) [4].","https://catalog.archives.gov/id/366552091","https://catalog.archives.gov/medialz/presidential-libraries/bush/gb-gbs/4708328/41-bpr-scow-mtg-nsb-91161-008.pdf"
"366552092","1989-01-01","1990-12-31","1989-1990","Folder title year range","NSB's [National Security Briefings] (1989-1990) [5]","91162-001","4708328","Meeting Files","Series context and cross-volume routing","Series context","","","","verified","George H.W. Bush Presidential Records","Meetings Files","National Security Briefings","true","0","17889718","17889718","HTTP Content-Length","Restricted - Possibly","60953","0","0","0","0","27","26","1","21","2","0","0","0","0","George H.W. Bush Library, Bush Presidential Records, Brent Scowcroft Collection, Meetings Files, National Security Briefings, OA/ID 91162–001, NSB's [National Security Briefings] (1989—1990) [5].","Source: George H.W. Bush Library, Bush Presidential Records, Brent Scowcroft Collection, Meetings Files, National Security Briefings, OA/ID 91162–001, NSB's [National Security Briefings] (1989—1990) [5].","https://catalog.archives.gov/id/366552092","https://catalog.archives.gov/medialz/presidential-libraries/bush/gb-gbs/4708328/41-bpr-scow-mtg-nsb-91162-001.pdf"
"366552093","1989-01-01","1990-12-31","1989-1990","Folder title year range","NSB's [National Security Briefings] (1989-1990) [6]","91162-002","4708328","Meeting Files","Series context and cross-volume routing","Series context","","","","verified","George H.W. Bush Presidential Records","Meetings Files","National Security Briefings","true","0","22525824","22525824","HTTP Content-Length","Restricted - Possibly","108101","0","0","0","0","51","45","0","45","0","0","0","0","0","George H.W. Bush Library, Bush Presidential Records, Brent Scowcroft Collection, Meetings Files, National Security Briefings, OA/ID 91162–002, NSB's [National Security Briefings] (1989—1990) [6].","Source: George H.W. Bush Library, Bush Presidential Records, Brent Scowcroft Collection, Meetings Files, National Security Briefings, OA/ID 91162–002, NSB's [National Security Briefings] (1989—1990) [6].","https://catalog.archives.gov/id/366552093","https://catalog.archives.gov/medialz/presidential-libraries/bush/gb-gbs/4708328/41-bpr-scow-mtg-nsb-91162-002.pdf"
"366552094","1989-01-01","1990-12-31","1989-1990","Folder title year range","NSB's [National Security Briefings] (1989-1990) [7]","91162-003","4708328","Meeting Files","Series context and cross-volume routing","Series context","","","","verified","George H.W. Bush Presidential Records","Meetings Files","National Security Briefings","true","0","22622448","22622448","HTTP Content-Length","Restricted - Possibly","107129","0","0","0","0","51","45","1","44","0","0","0","0","0","George H.W. Bush Library, Bush Presidential Records, Brent Scowcroft Collection, Meetings Files, National Security Briefings, OA/ID 91162–003, NSB's [National Security Briefings] (1989—1990) [7].","Source: George H.W. Bush Library, Bush Presidential Records, Brent Scowcroft Collection, Meetings Files, National Security Briefings, OA/ID 91162–003, NSB's [National Security Briefings] (1989—1990) [7].","https://catalog.archives.gov/id/366552094","https://catalog.archives.gov/medialz/presidential-libraries/bush/gb-gbs/4708328/41-bpr-scow-mtg-nsb-91162-003.pdf"
"366552095","1989-01-01","1990-12-31","1989-1990","Folder title year range","NSB's [National Security Briefings] (1989-1990) [8]","91162-004","4708328","Meeting Files","Series context and cross-volume routing","Series context","","","","verified","George H.W. Bush Presidential Records","Meetings Files","National Security Briefings","true","0","21210748","21210748","HTTP Content-Length","Restricted - Possibly","108355","0","0","0","0","52","46","0","46","0","0","0","0","0","George H.W. Bush Library, Bush Presidential Records, Brent Scowcroft Collection, Meetings Files, National Security Briefings, OA/ID 91162–004, NSB's [National Security Briefings] (1989—1990) [8].","Source: George H.W. Bush Library, Bush Presidential Records, Brent Scowcroft Collection, Meetings Files, National Security Briefings, OA/ID 91162–004, NSB's [National Security Briefings] (1989—1990) [8].","https://catalog.archives.gov/id/366552095","https://catalog.archives.gov/medialz/presidential-libraries/bush/gb-gbs/4708328/41-bpr-scow-mtg-nsb-91162-004.pdf"
"366552096","1989-01-01","1990-12-31","1989-1990","Folder title year range","NSB's [National Security Briefings] (1989-1990) [9]","91162-005","4708328","Meeting Files","Series context and cross-volume routing","Series context","","","","verified","George H.W. Bush Presidential Records","Meetings Files","National Security Briefings","true","0","23193830","23193830","HTTP Content-Length","Restricted - Possibly","116128","0","0","0","0","55","49","0","49","0","0","0","0","0","George H.W. Bush Library, Bush Presidential Records, Brent Scowcroft Collection, Meetings Files, National Security Briefings, OA/ID 91162–005, NSB's [National Security Briefings] (1989—1990) [9].","Source: George H.W. Bush Library, Bush Presidential Records, Brent Scowcroft Collection, Meetings Files, National Security Briefings, OA/ID 91162–005, NSB's [National Security Briefings] (1989—1990) [9].","https://catalog.archives.gov/id/366552096","https://catalog.archives.gov/medialz/presidential-libraries/bush/gb-gbs/4708328/41-bpr-scow-mtg-nsb-91162-005.pdf"
"366552097","1989-01-01","1990-12-31","1989-1990","Folder title year range","NSB's [National Security Briefings] (1989-1990) [10]","91162-006","4708328","Meeting Files","Series context and cross-volume routing","Series context","","","","verified","George H.W. Bush Presidential Records","Meetings Files","National Security Briefings","true","0","","6993352","Served size not measured","Restricted - Possibly","28474","0","0","0","0","12","10","0","10","0","0","0","0","0","George H.W. Bush Library, Bush Presidential Records, Brent Scowcroft Collection, Meetings Files, National Security Briefings, OA/ID 91162–006, NSB's [National Security Briefings] (1989—1990) [10].","Source: George H.W. Bush Library, Bush Presidential Records, Brent Scowcroft Collection, Meetings Files, National Security Briefings, OA/ID 91162–006, NSB's [National Security Briefings] (1989—1990) [10].","https://catalog.archives.gov/id/366552097","https://catalog.archives.gov/medialz/presidential-libraries/bush/gb-gbs/4708328/41-bpr-scow-mtg-nsb-91162-006.pdf"
"366552135","1989-01-01","1991-12-31","1989-1991","Folder title year range","Administrative, 1989-1991 [1]","85033-001","74785770","Brent Scowcroft Administrative Files","Series context and cross-volume routing","Series context","","","","verified","George H.W. Bush Presidential Records","Administrative Files","","true","0","51895914","1234","HTTP Content-Length","Restricted - Possibly","203523","2","8","0","0","4","33","5","18","3","4","1","1","1","George H.W. Bush Library, Bush Presidential Records, Brent Scowcroft Collection, Administrative Files, OA/ID 85033–001, Administrative, 1989-1991 [1].","Source: George H.W. Bush Library, Bush Presidential Records, Brent Scowcroft Collection, Administrative Files, OA/ID 85033–001, Administrative, 1989-1991 [1].","https://catalog.archives.gov/id/366552135","https://catalog.archives.gov/medialz/presidential-libraries/bush/gb-gbs/74785770/41-bpr-scow-admin-85033-001.pdf"
"366552136","1989-01-01","1991-12-31","1989-1991","Folder title year range","Administrative, 1989-1991 [2]","85033-002","74785770","Brent Scowcroft Administrative Files","Series context and cross-volume routing","Series context","","","","verified","George H.W. Bush Presidential Records","Administrative Files","","true","0","72040905","1234","HTTP Content-Length","Restricted - Possibly","397733","0","3","0","0","2","38","9","3","16","2","4","2","2","George H.W. Bush Library, Bush Presidential Records, Brent Scowcroft Collection, Administrative Files, OA/ID 85033–002, Administrative, 1989-1991 [2].","Source: George H.W. Bush Library, Bush Presidential Records, Brent Scowcroft Collection, Administrative Files, OA/ID 85033–002, Administrative, 1989-1991 [2].","https://catalog.archives.gov/id/366552136","https://catalog.archives.gov/medialz/presidential-libraries/bush/gb-gbs/74785770/41-bpr-scow-admin-85033-002.pdf"
"366552137","1989-01-01","1991-12-31","1989-1991","Folder title year range","Administrative, 1989-1991 [3]","85033-003","74785770","Brent Scowcroft Administrative Files","Series context and cross-volume routing","Series context","","","","verified","George H.W. Bush Presidential Records","Administrative Files","","true","0","34174338","1234","HTTP Content-Length","Restricted - Possibly","148519","0","2","0","0","6","60","5","31","10","4","2","1","7","George H.W. Bush Library, Bush Presidential Records, Brent Scowcroft Collection, Administrative Files, OA/ID 85033–003, Administrative, 1989-1991 [3].","Source: George H.W. Bush Library, Bush Presidential Records, Brent Scowcroft Collection, Administrative Files, OA/ID 85033–003, Administrative, 1989-1991 [3].","https://catalog.archives.gov/id/366552137","https://catalog.archives.gov/medialz/presidential-libraries/bush/gb-gbs/74785770/41-bpr-scow-admin-85033-003.pdf"
"366552177","1989-01-01","1992-12-31","1989-1992","Folder title year range","Presidential Listing of 1989-1992 Meetings/Telephone Calls","85038-002","74785770","Brent Scowcroft Administrative Files","Series context and cross-volume routing","Parallel-copy context","","","","verified","George H.W. Bush Presidential Records","Administrative Files","","true","0","23808601","1234","HTTP Content-Length","Restricted - Possibly","115552","0","1","0","0","0","70","35","0","0","0","0","0","0","George H.W. Bush Library, Bush Presidential Records, Brent Scowcroft Collection, Administrative Files, OA/ID 85038–002, Presidential Listing of 1989-1992 Meetings/Telephone Calls.","Source: George H.W. Bush Library, Bush Presidential Records, Brent Scowcroft Collection, Administrative Files, OA/ID 85038–002, Presidential Listing of 1989-1992 Meetings/Telephone Calls.","https://catalog.archives.gov/id/366552177","https://catalog.archives.gov/medialz/presidential-libraries/bush/gb-gbs/74785770/41-bpr-scow-admin-85038-002.pdf"
"366552179","1989-01-01","1992-12-31","1989-1992","Folder title year range","Presidential Personnel, 1989-1992 [1]","85038-004","74785770","Brent Scowcroft Administrative Files","Series context and cross-volume routing","Series context","","","","verified","George H.W. Bush Presidential Records","Administrative Files","","true","0","41313806","1234","HTTP Content-Length","Restricted - Possibly","158159","8","1","0","0","2","85","35","23","7","4","14","1","1","George H.W. Bush Library, Bush Presidential Records, Brent Scowcroft Collection, Administrative Files, OA/ID 85038–004, Presidential Personnel, 1989-1992 [1].","Source: George H.W. Bush Library, Bush Presidential Records, Brent Scowcroft Collection, Administrative Files, OA/ID 85038–004, Presidential Personnel, 1989-1992 [1].","https://catalog.archives.gov/id/366552179","https://catalog.archives.gov/medialz/presidential-libraries/bush/gb-gbs/74785770/41-bpr-scow-admin-85038-004.pdf"
"366552180","1989-01-01","1992-12-31","1989-1992","Folder title year range","Presidential Personnel, 1989-1992 [2]","85038-005","74785770","Brent Scowcroft Administrative Files","Series context and cross-volume routing","Series context","","","","verified","George H.W. Bush Presidential Records","Administrative Files","","true","0","50552807","1234","HTTP Content-Length","Restricted - Possibly","195495","18","0","0","0","17","92","37","22","6","3","6","10","4","George H.W. Bush Library, Bush Presidential Records, Brent Scowcroft Collection, Administrative Files, OA/ID 85038–005, Presidential Personnel, 1989-1992 [2].","Source: George H.W. Bush Library, Bush Presidential Records, Brent Scowcroft Collection, Administrative Files, OA/ID 85038–005, Presidential Personnel, 1989-1992 [2].","https://catalog.archives.gov/id/366552180","https://catalog.archives.gov/medialz/presidential-libraries/bush/gb-gbs/74785770/41-bpr-scow-admin-85038-005.pdf"
"366552181","1989-01-01","1992-12-31","1989-1992","Folder title year range","Presidential Personnel, 1989-1992 [3]","85038-006","74785770","Brent Scowcroft Administrative Files","Series context and cross-volume routing","Series context","","","","verified","George H.W. Bush Presidential Records","Administrative Files","","true","0","34577800","1234","HTTP Content-Length","Restricted - Possibly","117040","15","3","0","0","26","51","9","33","2","2","0","3","0","George H.W. Bush Library, Bush Presidential Records, Brent Scowcroft Collection, Administrative Files, OA/ID 85038–006, Presidential Personnel, 1989-1992 [3].","Source: George H.W. Bush Library, Bush Presidential Records, Brent Scowcroft Collection, Administrative Files, OA/ID 85038–006, Presidential Personnel, 1989-1992 [3].","https://catalog.archives.gov/id/366552181","https://catalog.archives.gov/medialz/presidential-libraries/bush/gb-gbs/74785770/41-bpr-scow-admin-85038-006.pdf"
"366552182","1989-01-01","1992-12-31","1989-1992","Folder title year range","Press, 1989-1992 [1]","85039-001","74785770","Brent Scowcroft Administrative Files","Series context and cross-volume routing","Reference context","","","","verified","George H.W. Bush Presidential Records","Administrative Files","","true","0","47966670","1234","HTTP Content-Length","Restricted - Possibly","176025","0","18","0","0","2","106","37","14","36","2","12","1","0","George H.W. Bush Library, Bush Presidential Records, Brent Scowcroft Collection, Administrative Files, OA/ID 85039–001, Press, 1989-1992 [1].","Source: George H.W. Bush Library, Bush Presidential Records, Brent Scowcroft Collection, Administrative Files, OA/ID 85039–001, Press, 1989-1992 [1].","https://catalog.archives.gov/id/366552182","https://catalog.archives.gov/medialz/presidential-libraries/bush/gb-gbs/74785770/41-bpr-scow-admin-85039-001.pdf"
"366552183","1989-01-01","1992-12-31","1989-1992","Folder title year range","Press, 1989-1992 [2]","85039-002","74785770","Brent Scowcroft Administrative Files","Series context and cross-volume routing","Reference context","","","","verified","George H.W. Bush Presidential Records","Administrative Files","","true","0","44316481","1234","HTTP Content-Length","Restricted - Possibly","189731","0","28","0","0","0","47","25","3","7","0","7","1","3","George H.W. Bush Library, Bush Presidential Records, Brent Scowcroft Collection, Administrative Files, OA/ID 85039–002, Press, 1989-1992 [2].","Source: George H.W. Bush Library, Bush Presidential Records, Brent Scowcroft Collection, Administrative Files, OA/ID 85039–002, Press, 1989-1992 [2].","https://catalog.archives.gov/id/366552183","https://catalog.archives.gov/medialz/presidential-libraries/bush/gb-gbs/74785770/41-bpr-scow-admin-85039-002.pdf"
"366552189","1989-01-01","1992-12-31","1989-1992","Folder title year range","Today's News Events, 1989-1992","85039-008","74785770","Brent Scowcroft Administrative Files","Series context and cross-volume routing","Reference context","","","","verified","George H.W. Bush Presidential Records","Administrative Files","","true","0","37731416","1234","HTTP Content-Length","Restricted - Possibly","135954","0","0","0","0","0","97","27","5","24","10","11","4","16","George H.W. Bush Library, Bush Presidential Records, Brent Scowcroft Collection, Administrative Files, OA/ID 85039–008, Today's News Events, 1989-1992.","Source: George H.W. Bush Library, Bush Presidential Records, Brent Scowcroft Collection, Administrative Files, OA/ID 85039–008, Today's News Events, 1989-1992.","https://catalog.archives.gov/id/366552189","https://catalog.archives.gov/medialz/presidential-libraries/bush/gb-gbs/74785770/41-bpr-scow-admin-85039-008.pdf"
"366552119","1989-01-01","1992-12-31","1989-1992","Folder title year range","I Bob Gates Memcons 1989-1992 [1]","91166-001","4545981","Robert M. Gates Subject Files","Series context and cross-volume routing","Parallel-copy context","","","","verified","George H.W. Bush Presidential Records","Gates, Robert M. Files","Memorandum of Conversation Files","true","0","10276587","10276587","HTTP Content-Length","Restricted - Possibly","34937","0","0","14","0","13","16","0","10","3","0","2","0","0","George H.W. Bush Library, Bush Presidential Records, Brent Scowcroft Collection, Gates, Robert M. Files, Memorandum of Conversation Files, OA/ID 91166–001, I Bob Gates Memcons 1989—1992 [1].","Source: George H.W. Bush Library, Bush Presidential Records, Brent Scowcroft Collection, Gates, Robert M. Files, Memorandum of Conversation Files, OA/ID 91166–001, I Bob Gates Memcons 1989—1992 [1].","https://catalog.archives.gov/id/366552119","https://catalog.archives.gov/medialz/presidential-libraries/bush/gb-gbs/4545981/41-bpr-scow-gates-mem-91166-001.pdf"
"366552120","1989-01-01","1992-12-31","1989-1992","Folder title year range","I Bob Gates Memcons 1989-1992 [2]","91166-002","4545981","Robert M. Gates Subject Files","Series context and cross-volume routing","Parallel-copy context","","","","verified","George H.W. Bush Presidential Records","Gates, Robert M. Files","Memorandum of Conversation Files","true","0","19571608","19571608","HTTP Content-Length","Restricted - Possibly","47786","0","0","17","0","16","29","0","13","4","2","1","1","0","George H.W. Bush Library, Bush Presidential Records, Brent Scowcroft Collection, Gates, Robert M. Files, Memorandum of Conversation Files, OA/ID 91166–002, I Bob Gates Memcons 1989—1992 [2].","Source: George H.W. Bush Library, Bush Presidential Records, Brent Scowcroft Collection, Gates, Robert M. Files, Memorandum of Conversation Files, OA/ID 91166–002, I Bob Gates Memcons 1989—1992 [2].","https://catalog.archives.gov/id/366552120","https://catalog.archives.gov/medialz/presidential-libraries/bush/gb-gbs/4545981/41-bpr-scow-gates-mem-91166-002.pdf"
"366552121","1989-01-01","1992-12-31","1989-1992","Folder title year range","I Bob Gates Memcons 1989-1992 [3]","91166-003","4545981","Robert M. Gates Subject Files","Series context and cross-volume routing","Parallel-copy context","","","","verified","George H.W. Bush Presidential Records","Gates, Robert M. Files","Memorandum of Conversation Files","true","0","24471570","24471570","HTTP Content-Length","Restricted - Possibly","84956","0","0","39","0","38","36","0","31","0","2","2","0","0","George H.W. Bush Library, Bush Presidential Records, Brent Scowcroft Collection, Gates, Robert M. Files, Memorandum of Conversation Files, OA/ID 91166–003, I Bob Gates Memcons 1989—1992 [3].","Source: George H.W. Bush Library, Bush Presidential Records, Brent Scowcroft Collection, Gates, Robert M. Files, Memorandum of Conversation Files, OA/ID 91166–003, I Bob Gates Memcons 1989—1992 [3].","https://catalog.archives.gov/id/366552121","https://catalog.archives.gov/medialz/presidential-libraries/bush/gb-gbs/4545981/41-bpr-scow-gates-mem-91166-003.pdf"
"366552122","1989-01-01","1992-12-31","1989-1992","Folder title year range","I Bob Gates Memcons 1989-1992 [4]","91166-004","4545981","Robert M. Gates Subject Files","Series context and cross-volume routing","Parallel-copy context","","","","verified","George H.W. Bush Presidential Records","Gates, Robert M. Files","Memorandum of Conversation Files","true","0","18165996","18165996","HTTP Content-Length","Restricted - Possibly","33287","0","0","13","0","12","25","0","8","6","3","6","1","0","George H.W. Bush Library, Bush Presidential Records, Brent Scowcroft Collection, Gates, Robert M. Files, Memorandum of Conversation Files, OA/ID 91166–004, I Bob Gates Memcons 1989—1992 [4].","Source: George H.W. Bush Library, Bush Presidential Records, Brent Scowcroft Collection, Gates, Robert M. Files, Memorandum of Conversation Files, OA/ID 91166–004, I Bob Gates Memcons 1989—1992 [4].","https://catalog.archives.gov/id/366552122","https://catalog.archives.gov/medialz/presidential-libraries/bush/gb-gbs/4545981/41-bpr-scow-gates-mem-91166-004.pdf"
"366552123","1989-01-01","1992-12-31","1989-1992","Folder title year range","I Bob Gates Memcons 1989-1992 [5]","91166-005","4545981","Robert M. Gates Subject Files","Series context and cross-volume routing","Parallel-copy context","","","","verified","George H.W. Bush Presidential Records","Gates, Robert M. Files","Memorandum of Conversation Files","true","0","20420135","20420136","HTTP Content-Length","Restricted - Possibly","61754","0","0","28","0","27","35","0","25","5","1","3","0","0","George H.W. Bush Library, Bush Presidential Records, Brent Scowcroft Collection, Gates, Robert M. Files, Memorandum of Conversation Files, OA/ID 91166–005, I Bob Gates Memcons 1989—1992 [5].","Source: George H.W. Bush Library, Bush Presidential Records, Brent Scowcroft Collection, Gates, Robert M. Files, Memorandum of Conversation Files, OA/ID 91166–005, I Bob Gates Memcons 1989—1992 [5].","https://catalog.archives.gov/id/366552123","https://catalog.archives.gov/medialz/presidential-libraries/bush/gb-gbs/4545981/41-bpr-scow-gates-mem-91166-005.pdf"
"366552124","1989-01-01","1992-12-31","1989-1992","Folder title year range","I Bob Gates Memcons 1989-1992 [6]","91166-006","4545981","Robert M. Gates Subject Files","Series context and cross-volume routing","Parallel-copy context","","","","verified","George H.W. Bush Presidential Records","Gates, Robert M. Files","Memorandum of Conversation Files","true","0","18411380","18411380","HTTP Content-Length","Restricted - Possibly","41241","0","0","15","0","14","18","3","10","2","1","1","0","0","George H.W. Bush Library, Bush Presidential Records, Brent Scowcroft Collection, Gates, Robert M. Files, Memorandum of Conversation Files, OA/ID 91166–006, I Bob Gates Memcons 1989—1992 [6].","Source: George H.W. Bush Library, Bush Presidential Records, Brent Scowcroft Collection, Gates, Robert M. Files, Memorandum of Conversation Files, OA/ID 91166–006, I Bob Gates Memcons 1989—1992 [6].","https://catalog.archives.gov/id/366552124","https://catalog.archives.gov/medialz/presidential-libraries/bush/gb-gbs/4545981/41-bpr-scow-gates-mem-91166-006.pdf"
"366552125","1989-01-01","1992-12-31","1989-1992","Folder title year range","I Bob Gates Memcons 1989-1992 [7]","91166-007","4545981","Robert M. Gates Subject Files","Series context and cross-volume routing","Parallel-copy context","","","","verified","George H.W. Bush Presidential Records","Gates, Robert M. Files","Memorandum of Conversation Files","true","0","17731271","17731272","HTTP Content-Length","Restricted - Possibly","73168","0","0","16","0","15","25","2","14","7","0","0","0","0","George H.W. Bush Library, Bush Presidential Records, Brent Scowcroft Collection, Gates, Robert M. Files, Memorandum of Conversation Files, OA/ID 91166–007, I Bob Gates Memcons 1989—1992 [7].","Source: George H.W. Bush Library, Bush Presidential Records, Brent Scowcroft Collection, Gates, Robert M. Files, Memorandum of Conversation Files, OA/ID 91166–007, I Bob Gates Memcons 1989—1992 [7].","https://catalog.archives.gov/id/366552125","https://catalog.archives.gov/medialz/presidential-libraries/bush/gb-gbs/4545981/41-bpr-scow-gates-mem-91166-007.pdf"
"366552126","1989-01-01","1992-12-31","1989-1992","Folder title year range","II Bob Gates Memcons 1989-1992 [1]","91166-008","4545981","Robert M. Gates Subject Files","Series context and cross-volume routing","Parallel-copy context","","","","verified","George H.W. Bush Presidential Records","Gates, Robert M. Files","Memorandum of Conversation Files","true","0","21877138","21877138","HTTP Content-Length","Restricted - Possibly","80014","0","0","34","0","33","34","0","31","1","0","2","0","0","George H.W. Bush Library, Bush Presidential Records, Brent Scowcroft Collection, Gates, Robert M. Files, Memorandum of Conversation Files, OA/ID 91166–008, II Bob Gates Memcons 1989—1992 [1].","Source: George H.W. Bush Library, Bush Presidential Records, Brent Scowcroft Collection, Gates, Robert M. Files, Memorandum of Conversation Files, OA/ID 91166–008, II Bob Gates Memcons 1989—1992 [1].","https://catalog.archives.gov/id/366552126","https://catalog.archives.gov/medialz/presidential-libraries/bush/gb-gbs/4545981/41-bpr-scow-gates-mem-91166-008.pdf"
"366552127","1989-01-01","1992-12-31","1989-1992","Folder title year range","II Bob Gates Memcons 1989-1992 [2]","91166-009","4545981","Robert M. Gates Subject Files","Series context and cross-volume routing","Parallel-copy context","","","","verified","George H.W. Bush Presidential Records","Gates, Robert M. Files","Memorandum of Conversation Files","true","0","16929758","16929758","HTTP Content-Length","Restricted - Possibly","25275","0","0","11","0","10","14","0","9","1","0","0","0","1","George H.W. Bush Library, Bush Presidential Records, Brent Scowcroft Collection, Gates, Robert M. Files, Memorandum of Conversation Files, OA/ID 91166–009, II Bob Gates Memcons 1989—1992 [2].","Source: George H.W. Bush Library, Bush Presidential Records, Brent Scowcroft Collection, Gates, Robert M. Files, Memorandum of Conversation Files, OA/ID 91166–009, II Bob Gates Memcons 1989—1992 [2].","https://catalog.archives.gov/id/366552127","https://catalog.archives.gov/medialz/presidential-libraries/bush/gb-gbs/4545981/41-bpr-scow-gates-mem-91166-009.pdf"
"366552128","1989-01-01","1992-12-31","1989-1992","Folder title year range","II Bob Gates Memcons 1989-1992 [3]","91166-010","4545981","Robert M. Gates Subject Files","Series context and cross-volume routing","Parallel-copy context","","","","verified","George H.W. Bush Presidential Records","Gates, Robert M. Files","Memorandum of Conversation Files","true","0","22000415","22000416","HTTP Content-Length","Restricted - Possibly","28794","0","0","11","0","10","9","1","6","1","1","0","0","0","George H.W. Bush Library, Bush Presidential Records, Brent Scowcroft Collection, Gates, Robert M. Files, Memorandum of Conversation Files, OA/ID 91166–010, II Bob Gates Memcons 1989—1992 [3].","Source: George H.W. Bush Library, Bush Presidential Records, Brent Scowcroft Collection, Gates, Robert M. Files, Memorandum of Conversation Files, OA/ID 91166–010, II Bob Gates Memcons 1989—1992 [3].","https://catalog.archives.gov/id/366552128","https://catalog.archives.gov/medialz/presidential-libraries/bush/gb-gbs/4545981/41-bpr-scow-gates-mem-91166-010.pdf"
"366551707","1989-01-01","1993-12-31","1989-1993","Folder title year range","Canada (Incoming) 1989-1993","91114-001","4545941","Presidential Correspondence Files","Series context and cross-volume routing","Series context","","","","verified","George H.W. Bush Presidential Records","Presidential Correspondence Files","Head of State Message Files","true","0","298650","298650","HTTP Content-Length","Restricted - Possibly","545","0","0","0","0","0","0","0","0","0","0","0","0","0","George H.W. Bush Library, Bush Presidential Records, Brent Scowcroft Collection, Presidential Correspondence Files, Head of State Message Files, OA/ID 91114–001, Canada (Incoming) 1989—1993.","Source: George H.W. Bush Library, Bush Presidential Records, Brent Scowcroft Collection, Presidential Correspondence Files, Head of State Message Files, OA/ID 91114–001, Canada (Incoming) 1989—1993.","https://catalog.archives.gov/id/366551707","https://catalog.archives.gov/medialz/presidential-libraries/bush/gb-gbs/4545941/41-bpr-scow-pcor-hosm-91114-001.pdf"
"366551708","1989-01-01","1993-12-31","1989-1993","Folder title year range","Canada (Outgoing) 1989-1993","91114-002","4545941","Presidential Correspondence Files","Series context and cross-volume routing","Series context","","","","verified","George H.W. Bush Presidential Records","Presidential Correspondence Files","Head of State Message Files","true","0","15338438","15338438","HTTP Content-Length","Restricted - Possibly","75346","0","0","0","0","22","30","6","21","0","1","0","0","0","George H.W. Bush Library, Bush Presidential Records, Brent Scowcroft Collection, Presidential Correspondence Files, Head of State Message Files, OA/ID 91114–002, Canada (Outgoing) 1989—1993.","Source: George H.W. Bush Library, Bush Presidential Records, Brent Scowcroft Collection, Presidential Correspondence Files, Head of State Message Files, OA/ID 91114–002, Canada (Outgoing) 1989—1993.","https://catalog.archives.gov/id/366551708","https://catalog.archives.gov/medialz/presidential-libraries/bush/gb-gbs/4545941/41-bpr-scow-pcor-hosm-91114-002.pdf"
"366551709","1989-01-01","1993-12-31","1989-1993","Folder title year range","Egypt (Incoming) 1989-1993","91114-003","4545941","Presidential Correspondence Files","Series context and cross-volume routing","Series context","","","","verified","George H.W. Bush Presidential Records","Presidential Correspondence Files","Head of State Message Files","true","0","14431784","14431784","HTTP Content-Length","Restricted - Possibly","69946","0","0","0","0","9","21","8","8","0","0","0","1","0","George H.W. Bush Library, Bush Presidential Records, Brent Scowcroft Collection, Presidential Correspondence Files, Head of State Message Files, OA/ID 91114–003, Egypt (Incoming) 1989—1993.","Source: George H.W. Bush Library, Bush Presidential Records, Brent Scowcroft Collection, Presidential Correspondence Files, Head of State Message Files, OA/ID 91114–003, Egypt (Incoming) 1989—1993.","https://catalog.archives.gov/id/366551709","https://catalog.archives.gov/medialz/presidential-libraries/bush/gb-gbs/4545941/41-bpr-scow-pcor-hosm-91114-003.pdf"
"366551710","1989-01-01","1993-12-31","1989-1993","Folder title year range","Egypt (Outgoing) 1989-1993","91114-004","4545941","Presidential Correspondence Files","Series context and cross-volume routing","Series context","","","","verified","George H.W. Bush Presidential Records","Presidential Correspondence Files","Head of State Message Files","true","0","6711210","6711210","HTTP Content-Length","Restricted - Possibly","29591","0","0","0","0","2","3","0","1","0","2","0","0","0","George H.W. Bush Library, Bush Presidential Records, Brent Scowcroft Collection, Presidential Correspondence Files, Head of State Message Files, OA/ID 91114–004, Egypt (Outgoing) 1989—1993.","Source: George H.W. Bush Library, Bush Presidential Records, Brent Scowcroft Collection, Presidential Correspondence Files, Head of State Message Files, OA/ID 91114–004, Egypt (Outgoing) 1989—1993.","https://catalog.archives.gov/id/366551710","https://catalog.archives.gov/medialz/presidential-libraries/bush/gb-gbs/4545941/41-bpr-scow-pcor-hosm-91114-004.pdf"
"366551711","1989-01-01","1993-12-31","1989-1993","Folder title year range","France (Incoming) 1989-1993","91114-005","4545941","Presidential Correspondence Files","Series context and cross-volume routing","Series context","","","","verified","George H.W. Bush Presidential Records","Presidential Correspondence Files","Head of State Message Files","true","0","29915932","29915932","HTTP Content-Length","Restricted - Possibly","145739","0","0","0","0","46","81","19","55","3","3","0","1","0","George H.W. Bush Library, Bush Presidential Records, Brent Scowcroft Collection, Presidential Correspondence Files, Head of State Message Files, OA/ID 91114–005, France (Incoming) 1989—1993.","Source: George H.W. Bush Library, Bush Presidential Records, Brent Scowcroft Collection, Presidential Correspondence Files, Head of State Message Files, OA/ID 91114–005, France (Incoming) 1989—1993.","https://catalog.archives.gov/id/366551711","https://catalog.archives.gov/medialz/presidential-libraries/bush/gb-gbs/4545941/41-bpr-scow-pcor-hosm-91114-005.pdf"
"366551712","1989-01-01","1993-12-31","1989-1993","Folder title year range","France (Outgoing) 1989-1993","91114-006","4545941","Presidential Correspondence Files","Economic Summits and Industrialized-Country Cooperation","Volume XXX review","Head-of-state correspondence; France; Economic coordination; Trade and market access; Debt and international finance; Economic summits and G-7; Transition economies; Energy; Agriculture","Outgoing presidential correspondence with France includes economic-summit, trade, finance, or transition-policy material identified in the complete OCR screen. Separate substantive messages from courtesy and security correspondence before selection. Cross-check each message against the general Chronological Files, Special Channel files, and the presidential-correspondence index; retain one archival copy as the citation authority.","The official file-unit PDF is online. This collection-wide pass did not establish its served-PDF page count or item boundaries; page totals on withdrawal sheets describe individual entries, not the complete file unit.","verified","George H.W. Bush Presidential Records","Presidential Correspondence Files","Head of State Message Files","true","0","61771570","61771568","HTTP Content-Length","Restricted - Possibly","321407","0","0","0","0","19","349","94","76","94","17","10","18","2","George H.W. Bush Library, Bush Presidential Records, Brent Scowcroft Collection, Presidential Correspondence Files, Head of State Message Files, OA/ID 91114–006, France (Outgoing) 1989—1993.","Source: George H.W. Bush Library, Bush Presidential Records, Brent Scowcroft Collection, Presidential Correspondence Files, Head of State Message Files, OA/ID 91114–006, France (Outgoing) 1989—1993.","https://catalog.archives.gov/id/366551712","https://catalog.archives.gov/medialz/presidential-libraries/bush/gb-gbs/4545941/41-bpr-scow-pcor-hosm-91114-006.pdf"
"366551713","1989-01-01","1993-12-31","1989-1993","Folder title year range","Germany (Incoming) 1989-1993","91114-007","4545941","Presidential Correspondence Files","Series context and cross-volume routing","Series context","","","","verified","George H.W. Bush Presidential Records","Presidential Correspondence Files","Head of State Message Files","true","0","35776753","35776752","HTTP Content-Length","Restricted - Possibly","179137","0","0","0","0","63","66","6","59","1","0","0","0","0","George H.W. Bush Library, Bush Presidential Records, Brent Scowcroft Collection, Presidential Correspondence Files, Head of State Message Files, OA/ID 91114–007, Germany (Incoming) 1989—1993.","Source: George H.W. Bush Library, Bush Presidential Records, Brent Scowcroft Collection, Presidential Correspondence Files, Head of State Message Files, OA/ID 91114–007, Germany (Incoming) 1989—1993.","https://catalog.archives.gov/id/366551713","https://catalog.archives.gov/medialz/presidential-libraries/bush/gb-gbs/4545941/41-bpr-scow-pcor-hosm-91114-007.pdf"
"366551714","1989-01-01","1993-12-31","1989-1993","Folder title year range","Germany (Outgoing) 1989-1993","91114-008","4545941","Presidential Correspondence Files","Economic Summits and Industrialized-Country Cooperation","Volume XXX review","Head-of-state correspondence; Germany; Economic coordination; Trade and market access; Debt and international finance; Economic summits and G-7; Transition economies; Energy; Agriculture","Outgoing presidential correspondence with Germany includes economic-summit, trade, finance, or transition-policy material identified in the complete OCR screen. Separate substantive messages from courtesy and security correspondence before selection. Cross-check each message against the general Chronological Files, Special Channel files, and the presidential-correspondence index; retain one archival copy as the citation authority.","The official file-unit PDF is online. This collection-wide pass did not establish its served-PDF page count or item boundaries; page totals on withdrawal sheets describe individual entries, not the complete file unit.","verified","George H.W. Bush Presidential Records","Presidential Correspondence Files","Head of State Message Files","true","0","64222405","64222404","HTTP Content-Length","Restricted - Possibly","309457","0","0","0","0","9","424","93","72","125","13","22","37","0","George H.W. Bush Library, Bush Presidential Records, Brent Scowcroft Collection, Presidential Correspondence Files, Head of State Message Files, OA/ID 91114–008, Germany (Outgoing) 1989—1993.","Source: George H.W. Bush Library, Bush Presidential Records, Brent Scowcroft Collection, Presidential Correspondence Files, Head of State Message Files, OA/ID 91114–008, Germany (Outgoing) 1989—1993.","https://catalog.archives.gov/id/366551714","https://catalog.archives.gov/medialz/presidential-libraries/bush/gb-gbs/4545941/41-bpr-scow-pcor-hosm-91114-008.pdf"
"366551715","1989-01-01","1993-12-31","1989-1993","Folder title year range","Italy (Incoming) 1989-1993","91114-009","4545941","Presidential Correspondence Files","Series context and cross-volume routing","Series context","","","","verified","George H.W. Bush Presidential Records","Presidential Correspondence Files","Head of State Message Files","true","0","14499038","14499038","HTTP Content-Length","Restricted - Possibly","66168","0","0","0","0","33","30","0","30","0","0","0","0","0","George H.W. Bush Library, Bush Presidential Records, Brent Scowcroft Collection, Presidential Correspondence Files, Head of State Message Files, OA/ID 91114–009, Italy (Incoming) 1989—1993.","Source: George H.W. Bush Library, Bush Presidential Records, Brent Scowcroft Collection, Presidential Correspondence Files, Head of State Message Files, OA/ID 91114–009, Italy (Incoming) 1989—1993.","https://catalog.archives.gov/id/366551715","https://catalog.archives.gov/medialz/presidential-libraries/bush/gb-gbs/4545941/41-bpr-scow-pcor-hosm-91114-009.pdf"
"366551716","1989-01-01","1993-12-31","1989-1993","Folder title year range","Italy (Outgoing) 1989-1993","91114-010","4545941","Presidential Correspondence Files","Monetary Policy, Debt, and International Institutions","Volume XXX review","Head-of-state correspondence; Italy; Economic coordination; Trade and market access; Debt and international finance; Economic summits and G-7; Transition economies; Energy; Agriculture","Outgoing presidential correspondence with Italy includes economic-summit, trade, finance, or transition-policy material identified in the complete OCR screen. Separate substantive messages from courtesy and security correspondence before selection. Cross-check each message against the general Chronological Files, Special Channel files, and the presidential-correspondence index; retain one archival copy as the citation authority.","The official file-unit PDF is online. This collection-wide pass did not establish its served-PDF page count or item boundaries; page totals on withdrawal sheets describe individual entries, not the complete file unit.","verified","George H.W. Bush Presidential Records","Presidential Correspondence Files","Head of State Message Files","true","0","25414552","25414552","HTTP Content-Length","Restricted - Possibly","124406","0","0","0","0","4","231","67","44","61","10","2","14","2","George H.W. Bush Library, Bush Presidential Records, Brent Scowcroft Collection, Presidential Correspondence Files, Head of State Message Files, OA/ID 91114–010, Italy (Outgoing) 1989—1993.","Source: George H.W. Bush Library, Bush Presidential Records, Brent Scowcroft Collection, Presidential Correspondence Files, Head of State Message Files, OA/ID 91114–010, Italy (Outgoing) 1989—1993.","https://catalog.archives.gov/id/366551716","https://catalog.archives.gov/medialz/presidential-libraries/bush/gb-gbs/4545941/41-bpr-scow-pcor-hosm-91114-010.pdf"
"366551717","1989-01-01","1993-12-31","1989-1993","Folder title year range","Japan (Incoming) 1989-1993","91115-001","4545941","Presidential Correspondence Files","Series context and cross-volume routing","Series context","","","","verified","George H.W. Bush Presidential Records","Presidential Correspondence Files","Head of State Message Files","true","0","2835408","2835408","HTTP Content-Length","Restricted - Possibly","12704","0","0","0","0","5","4","0","4","0","0","0","0","0","George H.W. Bush Library, Bush Presidential Records, Brent Scowcroft Collection, Presidential Correspondence Files, Head of State Message Files, OA/ID 91115–001, Japan (Incoming) 1989—1993.","Source: George H.W. Bush Library, Bush Presidential Records, Brent Scowcroft Collection, Presidential Correspondence Files, Head of State Message Files, OA/ID 91115–001, Japan (Incoming) 1989—1993.","https://catalog.archives.gov/id/366551717","https://catalog.archives.gov/medialz/presidential-libraries/bush/gb-gbs/4545941/41-bpr-scow-pcor-hosm-91115-001.pdf"
"366551718","1989-01-01","1993-12-31","1989-1993","Folder title year range","Japan (Outgoing) 1989-1993","91115-002","4545941","Presidential Correspondence Files","Trade Policy and Market Access","Volume XXX review","Head-of-state correspondence; Japan; Economic coordination; Trade and market access; Debt and international finance; Economic summits and G-7; Transition economies; Energy; Agriculture","Outgoing presidential correspondence with Japan includes economic-summit, trade, finance, or transition-policy material identified in the complete OCR screen. Separate substantive messages from courtesy and security correspondence before selection. Cross-check each message against the general Chronological Files, Special Channel files, and the presidential-correspondence index; retain one archival copy as the citation authority.","The official file-unit PDF is online. This collection-wide pass did not establish its served-PDF page count or item boundaries; page totals on withdrawal sheets describe individual entries, not the complete file unit.","verified","George H.W. Bush Presidential Records","Presidential Correspondence Files","Head of State Message Files","true","0","16590372","16590372","HTTP Content-Length","Restricted - Possibly","84147","0","0","0","0","3","250","67","45","62","8","14","18","1","George H.W. Bush Library, Bush Presidential Records, Brent Scowcroft Collection, Presidential Correspondence Files, Head of State Message Files, OA/ID 91115–002, Japan (Outgoing) 1989—1993.","Source: George H.W. Bush Library, Bush Presidential Records, Brent Scowcroft Collection, Presidential Correspondence Files, Head of State Message Files, OA/ID 91115–002, Japan (Outgoing) 1989—1993.","https://catalog.archives.gov/id/366551718","https://catalog.archives.gov/medialz/presidential-libraries/bush/gb-gbs/4545941/41-bpr-scow-pcor-hosm-91115-002.pdf"
"366551719","1989-01-01","1993-12-31","1989-1993","Folder title year range","Turkey (Incoming) 1989-1993","91115-003","4545941","Presidential Correspondence Files","Series context and cross-volume routing","Series context","","","","verified","George H.W. Bush Presidential Records","Presidential Correspondence Files","Head of State Message Files","true","0","1293563","1293563","HTTP Content-Length","Restricted - Possibly","4930","0","0","0","0","2","1","0","1","0","0","0","0","0","George H.W. Bush Library, Bush Presidential Records, Brent Scowcroft Collection, Presidential Correspondence Files, Head of State Message Files, OA/ID 91115–003, Turkey (Incoming) 1989—1993.","Source: George H.W. Bush Library, Bush Presidential Records, Brent Scowcroft Collection, Presidential Correspondence Files, Head of State Message Files, OA/ID 91115–003, Turkey (Incoming) 1989—1993.","https://catalog.archives.gov/id/366551719","https://catalog.archives.gov/medialz/presidential-libraries/bush/gb-gbs/4545941/41-bpr-scow-pcor-hosm-91115-003.pdf"
"366551720","1989-01-01","1993-12-31","1989-1993","Folder title year range","Turkey (Outgoing) 1989-1993","91115-004","4545941","Presidential Correspondence Files","Series context and cross-volume routing","Series context","","","","verified","George H.W. Bush Presidential Records","Presidential Correspondence Files","Head of State Message Files","true","0","2844120","2844120","HTTP Content-Length","Restricted - Possibly","11963","0","0","0","0","1","2","1","0","0","0","0","0","0","George H.W. Bush Library, Bush Presidential Records, Brent Scowcroft Collection, Presidential Correspondence Files, Head of State Message Files, OA/ID 91115–004, Turkey (Outgoing) 1989—1993.","Source: George H.W. Bush Library, Bush Presidential Records, Brent Scowcroft Collection, Presidential Correspondence Files, Head of State Message Files, OA/ID 91115–004, Turkey (Outgoing) 1989—1993.","https://catalog.archives.gov/id/366551720","https://catalog.archives.gov/medialz/presidential-libraries/bush/gb-gbs/4545941/41-bpr-scow-pcor-hosm-91115-004.pdf"
"366551721","1989-01-01","1993-12-31","1989-1993","Folder title year range","United Kingdom (Incoming) 1989-1993 [1]","91115-005","4545941","Presidential Correspondence Files","Series context and cross-volume routing","Series context","","","","verified","George H.W. Bush Presidential Records","Presidential Correspondence Files","Head of State Message Files","true","0","38752644","38752644","HTTP Content-Length","Restricted - Possibly","181324","0","0","0","0","40","54","8","41","0","1","0","0","1","George H.W. Bush Library, Bush Presidential Records, Brent Scowcroft Collection, Presidential Correspondence Files, Head of State Message Files, OA/ID 91115–005, United Kingdom (Incoming) 1989—1993 [1].","Source: George H.W. Bush Library, Bush Presidential Records, Brent Scowcroft Collection, Presidential Correspondence Files, Head of State Message Files, OA/ID 91115–005, United Kingdom (Incoming) 1989—1993 [1].","https://catalog.archives.gov/id/366551721","https://catalog.archives.gov/medialz/presidential-libraries/bush/gb-gbs/4545941/41-bpr-scow-pcor-hosm-91115-005.pdf"
"366551722","1989-01-01","1993-12-31","1989-1993","Folder title year range","United Kingdom(Incoming) 1989-1993 [2]","91115-006","4545941","Presidential Correspondence Files","Series context and cross-volume routing","Series context","","","","verified","George H.W. Bush Presidential Records","Presidential Correspondence Files","Head of State Message Files","true","0","22316625","22316624","HTTP Content-Length","Restricted - Possibly","110035","0","0","0","0","45","43","0","40","1","0","1","1","0","George H.W. Bush Library, Bush Presidential Records, Brent Scowcroft Collection, Presidential Correspondence Files, Head of State Message Files, OA/ID 91115–006, United Kingdom (Incoming) 1989—1993 [2].","Source: George H.W. Bush Library, Bush Presidential Records, Brent Scowcroft Collection, Presidential Correspondence Files, Head of State Message Files, OA/ID 91115–006, United Kingdom (Incoming) 1989—1993 [2].","https://catalog.archives.gov/id/366551722","https://catalog.archives.gov/medialz/presidential-libraries/bush/gb-gbs/4545941/41-bpr-scow-pcor-hosm-91115-006.pdf"
"366551723","1989-01-01","1993-12-31","1989-1993","Folder title year range","United Kingdom (Outgoing) 1989-1993 [1]","91115-007","4545941","Presidential Correspondence Files","Transition Economies and International Economic Strategy","Volume XXX review","Head-of-state correspondence; United Kingdom; Economic coordination; Trade and market access; Debt and international finance; Economic summits and G-7; Transition economies; Strategic trade and technology; Energy; Agriculture","Outgoing presidential correspondence with United Kingdom includes economic-summit, trade, finance, or transition-policy material identified in the complete OCR screen. Separate substantive messages from courtesy and security correspondence before selection. Cross-check each message against the general Chronological Files, Special Channel files, and the presidential-correspondence index; retain one archival copy as the citation authority.","The official file-unit PDF is online. This collection-wide pass did not establish its served-PDF page count or item boundaries; page totals on withdrawal sheets describe individual entries, not the complete file unit.","verified","George H.W. Bush Presidential Records","Presidential Correspondence Files","Head of State Message Files","true","0","41966230","41966232","HTTP Content-Length","Restricted - Possibly","193246","0","0","0","0","19","162","51","36","22","8","13","9","0","George H.W. Bush Library, Bush Presidential Records, Brent Scowcroft Collection, Presidential Correspondence Files, Head of State Message Files, OA/ID 91115–007, United Kingdom (Outgoing) 1989—1993 [1].","Source: George H.W. Bush Library, Bush Presidential Records, Brent Scowcroft Collection, Presidential Correspondence Files, Head of State Message Files, OA/ID 91115–007, United Kingdom (Outgoing) 1989—1993 [1].","https://catalog.archives.gov/id/366551723","https://catalog.archives.gov/medialz/presidential-libraries/bush/gb-gbs/4545941/41-bpr-scow-pcor-hosm-91115-007.pdf"
"366551724","1989-01-01","1993-12-31","1989-1993","Folder title year range","United Kingdom (Outgoing) 1989-1993 [2]","91115-008","4545941","Presidential Correspondence Files","Transition Economies and International Economic Strategy","Volume XXX review","Head-of-state correspondence; United Kingdom; Economic coordination; Trade and market access; Debt and international finance; Economic summits and G-7; Transition economies; Energy; Agriculture","Outgoing presidential correspondence with United Kingdom includes economic-summit, trade, finance, or transition-policy material identified in the complete OCR screen. Separate substantive messages from courtesy and security correspondence before selection. Cross-check each message against the general Chronological Files, Special Channel files, and the presidential-correspondence index; retain one archival copy as the citation authority.","The official file-unit PDF is online. This collection-wide pass did not establish its served-PDF page count or item boundaries; page totals on withdrawal sheets describe individual entries, not the complete file unit.","verified","George H.W. Bush Presidential Records","Presidential Correspondence Files","Head of State Message Files","true","0","36783224","36783224","HTTP Content-Length","Restricted - Possibly","166625","0","0","0","0","12","184","27","43","66","3","2","27","2","George H.W. Bush Library, Bush Presidential Records, Brent Scowcroft Collection, Presidential Correspondence Files, Head of State Message Files, OA/ID 91115–008, United Kingdom (Outgoing) 1989—1993 [2].","Source: George H.W. Bush Library, Bush Presidential Records, Brent Scowcroft Collection, Presidential Correspondence Files, Head of State Message Files, OA/ID 91115–008, United Kingdom (Outgoing) 1989—1993 [2].","https://catalog.archives.gov/id/366551724","https://catalog.archives.gov/medialz/presidential-libraries/bush/gb-gbs/4545941/41-bpr-scow-pcor-hosm-91115-008.pdf"
"366552098","1989-01-01","1993-12-31","1989-1993","Folder title year range","NSB's [National Security Briefings] (1989-1993) [1]","91163-001","4708328","Meeting Files","Series context and cross-volume routing","Series context","","","","verified","George H.W. Bush Presidential Records","Meetings Files","National Security Briefings","true","0","23380668","23380668","HTTP Content-Length","Restricted - Possibly","107151","0","0","0","0","51","45","0","44","1","0","0","0","0","George H.W. Bush Library, Bush Presidential Records, Brent Scowcroft Collection, Meetings Files, National Security Briefings, OA/ID 91163–001, NSB's [National Security Briefings] (1991—1993) [1].","Source: George H.W. Bush Library, Bush Presidential Records, Brent Scowcroft Collection, Meetings Files, National Security Briefings, OA/ID 91163–001, NSB's [National Security Briefings] (1991—1993) [1].","https://catalog.archives.gov/id/366552098","https://catalog.archives.gov/medialz/presidential-libraries/bush/gb-gbs/4708328/41-bpr-scow-mtg-nsb-91163-001.pdf"
"366552099","1989-01-01","1993-12-31","1989-1993","Folder title year range","NSB's [National Security Briefings] (1989-1993) [2]","91163-002","4708328","Meeting Files","Series context and cross-volume routing","Series context","","","","verified","George H.W. Bush Presidential Records","Meetings Files","National Security Briefings","true","0","20151840","20151840","HTTP Content-Length","Restricted - Possibly","81162","0","0","0","0","37","36","0","33","1","0","1","0","0","George H.W. Bush Library, Bush Presidential Records, Brent Scowcroft Collection, Meetings Files, National Security Briefings, OA/ID 91163–002, NSB's [National Security Briefings] (1991—1993) [2].","Source: George H.W. Bush Library, Bush Presidential Records, Brent Scowcroft Collection, Meetings Files, National Security Briefings, OA/ID 91163–002, NSB's [National Security Briefings] (1991—1993) [2].","https://catalog.archives.gov/id/366552099","https://catalog.archives.gov/medialz/presidential-libraries/bush/gb-gbs/4708328/41-bpr-scow-mtg-nsb-91163-002.pdf"
"366552100","1989-01-01","1993-12-31","1989-1993","Folder title year range","NSB's [National Security Briefings] (1989-1993) [3]","91163-003","4708328","Meeting Files","Series context and cross-volume routing","Series context","","","","verified","George H.W. Bush Presidential Records","Meetings Files","National Security Briefings","true","0","18338964","18338964","HTTP Content-Length","Restricted - Possibly","85972","0","0","0","0","40","39","0","35","2","0","1","0","0","George H.W. Bush Library, Bush Presidential Records, Brent Scowcroft Collection, Meetings Files, National Security Briefings, OA/ID 91163–003, NSB's [National Security Briefings] (1991—1993) [3].","Source: George H.W. Bush Library, Bush Presidential Records, Brent Scowcroft Collection, Meetings Files, National Security Briefings, OA/ID 91163–003, NSB's [National Security Briefings] (1991—1993) [3].","https://catalog.archives.gov/id/366552100","https://catalog.archives.gov/medialz/presidential-libraries/bush/gb-gbs/4708328/41-bpr-scow-mtg-nsb-91163-003.pdf"
"366552101","1989-01-01","1993-12-31","1989-1993","Folder title year range","NSB's [National Security Briefings] (1989-1993) [4]","91163-004","4708328","Meeting Files","Series context and cross-volume routing","Series context","","","","verified","George H.W. Bush Presidential Records","Meetings Files","National Security Briefings","true","0","20210991","20210992","HTTP Content-Length","Restricted - Possibly","97037","0","0","0","0","46","43","0","42","0","1","0","0","0","George H.W. Bush Library, Bush Presidential Records, Brent Scowcroft Collection, Meetings Files, National Security Briefings, OA/ID 91163–004, NSB's [National Security Briefings] (1991—1993) [4].","Source: George H.W. Bush Library, Bush Presidential Records, Brent Scowcroft Collection, Meetings Files, National Security Briefings, OA/ID 91163–004, NSB's [National Security Briefings] (1991—1993) [4].","https://catalog.archives.gov/id/366552101","https://catalog.archives.gov/medialz/presidential-libraries/bush/gb-gbs/4708328/41-bpr-scow-mtg-nsb-91163-004.pdf"
"366552102","1989-01-01","1993-12-31","1989-1993","Folder title year range","NSB's [National Security Briefings] (1989-1993) [5]","91163-005","4708328","Meeting Files","Series context and cross-volume routing","Series context","","","","verified","George H.W. Bush Presidential Records","Meetings Files","National Security Briefings","true","0","21550963","21550964","HTTP Content-Length","Restricted - Possibly","104223","0","0","0","0","49","45","0","44","0","1","0","0","0","George H.W. Bush Library, Bush Presidential Records, Brent Scowcroft Collection, Meetings Files, National Security Briefings, OA/ID 91163–005, NSB's [National Security Briefings] (1991—1993) [5].","Source: George H.W. Bush Library, Bush Presidential Records, Brent Scowcroft Collection, Meetings Files, National Security Briefings, OA/ID 91163–005, NSB's [National Security Briefings] (1991—1993) [5].","https://catalog.archives.gov/id/366552102","https://catalog.archives.gov/medialz/presidential-libraries/bush/gb-gbs/4708328/41-bpr-scow-mtg-nsb-91163-005.pdf"
"366552103","1989-01-01","1993-12-31","1989-1993","Folder title year range","NSB's [National Security Briefings] (1989-1993) [6]","91163-006","4708328","Meeting Files","Series context and cross-volume routing","Series context","","","","verified","George H.W. Bush Presidential Records","Meetings Files","National Security Briefings","true","0","21285184","21285184","HTTP Content-Length","Restricted - Possibly","110073","0","0","0","0","53","47","0","47","0","0","0","0","0","George H.W. Bush Library, Bush Presidential Records, Brent Scowcroft Collection, Meetings Files, National Security Briefings, OA/ID 91163–006, NSB's [National Security Briefings] (1991—1993) [6].","Source: George H.W. Bush Library, Bush Presidential Records, Brent Scowcroft Collection, Meetings Files, National Security Briefings, OA/ID 91163–006, NSB's [National Security Briefings] (1991—1993) [6].","https://catalog.archives.gov/id/366552103","https://catalog.archives.gov/medialz/presidential-libraries/bush/gb-gbs/4708328/41-bpr-scow-mtg-nsb-91163-006.pdf"
"366552104","1989-01-01","1993-12-31","1989-1993","Folder title year range","NSB's [National Security Briefings] (1989-1993) [7]","91163-007","4708328","Meeting Files","Series context and cross-volume routing","Series context","","","","verified","George H.W. Bush Presidential Records","Meetings Files","National Security Briefings","true","0","23063907","23063908","HTTP Content-Length","Restricted - Possibly","117745","0","0","0","0","56","50","0","50","0","0","0","0","0","George H.W. Bush Library, Bush Presidential Records, Brent Scowcroft Collection, Meetings Files, National Security Briefings, OA/ID 91163–007, NSB's [National Security Briefings] (1991—1993) [7].","Source: George H.W. Bush Library, Bush Presidential Records, Brent Scowcroft Collection, Meetings Files, National Security Briefings, OA/ID 91163–007, NSB's [National Security Briefings] (1991—1993) [7].","https://catalog.archives.gov/id/366552104","https://catalog.archives.gov/medialz/presidential-libraries/bush/gb-gbs/4708328/41-bpr-scow-mtg-nsb-91163-007.pdf"
"366552105","1989-01-01","1993-12-31","1989-1993","Folder title year range","NSB's [National Security Briefings] (1989-1993) [8]","91163-008","4708328","Meeting Files","Series context and cross-volume routing","Series context","","","","verified","George H.W. Bush Presidential Records","Meetings Files","National Security Briefings","true","0","10295873","10295873","HTTP Content-Length","Restricted - Possibly","50310","0","0","0","0","24","21","0","21","0","0","0","0","0","George H.W. Bush Library, Bush Presidential Records, Brent Scowcroft Collection, Meetings Files, National Security Briefings, OA/ID 91163–008, NSB's [National Security Briefings] (1991—1993) [8].","Source: George H.W. Bush Library, Bush Presidential Records, Brent Scowcroft Collection, Meetings Files, National Security Briefings, OA/ID 91163–008, NSB's [National Security Briefings] (1991—1993) [8].","https://catalog.archives.gov/id/366552105","https://catalog.archives.gov/medialz/presidential-libraries/bush/gb-gbs/4708328/41-bpr-scow-mtg-nsb-91163-008.pdf"
"366551686","1989-01-23","1989-05-10","January 23, 1989-May 10, 1989","Folder title date range","Presidential Telephone Calls--Memorandum of Conversations 1/23/89-5/10/89","91111-001","4545941","Presidential Correspondence Files","Series context and cross-volume routing","Series context","","","","verified","George H.W. Bush Presidential Records","Presidential Correspondence Files","Presidential Telcon Files","true","0","38628110","38628112","HTTP Content-Length","Restricted - Possibly","155625","0","1","52","0","6","28","5","10","0","2","0","7","3","George H.W. Bush Library, Bush Presidential Records, Brent Scowcroft Collection, Presidential Correspondence Files, Presidential Telcon Files, OA/ID 91111–001, Presidential Telephone Calls—Memorandum of Conversations 1/23/89—5/10/89.","Source: George H.W. Bush Library, Bush Presidential Records, Brent Scowcroft Collection, Presidential Correspondence Files, Presidential Telcon Files, OA/ID 91111–001, Presidential Telephone Calls—Memorandum of Conversations 1/23/89—5/10/89.","https://catalog.archives.gov/id/366551686","https://catalog.archives.gov/medialz/presidential-libraries/bush/gb-gbs/4545941/41-bpr-scow-pcor-telcon-91111-001.pdf"
"366551660","1989-01-24","1989-02-25","January 24, 1989-February 25, 1989","Folder title date range","Presidential Meetings--Memorandum of Conversations 1/24/89-2/25/89","91107-001","4545941","Presidential Correspondence Files","Monetary Policy, Debt, and International Institutions","Volume XXX review","Presidential conversations; Economic-content review; Parallel-copy check; Trade and market access; Debt and international finance; Economic summits and G-7; Transition economies; Energy; Agriculture","The complete Scowcroft folder contains presidential memoranda of conversation or telephone conversations with substantive economic-policy OCR signals. Review each conversation separately and promote only the passages that bear directly on Volume XXX. Parallel-copy control: match each conversation to the Bush Library Memcons and Telcons index and its canonical NARA item before selection. A Scowcroft folder copy is not a second documentary entry.","The official file-unit PDF is online. This collection-wide pass did not establish its served-PDF page count or item boundaries; page totals on withdrawal sheets describe individual entries, not the complete file unit.","verified","George H.W. Bush Presidential Records","Presidential Correspondence Files","Presidential Memcons Files","true","0","46628741","46628740","HTTP Content-Length","Restricted - Possibly","209464","0","0","45","0","6","159","59","45","23","5","6","6","7","George H.W. Bush Library, Bush Presidential Records, Brent Scowcroft Collection, Presidential Correspondence Files, Presidential Memcons Files, OA/ID 91107–001, Presidential Meetings—Memorandum of Conversations 1/24/89—2/25/89.","Source: George H.W. Bush Library, Bush Presidential Records, Brent Scowcroft Collection, Presidential Correspondence Files, Presidential Memcons Files, OA/ID 91107–001, Presidential Meetings—Memorandum of Conversations 1/24/89—2/25/89.","https://catalog.archives.gov/id/366551660","https://catalog.archives.gov/medialz/presidential-libraries/bush/gb-gbs/4545941/41-bpr-scow-pcor-memcon-91107-001.pdf"
"366552195","1989-02-01","1989-02-28","February 1989","Folder title month","February 1989","85040-005","74785827","Brent Scowcroft Media Articles Files","Series context and cross-volume routing","Reference context","","","","verified","George H.W. Bush Presidential Records","Media Articles Files","","true","0","33724197","1234","HTTP Content-Length","Restricted - Possibly","284367","0","0","0","0","0","84","16","6","38","2","10","0","11","George H.W. Bush Library, Bush Presidential Records, Brent Scowcroft Collection, Media Articles Files, OA/ID 85040–005, February 1989.","Source: George H.W. Bush Library, Bush Presidential Records, Brent Scowcroft Collection, Media Articles Files, OA/ID 85040–005, February 1989.","https://catalog.archives.gov/id/366552195","https://catalog.archives.gov/medialz/presidential-libraries/bush/gb-gbs/74785827/41-bpr-scow-ma-85040-005.pdf"
"366552240","1989-02-01","1989-02-28","February 1989","Folder title month","February 1989","85046-002","74785753","Brent Scowcroft Scheduled Calls Files","Series context and cross-volume routing","Reference context","","","","verified","George H.W. Bush Presidential Records","Scheduled Calls Files","","true","0","18443111","1234","HTTP Content-Length","Restricted - Possibly","90589","0","0","0","0","0","14","0","0","6","0","1","2","5","George H.W. Bush Library, Bush Presidential Records, Brent Scowcroft Collection, Scheduled Calls Files, OA/ID 85046–002, February 1989.","Source: George H.W. Bush Library, Bush Presidential Records, Brent Scowcroft Collection, Scheduled Calls Files, OA/ID 85046–002, February 1989.","https://catalog.archives.gov/id/366552240","https://catalog.archives.gov/medialz/presidential-libraries/bush/gb-gbs/74785753/41-bpr-scow-schcalls-85046-002.pdf"
"366551869","1989-02-01","1989-02-28","February 1989","Folder title month","China: Non-Tiananmen (February 1989)","91134-001","4545955","China Chronological Files","Series context and cross-volume routing","Series context","","","","verified","George H.W. Bush Presidential Records","China Chronological Files","Non-Tiananmen Files","true","0","13594424","13594424","HTTP Content-Length","Restricted - Possibly","60821","0","0","3","0","1","79","28","4","37","0","2","0","2","George H.W. Bush Library, Bush Presidential Records, Brent Scowcroft Collection, China Chronological Files, Non-Tiananmen Files, OA/ID 91134–001, China: Non-Tiananmen (February 1989).","Source: George H.W. Bush Library, Bush Presidential Records, Brent Scowcroft Collection, China Chronological Files, Non-Tiananmen Files, OA/ID 91134–001, China: Non-Tiananmen (February 1989).","https://catalog.archives.gov/id/366551869","https://catalog.archives.gov/medialz/presidential-libraries/bush/gb-gbs/4545955/41-bpr-scow-cc-ntian-91134-001.pdf"
"366552131","1989-02-14","1989-07-31","February 14-July 31, 1989","Dated items in the opening withdrawal inventory","Miscellaneous","91167-003","74785770","Brent Scowcroft Administrative Files","Transition Economies and International Economic Strategy","Volume XXX review","Poland and Hungary; Eastern European economic initiative; Economic outreach; Trade and market access; Debt and international finance; Economic summits and G-7; Transition economies; Strategic trade and technology; Energy; Agriculture","This miscellaneous file contains reports titled Eastern European Economic Initiative and Economic Outreach to Eastern Europe, a presidential message to EC Commission President Delors, and records on the international support meeting for Poland and Hungary. Several items are convenience copies from policy and correspondence files; use this folder as a discovery lead until the controlling copy is identified.","The official file-unit PDF is online. This collection-wide pass did not establish its served-PDF page count or item boundaries; page totals on withdrawal sheets describe individual entries, not the complete file unit.","verified","George H.W. Bush Presidential Records","Miscellaneous Files","","true","0","43618953","1234","HTTP Content-Length","Restricted - Possibly","170521","3","10","0","0","4","318","92","67","62","29","2","41","3","George H.W. Bush Library, Bush Presidential Records, Brent Scowcroft Collection, Administrative Files, OA/ID 91167–003, Miscellaneous.","Source: George H.W. Bush Library, Bush Presidential Records, Brent Scowcroft Collection, Administrative Files, OA/ID 91167–003, Miscellaneous.","https://catalog.archives.gov/id/366552131","https://catalog.archives.gov/medialz/presidential-libraries/bush/gb-gbs/74785770/41-bpr-scow-misc-91167-003.pdf"
"366551661","1989-02-26","1989-04-19","February 26, 1989-April 19, 1989","Folder title date range","Presidential Meetings--Memorandum of Conversations 2/26/89-4/19/89","91107-002","4545941","Presidential Correspondence Files","Strategic Trade, Technology, and Investment Controls","Volume XXX review","Presidential conversations; Economic-content review; Parallel-copy check; Trade and market access; Debt and international finance; Economic summits and G-7; Transition economies; Strategic trade and technology; Energy; Agriculture","The complete Scowcroft folder contains presidential memoranda of conversation or telephone conversations with substantive economic-policy OCR signals. Review each conversation separately and promote only the passages that bear directly on Volume XXX. Parallel-copy control: match each conversation to the Bush Library Memcons and Telcons index and its canonical NARA item before selection. A Scowcroft folder copy is not a second documentary entry.","The official file-unit PDF is online. This collection-wide pass did not establish its served-PDF page count or item boundaries; page totals on withdrawal sheets describe individual entries, not the complete file unit.","verified","George H.W. Bush Presidential Records","Presidential Correspondence Files","Presidential Memcons Files","true","0","61185762","61185760","HTTP Content-Length","Restricted - Possibly","287500","0","0","33","0","6","253","73","60","71","4","11","11","15","George H.W. Bush Library, Bush Presidential Records, Brent Scowcroft Collection, Presidential Correspondence Files, Presidential Memcons Files, OA/ID 91107–002, Presidential Meetings—Memorandum of Conversations 2/26/89—4/19/89.","Source: George H.W. Bush Library, Bush Presidential Records, Brent Scowcroft Collection, Presidential Correspondence Files, Presidential Memcons Files, OA/ID 91107–002, Presidential Meetings—Memorandum of Conversations 2/26/89—4/19/89.","https://catalog.archives.gov/id/366551661","https://catalog.archives.gov/medialz/presidential-libraries/bush/gb-gbs/4545941/41-bpr-scow-pcor-memcon-91107-002.pdf"
"366552196","1989-03-01","1989-03-31","March 1989","Folder title month","March 1989","85040-006","74785827","Brent Scowcroft Media Articles Files","Series context and cross-volume routing","Reference context","","","","verified","George H.W. Bush Presidential Records","Media Articles Files","","true","0","54638288","1234","HTTP Content-Length","Restricted - Possibly","383582","0","0","0","0","0","111","25","53","9","2","12","0","10","George H.W. Bush Library, Bush Presidential Records, Brent Scowcroft Collection, Media Articles Files, OA/ID 85040–006, March 1989.","Source: George H.W. Bush Library, Bush Presidential Records, Brent Scowcroft Collection, Media Articles Files, OA/ID 85040–006, March 1989.","https://catalog.archives.gov/id/366552196","https://catalog.archives.gov/medialz/presidential-libraries/bush/gb-gbs/74785827/41-bpr-scow-ma-85040-006.pdf"
"366552241","1989-03-01","1989-03-31","March 1989","Folder title month","March 1989","85046-003","74785753","Brent Scowcroft Scheduled Calls Files","Series context and cross-volume routing","Reference context","","","","verified","George H.W. Bush Presidential Records","Scheduled Calls Files","","true","0","18413655","1234","HTTP Content-Length","Restricted - Possibly","86376","0","0","0","0","0","16","0","3","0","0","0","0","13","George H.W. Bush Library, Bush Presidential Records, Brent Scowcroft Collection, Scheduled Calls Files, OA/ID 85046–003, March 1989.","Source: George H.W. Bush Library, Bush Presidential Records, Brent Scowcroft Collection, Scheduled Calls Files, OA/ID 85046–003, March 1989.","https://catalog.archives.gov/id/366552241","https://catalog.archives.gov/medialz/presidential-libraries/bush/gb-gbs/74785753/41-bpr-scow-schcalls-85046-003.pdf"
"366552289","1989-03-01","1989-03-31","March 1989","Folder title month","March 1989","85050-002","74785758","Brent Scowcroft Schedule Files","Series context and cross-volume routing","Reference context","","","","verified","George H.W. Bush Presidential Records","Schedule Files","","true","0","1353412","1234","HTTP Content-Length","Restricted - Possibly","5353","0","0","0","0","3","2","0","2","0","0","0","0","0","George H.W. Bush Library, Bush Presidential Records, Brent Scowcroft Collection, Schedule Files, OA/ID 85050–002, March 1989.","Source: George H.W. Bush Library, Bush Presidential Records, Brent Scowcroft Collection, Schedule Files, OA/ID 85050–002, March 1989.","https://catalog.archives.gov/id/366552289","https://catalog.archives.gov/medialz/presidential-libraries/bush/gb-gbs/74785758/41-bpr-scow-schedule-85050-002.pdf"
"366551762","1989-03-01","1989-03-31","March 1989","Folder title month","Soviet Power Collapse in Eastern Europe--SNF [Short-range Nuclear Forces] March 1989","91120-001","4708332","USSR Chronological Files","Series context and cross-volume routing","Series context","","","","verified","George H.W. Bush Presidential Records","USSR Chronological Files","SNF [Short-range Nuclear Forces] Files","true","0","34854528","34854528","HTTP Content-Length","Restricted - Possibly","142686","10","16","5","0","8","71","14","9","15","5","1","2","0","George H.W. Bush Library, Bush Presidential Records, Brent Scowcroft Collection, USSR Chronological Files, SNF [Short-range Nuclear Forces] Files, OA/ID 91120–001, Soviet Power Collapse in Eastern Europe—SNF [Short-range Nuclear Forces]—March 1989.","Source: George H.W. Bush Library, Bush Presidential Records, Brent Scowcroft Collection, USSR Chronological Files, SNF [Short-range Nuclear Forces] Files, OA/ID 91120–001, Soviet Power Collapse in Eastern Europe—SNF [Short-range Nuclear Forces]—March 1989.","https://catalog.archives.gov/id/366551762","https://catalog.archives.gov/medialz/presidential-libraries/bush/gb-gbs/4708332/41-bpr-scow-ussrch-snf-91120-001.pdf"
"366551937","1989-03-01","1989-03-31","March 1989","Folder title month","Middle East Peace (March 1989)","91142-001","4545976","Middle East Peace Process Files","Series context and cross-volume routing","Series context","","","","verified","George H.W. Bush Presidential Records","Middle East Peace Process Files","Chronological Files","true","0","38836797","38836796","HTTP Content-Length","Restricted - Possibly","167041","0","1","15","0","16","156","46","46","29","5","4","7","8","George H.W. Bush Library, Bush Presidential Records, Brent Scowcroft Collection, Middle East Peace Process Files, Chronological Files, OA/ID 91142–001, Middle East Peace (March 1989).","Source: George H.W. Bush Library, Bush Presidential Records, Brent Scowcroft Collection, Middle East Peace Process Files, Chronological Files, OA/ID 91142–001, Middle East Peace (March 1989).","https://catalog.archives.gov/id/366551937","https://catalog.archives.gov/medialz/presidential-libraries/bush/gb-gbs/4545976/41-bpr-scow-mepp-chr-91142-001.pdf"
"366551795","1989-03-01","1989-04-30","March-April 1989","Folder title month range","Soviet Power Collapse in Eastern Europe (March-April 1989)","91124-001","4708332","USSR Chronological Files","Monetary Policy, Debt, and International Institutions","Boundary review","Poland; Debt relief; Economic reform; Trade and market access; Debt and international finance; Economic summits and G-7; Transition economies; Strategic trade and technology; Energy; Agriculture","The full OCR and opening withdrawal inventory identify a significant foreign-economic-policy strand, but the principal narrative belongs in a regional, Soviet, China, German-unification, or Persian Gulf volume. Review for cross-reference or a narrowly selected economic-policy document. Special-separate copy sets, meeting-file duplicates, and later retrospective chronologies are not separately promoted. Compare this file with the controlling regional and presidential records before selection.","The official file-unit PDF is online. This collection-wide pass did not establish its served-PDF page count or item boundaries; page totals on withdrawal sheets describe individual entries, not the complete file unit.","verified","George H.W. Bush Presidential Records","USSR Chronological Files","Soviet Power Collapse in Eastern Europe Files","true","0","27306194","27306194","HTTP Content-Length","Restricted - Possibly","100892","2","9","0","0","2","300","84","127","29","20","1","2","17","George H.W. Bush Library, Bush Presidential Records, Brent Scowcroft Collection, USSR Chronological Files, Soviet Power Collapse in Eastern Europe Files, OA/ID 91124–001, Soviet Power Collapse in Eastern Europe (March—April 1989).","Source: George H.W. Bush Library, Bush Presidential Records, Brent Scowcroft Collection, USSR Chronological Files, Soviet Power Collapse in Eastern Europe Files, OA/ID 91124–001, Soviet Power Collapse in Eastern Europe (March—April 1989).","https://catalog.archives.gov/id/366551795","https://catalog.archives.gov/medialz/presidential-libraries/bush/gb-gbs/4708332/41-bpr-scow-ussrch-svp-91124-001.pdf"
"366552197","1989-04-01","1989-04-30","April 1989","Folder title month","April 1989","85040-007","74785827","Brent Scowcroft Media Articles Files","Series context and cross-volume routing","Reference context","","","","verified","George H.W. Bush Presidential Records","Media Articles Files","","true","0","33770157","1234","HTTP Content-Length","Restricted - Possibly","345750","0","0","0","0","0","76","31","14","20","3","3","0","5","George H.W. Bush Library, Bush Presidential Records, Brent Scowcroft Collection, Media Articles Files, OA/ID 85040–007, April 1989.","Source: George H.W. Bush Library, Bush Presidential Records, Brent Scowcroft Collection, Media Articles Files, OA/ID 85040–007, April 1989.","https://catalog.archives.gov/id/366552197","https://catalog.archives.gov/medialz/presidential-libraries/bush/gb-gbs/74785827/41-bpr-scow-ma-85040-007.pdf"
"366552242","1989-04-01","1989-04-30","April 1989","Folder title month","April 1989","85046-004","74785753","Brent Scowcroft Scheduled Calls Files","Series context and cross-volume routing","Reference context","","","","verified","George H.W. Bush Presidential Records","Scheduled Calls Files","","true","0","16807564","1234","HTTP Content-Length","Restricted - Possibly","78897","0","0","0","0","0","9","0","1","0","0","0","1","7","George H.W. Bush Library, Bush Presidential Records, Brent Scowcroft Collection, Scheduled Calls Files, OA/ID 85046–004, April 1989.","Source: George H.W. Bush Library, Bush Presidential Records, Brent Scowcroft Collection, Scheduled Calls Files, OA/ID 85046–004, April 1989.","https://catalog.archives.gov/id/366552242","https://catalog.archives.gov/medialz/presidential-libraries/bush/gb-gbs/74785753/41-bpr-scow-schcalls-85046-004.pdf"
"366552290","1989-04-01","1989-04-30","April 1989","Folder title month","April 1989","85050-003","74785758","Brent Scowcroft Schedule Files","Series context and cross-volume routing","Reference context","","","","verified","George H.W. Bush Presidential Records","Schedule Files","","true","0","26625346","1234","HTTP Content-Length","Restricted - Possibly","122526","0","0","0","0","39","43","0","34","5","0","0","0","2","George H.W. Bush Library, Bush Presidential Records, Brent Scowcroft Collection, Schedule Files, OA/ID 85050–003, April 1989.","Source: George H.W. Bush Library, Bush Presidential Records, Brent Scowcroft Collection, Schedule Files, OA/ID 85050–003, April 1989.","https://catalog.archives.gov/id/366552290","https://catalog.archives.gov/medialz/presidential-libraries/bush/gb-gbs/74785758/41-bpr-scow-schedule-85050-003.pdf"
"366551763","1989-04-01","1989-04-30","April 1989","Folder title month","Soviet Power Collapse in Eastern Europe--SNF [Short-range Nuclear Forces] April 1989 [1]","91120-002","4708332","USSR Chronological Files","Series context and cross-volume routing","Series context","","","","verified","George H.W. Bush Presidential Records","USSR Chronological Files","SNF [Short-range Nuclear Forces] Files","true","0","32205606","32205606","HTTP Content-Length","Restricted - Possibly","131987","16","14","6","0","23","41","6","17","5","2","0","0","0","George H.W. Bush Library, Bush Presidential Records, Brent Scowcroft Collection, USSR Chronological Files, SNF [Short-range Nuclear Forces] Files, OA/ID 91120–002, Soviet Power Collapse in Eastern Europe—SNF [Short-range Nuclear Forces]—April 1989 [1].","Source: George H.W. Bush Library, Bush Presidential Records, Brent Scowcroft Collection, USSR Chronological Files, SNF [Short-range Nuclear Forces] Files, OA/ID 91120–002, Soviet Power Collapse in Eastern Europe—SNF [Short-range Nuclear Forces]—April 1989 [1].","https://catalog.archives.gov/id/366551763","https://catalog.archives.gov/medialz/presidential-libraries/bush/gb-gbs/4708332/41-bpr-scow-ussrch-snf-91120-002.pdf"
"366551764","1989-04-01","1989-04-30","April 1989","Folder title month","Soviet Power Collapse in Eastern Europe--SNF [Short-range Nuclear Forces] April 1989 [2]","91120-003","4708332","USSR Chronological Files","Series context and cross-volume routing","Series context","","","","verified","George H.W. Bush Presidential Records","USSR Chronological Files","SNF [Short-range Nuclear Forces] Files","true","0","13660464","13660464","HTTP Content-Length","Restricted - Possibly","47049","2","4","0","0","6","4","0","4","0","0","0","0","0","George H.W. Bush Library, Bush Presidential Records, Brent Scowcroft Collection, USSR Chronological Files, SNF [Short-range Nuclear Forces] Files, OA/ID 91120–003, Soviet Power Collapse in Eastern Europe—SNF [Short-range Nuclear Forces]—April 1989 [2].","Source: George H.W. Bush Library, Bush Presidential Records, Brent Scowcroft Collection, USSR Chronological Files, SNF [Short-range Nuclear Forces] Files, OA/ID 91120–003, Soviet Power Collapse in Eastern Europe—SNF [Short-range Nuclear Forces]—April 1989 [2].","https://catalog.archives.gov/id/366551764","https://catalog.archives.gov/medialz/presidential-libraries/bush/gb-gbs/4708332/41-bpr-scow-ussrch-snf-91120-003.pdf"
"366551897","1989-04-01","1989-04-30","April 1989","Folder title month","Latin America--Central America (April 1989)","91138-001","4545957","Latin America Files","Series context and cross-volume routing","Series context","","","","verified","George H.W. Bush Presidential Records","Latin American Files","Central American Chronological Files","true","0","2230748","2230748","HTTP Content-Length","Restricted - Possibly","7795","0","1","0","0","1","0","0","0","0","0","0","0","0","George H.W. Bush Library, Bush Presidential Records, Brent Scowcroft Collection, Latin American Files, Central American Chronological Files, OA/ID 91138–001, Latin America—Central America (April 1989).","Source: George H.W. Bush Library, Bush Presidential Records, Brent Scowcroft Collection, Latin American Files, Central American Chronological Files, OA/ID 91138–001, Latin America—Central America (April 1989).","https://catalog.archives.gov/id/366551897","https://catalog.archives.gov/medialz/presidential-libraries/bush/gb-gbs/4545957/41-bpr-scow-la-cachr-91138-001.pdf"
"366551991","1989-04-01","1989-04-30","April 1989","Folder title month","Other (April 1989) [1]","91148-002","4708326","Chronological Files","Series context and cross-volume routing","Series context","","","","verified","George H.W. Bush Presidential Records","Chronological Files","","true","0","28986460","28986460","HTTP Content-Length","Restricted - Possibly","115327","2","3","0","0","9","31","13","7","10","0","0","0","0","George H.W. Bush Library, Bush Presidential Records, Brent Scowcroft Collection, Chronological Files, OA/ID 91148–002, Other (April 1989) [1].","Source: George H.W. Bush Library, Bush Presidential Records, Brent Scowcroft Collection, Chronological Files, OA/ID 91148–002, Other (April 1989) [1].","https://catalog.archives.gov/id/366551991","https://catalog.archives.gov/medialz/presidential-libraries/bush/gb-gbs/4708326/41-bpr-scow-chron-91148-002.pdf"
"366551992","1989-04-01","1989-04-30","April 1989","Folder title month","Other (April 1989) [2]","91148-003","4708326","Chronological Files","Strategic Trade, Technology, and Investment Controls","Volume XXX review","COCOM; Trade Strategy Review; Export Enhancement Program; Japan telecommunications; Trade and market access; Debt and international finance; Economic summits and G-7; Transition economies; Strategic trade and technology; Energy; Agriculture","The opening inventory identifies Economic Policy Directive 1, Brady's Trade Strategy Review, the Soviet Export Enhancement Program decision package, Japan telecommunications determinations, and a White House Summit Group packet.","The official file-unit PDF is online. This collection-wide pass did not establish its served-PDF page count or item boundaries; page totals on withdrawal sheets describe individual entries, not the complete file unit.","verified","George H.W. Bush Presidential Records","Chronological Files","","true","0","34711684","34711684","HTTP Content-Length","Restricted - Possibly","134592","9","12","0","0","10","234","60","9","97","4","6","17","14","George H.W. Bush Library, Bush Presidential Records, Brent Scowcroft Collection, Chronological Files, OA/ID 91148–003, Other (April 1989) [2].","Source: George H.W. Bush Library, Bush Presidential Records, Brent Scowcroft Collection, Chronological Files, OA/ID 91148–003, Other (April 1989) [2].","https://catalog.archives.gov/id/366551992","https://catalog.archives.gov/medialz/presidential-libraries/bush/gb-gbs/4708326/41-bpr-scow-chron-91148-003.pdf"
"366551773","1989-04-01","1989-06-30","April-June 1989","Folder title month range","Soviet Power Collapse in Eastern Europe--CFE [Conventional Forces in Europe] April-June 1989","91121-001","4708332","USSR Chronological Files","Series context and cross-volume routing","Series context","","","","verified","George H.W. Bush Presidential Records","USSR Chronological Files","CFE [Conventional Forces in Europe] Files","true","0","54338053","54338052","HTTP Content-Length","Restricted - Possibly","220541","3","13","8","0","18","99","32","12","23","3","1","3","1","George H.W. Bush Library, Bush Presidential Records, Brent Scowcroft Collection, USSR Chronological Files, CFE [Conventional Forces in Europe] Files, OA/ID 91121–001, Soviet Power Collapse in Eastern Europe—CFE [Conventional Forces in Europe] April—June 1989.","Source: George H.W. Bush Library, Bush Presidential Records, Brent Scowcroft Collection, USSR Chronological Files, CFE [Conventional Forces in Europe] Files, OA/ID 91121–001, Soviet Power Collapse in Eastern Europe—CFE [Conventional Forces in Europe] April—June 1989.","https://catalog.archives.gov/id/366551773","https://catalog.archives.gov/medialz/presidential-libraries/bush/gb-gbs/4708332/41-bpr-scow-ussrch-cfe-91121-001.pdf"
"366551662","1989-04-19","1989-05-31","April 19, 1989-May 31, 1989","Folder title date range","Presidential Meetings--Memorandum of Conversations 4/19/89-5/31/89","91107-003","4545941","Presidential Correspondence Files","Transition Economies and International Economic Strategy","Volume XXX review","Presidential conversations; Economic-content review; Parallel-copy check; Trade and market access; Debt and international finance; Economic summits and G-7; Transition economies; Strategic trade and technology; Energy; Agriculture","The complete Scowcroft folder contains presidential memoranda of conversation or telephone conversations with substantive economic-policy OCR signals. Review each conversation separately and promote only the passages that bear directly on Volume XXX. Parallel-copy control: match each conversation to the Bush Library Memcons and Telcons index and its canonical NARA item before selection. A Scowcroft folder copy is not a second documentary entry.","The official file-unit PDF is online. This collection-wide pass did not establish its served-PDF page count or item boundaries; page totals on withdrawal sheets describe individual entries, not the complete file unit.","verified","George H.W. Bush Presidential Records","Presidential Correspondence Files","Presidential Memcons Files","true","0","45310551","45310552","HTTP Content-Length","Restricted - Possibly","208450","0","0","39","0","7","125","56","18","25","4","5","7","0","George H.W. Bush Library, Bush Presidential Records, Brent Scowcroft Collection, Presidential Correspondence Files, Presidential Memcons Files, OA/ID 91107–003, Presidential Meetings—Memorandum of Conversations 4/19/89—5/31/89.","Source: George H.W. Bush Library, Bush Presidential Records, Brent Scowcroft Collection, Presidential Correspondence Files, Presidential Memcons Files, OA/ID 91107–003, Presidential Meetings—Memorandum of Conversations 4/19/89—5/31/89.","https://catalog.archives.gov/id/366551662","https://catalog.archives.gov/medialz/presidential-libraries/bush/gb-gbs/4545941/41-bpr-scow-pcor-memcon-91107-003.pdf"
"366552163","1989-04-28","1992-06-24","April 28, 1989-June 24, 1992","Dated items in the opening withdrawal inventory","Brady, Nicholas","85036-008","74785770","Brent Scowcroft Administrative Files","Monetary Policy, Debt, and International Institutions","Volume XXX review","Nicholas Brady; IMF negotiations with Russia; Post-Gulf economy; NAFTA boundary; Trade and market access; Debt and international finance; Economic summits and G-7; Energy; Agriculture","The folder inventory identifies a draft review of U.S. economic policy toward Latin America, IMF negotiations with Russia, Brady's memorandum on post-Gulf international economic issues, Gulf financing, and a NAFTA letter requiring Volume XXXIII routing. The draft review overlaps the NSR series, and the NAFTA item belongs primarily in Volume XXXIII. Compare those controlling files before promotion.","The official file-unit PDF is online. This collection-wide pass did not establish its served-PDF page count or item boundaries; page totals on withdrawal sheets describe individual entries, not the complete file unit.","verified","George H.W. Bush Presidential Records","Administrative Files","","true","0","14681408","1234","HTTP Content-Length","Restricted - Possibly","56322","1","2","0","0","6","216","43","56","43","9","12","12","38","George H.W. Bush Library, Bush Presidential Records, Brent Scowcroft Collection, Administrative Files, OA/ID 85036–008, Brady, Nicholas.","Source: George H.W. Bush Library, Bush Presidential Records, Brent Scowcroft Collection, Administrative Files, OA/ID 85036–008, Brady, Nicholas.","https://catalog.archives.gov/id/366552163","https://catalog.archives.gov/medialz/presidential-libraries/bush/gb-gbs/74785770/41-bpr-scow-admin-85036-008.pdf"
"366552198","1989-05-01","1989-05-31","May 1989","Folder title month","May 1989","85041-001","74785827","Brent Scowcroft Media Articles Files","Series context and cross-volume routing","Reference context","","","","verified","George H.W. Bush Presidential Records","Media Articles Files","","true","0","53642673","1234","HTTP Content-Length","Restricted - Possibly","474632","0","0","0","0","0","211","81","6","86","26","3","0","5","George H.W. Bush Library, Bush Presidential Records, Brent Scowcroft Collection, Media Articles Files, OA/ID 85041–001, May 1989.","Source: George H.W. Bush Library, Bush Presidential Records, Brent Scowcroft Collection, Media Articles Files, OA/ID 85041–001, May 1989.","https://catalog.archives.gov/id/366552198","https://catalog.archives.gov/medialz/presidential-libraries/bush/gb-gbs/74785827/41-bpr-scow-ma-85041-001.pdf"
"366552243","1989-05-01","1989-05-31","May 1989","Folder title month","May 1989","85046-005","74785753","Brent Scowcroft Scheduled Calls Files","Series context and cross-volume routing","Reference context","","","","verified","George H.W. Bush Presidential Records","Scheduled Calls Files","","true","0","6207004","1234","HTTP Content-Length","Restricted - Possibly","29598","0","0","0","0","5","4","0","4","0","0","0","0","0","George H.W. Bush Library, Bush Presidential Records, Brent Scowcroft Collection, Scheduled Calls Files, OA/ID 85046–005, May 1989.","Source: George H.W. Bush Library, Bush Presidential Records, Brent Scowcroft Collection, Scheduled Calls Files, OA/ID 85046–005, May 1989.","https://catalog.archives.gov/id/366552243","https://catalog.archives.gov/medialz/presidential-libraries/bush/gb-gbs/74785753/41-bpr-scow-schcalls-85046-005.pdf"
"366552291","1989-05-01","1989-05-31","May 1989","Folder title month","May 1989","85050-004","74785758","Brent Scowcroft Schedule Files","Series context and cross-volume routing","Reference context","","","","verified","George H.W. Bush Presidential Records","Schedule Files","","true","0","","1234","Served size not measured","Restricted - Possibly","5351","0","0","0","0","3","2","0","2","0","0","0","0","0","George H.W. Bush Library, Bush Presidential Records, Brent Scowcroft Collection, Schedule Files, OA/ID 85050–004, May 1989.","Source: George H.W. Bush Library, Bush Presidential Records, Brent Scowcroft Collection, Schedule Files, OA/ID 85050–004, May 1989.","https://catalog.archives.gov/id/366552291","https://catalog.archives.gov/medialz/presidential-libraries/bush/gb-gbs/74785758/41-bpr-scow-schedule-85050-004.pdf"
"366551739","1989-05-01","1989-05-31","May 1989","Folder title month","USSR Collapse: U.S.--Soviet Relations Thru 1991 (May 1989)","91117-002","4545954","USSR Collapse Files","Series context and cross-volume routing","Series context","","","","verified","George H.W. Bush Presidential Records","USSR Collapse Files","U.S - Soviet Relations Chronological Files","true","0","42328264","42328264","HTTP Content-Length","Restricted - Possibly","166670","8","11","0","0","3","84","50","6","18","4","0","0","0","George H.W. Bush Library, Bush Presidential Records, Brent Scowcroft Collection, USSR Collapse Files, U.S - Soviet Relations Chronological Files, OA/ID 91117–002, USSR Collapse: U.S—Soviet Relations Thru 1991 (May 1989) box 11.","Source: George H.W. Bush Library, Bush Presidential Records, Brent Scowcroft Collection, USSR Collapse Files, U.S - Soviet Relations Chronological Files, OA/ID 91117–002, USSR Collapse: U.S—Soviet Relations Thru 1991 (May 1989) box 11.","https://catalog.archives.gov/id/366551739","https://catalog.archives.gov/medialz/presidential-libraries/bush/gb-gbs/4545954/41-bpr-scow-ussrco-ussrl-91117-002.pdf"
"366551765","1989-05-01","1989-05-31","May 1989","Folder title month","Soviet Power Collapse in Eastern Europe--SNF [Short-range Nuclear Forces] May 1989 [1]","91120-004","4708332","USSR Chronological Files","Series context and cross-volume routing","Series context","","","","verified","George H.W. Bush Presidential Records","USSR Chronological Files","SNF [Short-range Nuclear Forces] Files","true","0","27281140","27281140","HTTP Content-Length","Restricted - Possibly","106882","17","8","0","0","9","54","18","7","10","4","8","0","0","George H.W. Bush Library, Bush Presidential Records, Brent Scowcroft Collection, USSR Chronological Files, SNF [Short-range Nuclear Forces] Files, OA/ID 91120–004, Soviet Power Collapse in Eastern Europe—SNF [Short-range Nuclear Forces]—May 1989 [1].","Source: George H.W. Bush Library, Bush Presidential Records, Brent Scowcroft Collection, USSR Chronological Files, SNF [Short-range Nuclear Forces] Files, OA/ID 91120–004, Soviet Power Collapse in Eastern Europe—SNF [Short-range Nuclear Forces]—May 1989 [1].","https://catalog.archives.gov/id/366551765","https://catalog.archives.gov/medialz/presidential-libraries/bush/gb-gbs/4708332/41-bpr-scow-ussrch-snf-91120-004.pdf"
"366551766","1989-05-01","1989-05-31","May 1989","Folder title month","Soviet Power Collapse in Eastern Europe--SNF [Short-range Nuclear Forces] May 1989 [2]","91120-005","4708332","USSR Chronological Files","Series context and cross-volume routing","Series context","","","","verified","George H.W. Bush Presidential Records","USSR Chronological Files","SNF [Short-range Nuclear Forces] Files","true","0","25663052","25663052","HTTP Content-Length","Restricted - Possibly","107634","3","3","0","0","11","119","39","41","12","2","0","3","1","George H.W. Bush Library, Bush Presidential Records, Brent Scowcroft Collection, USSR Chronological Files, SNF [Short-range Nuclear Forces] Files, OA/ID 91120–005, Soviet Power Collapse in Eastern Europe—SNF [Short-range Nuclear Forces]—May 1989 [2].","Source: George H.W. Bush Library, Bush Presidential Records, Brent Scowcroft Collection, USSR Chronological Files, SNF [Short-range Nuclear Forces] Files, OA/ID 91120–005, Soviet Power Collapse in Eastern Europe—SNF [Short-range Nuclear Forces]—May 1989 [2].","https://catalog.archives.gov/id/366551766","https://catalog.archives.gov/medialz/presidential-libraries/bush/gb-gbs/4708332/41-bpr-scow-ussrch-snf-91120-005.pdf"
"366551740","1989-05-01","1989-06-30","May-June 1989","Folder title month range","USSR Collapse: U.S.--Soviet Relations Thru 1991 (May-June 1989)","91117-003","4545954","USSR Collapse Files","Series context and cross-volume routing","Series context","","","","verified","George H.W. Bush Presidential Records","USSR Collapse Files","U.S - Soviet Relations Chronological Files","true","0","22472665","22472664","HTTP Content-Length","Restricted - Possibly","69602","13","7","0","0","3","14","12","1","0","0","1","0","0","George H.W. Bush Library, Bush Presidential Records, Brent Scowcroft Collection, USSR Collapse Files, U.S - Soviet Relations Chronological Files, OA/ID 91117–003, USSR Collapse: U.S—Soviet Relations Thru 1991 (May—June 1989).","Source: George H.W. Bush Library, Bush Presidential Records, Brent Scowcroft Collection, USSR Collapse Files, U.S - Soviet Relations Chronological Files, OA/ID 91117–003, USSR Collapse: U.S—Soviet Relations Thru 1991 (May—June 1989).","https://catalog.archives.gov/id/366551740","https://catalog.archives.gov/medialz/presidential-libraries/bush/gb-gbs/4545954/41-bpr-scow-ussrco-ussrl-91117-003.pdf"
"366551687","1989-05-10","1989-07-27","May 10, 1989-July 27, 1989","Folder title date range","Presidential Telephone Calls--Memorandum of Conversations 5/10/89-7/27/89","91111-002","4545941","Presidential Correspondence Files","Economic Summits and Industrialized-Country Cooperation","Volume XXX review","Presidential telephone conversations; Economic-content review; Parallel-copy check; Trade and market access; Debt and international finance; Economic summits and G-7; Energy","The complete Scowcroft folder contains presidential memoranda of conversation or telephone conversations with substantive economic-policy OCR signals. Review each conversation separately and promote only the passages that bear directly on Volume XXX. Parallel-copy control: match each conversation to the Bush Library Memcons and Telcons index and its canonical NARA item before selection. A Scowcroft folder copy is not a second documentary entry.","The official file-unit PDF is online. This collection-wide pass did not establish its served-PDF page count or item boundaries; page totals on withdrawal sheets describe individual entries, not the complete file unit.","verified","George H.W. Bush Presidential Records","Presidential Correspondence Files","Presidential Telcon Files","true","0","44517126","44517128","HTTP Content-Length","Restricted - Possibly","197215","0","1","47","0","5","87","27","22","12","11","1","0","5","George H.W. Bush Library, Bush Presidential Records, Brent Scowcroft Collection, Presidential Correspondence Files, Presidential Telcon Files, OA/ID 91111–002, Presidential Telephone Calls—Memorandum of Conversations 5/10/89—7/27/89.","Source: George H.W. Bush Library, Bush Presidential Records, Brent Scowcroft Collection, Presidential Correspondence Files, Presidential Telcon Files, OA/ID 91111–002, Presidential Telephone Calls—Memorandum of Conversations 5/10/89—7/27/89.","https://catalog.archives.gov/id/366551687","https://catalog.archives.gov/medialz/presidential-libraries/bush/gb-gbs/4545941/41-bpr-scow-pcor-telcon-91111-002.pdf"
"366552199","1989-06-01","1989-06-30","June 1989","Folder title month","June 1989","85041-002","74785827","Brent Scowcroft Media Articles Files","Series context and cross-volume routing","Reference context","","","","verified","George H.W. Bush Presidential Records","Media Articles Files","","true","0","10586746","1234","HTTP Content-Length","Restricted - Possibly","129925","0","0","0","0","0","46","12","4","21","5","2","1","0","George H.W. Bush Library, Bush Presidential Records, Brent Scowcroft Collection, Media Articles Files, OA/ID 85041–002, June 1989.","Source: George H.W. Bush Library, Bush Presidential Records, Brent Scowcroft Collection, Media Articles Files, OA/ID 85041–002, June 1989.","https://catalog.archives.gov/id/366552199","https://catalog.archives.gov/medialz/presidential-libraries/bush/gb-gbs/74785827/41-bpr-scow-ma-85041-002.pdf"
"366552244","1989-06-01","1989-06-30","June 1989","Folder title month","June 1989","85046-006","74785753","Brent Scowcroft Scheduled Calls Files","Series context and cross-volume routing","Reference context","","","","verified","George H.W. Bush Presidential Records","Scheduled Calls Files","","true","0","1988711","1234","HTTP Content-Length","Restricted - Possibly","8101","0","0","0","0","4","3","0","3","0","0","0","0","0","George H.W. Bush Library, Bush Presidential Records, Brent Scowcroft Collection, Scheduled Calls Files, OA/ID 85046–006, June 1989.","Source: George H.W. Bush Library, Bush Presidential Records, Brent Scowcroft Collection, Scheduled Calls Files, OA/ID 85046–006, June 1989.","https://catalog.archives.gov/id/366552244","https://catalog.archives.gov/medialz/presidential-libraries/bush/gb-gbs/74785753/41-bpr-scow-schcalls-85046-006.pdf"
"366552292","1989-06-01","1989-06-30","June 1989","Folder title month","June 1989","85050-005","74785758","Brent Scowcroft Schedule Files","Series context and cross-volume routing","Reference context","","","","verified","George H.W. Bush Presidential Records","Schedule Files","","true","0","1995233","1234","HTTP Content-Length","Restricted - Possibly","8396","0","0","0","0","3","2","0","2","0","0","0","0","0","George H.W. Bush Library, Bush Presidential Records, Brent Scowcroft Collection, Schedule Files, OA/ID 85050–005, June 1989.","Source: George H.W. Bush Library, Bush Presidential Records, Brent Scowcroft Collection, Schedule Files, OA/ID 85050–005, June 1989.","https://catalog.archives.gov/id/366552292","https://catalog.archives.gov/medialz/presidential-libraries/bush/gb-gbs/74785758/41-bpr-scow-schedule-85050-005.pdf"
"366551774","1989-06-01","1989-06-30","June 1989","Folder title month","Soviet Power Collapse in Eastern Europe--CFE [Conventional Forces in Europe] June 1989","91121-002","4708332","USSR Chronological Files","Series context and cross-volume routing","Series context","","","","verified","George H.W. Bush Presidential Records","USSR Chronological Files","CFE [Conventional Forces in Europe] Files","true","0","","9283097","Served size not measured","Restricted - Possibly","30067","6","5","0","0","3","25","11","5","1","4","0","0","0","George H.W. Bush Library, Bush Presidential Records, Brent Scowcroft Collection, USSR Chronological Files, CFE [Conventional Forces in Europe] Files, OA/ID 91121–002, Soviet Power Collapse in Eastern Europe—CFE [Conventional Forces in Europe] June 1989.","Source: George H.W. Bush Library, Bush Presidential Records, Brent Scowcroft Collection, USSR Chronological Files, CFE [Conventional Forces in Europe] Files, OA/ID 91121–002, Soviet Power Collapse in Eastern Europe—CFE [Conventional Forces in Europe] June 1989.","https://catalog.archives.gov/id/366551774","https://catalog.archives.gov/medialz/presidential-libraries/bush/gb-gbs/4708332/41-bpr-scow-ussrch-cfe-91121-002.pdf"
"366551910","1989-06-01","1989-06-30","June 1989","Folder title month","Latin America--Economics (June 1989)","91139-001","4545957","Latin America Files","Economic Summits and Industrialized-Country Cooperation","Volume XXX review","Latin America; Economic policy; Debt and trade; Trade and market access; Debt and international finance; Economic summits and G-7; Agriculture","This file belongs to the complete 13-folder Economic Chronological Files subseries. Screen its decision memoranda, presidential meeting materials, debt papers, trade papers, and follow-up actions individually for Volume XXX and route country-policy material to the appropriate regional volume. Country meeting packets and presidential conversations may duplicate the Presidential Correspondence Files or regional NSC staff files; compare dates, subjects, and document text before promotion.","The official file-unit PDF is online. This collection-wide pass did not establish its served-PDF page count or item boundaries; page totals on withdrawal sheets describe individual entries, not the complete file unit.","verified","George H.W. Bush Presidential Records","Latin American Files","Economic Chronological Files","true","0","3780710","3780710","HTTP Content-Length","Restricted - Possibly","14571","1","1","0","0","2","101","32","25","19","0","0","3","8","George H.W. Bush Library, Bush Presidential Records, Brent Scowcroft Collection, Latin American Files, Economic Chronological Files, OA/ID 91139–001, Latin America—Economics (June 1989).","Source: George H.W. Bush Library, Bush Presidential Records, Brent Scowcroft Collection, Latin American Files, Economic Chronological Files, OA/ID 91139–001, Latin America—Economics (June 1989).","https://catalog.archives.gov/id/366551910","https://catalog.archives.gov/medialz/presidential-libraries/bush/gb-gbs/4545957/41-bpr-scow-la-econchr-91139-001.pdf"
"366551663","1989-06-01","1989-07-12","June 1, 1989-July 12, 1989","Folder title date range","Presidential Meetings--Memorandum of Conversations 6/1/89-7/12/89","91107-004","4545941","Presidential Correspondence Files","Monetary Policy, Debt, and International Institutions","Volume XXX review","Presidential conversations; Economic-content review; Parallel-copy check; Trade and market access; Debt and international finance; Economic summits and G-7; Transition economies; Strategic trade and technology; Energy; Agriculture","The complete Scowcroft folder contains presidential memoranda of conversation or telephone conversations with substantive economic-policy OCR signals. Review each conversation separately and promote only the passages that bear directly on Volume XXX. Parallel-copy control: match each conversation to the Bush Library Memcons and Telcons index and its canonical NARA item before selection. A Scowcroft folder copy is not a second documentary entry.","The official file-unit PDF is online. This collection-wide pass did not establish its served-PDF page count or item boundaries; page totals on withdrawal sheets describe individual entries, not the complete file unit.","verified","George H.W. Bush Presidential Records","Presidential Correspondence Files","Presidential Memcons Files","true","0","43138661","43138660","HTTP Content-Length","Restricted - Possibly","196482","0","0","32","0","6","207","72","48","43","14","3","13","4","George H.W. Bush Library, Bush Presidential Records, Brent Scowcroft Collection, Presidential Correspondence Files, Presidential Memcons Files, OA/ID 91107–004, Presidential Meetings—Memorandum of Conversations 6/1/89—7/12/89.","Source: George H.W. Bush Library, Bush Presidential Records, Brent Scowcroft Collection, Presidential Correspondence Files, Presidential Memcons Files, OA/ID 91107–004, Presidential Meetings—Memorandum of Conversations 6/1/89—7/12/89.","https://catalog.archives.gov/id/366551663","https://catalog.archives.gov/medialz/presidential-libraries/bush/gb-gbs/4545941/41-bpr-scow-pcor-memcon-91107-004.pdf"
"366551787","1989-06-01","1989-07-31","June-July 1989","Folder title month range","Soviet Power Collapse in Eastern Europe--Strategic Arms Control (June-July 1989)","91122-001","4708332","USSR Chronological Files","Series context and cross-volume routing","Series context","","","","verified","George H.W. Bush Presidential Records","USSR Chronological Files","START [Strategic Arms Reduction Treaty] Files","true","0","11400307","11400307","HTTP Content-Length","Restricted - Possibly","47988","0","7","0","0","8","7","0","6","1","0","0","0","0","George H.W. Bush Library, Bush Presidential Records, Brent Scowcroft Collection, USSR Chronological Files, START [Strategic Arms Reduction Treaty] Files, OA/ID 91122–001, Soviet Power Collapse in Eastern Europe—Strategic Arms Control (June—July 1989).","Source: George H.W. Bush Library, Bush Presidential Records, Brent Scowcroft Collection, USSR Chronological Files, START [Strategic Arms Reduction Treaty] Files, OA/ID 91122–001, Soviet Power Collapse in Eastern Europe—Strategic Arms Control (June—July 1989).","https://catalog.archives.gov/id/366551787","https://catalog.archives.gov/medialz/presidential-libraries/bush/gb-gbs/4708332/41-bpr-scow-ussrch-start-91122-001.pdf"
"366551797","1989-06-01","1989-07-31","June-July 1989","Folder title month range","Soviet Power Collapse in Eastern Europe (June-July 1989)","91124-003","4708332","USSR Chronological Files","Series context and cross-volume routing","Series context","","","","verified","George H.W. Bush Presidential Records","USSR Chronological Files","Soviet Power Collapse in Eastern Europe Files","true","0","39774473","39774472","HTTP Content-Length","Restricted - Possibly","163202","18","15","0","0","9","334","161","71","26","11","6","6","12","George H.W. Bush Library, Bush Presidential Records, Brent Scowcroft Collection, USSR Chronological Files, Soviet Power Collapse in Eastern Europe Files, OA/ID 91124–003, Soviet Power Collapse in Eastern Europe (June—July 1989).","Source: George H.W. Bush Library, Bush Presidential Records, Brent Scowcroft Collection, USSR Chronological Files, Soviet Power Collapse in Eastern Europe Files, OA/ID 91124–003, Soviet Power Collapse in Eastern Europe (June—July 1989).","https://catalog.archives.gov/id/366551797","https://catalog.archives.gov/medialz/presidential-libraries/bush/gb-gbs/4708332/41-bpr-scow-ussrch-svp-91124-003.pdf"
"366551993","1989-06-01","1989-09-30","June-September 1989","Folder title month range","Other (June-September 1989) [1]","91148-004","4708326","Chronological Files","Series context and cross-volume routing","Series context","","","","verified","George H.W. Bush Presidential Records","Chronological Files","","true","0","20827394","20827394","HTTP Content-Length","Restricted - Possibly","82587","3","6","4","0","10","134","30","32","29","22","3","1","6","George H.W. Bush Library, Bush Presidential Records, Brent Scowcroft Collection, Chronological Files, OA/ID 91148–004, Other (June—September 1989) [1].","Source: George H.W. Bush Library, Bush Presidential Records, Brent Scowcroft Collection, Chronological Files, OA/ID 91148–004, Other (June—September 1989) [1].","https://catalog.archives.gov/id/366551993","https://catalog.archives.gov/medialz/presidential-libraries/bush/gb-gbs/4708326/41-bpr-scow-chron-91148-004.pdf"
"366551994","1989-06-01","1989-09-30","June-September 1989","Folder title month range","Other (June-September 1989) [2]","91148-005","4708326","Chronological Files","Series context and cross-volume routing","Series context","","","","verified","George H.W. Bush Presidential Records","Chronological Files","","true","0","28190932","28190932","HTTP Content-Length","Restricted - Possibly","131032","8","15","5","0","10","40","9","14","4","9","0","0","0","George H.W. Bush Library, Bush Presidential Records, Brent Scowcroft Collection, Chronological Files, OA/ID 91148–005, Other (June—September 1989) [2].","Source: George H.W. Bush Library, Bush Presidential Records, Brent Scowcroft Collection, Chronological Files, OA/ID 91148–005, Other (June—September 1989) [2].","https://catalog.archives.gov/id/366551994","https://catalog.archives.gov/medialz/presidential-libraries/bush/gb-gbs/4708326/41-bpr-scow-chron-91148-005.pdf"
"366552200","1989-07-01","1989-07-31","July 1989","Folder title month","July 1989","85041-003","74785827","Brent Scowcroft Media Articles Files","Series context and cross-volume routing","Reference context","","","","verified","George H.W. Bush Presidential Records","Media Articles Files","","true","0","9376316","1234","HTTP Content-Length","Restricted - Possibly","121711","0","0","0","0","0","118","57","20","9","7","3","1","3","George H.W. Bush Library, Bush Presidential Records, Brent Scowcroft Collection, Media Articles Files, OA/ID 85041–003, July 1989.","Source: George H.W. Bush Library, Bush Presidential Records, Brent Scowcroft Collection, Media Articles Files, OA/ID 85041–003, July 1989.","https://catalog.archives.gov/id/366552200","https://catalog.archives.gov/medialz/presidential-libraries/bush/gb-gbs/74785827/41-bpr-scow-ma-85041-003.pdf"
"366552245","1989-07-01","1989-07-31","July 1989","Folder title month","July 1989","85046-007","74785753","Brent Scowcroft Scheduled Calls Files","Series context and cross-volume routing","Reference context","","","","verified","George H.W. Bush Presidential Records","Scheduled Calls Files","","true","0","5256891","1234","HTTP Content-Length","Restricted - Possibly","23301","0","0","0","0","3","3","0","2","0","0","0","0","1","George H.W. Bush Library, Bush Presidential Records, Brent Scowcroft Collection, Scheduled Calls Files, OA/ID 85046–007, July 1989.","Source: George H.W. Bush Library, Bush Presidential Records, Brent Scowcroft Collection, Scheduled Calls Files, OA/ID 85046–007, July 1989.","https://catalog.archives.gov/id/366552245","https://catalog.archives.gov/medialz/presidential-libraries/bush/gb-gbs/74785753/41-bpr-scow-schcalls-85046-007.pdf"
"366552293","1989-07-01","1989-07-31","July 1989","Folder title month","July 1989","85050-006","74785758","Brent Scowcroft Schedule Files","Series context and cross-volume routing","Reference context","","","","verified","George H.W. Bush Presidential Records","Schedule Files","","true","0","5300763","1234","HTTP Content-Length","Restricted - Possibly","22192","0","0","0","0","7","19","6","6","0","0","1","0","6","George H.W. Bush Library, Bush Presidential Records, Brent Scowcroft Collection, Schedule Files, OA/ID 85050–006, July 1989.","Source: George H.W. Bush Library, Bush Presidential Records, Brent Scowcroft Collection, Schedule Files, OA/ID 85050–006, July 1989.","https://catalog.archives.gov/id/366552293","https://catalog.archives.gov/medialz/presidential-libraries/bush/gb-gbs/74785758/41-bpr-scow-schedule-85050-006.pdf"
"366551798","1989-07-01","1989-07-31","July 1989","Folder title month","Soviet Power Collapse in Eastern Europe (July 1989)","91124-004","4708332","USSR Chronological Files","Series context and cross-volume routing","Series context","","","","verified","George H.W. Bush Presidential Records","USSR Chronological Files","Soviet Power Collapse in Eastern Europe Files","true","0","23294801","23294800","HTTP Content-Length","Restricted - Possibly","97406","12","10","6","0","3","259","90","70","37","15","8","14","1","George H.W. Bush Library, Bush Presidential Records, Brent Scowcroft Collection, USSR Chronological Files, Soviet Power Collapse in Eastern Europe Files, OA/ID 91124–004, Soviet Power Collapse in Eastern Europe (July 1989).","Source: George H.W. Bush Library, Bush Presidential Records, Brent Scowcroft Collection, USSR Chronological Files, Soviet Power Collapse in Eastern Europe Files, OA/ID 91124–004, Soviet Power Collapse in Eastern Europe (July 1989).","https://catalog.archives.gov/id/366551798","https://catalog.archives.gov/medialz/presidential-libraries/bush/gb-gbs/4708332/41-bpr-scow-ussrch-svp-91124-004.pdf"
"366551995","1989-07-01","1989-07-31","July 1989","Folder title month","Other (July 1989)","91148-006","4708326","Chronological Files","Series context and cross-volume routing","Series context","","","","verified","George H.W. Bush Presidential Records","Chronological Files","","true","0","24041659","24041660","HTTP Content-Length","Restricted - Possibly","109165","0","0","40","0","5","61","30","11","8","2","0","2","0","George H.W. Bush Library, Bush Presidential Records, Brent Scowcroft Collection, Chronological Files, OA/ID 91148–006, Other (July 1989).","Source: George H.W. Bush Library, Bush Presidential Records, Brent Scowcroft Collection, Chronological Files, OA/ID 91148–006, Other (July 1989).","https://catalog.archives.gov/id/366551995","https://catalog.archives.gov/medialz/presidential-libraries/bush/gb-gbs/4708326/41-bpr-scow-chron-91148-006.pdf"
"366551741","1989-07-01","1989-08-31","July-August 1989","Folder title month range","USSR Collapse: U.S.--Soviet Relations Thru 1991 (July-August 1989)","91117-004","4545954","USSR Collapse Files","Series context and cross-volume routing","Series context","","","","verified","George H.W. Bush Presidential Records","USSR Collapse Files","U.S - Soviet Relations Chronological Files","true","0","22759286","22759286","HTTP Content-Length","Restricted - Possibly","89167","7","6","0","0","15","35","13","12","0","1","2","2","0","George H.W. Bush Library, Bush Presidential Records, Brent Scowcroft Collection, USSR Collapse Files, U.S - Soviet Relations Chronological Files, OA/ID 91117–004, USSR Collapse: U.S—Soviet Relations Thru 1991 (July—August 1989).","Source: George H.W. Bush Library, Bush Presidential Records, Brent Scowcroft Collection, USSR Collapse Files, U.S - Soviet Relations Chronological Files, OA/ID 91117–004, USSR Collapse: U.S—Soviet Relations Thru 1991 (July—August 1989).","https://catalog.archives.gov/id/366551741","https://catalog.archives.gov/medialz/presidential-libraries/bush/gb-gbs/4545954/41-bpr-scow-ussrco-ussrl-91117-004.pdf"
"366551799","1989-07-01","1989-08-31","July-August 1989","Folder title month range","Soviet Power Collapse in Eastern Europe (July-August 1989)","91124-005","4708332","USSR Chronological Files","Transition Economies and International Economic Strategy","Boundary review","Eastern Europe; Economic assistance; Paris Summit; Trade and market access; Debt and international finance; Economic summits and G-7; Transition economies; Strategic trade and technology; Energy; Agriculture","The full OCR and opening withdrawal inventory identify a significant foreign-economic-policy strand, but the principal narrative belongs in a regional, Soviet, China, German-unification, or Persian Gulf volume. Review for cross-reference or a narrowly selected economic-policy document. Special-separate copy sets, meeting-file duplicates, and later retrospective chronologies are not separately promoted. Compare this file with the controlling regional and presidential records before selection.","The official file-unit PDF is online. This collection-wide pass did not establish its served-PDF page count or item boundaries; page totals on withdrawal sheets describe individual entries, not the complete file unit.","verified","George H.W. Bush Presidential Records","USSR Chronological Files","Soviet Power Collapse in Eastern Europe Files","true","0","41476587","41476588","HTTP Content-Length","Restricted - Possibly","179744","4","5","30","0","4","323","135","55","35","8","5","25","3","George H.W. Bush Library, Bush Presidential Records, Brent Scowcroft Collection, USSR Chronological Files, Soviet Power Collapse in Eastern Europe Files, OA/ID 91124–005, Soviet Power Collapse in Eastern Europe (July—August 1989).","Source: George H.W. Bush Library, Bush Presidential Records, Brent Scowcroft Collection, USSR Chronological Files, Soviet Power Collapse in Eastern Europe Files, OA/ID 91124–005, Soviet Power Collapse in Eastern Europe (July—August 1989).","https://catalog.archives.gov/id/366551799","https://catalog.archives.gov/medialz/presidential-libraries/bush/gb-gbs/4708332/41-bpr-scow-ussrch-svp-91124-005.pdf"
"366551775","1989-07-01","1989-09-30","July-September 1989","Folder title month range","Soviet Power Collapse in Eastern Europe--CFE [Conventional Forces in Europe] July-September 1989","91121-003","4708332","USSR Chronological Files","Series context and cross-volume routing","Series context","","","","verified","George H.W. Bush Presidential Records","USSR Chronological Files","CFE [Conventional Forces in Europe] Files","true","0","11460607","11460607","HTTP Content-Length","Restricted - Possibly","43084","5","6","0","0","7","15","3","5","0","4","0","0","0","George H.W. Bush Library, Bush Presidential Records, Brent Scowcroft Collection, USSR Chronological Files, CFE [Conventional Forces in Europe] Files, OA/ID 91121–003, Soviet Power Collapse in Eastern Europe—CFE [Conventional Forces in Europe] July—September 1989.","Source: George H.W. Bush Library, Bush Presidential Records, Brent Scowcroft Collection, USSR Chronological Files, CFE [Conventional Forces in Europe] Files, OA/ID 91121–003, Soviet Power Collapse in Eastern Europe—CFE [Conventional Forces in Europe] July—September 1989.","https://catalog.archives.gov/id/366551775","https://catalog.archives.gov/medialz/presidential-libraries/bush/gb-gbs/4708332/41-bpr-scow-ussrch-cfe-91121-003.pdf"
"366551788","1989-07-01","1989-09-30","July-September 1989","Folder title month range","Soviet Power Collapse in Eastern Europe--Strategic Arms Control (July-September 1989)","91122-002","4708332","USSR Chronological Files","Series context and cross-volume routing","Series context","","","","verified","George H.W. Bush Presidential Records","USSR Chronological Files","START [Strategic Arms Reduction Treaty] Files","true","0","15761612","15761612","HTTP Content-Length","Restricted - Possibly","56016","3","5","0","0","2","16","6","1","2","1","0","0","0","George H.W. Bush Library, Bush Presidential Records, Brent Scowcroft Collection, USSR Chronological Files, START [Strategic Arms Reduction Treaty] Files, OA/ID 91122–002, Soviet Power Collapse in Eastern Europe—Strategic Arms Control (July—September 1989).","Source: George H.W. Bush Library, Bush Presidential Records, Brent Scowcroft Collection, USSR Chronological Files, START [Strategic Arms Reduction Treaty] Files, OA/ID 91122–002, Soviet Power Collapse in Eastern Europe—Strategic Arms Control (July—September 1989).","https://catalog.archives.gov/id/366551788","https://catalog.archives.gov/medialz/presidential-libraries/bush/gb-gbs/4708332/41-bpr-scow-ussrch-start-91122-002.pdf"
"366551898","1989-07-01","1989-09-30","July-September 1989","Folder title month range","Latin America--Central America (July-September 1989)","91138-002","4545957","Latin America Files","Series context and cross-volume routing","Series context","","","","verified","George H.W. Bush Presidential Records","Latin American Files","Central American Chronological Files","true","0","31871658","31871658","HTTP Content-Length","Restricted - Possibly","135623","10","7","21","0","21","24","3","18","0","2","1","0","0","George H.W. Bush Library, Bush Presidential Records, Brent Scowcroft Collection, Latin American Files, Central American Chronological Files, OA/ID 91138–002, Latin America—Central America (July—September 1989).","Source: George H.W. Bush Library, Bush Presidential Records, Brent Scowcroft Collection, Latin American Files, Central American Chronological Files, OA/ID 91138–002, Latin America—Central America (July—September 1989).","https://catalog.archives.gov/id/366551898","https://catalog.archives.gov/medialz/presidential-libraries/bush/gb-gbs/4545957/41-bpr-scow-la-cachr-91138-002.pdf"
"366551923","1989-07-01","1989-09-30","July-September 1989","Folder title month range","Latin America--Panama (July-September 1989)","91140-001","4545957","Latin America Files","Series context and cross-volume routing","Series context","","","","verified","George H.W. Bush Presidential Records","Latin American Files","Panama Chronological Files","true","0","12781568","12781568","HTTP Content-Length","Restricted - Possibly","54674","1","5","9","0","8","44","10","19","3","7","0","0","5","George H.W. Bush Library, Bush Presidential Records, Brent Scowcroft Collection, Latin American Files, Panama Chronological Files, OA/ID 91140–001, Latin America—Panama (July—September 1989).","Source: George H.W. Bush Library, Bush Presidential Records, Brent Scowcroft Collection, Latin American Files, Panama Chronological Files, OA/ID 91140–001, Latin America—Panama (July—September 1989).","https://catalog.archives.gov/id/366551923","https://catalog.archives.gov/medialz/presidential-libraries/bush/gb-gbs/4545957/41-bpr-scow-la-panama-91140-001.pdf"
"366551911","1989-07-01","1989-10-31","July-October 1989","Folder title month range","Latin America--Economics (July-October 1989)","91139-002","4545957","Latin America Files","Monetary Policy, Debt, and International Institutions","Volume XXX review","Latin America; Economic policy; Debt and trade; Trade and market access; Debt and international finance; Economic summits and G-7; Transition economies; Energy; Agriculture","This file belongs to the complete 13-folder Economic Chronological Files subseries. Screen its decision memoranda, presidential meeting materials, debt papers, trade papers, and follow-up actions individually for Volume XXX and route country-policy material to the appropriate regional volume. Country meeting packets and presidential conversations may duplicate the Presidential Correspondence Files or regional NSC staff files; compare dates, subjects, and document text before promotion.","The official file-unit PDF is online. This collection-wide pass did not establish its served-PDF page count or item boundaries; page totals on withdrawal sheets describe individual entries, not the complete file unit.","verified","George H.W. Bush Presidential Records","Latin American Files","Economic Chronological Files","true","0","55648803","55648804","HTTP Content-Length","Restricted - Possibly","216823","11","10","7","0","16","535","175","218","85","9","10","5","19","George H.W. Bush Library, Bush Presidential Records, Brent Scowcroft Collection, Latin American Files, Economic Chronological Files, OA/ID 91139–002, Latin America—Economics (July—October 1989).","Source: George H.W. Bush Library, Bush Presidential Records, Brent Scowcroft Collection, Latin American Files, Economic Chronological Files, OA/ID 91139–002, Latin America—Economics (July—October 1989).","https://catalog.archives.gov/id/366551911","https://catalog.archives.gov/medialz/presidential-libraries/bush/gb-gbs/4545957/41-bpr-scow-la-econchr-91139-002.pdf"
"366551924","1989-07-01","1989-10-31","July-October 1989","Folder title month range","Latin America--Panama (July-October 1989)","91140-002","4545957","Latin America Files","Series context and cross-volume routing","Series context","","","","verified","George H.W. Bush Presidential Records","Latin American Files","Panama Chronological Files","true","0","20943877","20943876","HTTP Content-Length","Restricted - Possibly","90224","4","2","1","4","21","87","20","37","15","10","1","2","1","George H.W. Bush Library, Bush Presidential Records, Brent Scowcroft Collection, Latin American Files, Panama Chronological Files, OA/ID 91140–002, Latin America—Panama (July—October 1989).","Source: George H.W. Bush Library, Bush Presidential Records, Brent Scowcroft Collection, Latin American Files, Panama Chronological Files, OA/ID 91140–002, Latin America—Panama (July—October 1989).","https://catalog.archives.gov/id/366551924","https://catalog.archives.gov/medialz/presidential-libraries/bush/gb-gbs/4545957/41-bpr-scow-la-panama-91140-002.pdf"
"366551938","1989-07-01","1989-10-31","July-October 1989","Folder title month range","Middle East Peace (July-October 1989)","91142-002","4545976","Middle East Peace Process Files","Series context and cross-volume routing","Series context","","","","verified","George H.W. Bush Presidential Records","Middle East Peace Process Files","Chronological Files","true","0","53807811","53807812","HTTP Content-Length","Restricted - Possibly","193496","12","11","18","0","19","152","55","72","8","3","1","5","2","George H.W. Bush Library, Bush Presidential Records, Brent Scowcroft Collection, Middle East Peace Process Files, Chronological Files, OA/ID 91142–002, Middle East Peace (July—October 1989).","Source: George H.W. Bush Library, Bush Presidential Records, Brent Scowcroft Collection, Middle East Peace Process Files, Chronological Files, OA/ID 91142–002, Middle East Peace (July—October 1989).","https://catalog.archives.gov/id/366551938","https://catalog.archives.gov/medialz/presidential-libraries/bush/gb-gbs/4545976/41-bpr-scow-mepp-chr-91142-002.pdf"
"366552145","1989-07-01","1989-12-31","July-December 1989","Folder title month range","Appointments Completed, July to December 1989 [1]","85034-003","74785770","Brent Scowcroft Administrative Files","Series context and cross-volume routing","Reference context","","","","verified","George H.W. Bush Presidential Records","Administrative Files","","true","0","52575076","1234","HTTP Content-Length","Restricted - Possibly","187910","1","9","0","0","15","96","28","13","24","1","9","2","0","George H.W. Bush Library, Bush Presidential Records, Brent Scowcroft Collection, Administrative Files, OA/ID 85034–003, Appointments Completed, July to December 1989 [1].","Source: George H.W. Bush Library, Bush Presidential Records, Brent Scowcroft Collection, Administrative Files, OA/ID 85034–003, Appointments Completed, July to December 1989 [1].","https://catalog.archives.gov/id/366552145","https://catalog.archives.gov/medialz/presidential-libraries/bush/gb-gbs/74785770/41-bpr-scow-admin-85034-003.pdf"
"366552146","1989-07-01","1989-12-31","July-December 1989","Folder title month range","Appointments Completed, July to December 1989 [2]","85034-004","74785770","Brent Scowcroft Administrative Files","Series context and cross-volume routing","Reference context","","","","verified","George H.W. Bush Presidential Records","Administrative Files","","true","0","41459315","1234","HTTP Content-Length","Restricted - Possibly","140972","1","19","0","0","8","42","4","8","6","2","21","0","0","George H.W. Bush Library, Bush Presidential Records, Brent Scowcroft Collection, Administrative Files, OA/ID 85034–004, Appointments Completed, July to December 1989 [2].","Source: George H.W. Bush Library, Bush Presidential Records, Brent Scowcroft Collection, Administrative Files, OA/ID 85034–004, Appointments Completed, July to December 1989 [2].","https://catalog.archives.gov/id/366552146","https://catalog.archives.gov/medialz/presidential-libraries/bush/gb-gbs/74785770/41-bpr-scow-admin-85034-004.pdf"
"366551664","1989-07-14","1989-10-02","July 14, 1989-October 2, 1989","Folder title date range","Presidential Meetings--Memorandum of Conversations 7/14/89-10/2/89","91107-005","4545941","Presidential Correspondence Files","Economic Summits and Industrialized-Country Cooperation","Volume XXX review","Presidential conversations; Economic-content review; Parallel-copy check; Trade and market access; Debt and international finance; Economic summits and G-7; Transition economies; Agriculture","The complete Scowcroft folder contains presidential memoranda of conversation or telephone conversations with substantive economic-policy OCR signals. Review each conversation separately and promote only the passages that bear directly on Volume XXX. Parallel-copy control: match each conversation to the Bush Library Memcons and Telcons index and its canonical NARA item before selection. A Scowcroft folder copy is not a second documentary entry.","The official file-unit PDF is online. This collection-wide pass did not establish its served-PDF page count or item boundaries; page totals on withdrawal sheets describe individual entries, not the complete file unit.","verified","George H.W. Bush Presidential Records","Presidential Correspondence Files","Presidential Memcons Files","true","0","49728286","49728288","HTTP Content-Length","Restricted - Possibly","218595","0","0","43","0","7","231","51","95","42","4","0","4","19","George H.W. Bush Library, Bush Presidential Records, Brent Scowcroft Collection, Presidential Correspondence Files, Presidential Memcons Files, OA/ID 91107–005, Presidential Meetings—Memorandum of Conversations 7/14/89—10/2/89.","Source: George H.W. Bush Library, Bush Presidential Records, Brent Scowcroft Collection, Presidential Correspondence Files, Presidential Memcons Files, OA/ID 91107–005, Presidential Meetings—Memorandum of Conversations 7/14/89—10/2/89.","https://catalog.archives.gov/id/366551664","https://catalog.archives.gov/medialz/presidential-libraries/bush/gb-gbs/4545941/41-bpr-scow-pcor-memcon-91107-005.pdf"
"366552201","1989-08-01","1989-08-31","August 1989","Folder title month","August 1989","85041-004","74785827","Brent Scowcroft Media Articles Files","Series context and cross-volume routing","Reference context","","","","verified","George H.W. Bush Presidential Records","Media Articles Files","","true","0","29186569","1234","HTTP Content-Length","Restricted - Possibly","234745","0","0","0","0","0","35","10","5","6","10","2","0","2","George H.W. Bush Library, Bush Presidential Records, Brent Scowcroft Collection, Media Articles Files, OA/ID 85041–004, August 1989.","Source: George H.W. Bush Library, Bush Presidential Records, Brent Scowcroft Collection, Media Articles Files, OA/ID 85041–004, August 1989.","https://catalog.archives.gov/id/366552201","https://catalog.archives.gov/medialz/presidential-libraries/bush/gb-gbs/74785827/41-bpr-scow-ma-85041-004.pdf"
"366552246","1989-08-01","1989-08-31","August 1989","Folder title month","August 1989","85046-008","74785753","Brent Scowcroft Scheduled Calls Files","Series context and cross-volume routing","Reference context","","","","verified","George H.W. Bush Presidential Records","Scheduled Calls Files","","true","0","11504454","1234","HTTP Content-Length","Restricted - Possibly","52300","0","0","0","0","2","2","0","2","0","0","0","0","0","George H.W. Bush Library, Bush Presidential Records, Brent Scowcroft Collection, Scheduled Calls Files, OA/ID 85046–008, August 1989.","Source: George H.W. Bush Library, Bush Presidential Records, Brent Scowcroft Collection, Scheduled Calls Files, OA/ID 85046–008, August 1989.","https://catalog.archives.gov/id/366552246","https://catalog.archives.gov/medialz/presidential-libraries/bush/gb-gbs/74785753/41-bpr-scow-schcalls-85046-008.pdf"
"366552294","1989-08-01","1989-08-31","August 1989","Folder title month","August 1989","85050-007","74785758","Brent Scowcroft Schedule Files","Series context and cross-volume routing","Reference context","","","","verified","George H.W. Bush Presidential Records","Schedule Files","","true","0","7937530","1234","HTTP Content-Length","Restricted - Possibly","33161","0","0","0","0","12","12","0","10","0","0","0","0","2","George H.W. Bush Library, Bush Presidential Records, Brent Scowcroft Collection, Schedule Files, OA/ID 85050–007, August 1989.","Source: George H.W. Bush Library, Bush Presidential Records, Brent Scowcroft Collection, Schedule Files, OA/ID 85050–007, August 1989.","https://catalog.archives.gov/id/366552294","https://catalog.archives.gov/medialz/presidential-libraries/bush/gb-gbs/74785758/41-bpr-scow-schedule-85050-007.pdf"
"366551767","1989-08-01","1989-08-31","August 1989","Folder title month","Soviet Power Collapse in Eastern Europe--SNF [Short-range Nuclear Forces] August 1989","91120-006","4708332","USSR Chronological Files","Series context and cross-volume routing","Series context","","","","verified","George H.W. Bush Presidential Records","USSR Chronological Files","SNF [Short-range Nuclear Forces] Files","true","0","4992279","4992279","HTTP Content-Length","Restricted - Possibly","19252","0","0","0","0","4","3","0","3","0","0","0","0","0","George H.W. Bush Library, Bush Presidential Records, Brent Scowcroft Collection, USSR Chronological Files, SNF [Short-range Nuclear Forces] Files, OA/ID 91120–006, Soviet Power Collapse in Eastern Europe—SNF [Short-range Nuclear Forces]—August 1989.","Source: George H.W. Bush Library, Bush Presidential Records, Brent Scowcroft Collection, USSR Chronological Files, SNF [Short-range Nuclear Forces] Files, OA/ID 91120–006, Soviet Power Collapse in Eastern Europe—SNF [Short-range Nuclear Forces]—August 1989.","https://catalog.archives.gov/id/366551767","https://catalog.archives.gov/medialz/presidential-libraries/bush/gb-gbs/4708332/41-bpr-scow-ussrch-snf-91120-006.pdf"
"366551800","1989-08-01","1989-08-31","August 1989","Folder title month","Soviet Power Collapse in Eastern Europe (August 1989)","91124-006","4708332","USSR Chronological Files","Series context and cross-volume routing","Series context","","","","verified","George H.W. Bush Presidential Records","USSR Chronological Files","Soviet Power Collapse in Eastern Europe Files","true","0","3783566","3783566","HTTP Content-Length","Restricted - Possibly","13255","0","2","0","0","1","3","3","0","0","0","0","0","0","George H.W. Bush Library, Bush Presidential Records, Brent Scowcroft Collection, USSR Chronological Files, Soviet Power Collapse in Eastern Europe Files, OA/ID 91124–006, Soviet Power Collapse in Eastern Europe (August 1989).","Source: George H.W. Bush Library, Bush Presidential Records, Brent Scowcroft Collection, USSR Chronological Files, Soviet Power Collapse in Eastern Europe Files, OA/ID 91124–006, Soviet Power Collapse in Eastern Europe (August 1989).","https://catalog.archives.gov/id/366551800","https://catalog.archives.gov/medialz/presidential-libraries/bush/gb-gbs/4708332/41-bpr-scow-ussrch-svp-91124-006.pdf"
"366551688","1989-08-01","1989-10-23","August 1, 1989-October 23, 1989","Folder title date range","Presidential Telephone Calls--Memorandum of Conversations 8/1/89-10/23/89","91111-003","4545941","Presidential Correspondence Files","Economic Summits and Industrialized-Country Cooperation","Volume XXX review","Presidential telephone conversations; Economic-content review; Parallel-copy check; Trade and market access; Debt and international finance; Economic summits and G-7; Transition economies","The complete Scowcroft folder contains presidential memoranda of conversation or telephone conversations with substantive economic-policy OCR signals. Review each conversation separately and promote only the passages that bear directly on Volume XXX. Parallel-copy control: match each conversation to the Bush Library Memcons and Telcons index and its canonical NARA item before selection. A Scowcroft folder copy is not a second documentary entry.","The official file-unit PDF is online. This collection-wide pass did not establish its served-PDF page count or item boundaries; page totals on withdrawal sheets describe individual entries, not the complete file unit.","verified","George H.W. Bush Presidential Records","Presidential Correspondence Files","Presidential Telcon Files","true","0","37200744","37200744","HTTP Content-Length","Restricted - Possibly","159502","0","0","47","0","4","37","10","3","4","6","0","0","0","George H.W. Bush Library, Bush Presidential Records, Brent Scowcroft Collection, Presidential Correspondence Files, Presidential Telcon Files, OA/ID 91111–003, Presidential Telephone Calls—Memorandum of Conversations 8/1/89—10/23/89.","Source: George H.W. Bush Library, Bush Presidential Records, Brent Scowcroft Collection, Presidential Correspondence Files, Presidential Telcon Files, OA/ID 91111–003, Presidential Telephone Calls—Memorandum of Conversations 8/1/89—10/23/89.","https://catalog.archives.gov/id/366551688","https://catalog.archives.gov/medialz/presidential-libraries/bush/gb-gbs/4545941/41-bpr-scow-pcor-telcon-91111-003.pdf"
"366551860","1989-08-01","1989-10-31","August-October 1989","Folder title month range","China: Tiananmen (August-October 1989)","91132-001","4545955","China Chronological Files","Strategic Trade, Technology, and Investment Controls","Boundary review","China; Tiananmen sanctions; Export controls; Trade and market access; Debt and international finance; Economic summits and G-7; Transition economies; Strategic trade and technology; Agriculture","The full OCR and opening withdrawal inventory identify a significant foreign-economic-policy strand, but the principal narrative belongs in a regional, Soviet, China, German-unification, or Persian Gulf volume. Review for cross-reference or a narrowly selected economic-policy document. Special-separate copy sets, meeting-file duplicates, and later retrospective chronologies are not separately promoted. Compare this file with the controlling regional and presidential records before selection.","The official file-unit PDF is online. This collection-wide pass did not establish its served-PDF page count or item boundaries; page totals on withdrawal sheets describe individual entries, not the complete file unit.","verified","George H.W. Bush Presidential Records","China Chronological Files","Tiananmen Files","true","0","21872721","21872720","HTTP Content-Length","Restricted - Possibly","98599","4","12","6","1","7","53","20","8","7","7","0","1","1","George H.W. Bush Library, Bush Presidential Records, Brent Scowcroft Collection, China Chronological Files, Tiananmen Files, OA/ID 91132–001, China: Tiananmen (August—October 1989).","Source: George H.W. Bush Library, Bush Presidential Records, Brent Scowcroft Collection, China Chronological Files, Tiananmen Files, OA/ID 91132–001, China: Tiananmen (August—October 1989).","https://catalog.archives.gov/id/366551860","https://catalog.archives.gov/medialz/presidential-libraries/bush/gb-gbs/4545955/41-bpr-scow-cc-tian-91132-001.pdf"
"366552202","1989-09-01","1989-09-30","September 1989","Folder title month","September 1989","85041-005","74785827","Brent Scowcroft Media Articles Files","Series context and cross-volume routing","Reference context","","","","verified","George H.W. Bush Presidential Records","Media Articles Files","","true","0","20229925","1234","HTTP Content-Length","Restricted - Possibly","204680","0","0","0","0","0","120","36","20","40","11","1","2","7","George H.W. Bush Library, Bush Presidential Records, Brent Scowcroft Collection, Media Articles Files, OA/ID 85041–005, September 1989.","Source: George H.W. Bush Library, Bush Presidential Records, Brent Scowcroft Collection, Media Articles Files, OA/ID 85041–005, September 1989.","https://catalog.archives.gov/id/366552202","https://catalog.archives.gov/medialz/presidential-libraries/bush/gb-gbs/74785827/41-bpr-scow-ma-85041-005.pdf"
"366552247","1989-09-01","1989-09-30","September 1989","Folder title month","September 1989","85046-009","74785753","Brent Scowcroft Scheduled Calls Files","Series context and cross-volume routing","Reference context","","","","verified","George H.W. Bush Presidential Records","Scheduled Calls Files","","true","0","12843042","1234","HTTP Content-Length","Restricted - Possibly","60999","0","0","0","0","2","11","0","2","0","0","0","1","8","George H.W. Bush Library, Bush Presidential Records, Brent Scowcroft Collection, Scheduled Calls Files, OA/ID 85046–009, September 1989.","Source: George H.W. Bush Library, Bush Presidential Records, Brent Scowcroft Collection, Scheduled Calls Files, OA/ID 85046–009, September 1989.","https://catalog.archives.gov/id/366552247","https://catalog.archives.gov/medialz/presidential-libraries/bush/gb-gbs/74785753/41-bpr-scow-schcalls-85046-009.pdf"
"366552295","1989-09-01","1989-09-30","September 1989","Folder title month","September 1989","85050-008","74785758","Brent Scowcroft Schedule Files","Series context and cross-volume routing","Reference context","","","","verified","George H.W. Bush Presidential Records","Schedule Files","","true","0","3962066","1234","HTTP Content-Length","Restricted - Possibly","14181","0","0","0","0","4","9","1","3","0","0","0","0","5","George H.W. Bush Library, Bush Presidential Records, Brent Scowcroft Collection, Schedule Files, OA/ID 85050–008, September 1989.","Source: George H.W. Bush Library, Bush Presidential Records, Brent Scowcroft Collection, Schedule Files, OA/ID 85050–008, September 1989.","https://catalog.archives.gov/id/366552295","https://catalog.archives.gov/medialz/presidential-libraries/bush/gb-gbs/74785758/41-bpr-scow-schedule-85050-008.pdf"
"366551742","1989-09-01","1989-09-30","September 1989","Folder title month","USSR Collapse: U.S.--Soviet Relations Thru 1991 (September 1989)","91117-005","4545954","USSR Collapse Files","Series context and cross-volume routing","Series context","","","","verified","George H.W. Bush Presidential Records","USSR Collapse Files","U.S - Soviet Relations Chronological Files","true","0","37498887","37498888","HTTP Content-Length","Restricted - Possibly","171142","4","4","17","0","36","49","12","31","1","1","1","0","0","George H.W. Bush Library, Bush Presidential Records, Brent Scowcroft Collection, USSR Collapse Files, U.S - Soviet Relations Chronological Files, OA/ID 91117–005, USSR Collapse: U.S—Soviet Relations Thru 1991 (September 1989).","Source: George H.W. Bush Library, Bush Presidential Records, Brent Scowcroft Collection, USSR Collapse Files, U.S - Soviet Relations Chronological Files, OA/ID 91117–005, USSR Collapse: U.S—Soviet Relations Thru 1991 (September 1989).","https://catalog.archives.gov/id/366551742","https://catalog.archives.gov/medialz/presidential-libraries/bush/gb-gbs/4545954/41-bpr-scow-ussrco-ussrl-91117-005.pdf"
"366551801","1989-09-01","1989-09-30","September 1989","Folder title month","Soviet Power Collapse in Eastern Europe (September 1989)","91124-007","4708332","USSR Chronological Files","Transition Economies and International Economic Strategy","Boundary review","Eastern Europe; Economic assistance; Paris Summit; Trade and market access; Debt and international finance; Economic summits and G-7; Transition economies; Energy; Agriculture","The full OCR and opening withdrawal inventory identify a significant foreign-economic-policy strand, but the principal narrative belongs in a regional, Soviet, China, German-unification, or Persian Gulf volume. Review for cross-reference or a narrowly selected economic-policy document. Special-separate copy sets, meeting-file duplicates, and later retrospective chronologies are not separately promoted. Compare this file with the controlling regional and presidential records before selection.","The official file-unit PDF is online. This collection-wide pass did not establish its served-PDF page count or item boundaries; page totals on withdrawal sheets describe individual entries, not the complete file unit.","verified","George H.W. Bush Presidential Records","USSR Chronological Files","Soviet Power Collapse in Eastern Europe Files","true","0","38937265","38937264","HTTP Content-Length","Restricted - Possibly","161137","3","8","7","0","4","665","228","175","67","40","9","70","15","George H.W. Bush Library, Bush Presidential Records, Brent Scowcroft Collection, USSR Chronological Files, Soviet Power Collapse in Eastern Europe Files, OA/ID 91124–007, Soviet Power Collapse in Eastern Europe (September 1989).","Source: George H.W. Bush Library, Bush Presidential Records, Brent Scowcroft Collection, USSR Chronological Files, Soviet Power Collapse in Eastern Europe Files, OA/ID 91124–007, Soviet Power Collapse in Eastern Europe (September 1989).","https://catalog.archives.gov/id/366551801","https://catalog.archives.gov/medialz/presidential-libraries/bush/gb-gbs/4708332/41-bpr-scow-ussrch-svp-91124-007.pdf"
"366552203","1989-10-01","1989-10-31","October 1989","Folder title month","October 1989","85041-006","74785827","Brent Scowcroft Media Articles Files","Series context and cross-volume routing","Reference context","","","","verified","George H.W. Bush Presidential Records","Media Articles Files","","true","0","56227529","1234","HTTP Content-Length","Restricted - Possibly","531977","0","0","0","1","0","79","33","15","18","7","1","0","5","George H.W. Bush Library, Bush Presidential Records, Brent Scowcroft Collection, Media Articles Files, OA/ID 85041–006, October 1989.","Source: George H.W. Bush Library, Bush Presidential Records, Brent Scowcroft Collection, Media Articles Files, OA/ID 85041–006, October 1989.","https://catalog.archives.gov/id/366552203","https://catalog.archives.gov/medialz/presidential-libraries/bush/gb-gbs/74785827/41-bpr-scow-ma-85041-006.pdf"
"366552248","1989-10-01","1989-10-31","October 1989","Folder title month","October 1989","85046-010","74785753","Brent Scowcroft Scheduled Calls Files","Series context and cross-volume routing","Reference context","","","","verified","George H.W. Bush Presidential Records","Scheduled Calls Files","","true","0","14255280","1234","HTTP Content-Length","Restricted - Possibly","70532","0","0","0","0","3","12","0","2","0","3","0","1","6","George H.W. Bush Library, Bush Presidential Records, Brent Scowcroft Collection, Scheduled Calls Files, OA/ID 85046–010, October 1989.","Source: George H.W. Bush Library, Bush Presidential Records, Brent Scowcroft Collection, Scheduled Calls Files, OA/ID 85046–010, October 1989.","https://catalog.archives.gov/id/366552248","https://catalog.archives.gov/medialz/presidential-libraries/bush/gb-gbs/74785753/41-bpr-scow-schcalls-85046-010.pdf"
"366552296","1989-10-01","1989-10-31","October 1989","Folder title month","October 1989","85050-009","74785758","Brent Scowcroft Schedule Files","Series context and cross-volume routing","Reference context","","","","verified","George H.W. Bush Presidential Records","Schedule Files","","true","0","3626328","1234","HTTP Content-Length","Restricted - Possibly","15268","0","0","0","0","6","5","0","5","0","0","0","0","0","George H.W. Bush Library, Bush Presidential Records, Brent Scowcroft Collection, Schedule Files, OA/ID 85050–009, October 1989.","Source: George H.W. Bush Library, Bush Presidential Records, Brent Scowcroft Collection, Schedule Files, OA/ID 85050–009, October 1989.","https://catalog.archives.gov/id/366552296","https://catalog.archives.gov/medialz/presidential-libraries/bush/gb-gbs/74785758/41-bpr-scow-schedule-85050-009.pdf"
"366551743","1989-10-01","1989-10-31","October 1989","Folder title month","USSR Collapse: U.S.--Soviet Relations Thru 1991 (October 1989)","91117-006","4545954","USSR Collapse Files","Series context and cross-volume routing","Series context","","","","verified","George H.W. Bush Presidential Records","USSR Collapse Files","U.S - Soviet Relations Chronological Files","true","0","27937931","27937932","HTTP Content-Length","Restricted - Possibly","105126","11","6","0","0","9","68","26","22","0","4","0","8","0","George H.W. Bush Library, Bush Presidential Records, Brent Scowcroft Collection, USSR Collapse Files, U.S - Soviet Relations Chronological Files, OA/ID 91117–006, USSR Collapse: U.S—Soviet Relations Thru 1991 (October 1989).","Source: George H.W. Bush Library, Bush Presidential Records, Brent Scowcroft Collection, USSR Collapse Files, U.S - Soviet Relations Chronological Files, OA/ID 91117–006, USSR Collapse: U.S—Soviet Relations Thru 1991 (October 1989).","https://catalog.archives.gov/id/366551743","https://catalog.archives.gov/medialz/presidential-libraries/bush/gb-gbs/4545954/41-bpr-scow-ussrco-ussrl-91117-006.pdf"
"366551776","1989-10-01","1989-10-31","October 1989","Folder title month","Soviet Power Collapse in Eastern Europe--CFE [Conventional Forces in Europe] October 1989","91121-004","4708332","USSR Chronological Files","Series context and cross-volume routing","Series context","","","","verified","George H.W. Bush Presidential Records","USSR Chronological Files","CFE [Conventional Forces in Europe] Files","true","0","5603767","5603767","HTTP Content-Length","Restricted - Possibly","20969","2","2","0","0","2","13","9","1","0","1","0","2","0","George H.W. Bush Library, Bush Presidential Records, Brent Scowcroft Collection, USSR Chronological Files, CFE [Conventional Forces in Europe] Files, OA/ID 91121–004, Soviet Power Collapse in Eastern Europe—CFE [Conventional Forces in Europe] October 1989.","Source: George H.W. Bush Library, Bush Presidential Records, Brent Scowcroft Collection, USSR Chronological Files, CFE [Conventional Forces in Europe] Files, OA/ID 91121–004, Soviet Power Collapse in Eastern Europe—CFE [Conventional Forces in Europe] October 1989.","https://catalog.archives.gov/id/366551776","https://catalog.archives.gov/medialz/presidential-libraries/bush/gb-gbs/4708332/41-bpr-scow-ussrch-cfe-91121-004.pdf"
"366551802","1989-10-01","1989-10-31","October 1989","Folder title month","Soviet Power Collapse in Eastern Europe (October 1989) [1]","91124-008","4708332","USSR Chronological Files","Transition Economies and International Economic Strategy","Boundary review","Eastern Europe; Economic reform; International institutions; Trade and market access; Debt and international finance; Economic summits and G-7; Transition economies; Agriculture","The full OCR and opening withdrawal inventory identify a significant foreign-economic-policy strand, but the principal narrative belongs in a regional, Soviet, China, German-unification, or Persian Gulf volume. Review for cross-reference or a narrowly selected economic-policy document. Special-separate copy sets, meeting-file duplicates, and later retrospective chronologies are not separately promoted. Compare this file with the controlling regional and presidential records before selection.","The official file-unit PDF is online. This collection-wide pass did not establish its served-PDF page count or item boundaries; page totals on withdrawal sheets describe individual entries, not the complete file unit.","verified","George H.W. Bush Presidential Records","USSR Chronological Files","Soviet Power Collapse in Eastern Europe Files","true","0","36786512","36786512","HTTP Content-Length","Restricted - Possibly","157248","8","9","0","0","8","764","282","242","42","50","0","31","5","George H.W. Bush Library, Bush Presidential Records, Brent Scowcroft Collection, USSR Chronological Files, Soviet Power Collapse in Eastern Europe Files, OA/ID 91124–008, Soviet Power Collapse in Eastern Europe (October 1989) [1].","Source: George H.W. Bush Library, Bush Presidential Records, Brent Scowcroft Collection, USSR Chronological Files, Soviet Power Collapse in Eastern Europe Files, OA/ID 91124–008, Soviet Power Collapse in Eastern Europe (October 1989) [1].","https://catalog.archives.gov/id/366551802","https://catalog.archives.gov/medialz/presidential-libraries/bush/gb-gbs/4708332/41-bpr-scow-ussrch-svp-91124-008.pdf"
"366551803","1989-10-01","1989-10-31","October 1989","Folder title month","Soviet Power Collapse in Eastern Europe (October 1989) [2]","91124-009","4708332","USSR Chronological Files","Transition Economies and International Economic Strategy","Boundary review","Eastern Europe; Economic reform; Debt; Trade and market access; Debt and international finance; Economic summits and G-7; Transition economies; Energy; Agriculture","The full OCR and opening withdrawal inventory identify a significant foreign-economic-policy strand, but the principal narrative belongs in a regional, Soviet, China, German-unification, or Persian Gulf volume. Review for cross-reference or a narrowly selected economic-policy document. Special-separate copy sets, meeting-file duplicates, and later retrospective chronologies are not separately promoted. Compare this file with the controlling regional and presidential records before selection.","The official file-unit PDF is online. This collection-wide pass did not establish its served-PDF page count or item boundaries; page totals on withdrawal sheets describe individual entries, not the complete file unit.","verified","George H.W. Bush Presidential Records","USSR Chronological Files","Soviet Power Collapse in Eastern Europe Files","true","0","41795150","41795152","HTTP Content-Length","Restricted - Possibly","172256","6","7","0","0","8","336","130","84","26","8","3","24","44","George H.W. Bush Library, Bush Presidential Records, Brent Scowcroft Collection, USSR Chronological Files, Soviet Power Collapse in Eastern Europe Files, OA/ID 91124–009, Soviet Power Collapse in Eastern Europe (October 1989) [2].","Source: George H.W. Bush Library, Bush Presidential Records, Brent Scowcroft Collection, USSR Chronological Files, Soviet Power Collapse in Eastern Europe Files, OA/ID 91124–009, Soviet Power Collapse in Eastern Europe (October 1989) [2].","https://catalog.archives.gov/id/366551803","https://catalog.archives.gov/medialz/presidential-libraries/bush/gb-gbs/4708332/41-bpr-scow-ussrch-svp-91124-009.pdf"
"366551912","1989-10-01","1989-10-31","October 1989","Folder title month","Latin America--Economics (October 1989)","91139-003","4545957","Latin America Files","Trade Policy and Market Access","Volume XXX review","Latin America; Economic policy; Debt and trade; Trade and market access; Debt and international finance; Transition economies; Agriculture","This file belongs to the complete 13-folder Economic Chronological Files subseries. Screen its decision memoranda, presidential meeting materials, debt papers, trade papers, and follow-up actions individually for Volume XXX and route country-policy material to the appropriate regional volume. Country meeting packets and presidential conversations may duplicate the Presidential Correspondence Files or regional NSC staff files; compare dates, subjects, and document text before promotion.","The official file-unit PDF is online. This collection-wide pass did not establish its served-PDF page count or item boundaries; page totals on withdrawal sheets describe individual entries, not the complete file unit.","verified","George H.W. Bush Presidential Records","Latin American Files","Economic Chronological Files","true","0","15512780","15512780","HTTP Content-Length","Restricted - Possibly","62653","2","0","0","0","2","260","28","18","200","0","0","11","0","George H.W. Bush Library, Bush Presidential Records, Brent Scowcroft Collection, Latin American Files, Economic Chronological Files, OA/ID 91139–003, Latin America—Economics (October 1989).","Source: George H.W. Bush Library, Bush Presidential Records, Brent Scowcroft Collection, Latin American Files, Economic Chronological Files, OA/ID 91139–003, Latin America—Economics (October 1989).","https://catalog.archives.gov/id/366551912","https://catalog.archives.gov/medialz/presidential-libraries/bush/gb-gbs/4545957/41-bpr-scow-la-econchr-91139-003.pdf"
"366551899","1989-10-01","1989-11-30","October-November 1989","Folder title month range","Latin America--Central America (October-November 1989)","91138-003","4545957","Latin America Files","Series context and cross-volume routing","Series context","","","","verified","George H.W. Bush Presidential Records","Latin American Files","Central American Chronological Files","true","0","29865646","29865646","HTTP Content-Length","Restricted - Possibly","116448","7","8","10","0","11","107","44","23","22","7","1","4","4","George H.W. Bush Library, Bush Presidential Records, Brent Scowcroft Collection, Latin American Files, Central American Chronological Files, OA/ID 91138–003, Latin America—Central America (October—November 1989).","Source: George H.W. Bush Library, Bush Presidential Records, Brent Scowcroft Collection, Latin American Files, Central American Chronological Files, OA/ID 91138–003, Latin America—Central America (October—November 1989).","https://catalog.archives.gov/id/366551899","https://catalog.archives.gov/medialz/presidential-libraries/bush/gb-gbs/4545957/41-bpr-scow-la-cachr-91138-003.pdf"
"366551932","1989-10-01","1989-11-30","October-November 1989","Folder title month range","Latin America--Drug War (October-November 1989)","91141-001","4545957","Latin America Files","Series context and cross-volume routing","Series context","","","","verified","George H.W. Bush Presidential Records","Latin American Files","Drug War Chronological Files","true","0","11103860","11103860","HTTP Content-Length","Restricted - Possibly","47723","0","5","0","0","13","84","12","40","11","4","0","2","9","George H.W. Bush Library, Bush Presidential Records, Brent Scowcroft Collection, Latin American Files, Drug War Chronological Files, OA/ID 91141–001, Latin America—Drug War (October—November 1989).","Source: George H.W. Bush Library, Bush Presidential Records, Brent Scowcroft Collection, Latin American Files, Drug War Chronological Files, OA/ID 91141–001, Latin America—Drug War (October—November 1989).","https://catalog.archives.gov/id/366551932","https://catalog.archives.gov/medialz/presidential-libraries/bush/gb-gbs/4545957/41-bpr-scow-la-drugchr-91141-001.pdf"
"366551861","1989-10-01","1989-12-31","October-December 1989","Folder title month range","China: Tiananmen (October-December 1989)","91132-002","4545955","China Chronological Files","Series context and cross-volume routing","Series context","","","","verified","George H.W. Bush Presidential Records","China Chronological Files","Tiananmen Files","true","0","","8044347","Served size not measured","Restricted - Possibly","27034","4","3","0","0","3","6","0","1","0","5","0","0","0","George H.W. Bush Library, Bush Presidential Records, Brent Scowcroft Collection, China Chronological Files, Tiananmen Files, OA/ID 91132–002, China: Tiananmen (October—December 1989).","Source: George H.W. Bush Library, Bush Presidential Records, Brent Scowcroft Collection, China Chronological Files, Tiananmen Files, OA/ID 91132–002, China: Tiananmen (October—December 1989).","https://catalog.archives.gov/id/366551861","https://catalog.archives.gov/medialz/presidential-libraries/bush/gb-gbs/4545955/41-bpr-scow-cc-tian-91132-002.pdf"
"366551939","1989-10-01","1989-12-31","October-December 1989","Folder title month range","Middle East Peace (October-December 1989)","91142-003","4545976","Middle East Peace Process Files","Series context and cross-volume routing","Series context","","","","verified","George H.W. Bush Presidential Records","Middle East Peace Process Files","Chronological Files","true","0","38570245","38570244","HTTP Content-Length","Restricted - Possibly","145498","10","10","16","0","11","22","6","9","2","1","1","0","0","George H.W. Bush Library, Bush Presidential Records, Brent Scowcroft Collection, Middle East Peace Process Files, Chronological Files, OA/ID 91142–003, Middle East Peace (October—December 1989).","Source: George H.W. Bush Library, Bush Presidential Records, Brent Scowcroft Collection, Middle East Peace Process Files, Chronological Files, OA/ID 91142–003, Middle East Peace (October—December 1989).","https://catalog.archives.gov/id/366551939","https://catalog.archives.gov/medialz/presidential-libraries/bush/gb-gbs/4545976/41-bpr-scow-mepp-chr-91142-003.pdf"
"366551996","1989-10-01","1989-12-31","October-December 1989","Folder title month range","Other (October-December 1989)","91148-007","4708326","Chronological Files","Series context and cross-volume routing","Series context","","","","verified","George H.W. Bush Presidential Records","Chronological Files","","true","0","30017712","30017712","HTTP Content-Length","Restricted - Possibly","116102","8","8","35","0","8","74","33","21","9","3","3","0","1","George H.W. Bush Library, Bush Presidential Records, Brent Scowcroft Collection, Chronological Files, OA/ID 91148–007, Other (October—December 1989).","Source: George H.W. Bush Library, Bush Presidential Records, Brent Scowcroft Collection, Chronological Files, OA/ID 91148–007, Other (October—December 1989).","https://catalog.archives.gov/id/366551996","https://catalog.archives.gov/medialz/presidential-libraries/bush/gb-gbs/4708326/41-bpr-scow-chron-91148-007.pdf"
"366551789","1989-10-01","1990-04-30","October 1989-April 1990","Folder title month range","Soviet Power Collapse in Eastern Europe--Strategic Arms Control (October 1989-April 1990)","91122-003","4708332","USSR Chronological Files","Series context and cross-volume routing","Series context","","","","verified","George H.W. Bush Presidential Records","USSR Chronological Files","START [Strategic Arms Reduction Treaty] Files","true","0","36063934","36063936","HTTP Content-Length","Restricted - Possibly","158478","2","9","0","0","7","57","18","10","21","6","1","0","0","George H.W. Bush Library, Bush Presidential Records, Brent Scowcroft Collection, USSR Chronological Files, START [Strategic Arms Reduction Treaty] Files, OA/ID 91122–003, Soviet Power Collapse in Eastern Europe—Strategic Arms Control (October 1989—April 1990).","Source: George H.W. Bush Library, Bush Presidential Records, Brent Scowcroft Collection, USSR Chronological Files, START [Strategic Arms Reduction Treaty] Files, OA/ID 91122–003, Soviet Power Collapse in Eastern Europe—Strategic Arms Control (October 1989—April 1990).","https://catalog.archives.gov/id/366551789","https://catalog.archives.gov/medialz/presidential-libraries/bush/gb-gbs/4708332/41-bpr-scow-ussrch-start-91122-003.pdf"
"366551665","1989-10-03","1989-12-16","October 3, 1989-December 16, 1989","Folder title date range","Presidential Meetings--Memorandum of Conversations 10/3/89-12/16/89","91107-006","4545941","Presidential Correspondence Files","Monetary Policy, Debt, and International Institutions","Volume XXX review","Presidential conversations; Economic-content review; Parallel-copy check; Trade and market access; Debt and international finance; Economic summits and G-7; Transition economies; Strategic trade and technology; Energy; Agriculture","The complete Scowcroft folder contains presidential memoranda of conversation or telephone conversations with substantive economic-policy OCR signals. Review each conversation separately and promote only the passages that bear directly on Volume XXX. Parallel-copy control: match each conversation to the Bush Library Memcons and Telcons index and its canonical NARA item before selection. A Scowcroft folder copy is not a second documentary entry.","The official file-unit PDF is online. This collection-wide pass did not establish its served-PDF page count or item boundaries; page totals on withdrawal sheets describe individual entries, not the complete file unit.","verified","George H.W. Bush Presidential Records","Presidential Correspondence Files","Presidential Memcons Files","true","0","54022839","54022840","HTTP Content-Length","Restricted - Possibly","236438","0","0","34","0","7","201","60","57","50","4","1","9","13","George H.W. Bush Library, Bush Presidential Records, Brent Scowcroft Collection, Presidential Correspondence Files, Presidential Memcons Files, OA/ID 91107–006, Presidential Meetings—Memorandum of Conversations 10/3/89—12/16/89.","Source: George H.W. Bush Library, Bush Presidential Records, Brent Scowcroft Collection, Presidential Correspondence Files, Presidential Memcons Files, OA/ID 91107–006, Presidential Meetings—Memorandum of Conversations 10/3/89—12/16/89.","https://catalog.archives.gov/id/366551665","https://catalog.archives.gov/medialz/presidential-libraries/bush/gb-gbs/4545941/41-bpr-scow-pcor-memcon-91107-006.pdf"
"366551689","1989-10-24","1989-12-26","October 24, 1989-December 26, 1989","Folder title date range","Presidential Telephone Calls--Memorandum of Conversations 10/24/89-12/26/89","91111-004","4545941","Presidential Correspondence Files","Trade Policy and Market Access","Volume XXX review","Presidential telephone conversations; Economic-content review; Parallel-copy check; Trade and market access; Debt and international finance; Transition economies; Energy","The complete Scowcroft folder contains presidential memoranda of conversation or telephone conversations with substantive economic-policy OCR signals. Review each conversation separately and promote only the passages that bear directly on Volume XXX. Parallel-copy control: match each conversation to the Bush Library Memcons and Telcons index and its canonical NARA item before selection. A Scowcroft folder copy is not a second documentary entry.","The official file-unit PDF is online. This collection-wide pass did not establish its served-PDF page count or item boundaries; page totals on withdrawal sheets describe individual entries, not the complete file unit.","verified","George H.W. Bush Presidential Records","Presidential Correspondence Files","Presidential Telcon Files","true","0","48570194","48570192","HTTP Content-Length","Restricted - Possibly","201742","0","0","62","0","10","85","44","9","14","12","3","0","1","George H.W. Bush Library, Bush Presidential Records, Brent Scowcroft Collection, Presidential Correspondence Files, Presidential Telcon Files, OA/ID 91111–004, Presidential Telephone Calls—Memorandum of Conversations 10/24/89—12/26/89.","Source: George H.W. Bush Library, Bush Presidential Records, Brent Scowcroft Collection, Presidential Correspondence Files, Presidential Telcon Files, OA/ID 91111–004, Presidential Telephone Calls—Memorandum of Conversations 10/24/89—12/26/89.","https://catalog.archives.gov/id/366551689","https://catalog.archives.gov/medialz/presidential-libraries/bush/gb-gbs/4545941/41-bpr-scow-pcor-telcon-91111-004.pdf"
"366552204","1989-11-01","1989-11-30","November 1989","Folder title month","November 1989","85041-007","74785827","Brent Scowcroft Media Articles Files","Series context and cross-volume routing","Reference context","","","","verified","George H.W. Bush Presidential Records","Media Articles Files","","true","0","24343067","1234","HTTP Content-Length","Restricted - Possibly","254093","0","0","0","0","0","116","49","7","17","10","7","3","14","George H.W. Bush Library, Bush Presidential Records, Brent Scowcroft Collection, Media Articles Files, OA/ID 85041–007, November 1989.","Source: George H.W. Bush Library, Bush Presidential Records, Brent Scowcroft Collection, Media Articles Files, OA/ID 85041–007, November 1989.","https://catalog.archives.gov/id/366552204","https://catalog.archives.gov/medialz/presidential-libraries/bush/gb-gbs/74785827/41-bpr-scow-ma-85041-007.pdf"
"366552249","1989-11-01","1989-11-30","November 1989","Folder title month","November 1989","85046-011","74785753","Brent Scowcroft Scheduled Calls Files","Series context and cross-volume routing","Reference context","","","","verified","George H.W. Bush Presidential Records","Scheduled Calls Files","","true","0","2604354","1234","HTTP Content-Length","Restricted - Possibly","12158","0","0","0","0","6","5","0","5","0","0","0","0","0","George H.W. Bush Library, Bush Presidential Records, Brent Scowcroft Collection, Scheduled Calls Files, OA/ID 85046–011, November 1989.","Source: George H.W. Bush Library, Bush Presidential Records, Brent Scowcroft Collection, Scheduled Calls Files, OA/ID 85046–011, November 1989.","https://catalog.archives.gov/id/366552249","https://catalog.archives.gov/medialz/presidential-libraries/bush/gb-gbs/74785753/41-bpr-scow-schcalls-85046-011.pdf"
"366552297","1989-11-01","1989-11-30","November 1989","Folder title month","November 1989","85050-010","74785758","Brent Scowcroft Schedule Files","Series context and cross-volume routing","Reference context","","","","verified","George H.W. Bush Presidential Records","Schedule Files","","true","0","3186329","1234","HTTP Content-Length","Restricted - Possibly","12763","0","0","0","0","4","14","5","4","0","0","0","4","1","George H.W. Bush Library, Bush Presidential Records, Brent Scowcroft Collection, Schedule Files, OA/ID 85050–010, November 1989.","Source: George H.W. Bush Library, Bush Presidential Records, Brent Scowcroft Collection, Schedule Files, OA/ID 85050–010, November 1989.","https://catalog.archives.gov/id/366552297","https://catalog.archives.gov/medialz/presidential-libraries/bush/gb-gbs/74785758/41-bpr-scow-schedule-85050-010.pdf"
"366551725","1989-11-01","1989-11-30","November 1989","Folder title month","German Unification Files (November 1989)","91116-001","4545942","German Reunification Files","Series context and cross-volume routing","Series context","","","","verified","George H.W. Bush Presidential Records","German Unification Files","Chronological Files","true","0","25587181","25587180","HTTP Content-Length","Restricted - Possibly","105137","11","5","7","0","5","56","44","3","5","2","0","0","0","George H.W. Bush Library, Bush Presidential Records, Brent Scowcroft Collection, German Reunification Files, Chronological Files, OA/ID 91116–001, German Unification (November 1989).","Source: George H.W. Bush Library, Bush Presidential Records, Brent Scowcroft Collection, German Reunification Files, Chronological Files, OA/ID 91116–001, German Unification (November 1989).","https://catalog.archives.gov/id/366551725","https://catalog.archives.gov/medialz/presidential-libraries/bush/gb-gbs/4545942/41-bpr-scow-ger-chron-91116-001.pdf"
"366551744","1989-11-01","1989-11-30","November 1989","Folder title month","USSR Collapse: U.S.--Soviet Relations Thru 1991 (Novermber 1989)","91117-007","4545954","USSR Collapse Files","Transition Economies and International Economic Strategy","Boundary review","Soviet reform; Trade policy; Export controls; Trade and market access; Debt and international finance; Economic summits and G-7; Transition economies; Strategic trade and technology; Agriculture","The full OCR and opening withdrawal inventory identify a significant foreign-economic-policy strand, but the principal narrative belongs in a regional, Soviet, China, German-unification, or Persian Gulf volume. Review for cross-reference or a narrowly selected economic-policy document. Special-separate copy sets, meeting-file duplicates, and later retrospective chronologies are not separately promoted. Compare this file with the controlling regional and presidential records before selection.","The official file-unit PDF is online. This collection-wide pass did not establish its served-PDF page count or item boundaries; page totals on withdrawal sheets describe individual entries, not the complete file unit.","verified","George H.W. Bush Presidential Records","USSR Collapse Files","U.S - Soviet Relations Chronological Files","true","0","29858685","29858684","HTTP Content-Length","Restricted - Possibly","112578","9","4","0","0","6","446","121","73","161","9","0","26","21","George H.W. Bush Library, Bush Presidential Records, Brent Scowcroft Collection, USSR Collapse Files, U.S - Soviet Relations Chronological Files, OA/ID 91117–007, USSR Collapse: U.S—Soviet Relations Thru 1991 (November 1989).","Source: George H.W. Bush Library, Bush Presidential Records, Brent Scowcroft Collection, USSR Collapse Files, U.S - Soviet Relations Chronological Files, OA/ID 91117–007, USSR Collapse: U.S—Soviet Relations Thru 1991 (November 1989).","https://catalog.archives.gov/id/366551744","https://catalog.archives.gov/medialz/presidential-libraries/bush/gb-gbs/4545954/41-bpr-scow-ussrco-ussrl-91117-007.pdf"
"366551804","1989-11-01","1989-11-30","November 1989","Folder title month","Soviet Power Collapse in Eastern Europe--Berlin Wall (November 1989)","91124-010","4708332","USSR Chronological Files","Series context and cross-volume routing","Series context","","","","verified","George H.W. Bush Presidential Records","USSR Chronological Files","Soviet Power Collapse in Eastern Europe Files","true","0","8012278","8012278","HTTP Content-Length","Restricted - Possibly","30607","0","0","1","0","2","41","9","12","6","0","0","0","1","George H.W. Bush Library, Bush Presidential Records, Brent Scowcroft Collection, USSR Chronological Files, Soviet Power Collapse in Eastern Europe Files, OA/ID 91124–010, Soviet Power Collapse in Eastern Europe—Berlin Wall (November 1989).","Source: George H.W. Bush Library, Bush Presidential Records, Brent Scowcroft Collection, USSR Chronological Files, Soviet Power Collapse in Eastern Europe Files, OA/ID 91124–010, Soviet Power Collapse in Eastern Europe—Berlin Wall (November 1989).","https://catalog.archives.gov/id/366551804","https://catalog.archives.gov/medialz/presidential-libraries/bush/gb-gbs/4708332/41-bpr-scow-ussrch-svp-91124-010.pdf"
"366551805","1989-11-01","1989-11-30","November 1989","Folder title month","Soviet Power Collapse in Eastern Europe (November 1989) (Part I)","91125-001","4708332","USSR Chronological Files","Series context and cross-volume routing","Series context","","","","verified","George H.W. Bush Presidential Records","USSR Chronological Files","Soviet Power Collapse in Eastern Europe Files","true","0","32213117","32213116","HTTP Content-Length","Restricted - Possibly","109032","7","6","0","0","8","274","85","118","10","12","0","8","26","George H.W. Bush Library, Bush Presidential Records, Brent Scowcroft Collection, USSR Chronological Files, Soviet Power Collapse in Eastern Europe Files, OA/ID 91125–001, Soviet Power Collapse in Eastern Europe (November 1989) (Part I).","Source: George H.W. Bush Library, Bush Presidential Records, Brent Scowcroft Collection, USSR Chronological Files, Soviet Power Collapse in Eastern Europe Files, OA/ID 91125–001, Soviet Power Collapse in Eastern Europe (November 1989) (Part I).","https://catalog.archives.gov/id/366551805","https://catalog.archives.gov/medialz/presidential-libraries/bush/gb-gbs/4708332/41-bpr-scow-ussrch-svp-91125-001.pdf"
"366551806","1989-11-01","1989-11-30","November 1989","Folder title month","Soviet Power Collapse in Eastern Europe (November 1989) (Part II)","91125-002","4708332","USSR Chronological Files","Series context and cross-volume routing","Series context","","","","verified","George H.W. Bush Presidential Records","USSR Chronological Files","Soviet Power Collapse in Eastern Europe Files","true","0","39762905","39762904","HTTP Content-Length","Restricted - Possibly","159968","8","10","0","0","12","253","71","73","35","22","4","10","24","George H.W. Bush Library, Bush Presidential Records, Brent Scowcroft Collection, USSR Chronological Files, Soviet Power Collapse in Eastern Europe Files, OA/ID 91125–002, Soviet Power Collapse in Eastern Europe (November 1989) (Part II).","Source: George H.W. Bush Library, Bush Presidential Records, Brent Scowcroft Collection, USSR Chronological Files, Soviet Power Collapse in Eastern Europe Files, OA/ID 91125–002, Soviet Power Collapse in Eastern Europe (November 1989) (Part II).","https://catalog.archives.gov/id/366551806","https://catalog.archives.gov/medialz/presidential-libraries/bush/gb-gbs/4708332/41-bpr-scow-ussrch-svp-91125-002.pdf"
"366551870","1989-11-01","1989-12-31","November-December 1989","Folder title month range","China: Non-Tiananmen (November-December 1989)","91134-002","4545955","China Chronological Files","Series context and cross-volume routing","Series context","","","","verified","George H.W. Bush Presidential Records","China Chronological Files","Non-Tiananmen Files","true","0","","7121806","Served size not measured","Restricted - Possibly","28528","1","1","4","0","3","11","6","2","2","1","0","0","0","George H.W. Bush Library, Bush Presidential Records, Brent Scowcroft Collection, China Chronological Files, Non-Tiananmen Files, OA/ID 91134–002, China: Non-Tiananmen (November—December 1989).","Source: George H.W. Bush Library, Bush Presidential Records, Brent Scowcroft Collection, China Chronological Files, Non-Tiananmen Files, OA/ID 91134–002, China: Non-Tiananmen (November—December 1989).","https://catalog.archives.gov/id/366551870","https://catalog.archives.gov/medialz/presidential-libraries/bush/gb-gbs/4545955/41-bpr-scow-cc-ntian-91134-002.pdf"
"366552205","1989-12-01","1989-12-31","December 1989","Folder title month","December 1989","85042-001","74785827","Brent Scowcroft Media Articles Files","Series context and cross-volume routing","Reference context","","","","verified","George H.W. Bush Presidential Records","Media Articles Files","","true","0","125842103","1234","HTTP Content-Length","Restricted - Possibly","738060","0","0","0","0","0","315","79","30","84","97","10","1","11","George H.W. Bush Library, Bush Presidential Records, Brent Scowcroft Collection, Media Articles Files, OA/ID 85042–001, December 1989.","Source: George H.W. Bush Library, Bush Presidential Records, Brent Scowcroft Collection, Media Articles Files, OA/ID 85042–001, December 1989.","https://catalog.archives.gov/id/366552205","https://catalog.archives.gov/medialz/presidential-libraries/bush/gb-gbs/74785827/41-bpr-scow-ma-85042-001.pdf"
"366552250","1989-12-01","1989-12-31","December 1989","Folder title month","December 1989","85046-012","74785753","Brent Scowcroft Scheduled Calls Files","Series context and cross-volume routing","Reference context","","","","verified","George H.W. Bush Presidential Records","Scheduled Calls Files","","true","0","4072104","1234","HTTP Content-Length","Restricted - Possibly","17606","0","0","0","0","4","4","0","3","0","0","0","0","1","George H.W. Bush Library, Bush Presidential Records, Brent Scowcroft Collection, Scheduled Calls Files, OA/ID 85046–012, December 1989.","Source: George H.W. Bush Library, Bush Presidential Records, Brent Scowcroft Collection, Scheduled Calls Files, OA/ID 85046–012, December 1989.","https://catalog.archives.gov/id/366552250","https://catalog.archives.gov/medialz/presidential-libraries/bush/gb-gbs/74785753/41-bpr-scow-schcalls-85046-012.pdf"
"366552298","1989-12-01","1989-12-31","December 1989","Folder title month","December 1989","85050-011","74785758","Brent Scowcroft Schedule Files","Series context and cross-volume routing","Reference context","","","","verified","George H.W. Bush Presidential Records","Schedule Files","","true","0","2176776","1234","HTTP Content-Length","Restricted - Possibly","9924","0","0","0","0","5","4","0","4","0","0","0","0","0","George H.W. Bush Library, Bush Presidential Records, Brent Scowcroft Collection, Schedule Files, OA/ID 85050–011, December 1989.","Source: George H.W. Bush Library, Bush Presidential Records, Brent Scowcroft Collection, Schedule Files, OA/ID 85050–011, December 1989.","https://catalog.archives.gov/id/366552298","https://catalog.archives.gov/medialz/presidential-libraries/bush/gb-gbs/74785758/41-bpr-scow-schedule-85050-011.pdf"
"366551726","1989-12-01","1989-12-31","December 1989","Folder title month","German Unification Files (December 1989)","91116-002","4545942","German Reunification Files","Series context and cross-volume routing","Series context","","","","verified","George H.W. Bush Presidential Records","German Unification Files","Chronological Files","true","0","6199634","6199634","HTTP Content-Length","Restricted - Possibly","24885","8","2","0","0","1","15","6","2","2","0","0","0","0","George H.W. Bush Library, Bush Presidential Records, Brent Scowcroft Collection, German Reunification Files, Chronological Files, OA/ID 91116–002, German Unification (December 1989).","Source: George H.W. Bush Library, Bush Presidential Records, Brent Scowcroft Collection, German Reunification Files, Chronological Files, OA/ID 91116–002, German Unification (December 1989).","https://catalog.archives.gov/id/366551726","https://catalog.archives.gov/medialz/presidential-libraries/bush/gb-gbs/4545942/41-bpr-scow-ger-chron-91116-002.pdf"
"366551745","1989-12-01","1989-12-31","December 1989","Folder title month","USSR Collapse: U.S.--Soviet Relations Thru 1991 (December 1989)","91117-008","4545954","USSR Collapse Files","Transition Economies and International Economic Strategy","Boundary review","Malta; Soviet reform; Economic assistance; Trade and market access; Debt and international finance; Transition economies; Strategic trade and technology; Energy; Agriculture","The full OCR and opening withdrawal inventory identify a significant foreign-economic-policy strand, but the principal narrative belongs in a regional, Soviet, China, German-unification, or Persian Gulf volume. Review for cross-reference or a narrowly selected economic-policy document. Special-separate copy sets, meeting-file duplicates, and later retrospective chronologies are not separately promoted. Compare this file with the controlling regional and presidential records before selection.","The official file-unit PDF is online. This collection-wide pass did not establish its served-PDF page count or item boundaries; page totals on withdrawal sheets describe individual entries, not the complete file unit.","verified with record-group exception","Donated Historical Materials","USSR Collapse Files","U.S - Soviet Relations Chronological Files","true","0","64163359","64163360","HTTP Content-Length","Restricted - Possibly","271153","5","5","0","0","5","232","114","27","63","8","4","7","2","George H.W. Bush Library, Donated Historical Materials, Brent Scowcroft Collection, USSR Collapse Files, U.S - Soviet Relations Chronological Files, OA/ID 91117–008, USSR Collapse: U.S—Soviet Relations Thru 1991 (December 1989).","Source: George H.W. Bush Library, Donated Historical Materials, Brent Scowcroft Collection, USSR Collapse Files, U.S - Soviet Relations Chronological Files, OA/ID 91117–008, USSR Collapse: U.S—Soviet Relations Thru 1991 (December 1989).","https://catalog.archives.gov/id/366551745","https://catalog.archives.gov/medialz/presidential-libraries/bush/gb-gbs/4545954/41-bpr-scow-ussrco-ussrl-91117-008.pdf"
"366551900","1989-12-01","1989-12-31","December 1989","Folder title month","Latin America--Central America (December 1989)","91138-004","4545957","Latin America Files","Series context and cross-volume routing","Series context","","","","verified","George H.W. Bush Presidential Records","Latin American Files","Central American Chronological Files","true","0","6702866","6702866","HTTP Content-Length","Restricted - Possibly","24995","0","0","0","0","6","5","1","4","0","0","0","0","0","George H.W. Bush Library, Bush Presidential Records, Brent Scowcroft Collection, Latin American Files, Central American Chronological Files, OA/ID 91138–004, Latin America—Central America (December 1989).","Source: George H.W. Bush Library, Bush Presidential Records, Brent Scowcroft Collection, Latin American Files, Central American Chronological Files, OA/ID 91138–004, Latin America—Central America (December 1989).","https://catalog.archives.gov/id/366551900","https://catalog.archives.gov/medialz/presidential-libraries/bush/gb-gbs/4545957/41-bpr-scow-la-cachr-91138-004.pdf"
"366551807","1989-12-01","1990-01-31","December 1989-January 1990","Folder title month range","Soviet Power Collapse in Eastern Europe (December 1989-January 1990)","91125-003","4708332","USSR Chronological Files","Transition Economies and International Economic Strategy","Boundary review","Eastern Europe; Market economy; COCOM; Trade and market access; Debt and international finance; Transition economies; Strategic trade and technology; Energy; Agriculture","The full OCR and opening withdrawal inventory identify a significant foreign-economic-policy strand, but the principal narrative belongs in a regional, Soviet, China, German-unification, or Persian Gulf volume. Review for cross-reference or a narrowly selected economic-policy document. Special-separate copy sets, meeting-file duplicates, and later retrospective chronologies are not separately promoted. Compare this file with the controlling regional and presidential records before selection.","The official file-unit PDF is online. This collection-wide pass did not establish its served-PDF page count or item boundaries; page totals on withdrawal sheets describe individual entries, not the complete file unit.","verified","George H.W. Bush Presidential Records","USSR Chronological Files","Soviet Power Collapse in Eastern Europe Files","true","0","15495090","15495090","HTTP Content-Length","Restricted - Possibly","64291","12","6","0","0","2","153","61","23","17","14","6","20","2","George H.W. Bush Library, Bush Presidential Records, Brent Scowcroft Collection, USSR Chronological Files, Soviet Power Collapse in Eastern Europe Files, OA/ID 91125–003, Soviet Power Collapse in Eastern Europe (December 1989—January 1990).","Source: George H.W. Bush Library, Bush Presidential Records, Brent Scowcroft Collection, USSR Chronological Files, Soviet Power Collapse in Eastern Europe Files, OA/ID 91125–003, Soviet Power Collapse in Eastern Europe (December 1989—January 1990).","https://catalog.archives.gov/id/366551807","https://catalog.archives.gov/medialz/presidential-libraries/bush/gb-gbs/4708332/41-bpr-scow-ussrch-svp-91125-003.pdf"
"366551925","1989-12-01","1990-04-30","December 1989-April 1990","Folder title month range","Latin America--Panama (December 1989-April 1990)","91140-003","4545957","Latin America Files","Series context and cross-volume routing","Series context","","","","verified","George H.W. Bush Presidential Records","Latin American Files","Panama Chronological Files","true","0","22326996","22326996","HTTP Content-Length","Restricted - Possibly","81838","4","5","16","0","8","138","60","27","14","24","3","1","8","George H.W. Bush Library, Bush Presidential Records, Brent Scowcroft Collection, Latin American Files, Panama Chronological Files, OA/ID 91140–003, Latin America—Panama (December 1989—April 1990).","Source: George H.W. Bush Library, Bush Presidential Records, Brent Scowcroft Collection, Latin American Files, Panama Chronological Files, OA/ID 91140–003, Latin America—Panama (December 1989—April 1990).","https://catalog.archives.gov/id/366551925","https://catalog.archives.gov/medialz/presidential-libraries/bush/gb-gbs/4545957/41-bpr-scow-la-panama-91140-003.pdf"
"366552206","1990-01-01","1990-01-31","January 1990","Folder title month","January 1990","85042-002","74785827","Brent Scowcroft Media Articles Files","Series context and cross-volume routing","Reference context","","","","verified","George H.W. Bush Presidential Records","Media Articles Files","","true","0","20845950","1234","HTTP Content-Length","Restricted - Possibly","174714","0","0","0","0","0","112","18","34","11","12","1","1","34","George H.W. Bush Library, Bush Presidential Records, Brent Scowcroft Collection, Media Articles Files, OA/ID 85042–002, January 1990.","Source: George H.W. Bush Library, Bush Presidential Records, Brent Scowcroft Collection, Media Articles Files, OA/ID 85042–002, January 1990.","https://catalog.archives.gov/id/366552206","https://catalog.archives.gov/medialz/presidential-libraries/bush/gb-gbs/74785827/41-bpr-scow-ma-85042-002.pdf"
"366552251","1990-01-01","1990-01-31","January 1990","Folder title month","January 1990","85047-001","74785753","Brent Scowcroft Scheduled Calls Files","Series context and cross-volume routing","Reference context","","","","verified","George H.W. Bush Presidential Records","Scheduled Calls Files","","true","0","4195183","1234","HTTP Content-Length","Restricted - Possibly","17623","0","0","0","0","2","2","0","1","0","0","0","0","1","George H.W. Bush Library, Bush Presidential Records, Brent Scowcroft Collection, Scheduled Calls Files, OA/ID 85047–001, January 1990.","Source: George H.W. Bush Library, Bush Presidential Records, Brent Scowcroft Collection, Scheduled Calls Files, OA/ID 85047–001, January 1990.","https://catalog.archives.gov/id/366552251","https://catalog.archives.gov/medialz/presidential-libraries/bush/gb-gbs/74785753/41-bpr-scow-schcalls-85047-001.pdf"
"366552299","1990-01-01","1990-01-31","January 1990","Folder title month","January 1990","85051-001","74785758","Brent Scowcroft Schedule Files","Series context and cross-volume routing","Reference context","","","","verified","George H.W. Bush Presidential Records","Schedule Files","","true","0","7067660","1234","HTTP Content-Length","Restricted - Possibly","26673","0","0","0","0","7","16","1","6","2","0","0","0","7","George H.W. Bush Library, Bush Presidential Records, Brent Scowcroft Collection, Schedule Files, OA/ID 85051–001, January 1990.","Source: George H.W. Bush Library, Bush Presidential Records, Brent Scowcroft Collection, Schedule Files, OA/ID 85051–001, January 1990.","https://catalog.archives.gov/id/366552299","https://catalog.archives.gov/medialz/presidential-libraries/bush/gb-gbs/74785758/41-bpr-scow-schedule-85051-001.pdf"
"366551777","1990-01-01","1990-01-31","January 1990","Folder title month","CFE [Conventional Forces in Europe] (January 1990)","91121-005","4708332","USSR Chronological Files","Series context and cross-volume routing","Series context","","","","verified","George H.W. Bush Presidential Records","USSR Chronological Files","CFE [Conventional Forces in Europe] Files","true","0","32862751","32862752","HTTP Content-Length","Restricted - Possibly","132894","10","13","6","0","9","22","4","11","4","0","1","0","1","George H.W. Bush Library, Bush Presidential Records, Brent Scowcroft Collection, USSR Chronological Files, CFE [Conventional Forces in Europe] Files, OA/ID 91121–005, CFE [Conventional Forces in Europe] Post 1989 (January 1990).","Source: George H.W. Bush Library, Bush Presidential Records, Brent Scowcroft Collection, USSR Chronological Files, CFE [Conventional Forces in Europe] Files, OA/ID 91121–005, CFE [Conventional Forces in Europe] Post 1989 (January 1990).","https://catalog.archives.gov/id/366551777","https://catalog.archives.gov/medialz/presidential-libraries/bush/gb-gbs/4708332/41-bpr-scow-ussrch-cfe-91121-005.pdf"
"366551862","1990-01-01","1990-01-31","January 1990","Folder title month","China: Tiananmen (January 1990)","91132-003","4545955","China Chronological Files","Series context and cross-volume routing","Series context","","","","verified","George H.W. Bush Presidential Records","China Chronological Files","Tiananmen Files","true","0","6919721","6919721","HTTP Content-Length","Restricted - Possibly","20443","0","3","0","0","1","0","0","0","0","0","0","0","0","George H.W. Bush Library, Bush Presidential Records, Brent Scowcroft Collection, China Chronological Files, Tiananmen Files, OA/ID 91132–003, China: Tiananmen (January 1990).","Source: George H.W. Bush Library, Bush Presidential Records, Brent Scowcroft Collection, China Chronological Files, Tiananmen Files, OA/ID 91132–003, China: Tiananmen (January 1990).","https://catalog.archives.gov/id/366551862","https://catalog.archives.gov/medialz/presidential-libraries/bush/gb-gbs/4545955/41-bpr-scow-cc-tian-91132-003.pdf"
"366551727","1990-01-01","1990-02-28","January-February 1990","Folder title month range","German Unification Files (January-February 1990)","91116-003","4545942","German Reunification Files","Series context and cross-volume routing","Series context","","","","verified","George H.W. Bush Presidential Records","German Unification Files","Chronological Files","true","0","18340452","18340452","HTTP Content-Length","Restricted - Possibly","73954","2","1","0","0","5","16","8","5","0","0","0","0","0","George H.W. Bush Library, Bush Presidential Records, Brent Scowcroft Collection, German Reunification Files, Chronological Files, OA/ID 91116–003, German Unification (January—February 1990).","Source: George H.W. Bush Library, Bush Presidential Records, Brent Scowcroft Collection, German Reunification Files, Chronological Files, OA/ID 91116–003, German Unification (January—February 1990).","https://catalog.archives.gov/id/366551727","https://catalog.archives.gov/medialz/presidential-libraries/bush/gb-gbs/4545942/41-bpr-scow-ger-chron-91116-003.pdf"
"366551746","1990-01-01","1990-02-28","January-February 1990","Folder title month range","USSR Collapse: U.S.--Soviet Relations Thru 1991 (January-February 1990)","91117-009","4545954","USSR Collapse Files","Series context and cross-volume routing","Series context","","","","verified","George H.W. Bush Presidential Records","USSR Collapse Files","U.S - Soviet Relations Chronological Files","true","0","27274998","27274998","HTTP Content-Length","Restricted - Possibly","116243","3","6","5","0","22","111","35","23","28","5","14","4","0","George H.W. Bush Library, Bush Presidential Records, Brent Scowcroft Collection, USSR Collapse Files, U.S - Soviet Relations Chronological Files, OA/ID 91117–009, USSR Collapse: U.S—Soviet Relations Thru 1991 (January—February 1990).","Source: George H.W. Bush Library, Bush Presidential Records, Brent Scowcroft Collection, USSR Collapse Files, U.S - Soviet Relations Chronological Files, OA/ID 91117–009, USSR Collapse: U.S—Soviet Relations Thru 1991 (January—February 1990).","https://catalog.archives.gov/id/366551746","https://catalog.archives.gov/medialz/presidential-libraries/bush/gb-gbs/4545954/41-bpr-scow-ussrco-ussrl-91117-009.pdf"
"366551690","1990-01-01","1990-03-15","January 1, 1990-March 15, 1990","Folder title date range","Presidential Telephone Calls--Memorandum of Conversations 1/1/90-3/15/90","91111-005","4545941","Presidential Correspondence Files","Series context and cross-volume routing","Series context","","","","verified","George H.W. Bush Presidential Records","Presidential Correspondence Files","Presidential Telcon Files","true","0","41233903","41233904","HTTP Content-Length","Restricted - Possibly","179077","0","0","44","0","4","73","34","7","17","4","0","5","3","George H.W. Bush Library, Bush Presidential Records, Brent Scowcroft Collection, Presidential Correspondence Files, Presidential Telcon Files, OA/ID 91111–005, Presidential Telephone Calls—Memorandum of Conversations 1/1/90—3/15/90.","Source: George H.W. Bush Library, Bush Presidential Records, Brent Scowcroft Collection, Presidential Correspondence Files, Presidential Telcon Files, OA/ID 91111–005, Presidential Telephone Calls—Memorandum of Conversations 1/1/90—3/15/90.","https://catalog.archives.gov/id/366551690","https://catalog.archives.gov/medialz/presidential-libraries/bush/gb-gbs/4545941/41-bpr-scow-pcor-telcon-91111-005.pdf"
"366551871","1990-01-01","1990-04-30","January-April 1990","Folder title month range","China: Non-Tiananmen (January-April 1990)","91134-003","4545955","China Chronological Files","Trade Policy and Market Access","Boundary review","China; World Bank; Agricultural trade; Trade and market access; Debt and international finance; Economic summits and G-7; Transition economies; Energy; Agriculture","The full OCR and opening withdrawal inventory identify a significant foreign-economic-policy strand, but the principal narrative belongs in a regional, Soviet, China, German-unification, or Persian Gulf volume. Review for cross-reference or a narrowly selected economic-policy document. Special-separate copy sets, meeting-file duplicates, and later retrospective chronologies are not separately promoted. Compare this file with the controlling regional and presidential records before selection.","The official file-unit PDF is online. This collection-wide pass did not establish its served-PDF page count or item boundaries; page totals on withdrawal sheets describe individual entries, not the complete file unit.","verified","George H.W. Bush Presidential Records","China Chronological Files","Non-Tiananmen Files","true","0","14978334","14978334","HTTP Content-Length","Restricted - Possibly","60087","12","7","0","0","5","113","20","24","26","8","2","6","6","George H.W. Bush Library, Bush Presidential Records, Brent Scowcroft Collection, China Chronological Files, Non-Tiananmen Files, OA/ID 91134–003, China: Non-Tiananmen (January—April 1990).","Source: George H.W. Bush Library, Bush Presidential Records, Brent Scowcroft Collection, China Chronological Files, Non-Tiananmen Files, OA/ID 91134–003, China: Non-Tiananmen (January—April 1990).","https://catalog.archives.gov/id/366551871","https://catalog.archives.gov/medialz/presidential-libraries/bush/gb-gbs/4545955/41-bpr-scow-cc-ntian-91134-003.pdf"
"366551901","1990-01-01","1990-04-30","January-April 1990","Folder title month range","Latin America--Central America (January-April 1990)","91138-005","4545957","Latin America Files","Series context and cross-volume routing","Series context","","","","verified","George H.W. Bush Presidential Records","Latin American Files","Central American Chronological Files","true","0","19777602","19777602","HTTP Content-Length","Restricted - Possibly","88257","7","5","0","0","21","105","28","31","24","3","16","1","0","George H.W. Bush Library, Bush Presidential Records, Brent Scowcroft Collection, Latin American Files, Central American Chronological Files, OA/ID 91138–005, Latin America—Central America (January—April 1990).","Source: George H.W. Bush Library, Bush Presidential Records, Brent Scowcroft Collection, Latin American Files, Central American Chronological Files, OA/ID 91138–005, Latin America—Central America (January—April 1990).","https://catalog.archives.gov/id/366551901","https://catalog.archives.gov/medialz/presidential-libraries/bush/gb-gbs/4545957/41-bpr-scow-la-cachr-91138-005.pdf"
"366551913","1990-01-01","1990-05-31","January-May 1990","Folder title month range","Latin America--Economics (January-May 1990)","91139-004","4545957","Latin America Files","Trade Policy and Market Access","Volume XXX review","Latin America; Economic policy; Debt and trade; Trade and market access; Debt and international finance; Economic summits and G-7; Transition economies; Strategic trade and technology; Energy; Agriculture","This file belongs to the complete 13-folder Economic Chronological Files subseries. Screen its decision memoranda, presidential meeting materials, debt papers, trade papers, and follow-up actions individually for Volume XXX and route country-policy material to the appropriate regional volume. Country meeting packets and presidential conversations may duplicate the Presidential Correspondence Files or regional NSC staff files; compare dates, subjects, and document text before promotion.","The official file-unit PDF is online. This collection-wide pass did not establish its served-PDF page count or item boundaries; page totals on withdrawal sheets describe individual entries, not the complete file unit.","verified","George H.W. Bush Presidential Records","Latin American Files","Economic Chronological Files","true","0","15226849","15226849","HTTP Content-Length","Restricted - Possibly","63410","3","2","0","0","7","231","56","62","91","2","2","2","5","George H.W. Bush Library, Bush Presidential Records, Brent Scowcroft Collection, Latin American Files, Economic Chronological Files, OA/ID 91139–004, Latin America—Economics (January—May 1990).","Source: George H.W. Bush Library, Bush Presidential Records, Brent Scowcroft Collection, Latin American Files, Economic Chronological Files, OA/ID 91139–004, Latin America—Economics (January—May 1990).","https://catalog.archives.gov/id/366551913","https://catalog.archives.gov/medialz/presidential-libraries/bush/gb-gbs/4545957/41-bpr-scow-la-econchr-91139-004.pdf"
"366551997","1990-01-01","1990-05-31","January-May 1990","Folder title month range","Other (January-May 1990) [1]","91148-008","4708326","Chronological Files","Transition Economies and International Economic Strategy","Volume XXX review","EBRD; China; Houston Economic Summit; Trade and market access; Debt and international finance; Economic summits and G-7; Transition economies; Agriculture","The folder contains a concentrated EBRD decision trail, including Baker-Brady-Scowcroft meeting records and presidential papers, followed by Scowcroft and Melby memoranda on preparations for the Houston Economic Summit.","The official file-unit PDF is online. This collection-wide pass did not establish its served-PDF page count or item boundaries; page totals on withdrawal sheets describe individual entries, not the complete file unit.","verified","George H.W. Bush Presidential Records","Chronological Files","","true","0","31604260","31604260","HTTP Content-Length","Restricted - Possibly","121560","12","13","0","3","10","236","63","103","21","3","0","4","17","George H.W. Bush Library, Bush Presidential Records, Brent Scowcroft Collection, Chronological Files, OA/ID 91148–008, Other (January—May 1990) [1].","Source: George H.W. Bush Library, Bush Presidential Records, Brent Scowcroft Collection, Chronological Files, OA/ID 91148–008, Other (January—May 1990) [1].","https://catalog.archives.gov/id/366551997","https://catalog.archives.gov/medialz/presidential-libraries/bush/gb-gbs/4708326/41-bpr-scow-chron-91148-008.pdf"
"366551998","1990-01-01","1990-05-31","January-May 1990","Folder title month range","Other (January-May 1990) [2]","91148-009","4708326","Chronological Files","Series context and cross-volume routing","Series context","","","","verified","George H.W. Bush Presidential Records","Chronological Files","","true","0","22606355","22606356","HTTP Content-Length","Restricted - Possibly","88983","2","6","8","0","11","18","3","14","0","0","1","0","0","George H.W. Bush Library, Bush Presidential Records, Brent Scowcroft Collection, Chronological Files, OA/ID 91148–009, Other (January—May 1990) [2].","Source: George H.W. Bush Library, Bush Presidential Records, Brent Scowcroft Collection, Chronological Files, OA/ID 91148–009, Other (January—May 1990) [2].","https://catalog.archives.gov/id/366551998","https://catalog.archives.gov/medialz/presidential-libraries/bush/gb-gbs/4708326/41-bpr-scow-chron-91148-009.pdf"
"366552147","1990-01-01","1990-12-31","January-December 1990","Folder title month range","Appointments Completed, January to December 1990 [1]","85034-005","74785770","Brent Scowcroft Administrative Files","Series context and cross-volume routing","Reference context","","","","verified","George H.W. Bush Presidential Records","Administrative Files","","true","0","44598896","1234","HTTP Content-Length","Restricted - Possibly","163805","0","6","0","0","11","251","117","16","68","7","25","3","2","George H.W. Bush Library, Bush Presidential Records, Brent Scowcroft Collection, Administrative Files, OA/ID 85034–005, Appointments Completed, January to December 1990 [1].","Source: George H.W. Bush Library, Bush Presidential Records, Brent Scowcroft Collection, Administrative Files, OA/ID 85034–005, Appointments Completed, January to December 1990 [1].","https://catalog.archives.gov/id/366552147","https://catalog.archives.gov/medialz/presidential-libraries/bush/gb-gbs/74785770/41-bpr-scow-admin-85034-005.pdf"
"366552148","1990-01-01","1990-12-31","January-December 1990","Folder title month range","Appointments Completed, January to December 1990 [2]","85034-006","74785770","Brent Scowcroft Administrative Files","Series context and cross-volume routing","Reference context","","","","verified","George H.W. Bush Presidential Records","Administrative Files","","true","0","52342758","1234","HTTP Content-Length","Restricted - Possibly","220407","0","7","0","0","11","197","75","50","43","5","8","3","2","George H.W. Bush Library, Bush Presidential Records, Brent Scowcroft Collection, Administrative Files, OA/ID 85034–006, Appointments Completed, January to December 1990 [2].","Source: George H.W. Bush Library, Bush Presidential Records, Brent Scowcroft Collection, Administrative Files, OA/ID 85034–006, Appointments Completed, January to December 1990 [2].","https://catalog.archives.gov/id/366552148","https://catalog.archives.gov/medialz/presidential-libraries/bush/gb-gbs/74785770/41-bpr-scow-admin-85034-006.pdf"
"366552149","1990-01-01","1990-12-31","January-December 1990","Folder title month range","Appointments Completed, January to December 1990 [3]","85034-007","74785770","Brent Scowcroft Administrative Files","Series context and cross-volume routing","Reference context","","","","verified","George H.W. Bush Presidential Records","Administrative Files","","true","0","23490706","1234","HTTP Content-Length","Restricted - Possibly","77628","2","8","0","0","9","46","3","13","18","3","2","0","0","George H.W. Bush Library, Bush Presidential Records, Brent Scowcroft Collection, Administrative Files, OA/ID 85034–007, Appointments Completed, January to December 1990 [3].","Source: George H.W. Bush Library, Bush Presidential Records, Brent Scowcroft Collection, Administrative Files, OA/ID 85034–007, Appointments Completed, January to December 1990 [3].","https://catalog.archives.gov/id/366552149","https://catalog.archives.gov/medialz/presidential-libraries/bush/gb-gbs/74785770/41-bpr-scow-admin-85034-007.pdf"
"366552160","1990-01-01","1990-12-31","January-December 1990","Folder title month range","Appointments Regretted, January to December 1990","85036-005","74785770","Brent Scowcroft Administrative Files","Series context and cross-volume routing","Reference context","","","","verified","George H.W. Bush Presidential Records","Administrative Files","","true","0","29008207","1234","HTTP Content-Length","Restricted - Possibly","87288","0","3","0","0","3","23","11","5","3","0","3","0","1","George H.W. Bush Library, Bush Presidential Records, Brent Scowcroft Collection, Administrative Files, OA/ID 85036–005, Appointments Regretted, January to December 1990.","Source: George H.W. Bush Library, Bush Presidential Records, Brent Scowcroft Collection, Administrative Files, OA/ID 85036–005, Appointments Regretted, January to December 1990.","https://catalog.archives.gov/id/366552160","https://catalog.archives.gov/medialz/presidential-libraries/bush/gb-gbs/74785770/41-bpr-scow-admin-85036-005.pdf"
"366552168","1990-01-01","1990-12-31","1990","Folder title year","Gottfurcht, Fred, 1990","85037-004","74785770","Brent Scowcroft Administrative Files","Series context and cross-volume routing","Series context","","","","verified","George H.W. Bush Presidential Records","Administrative Files","","true","0","2467484","1234","HTTP Content-Length","Restricted - Possibly","4885","0","0","0","0","2","1","0","1","0","0","0","0","0","George H.W. Bush Library, Bush Presidential Records, Brent Scowcroft Collection, Administrative Files, OA/ID 85037–004, Gottfurcht, Fred, 1990.","Source: George H.W. Bush Library, Bush Presidential Records, Brent Scowcroft Collection, Administrative Files, OA/ID 85037–004, Gottfurcht, Fred, 1990.","https://catalog.archives.gov/id/366552168","https://catalog.archives.gov/medialz/presidential-libraries/bush/gb-gbs/74785770/41-bpr-scow-admin-85037-004.pdf"
"366552171","1990-01-01","1990-12-31","1990","Folder title year","Massie, Suzanne, 1990","85037-007","74785770","Brent Scowcroft Administrative Files","Series context and cross-volume routing","Series context","","","","verified","George H.W. Bush Presidential Records","Administrative Files","","true","0","24504110","1234","HTTP Content-Length","Restricted - Possibly","31246","0","0","0","0","0","7","3","1","1","0","1","1","0","George H.W. Bush Library, Bush Presidential Records, Brent Scowcroft Collection, Administrative Files, OA/ID 85037–007, Massie, Suzanne, 1990.","Source: George H.W. Bush Library, Bush Presidential Records, Brent Scowcroft Collection, Administrative Files, OA/ID 85037–007, Massie, Suzanne, 1990.","https://catalog.archives.gov/id/366552171","https://catalog.archives.gov/medialz/presidential-libraries/bush/gb-gbs/74785770/41-bpr-scow-admin-85037-007.pdf"
"366551890","1990-01-01","1990-12-31","1990","Folder title year","China 1990 (Sensitive) [1]","91137-001","4708330","Special Separate China Notes Files","Strategic Trade, Technology, and Investment Controls","Boundary review","China; Sensitive channel; Trade and sanctions; Debt and international finance; Economic summits and G-7; Strategic trade and technology; Agriculture","The full OCR and opening withdrawal inventory identify a significant foreign-economic-policy strand, but the principal narrative belongs in a regional, Soviet, China, German-unification, or Persian Gulf volume. Review for cross-reference or a narrowly selected economic-policy document. Special-separate copy sets, meeting-file duplicates, and later retrospective chronologies are not separately promoted. Compare this file with the controlling regional and presidential records before selection.","The official file-unit PDF is online. This collection-wide pass did not establish its served-PDF page count or item boundaries; page totals on withdrawal sheets describe individual entries, not the complete file unit.","verified","George H.W. Bush Presidential Records","Special Separate China Notes Files","China Files","true","0","34575023","34575024","HTTP Content-Length","Restricted - Possibly","140010","0","0","2","0","15","72","14","27","0","9","0","1","0","George H.W. Bush Library, Bush Presidential Records, Brent Scowcroft Collection, Special Separate China Notes Files, China Files, OA/ID 91137–001, China 1990 (Sensitive) [1].","Source: George H.W. Bush Library, Bush Presidential Records, Brent Scowcroft Collection, Special Separate China Notes Files, China Files, OA/ID 91137–001, China 1990 (Sensitive) [1].","https://catalog.archives.gov/id/366551890","https://catalog.archives.gov/medialz/presidential-libraries/bush/gb-gbs/4708330/41-bpr-scow-ssch-china-91137-001.pdf"
"366551891","1990-01-01","1990-12-31","1990","Folder title year","China 1990 (Sensitive) [2]","91137-002","4708330","Special Separate China Notes Files","Series context and cross-volume routing","Series context","","","","verified","George H.W. Bush Presidential Records","Special Separate China Notes Files","China Files","true","0","26211787","26211788","HTTP Content-Length","Restricted - Possibly","110170","0","0","6","0","14","73","16","25","4","3","0","0","0","George H.W. Bush Library, Bush Presidential Records, Brent Scowcroft Collection, Special Separate China Notes Files, China Files, OA/ID 91137–002, China 1990 (Sensitive) [2].","Source: George H.W. Bush Library, Bush Presidential Records, Brent Scowcroft Collection, Special Separate China Notes Files, China Files, OA/ID 91137–002, China 1990 (Sensitive) [2].","https://catalog.archives.gov/id/366551891","https://catalog.archives.gov/medialz/presidential-libraries/bush/gb-gbs/4708330/41-bpr-scow-ssch-china-91137-002.pdf"
"366551892","1990-01-01","1990-12-31","1990","Folder title year","China 1990 (Sensitive) [3]","91137-003","4708330","Special Separate China Notes Files","Series context and cross-volume routing","Series context","","","","verified","George H.W. Bush Presidential Records","Special Separate China Notes Files","China Files","true","0","44202539","44202540","HTTP Content-Length","Restricted - Possibly","161327","0","0","5","0","8","101","17","32","22","24","0","2","2","George H.W. Bush Library, Bush Presidential Records, Brent Scowcroft Collection, Special Separate China Notes Files, China Files, OA/ID 91137–003, China 1990 (Sensitive) [3].","Source: George H.W. Bush Library, Bush Presidential Records, Brent Scowcroft Collection, Special Separate China Notes Files, China Files, OA/ID 91137–003, China 1990 (Sensitive) [3].","https://catalog.archives.gov/id/366551892","https://catalog.archives.gov/medialz/presidential-libraries/bush/gb-gbs/4708330/41-bpr-scow-ssch-china-91137-003.pdf"
"366551893","1990-01-01","1990-12-31","1990","Folder title year","China 1990 (Sensitive) [4]","91137-004","4708330","Special Separate China Notes Files","Series context and cross-volume routing","Series context","","","","verified","George H.W. Bush Presidential Records","Special Separate China Notes Files","China Files","true","0","25344316","25344316","HTTP Content-Length","Restricted - Possibly","100192","0","0","5","0","13","41","4","19","0","7","0","1","0","George H.W. Bush Library, Bush Presidential Records, Brent Scowcroft Collection, Special Separate China Notes Files, China Files, OA/ID 91137–004, China 1990 (Sensitive) [4].","Source: George H.W. Bush Library, Bush Presidential Records, Brent Scowcroft Collection, Special Separate China Notes Files, China Files, OA/ID 91137–004, China 1990 (Sensitive) [4].","https://catalog.archives.gov/id/366551893","https://catalog.archives.gov/medialz/presidential-libraries/bush/gb-gbs/4708330/41-bpr-scow-ssch-china-91137-004.pdf"
"366551894","1990-01-01","1990-12-31","1990","Folder title year","China 1990 (Sensitive) [5]","91137-005","4708330","Special Separate China Notes Files","Series context and cross-volume routing","Series context","","","","verified","George H.W. Bush Presidential Records","Special Separate China Notes Files","China Files","true","0","35139656","35139656","HTTP Content-Length","Restricted - Possibly","149700","0","0","10","0","17","101","23","34","4","5","0","0","0","George H.W. Bush Library, Bush Presidential Records, Brent Scowcroft Collection, Special Separate China Notes Files, China Files, OA/ID 91137–005, China 1990 (Sensitive) [5].","Source: George H.W. Bush Library, Bush Presidential Records, Brent Scowcroft Collection, Special Separate China Notes Files, China Files, OA/ID 91137–005, China 1990 (Sensitive) [5].","https://catalog.archives.gov/id/366551894","https://catalog.archives.gov/medialz/presidential-libraries/bush/gb-gbs/4708330/41-bpr-scow-ssch-china-91137-005.pdf"
"366551895","1990-01-01","1990-12-31","1990","Folder title year","China 1990 (Sensitive) [6]","91137-006","4708330","Special Separate China Notes Files","Series context and cross-volume routing","Series context","","","","verified","George H.W. Bush Presidential Records","Special Separate China Notes Files","China Files","true","0","43854849","43854848","HTTP Content-Length","Restricted - Possibly","161555","0","0","5","0","8","101","17","32","22","24","0","2","2","George H.W. Bush Library, Bush Presidential Records, Brent Scowcroft Collection, Special Separate China Notes Files, China Files, OA/ID 91137–006, China 1990 (Sensitive) [6].","Source: George H.W. Bush Library, Bush Presidential Records, Brent Scowcroft Collection, Special Separate China Notes Files, China Files, OA/ID 91137–006, China 1990 (Sensitive) [6].","https://catalog.archives.gov/id/366551895","https://catalog.archives.gov/medialz/presidential-libraries/bush/gb-gbs/4708330/41-bpr-scow-ssch-china-91137-006.pdf"
"366552014","1990-01-01","1990-12-31","1990","Folder title year","Special Channel (July-December) 1990 [1]","91151-001","4708329","Separate Communication Channel Files","Series context and cross-volume routing","Series context","","","","verified","George H.W. Bush Presidential Records","Special Separate Channel Files","","true","0","27661412","27661412","HTTP Content-Length","Restricted - Possibly","102737","0","0","0","0","20","27","2","15","7","0","0","3","0","George H.W. Bush Library, Bush Presidential Records, Brent Scowcroft Collection, Special Separate Channel Files, OA/ID 91151–001, Special Channel (July—December) 1990 [1].","Source: George H.W. Bush Library, Bush Presidential Records, Brent Scowcroft Collection, Special Separate Channel Files, OA/ID 91151–001, Special Channel (July—December) 1990 [1].","https://catalog.archives.gov/id/366552014","https://catalog.archives.gov/medialz/presidential-libraries/bush/gb-gbs/4708329/41-bpr-scow-ssch-91151-001.pdf"
"366552015","1990-01-01","1990-12-31","1990","Folder title year","Special Channel (July-December) 1990 [2]","91151-002","4708329","Separate Communication Channel Files","Series context and cross-volume routing","Series context","","","","verified","George H.W. Bush Presidential Records","Special Separate Channel Files","","true","0","28006313","28006312","HTTP Content-Length","Restricted - Possibly","106971","0","1","3","0","23","49","12","24","4","4","0","0","0","George H.W. Bush Library, Bush Presidential Records, Brent Scowcroft Collection, Special Separate Channel Files, OA/ID 91151–002, Special Channel (July—December) 1990 [2].","Source: George H.W. Bush Library, Bush Presidential Records, Brent Scowcroft Collection, Special Separate Channel Files, OA/ID 91151–002, Special Channel (July—December) 1990 [2].","https://catalog.archives.gov/id/366552015","https://catalog.archives.gov/medialz/presidential-libraries/bush/gb-gbs/4708329/41-bpr-scow-ssch-91151-002.pdf"
"366552050","1990-01-01","1990-12-31","1990","Folder title year","Memcons/Telcons (January-December) 1990 [1]","91156-001","4708328","Meeting Files","Series context and cross-volume routing","Parallel-copy context","","","","verified","George H.W. Bush Presidential Records","Meetings Files","Memorandum of Conversations/Telephone Conversations Files","true","0","27246440","27246440","HTTP Content-Length","Restricted - Possibly","74457","2","0","6","0","4","47","8","13","13","2","1","5","0","George H.W. Bush Library, Bush Presidential Records, Brent Scowcroft Collection, Meetings Files, Memorandum of Conversations/Telephone Conversations Files, OA/ID 91156–001, Memcons/Telcons (January-December) 1990 [1].","Source: George H.W. Bush Library, Bush Presidential Records, Brent Scowcroft Collection, Meetings Files, Memorandum of Conversations/Telephone Conversations Files, OA/ID 91156–001, Memcons/Telcons (January-December) 1990 [1].","https://catalog.archives.gov/id/366552050","https://catalog.archives.gov/medialz/presidential-libraries/bush/gb-gbs/4708328/41-bpr-scow-mtg-memtel-91156-001.pdf"
"366552051","1990-01-01","1990-12-31","1990","Folder title year","Memcons/Telcons (January-December) 1990 [2]","91156-002","4708328","Meeting Files","Series context and cross-volume routing","Parallel-copy context","","","","verified","George H.W. Bush Presidential Records","Meetings Files","Memorandum of Conversations/Telephone Conversations Files","true","0","29501615","29501616","HTTP Content-Length","Restricted - Possibly","91748","1","1","4","0","2","29","15","6","0","3","0","0","2","George H.W. Bush Library, Bush Presidential Records, Brent Scowcroft Collection, Meetings Files, Memorandum of Conversations/Telephone Conversations Files, OA/ID 91156–002, Memcons/Telcons (January-December) 1990 [2].","Source: George H.W. Bush Library, Bush Presidential Records, Brent Scowcroft Collection, Meetings Files, Memorandum of Conversations/Telephone Conversations Files, OA/ID 91156–002, Memcons/Telcons (January-December) 1990 [2].","https://catalog.archives.gov/id/366552051","https://catalog.archives.gov/medialz/presidential-libraries/bush/gb-gbs/4708328/41-bpr-scow-mtg-memtel-91156-002.pdf"
"366552052","1990-01-01","1990-12-31","1990","Folder title year","Memcons/Telcons (January-December) 1990 [3]","91156-003","4708328","Meeting Files","Series context and cross-volume routing","Parallel-copy context","","","","verified","George H.W. Bush Presidential Records","Meetings Files","Memorandum of Conversations/Telephone Conversations Files","true","0","14580573","14580573","HTTP Content-Length","Restricted - Possibly","72325","0","0","7","0","16","39","15","18","1","2","0","0","1","George H.W. Bush Library, Bush Presidential Records, Brent Scowcroft Collection, Meetings Files, Memorandum of Conversations/Telephone Conversations Files, OA/ID 91156–003, Memcons/Telcons (January-December) 1990 [3].","Source: George H.W. Bush Library, Bush Presidential Records, Brent Scowcroft Collection, Meetings Files, Memorandum of Conversations/Telephone Conversations Files, OA/ID 91156–003, Memcons/Telcons (January-December) 1990 [3].","https://catalog.archives.gov/id/366552052","https://catalog.archives.gov/medialz/presidential-libraries/bush/gb-gbs/4708328/41-bpr-scow-mtg-memtel-91156-003.pdf"
"366552053","1990-01-01","1990-12-31","1990","Folder title year","Memcons/Telcons (January-December) 1990 [4]","91156-004","4708328","Meeting Files","Series context and cross-volume routing","Parallel-copy context","","","","verified","George H.W. Bush Presidential Records","Meetings Files","Memorandum of Conversations/Telephone Conversations Files","true","0","21153114","21153114","HTTP Content-Length","Restricted - Possibly","60842","0","0","4","0","16","26","5","14","2","2","2","0","0","George H.W. Bush Library, Bush Presidential Records, Brent Scowcroft Collection, Meetings Files, Memorandum of Conversations/Telephone Conversations Files, OA/ID 91156–004, Memcons/Telcons (January-December) 1990 [4].","Source: George H.W. Bush Library, Bush Presidential Records, Brent Scowcroft Collection, Meetings Files, Memorandum of Conversations/Telephone Conversations Files, OA/ID 91156–004, Memcons/Telcons (January-December) 1990 [4].","https://catalog.archives.gov/id/366552053","https://catalog.archives.gov/medialz/presidential-libraries/bush/gb-gbs/4708328/41-bpr-scow-mtg-memtel-91156-004.pdf"
"366552054","1990-01-01","1990-12-31","1990","Folder title year","Memcons/Telcons (January-December) 1990 [5]","91156-005","4708328","Meeting Files","Series context and cross-volume routing","Parallel-copy context","","","","verified","George H.W. Bush Presidential Records","Meetings Files","Memorandum of Conversations/Telephone Conversations Files","true","0","17898842","17898842","HTTP Content-Length","Restricted - Possibly","46815","0","1","6","0","4","7","1","3","2","1","0","0","0","George H.W. Bush Library, Bush Presidential Records, Brent Scowcroft Collection, Meetings Files, Memorandum of Conversations/Telephone Conversations Files, OA/ID 91156–005, Memcons/Telcons (January-December) 1990 [5].","Source: George H.W. Bush Library, Bush Presidential Records, Brent Scowcroft Collection, Meetings Files, Memorandum of Conversations/Telephone Conversations Files, OA/ID 91156–005, Memcons/Telcons (January-December) 1990 [5].","https://catalog.archives.gov/id/366552054","https://catalog.archives.gov/medialz/presidential-libraries/bush/gb-gbs/4708328/41-bpr-scow-mtg-memtel-91156-005.pdf"
"366552063","1990-01-01","1990-12-31","1990","Folder title year","Handwritten Notes (of meetings/calls, etc.) 1990","91158-001","4708328","Meeting Files","Series context and cross-volume routing","Series context","","","","verified","George H.W. Bush Presidential Records","Meetings Files","Handwritten Meeting Notes Files","true","0","21933941","21933940","HTTP Content-Length","Restricted - Possibly","78055","0","0","0","0","34","44","5","31","1","1","0","2","0","George H.W. Bush Library, Bush Presidential Records, Brent Scowcroft Collection, Meetings Files, Handwritten Meeting Notes Files, OA/ID 91158–001, Handwritten Notes (of meetings/calls, etc.) 1990.","Source: George H.W. Bush Library, Bush Presidential Records, Brent Scowcroft Collection, Meetings Files, Handwritten Meeting Notes Files, OA/ID 91158–001, Handwritten Notes (of meetings/calls, etc.) 1990.","https://catalog.archives.gov/id/366552063","https://catalog.archives.gov/medialz/presidential-libraries/bush/gb-gbs/4708328/41-bpr-scow-mtg-hwnote-91158-001.pdf"
"366552076","1990-01-01","1990-12-31","1990","Folder title year","NSB's--National Security Briefings (January-December) 1990 [1]","91159-008","4708328","Meeting Files","Series context and cross-volume routing","Series context","","","","verified","George H.W. Bush Presidential Records","Meetings Files","National Security Briefings","true","0","17616134","17616134","HTTP Content-Length","Restricted - Possibly","39205","0","0","0","0","11","21","1","9","4","1","5","1","0","George H.W. Bush Library, Bush Presidential Records, Brent Scowcroft Collection, Meetings Files, National Security Briefings, OA/ID 91159–008, NSB's—National Security Briefings (January—December) 1990 [1].","Source: George H.W. Bush Library, Bush Presidential Records, Brent Scowcroft Collection, Meetings Files, National Security Briefings, OA/ID 91159–008, NSB's—National Security Briefings (January—December) 1990 [1].","https://catalog.archives.gov/id/366552076","https://catalog.archives.gov/medialz/presidential-libraries/bush/gb-gbs/4708328/41-bpr-scow-mtg-nsb-91159-008.pdf"
"366552077","1990-01-01","1990-12-31","1990","Folder title year","NSB's--National Security Briefings (January-December) 1990 [2]","91160-001","4708328","Meeting Files","Series context and cross-volume routing","Series context","","","","verified","George H.W. Bush Presidential Records","Meetings Files","National Security Briefings","true","0","16487601","16487601","HTTP Content-Length","Restricted - Possibly","30596","0","0","0","0","9","11","1","4","2","0","2","0","0","George H.W. Bush Library, Bush Presidential Records, Brent Scowcroft Collection, Meetings Files, National Security Briefings, OA/ID 91160–001, NSB's—National Security Briefings (January—December) 1990 [2].","Source: George H.W. Bush Library, Bush Presidential Records, Brent Scowcroft Collection, Meetings Files, National Security Briefings, OA/ID 91160–001, NSB's—National Security Briefings (January—December) 1990 [2].","https://catalog.archives.gov/id/366552077","https://catalog.archives.gov/medialz/presidential-libraries/bush/gb-gbs/4708328/41-bpr-scow-mtg-nsb-91160-001.pdf"
"366552078","1990-01-01","1990-12-31","1990","Folder title year","NSB's--National Security Briefings (January-December) 1990 [3]","91160-002","4708328","Meeting Files","Series context and cross-volume routing","Series context","","","","verified","George H.W. Bush Presidential Records","Meetings Files","National Security Briefings","true","0","23727388","23727388","HTTP Content-Length","Restricted - Possibly","119859","0","0","0","0","57","50","0","50","0","0","0","0","0","George H.W. Bush Library, Bush Presidential Records, Brent Scowcroft Collection, Meetings Files, National Security Briefings, OA/ID 91160–002, NSB's—National Security Briefings (January—December) 1990 [3].","Source: George H.W. Bush Library, Bush Presidential Records, Brent Scowcroft Collection, Meetings Files, National Security Briefings, OA/ID 91160–002, NSB's—National Security Briefings (January—December) 1990 [3].","https://catalog.archives.gov/id/366552078","https://catalog.archives.gov/medialz/presidential-libraries/bush/gb-gbs/4708328/41-bpr-scow-mtg-nsb-91160-002.pdf"
"366552079","1990-01-01","1990-12-31","1990","Folder title year","NSB's--National Security Briefings (January-December) 1990 [4]","91160-003","4708328","Meeting Files","Series context and cross-volume routing","Series context","","","","verified","George H.W. Bush Presidential Records","Meetings Files","National Security Briefings","true","0","27672195","18015360","HTTP Content-Length","Restricted - Possibly","84863","0","0","0","0","40","35","0","35","0","0","0","0","0","George H.W. Bush Library, Bush Presidential Records, Brent Scowcroft Collection, Meetings Files, National Security Briefings, OA/ID 91160–003, NSB's—National Security Briefings (January—December) 1990 [4].","Source: George H.W. Bush Library, Bush Presidential Records, Brent Scowcroft Collection, Meetings Files, National Security Briefings, OA/ID 91160–003, NSB's—National Security Briefings (January—December) 1990 [4].","https://catalog.archives.gov/id/366552079","https://catalog.archives.gov/medialz/presidential-libraries/bush/gb-gbs/4708328/41-bpr-scow-mtg-nsb-91160-003.pdf"
"366551666","1990-01-11","1990-02-21","January 11, 1990-February 21, 1990","Folder title date range","Presidential Meetings--Memorandum of Conversations 1/11/90-2/21/90","91107-007","4545941","Presidential Correspondence Files","Transition Economies and International Economic Strategy","Volume XXX review","Presidential conversations; Economic-content review; Parallel-copy check; Trade and market access; Debt and international finance; Economic summits and G-7; Transition economies; Strategic trade and technology; Energy; Agriculture","The complete Scowcroft folder contains presidential memoranda of conversation or telephone conversations with substantive economic-policy OCR signals. Review each conversation separately and promote only the passages that bear directly on Volume XXX. Parallel-copy control: match each conversation to the Bush Library Memcons and Telcons index and its canonical NARA item before selection. A Scowcroft folder copy is not a second documentary entry.","The official file-unit PDF is online. This collection-wide pass did not establish its served-PDF page count or item boundaries; page totals on withdrawal sheets describe individual entries, not the complete file unit.","verified","George H.W. Bush Presidential Records","Presidential Correspondence Files","Presidential Memcons Files","true","0","45600920","45600920","HTTP Content-Length","Restricted - Possibly","209349","0","0","32","0","9","261","85","66","55","8","14","11","14","George H.W. Bush Library, Bush Presidential Records, Brent Scowcroft Collection, Presidential Correspondence Files, Presidential Memcons Files, OA/ID 91107–007, Presidential Meetings—Memorandum of Conversations 1/11/90—2/21/90.","Source: George H.W. Bush Library, Bush Presidential Records, Brent Scowcroft Collection, Presidential Correspondence Files, Presidential Memcons Files, OA/ID 91107–007, Presidential Meetings—Memorandum of Conversations 1/11/90—2/21/90.","https://catalog.archives.gov/id/366551666","https://catalog.archives.gov/medialz/presidential-libraries/bush/gb-gbs/4545941/41-bpr-scow-pcor-memcon-91107-007.pdf"
"366552207","1990-02-01","1990-02-28","February 1990","Folder title month","February 1990","85042-003","74785827","Brent Scowcroft Media Articles Files","Series context and cross-volume routing","Reference context","","","","verified","George H.W. Bush Presidential Records","Media Articles Files","","true","0","16693841","1234","HTTP Content-Length","Restricted - Possibly","95589","0","0","0","0","0","41","18","7","15","0","0","1","0","George H.W. Bush Library, Bush Presidential Records, Brent Scowcroft Collection, Media Articles Files, OA/ID 85042–003, February 1990.","Source: George H.W. Bush Library, Bush Presidential Records, Brent Scowcroft Collection, Media Articles Files, OA/ID 85042–003, February 1990.","https://catalog.archives.gov/id/366552207","https://catalog.archives.gov/medialz/presidential-libraries/bush/gb-gbs/74785827/41-bpr-scow-ma-85042-003.pdf"
"366552252","1990-02-01","1990-02-28","February 1990","Folder title month","February 1990","85047-002","74785753","Brent Scowcroft Scheduled Calls Files","Series context and cross-volume routing","Reference context","","","","verified","George H.W. Bush Presidential Records","Scheduled Calls Files","","true","0","12445719","1234","HTTP Content-Length","Restricted - Possibly","60716","0","0","0","0","0","21","0","1","16","0","0","0","4","George H.W. Bush Library, Bush Presidential Records, Brent Scowcroft Collection, Scheduled Calls Files, OA/ID 85047–002, February 1990.","Source: George H.W. Bush Library, Bush Presidential Records, Brent Scowcroft Collection, Scheduled Calls Files, OA/ID 85047–002, February 1990.","https://catalog.archives.gov/id/366552252","https://catalog.archives.gov/medialz/presidential-libraries/bush/gb-gbs/74785753/41-bpr-scow-schcalls-85047-002.pdf"
"366552300","1990-02-01","1990-02-28","February 1990","Folder title month","February 1990","85051-002","74785758","Brent Scowcroft Schedule Files","Series context and cross-volume routing","Reference context","","","","verified","George H.W. Bush Presidential Records","Schedule Files","","true","0","1543487","1234","HTTP Content-Length","Restricted - Possibly","5753","0","0","0","0","3","2","0","2","0","0","0","0","0","George H.W. Bush Library, Bush Presidential Records, Brent Scowcroft Collection, Schedule Files, OA/ID 85051–002, February 1990.","Source: George H.W. Bush Library, Bush Presidential Records, Brent Scowcroft Collection, Schedule Files, OA/ID 85051–002, February 1990.","https://catalog.archives.gov/id/366552300","https://catalog.archives.gov/medialz/presidential-libraries/bush/gb-gbs/74785758/41-bpr-scow-schedule-85051-002.pdf"
"366551933","1990-02-01","1990-02-28","February 1990","Folder title month","Latin America--Drug War (February 1990)","91141-002","4545957","Latin America Files","Series context and cross-volume routing","Series context","","","","verified","George H.W. Bush Presidential Records","Latin American Files","Drug War Chronological Files","true","0","5594575","5594575","HTTP Content-Length","Restricted - Possibly","14540","0","0","0","0","0","17","4","0","10","0","1","0","2","George H.W. Bush Library, Bush Presidential Records, Brent Scowcroft Collection, Latin American Files, Drug War Chronological Files, OA/ID 91141–002, Latin America—Drug War (February 1990).","Source: George H.W. Bush Library, Bush Presidential Records, Brent Scowcroft Collection, Latin American Files, Drug War Chronological Files, OA/ID 91141–002, Latin America—Drug War (February 1990).","https://catalog.archives.gov/id/366551933","https://catalog.archives.gov/medialz/presidential-libraries/bush/gb-gbs/4545957/41-bpr-scow-la-drugchr-91141-002.pdf"
"366551728","1990-02-01","1990-03-31","February-March 1990","Folder title month range","German Unification Files (February-March 1990)","91116-004","4545942","German Reunification Files","Series context and cross-volume routing","Series context","","","","verified","George H.W. Bush Presidential Records","German Unification Files","Chronological Files","true","0","35595607","35595608","HTTP Content-Length","Restricted - Possibly","134278","8","9","2","0","9","67","13","20","8","4","0","1","5","George H.W. Bush Library, Bush Presidential Records, Brent Scowcroft Collection, German Reunification Files, Chronological Files, OA/ID 91116–004, German Unification (February—March 1990).","Source: George H.W. Bush Library, Bush Presidential Records, Brent Scowcroft Collection, German Reunification Files, Chronological Files, OA/ID 91116–004, German Unification (February—March 1990).","https://catalog.archives.gov/id/366551728","https://catalog.archives.gov/medialz/presidential-libraries/bush/gb-gbs/4545942/41-bpr-scow-ger-chron-91116-004.pdf"
"366551808","1990-02-01","1990-03-31","February-March 1990","Folder title month range","Soviet Power Collapse in Eastern Europe (February-March 1990)","91125-004","4708332","USSR Chronological Files","Transition Economies and International Economic Strategy","Boundary review","Eastern Europe; EBRD; Brady Plan; Trade and market access; Debt and international finance; Transition economies; Strategic trade and technology","The full OCR and opening withdrawal inventory identify a significant foreign-economic-policy strand, but the principal narrative belongs in a regional, Soviet, China, German-unification, or Persian Gulf volume. Review for cross-reference or a narrowly selected economic-policy document. Special-separate copy sets, meeting-file duplicates, and later retrospective chronologies are not separately promoted. Compare this file with the controlling regional and presidential records before selection.","The official file-unit PDF is online. This collection-wide pass did not establish its served-PDF page count or item boundaries; page totals on withdrawal sheets describe individual entries, not the complete file unit.","verified","George H.W. Bush Presidential Records","USSR Chronological Files","Soviet Power Collapse in Eastern Europe Files","true","0","14669222","14669222","HTTP Content-Length","Restricted - Possibly","60828","4","2","0","0","2","68","33","17","1","3","0","0","2","George H.W. Bush Library, Bush Presidential Records, Brent Scowcroft Collection, USSR Chronological Files, Soviet Power Collapse in Eastern Europe Files, OA/ID 91125–004, Soviet Power Collapse in Eastern Europe (February—March 1990).","Source: George H.W. Bush Library, Bush Presidential Records, Brent Scowcroft Collection, USSR Chronological Files, Soviet Power Collapse in Eastern Europe Files, OA/ID 91125–004, Soviet Power Collapse in Eastern Europe (February—March 1990).","https://catalog.archives.gov/id/366551808","https://catalog.archives.gov/medialz/presidential-libraries/bush/gb-gbs/4708332/41-bpr-scow-ussrch-svp-91125-004.pdf"
"366551926","1990-02-01","1990-03-31","February-March 1990","Folder title month range","Latin America--Panama (February-March 1990)","91140-004","4545957","Latin America Files","Series context and cross-volume routing","Series context","","","","verified","George H.W. Bush Presidential Records","Latin American Files","Panama Chronological Files","true","0","7947801","7947801","HTTP Content-Length","Restricted - Possibly","26392","0","2","2","0","2","49","21","1","9","15","0","2","1","George H.W. Bush Library, Bush Presidential Records, Brent Scowcroft Collection, Latin American Files, Panama Chronological Files, OA/ID 91140–004, Latin America—Panama (February—March 1990).","Source: George H.W. Bush Library, Bush Presidential Records, Brent Scowcroft Collection, Latin American Files, Panama Chronological Files, OA/ID 91140–004, Latin America—Panama (February—March 1990).","https://catalog.archives.gov/id/366551926","https://catalog.archives.gov/medialz/presidential-libraries/bush/gb-gbs/4545957/41-bpr-scow-la-panama-91140-004.pdf"
"366551747","1990-02-01","1990-04-30","February-April 1990","Folder title month range","USSR Collapse: U.S.--Soviet Relations Thru 1991 (February-April 1990)","91118-001","4545954","USSR Collapse Files","Transition Economies and International Economic Strategy","Boundary review","Soviet reform; EBRD; Economic assistance; Trade and market access; Debt and international finance; Economic summits and G-7; Transition economies; Agriculture","The full OCR and opening withdrawal inventory identify a significant foreign-economic-policy strand, but the principal narrative belongs in a regional, Soviet, China, German-unification, or Persian Gulf volume. Review for cross-reference or a narrowly selected economic-policy document. Special-separate copy sets, meeting-file duplicates, and later retrospective chronologies are not separately promoted. Compare this file with the controlling regional and presidential records before selection.","The official file-unit PDF is online. This collection-wide pass did not establish its served-PDF page count or item boundaries; page totals on withdrawal sheets describe individual entries, not the complete file unit.","verified","George H.W. Bush Presidential Records","USSR Collapse Files","U.S. - Soviet Relations Chronological Files","true","0","19156060","19156060","HTTP Content-Length","Restricted - Possibly","75251","7","7","0","0","2","131","36","20","52","4","0","8","1","George H.W. Bush Library, Bush Presidential Records, Brent Scowcroft Collection, USSR Collapse Files, U.S. - Soviet Relations Chronological Files, OA/ID 91118–001, USSR Collapse: U.S—Soviet Relations Thru 1991 (February—April 1990).","Source: George H.W. Bush Library, Bush Presidential Records, Brent Scowcroft Collection, USSR Collapse Files, U.S. - Soviet Relations Chronological Files, OA/ID 91118–001, USSR Collapse: U.S—Soviet Relations Thru 1991 (February—April 1990).","https://catalog.archives.gov/id/366551747","https://catalog.archives.gov/medialz/presidential-libraries/bush/gb-gbs/4545954/41-bpr-scow-ussrco-ussrl-91118-001.pdf"
"366551768","1990-02-01","1990-05-31","February-May 1990","Folder title month range","Soviet Power Collapse in Eastern Europe--SNF [Short-range Nuclear Forces] February-May 1990","91120-007","4708332","USSR Chronological Files","Series context and cross-volume routing","Series context","","","","verified","George H.W. Bush Presidential Records","USSR Chronological Files","SNF [Short-range Nuclear Forces] Files","true","0","15517958","15517958","HTTP Content-Length","Restricted - Possibly","59553","0","4","0","0","1","17","6","0","3","5","1","0","0","George H.W. Bush Library, Bush Presidential Records, Brent Scowcroft Collection, USSR Chronological Files, SNF [Short-range Nuclear Forces] Files, OA/ID 91120–007, Soviet Power Collapse in Eastern Europe—SNF [Short-range Nuclear Forces]—February—May 1990.","Source: George H.W. Bush Library, Bush Presidential Records, Brent Scowcroft Collection, USSR Chronological Files, SNF [Short-range Nuclear Forces] Files, OA/ID 91120–007, Soviet Power Collapse in Eastern Europe—SNF [Short-range Nuclear Forces]—February—May 1990.","https://catalog.archives.gov/id/366551768","https://catalog.archives.gov/medialz/presidential-libraries/bush/gb-gbs/4708332/41-bpr-scow-ussrch-snf-91120-007.pdf"
"366551809","1990-02-01","1990-05-31","February-May 1990","Folder title month range","Soviet Power Collapse in Eastern Europe (February-May 1990)","91125-005","4708332","USSR Chronological Files","Transition Economies and International Economic Strategy","Boundary review","Eastern Europe; Economic reform; International institutions; Trade and market access; Debt and international finance; Economic summits and G-7; Transition economies; Strategic trade and technology; Energy; Agriculture","The full OCR and opening withdrawal inventory identify a significant foreign-economic-policy strand, but the principal narrative belongs in a regional, Soviet, China, German-unification, or Persian Gulf volume. Review for cross-reference or a narrowly selected economic-policy document. Special-separate copy sets, meeting-file duplicates, and later retrospective chronologies are not separately promoted. Compare this file with the controlling regional and presidential records before selection.","The official file-unit PDF is online. This collection-wide pass did not establish its served-PDF page count or item boundaries; page totals on withdrawal sheets describe individual entries, not the complete file unit.","verified","George H.W. Bush Presidential Records","USSR Chronological Files","Soviet Power Collapse in Eastern Europe Files","true","0","33283647","33283648","HTTP Content-Length","Restricted - Possibly","125217","11","8","0","0","4","239","58","35","81","11","5","29","12","George H.W. Bush Library, Bush Presidential Records, Brent Scowcroft Collection, USSR Chronological Files, Soviet Power Collapse in Eastern Europe Files, OA/ID 91125–005, Soviet Power Collapse in Eastern Europe (February—May 1990).","Source: George H.W. Bush Library, Bush Presidential Records, Brent Scowcroft Collection, USSR Chronological Files, Soviet Power Collapse in Eastern Europe Files, OA/ID 91125–005, Soviet Power Collapse in Eastern Europe (February—May 1990).","https://catalog.archives.gov/id/366551809","https://catalog.archives.gov/medialz/presidential-libraries/bush/gb-gbs/4708332/41-bpr-scow-ussrch-svp-91125-005.pdf"
"366551940","1990-02-01","1990-05-31","February-May 1990","Folder title month range","Middle East Peace (February-May 1990)","91142-004","4545976","Middle East Peace Process Files","Series context and cross-volume routing","Series context","","","","verified","George H.W. Bush Presidential Records","Middle East Peace Process Files","Chronological Files","true","0","18535318","18535318","HTTP Content-Length","Restricted - Possibly","73234","1","3","5","0","17","21","6","13","1","0","1","0","0","George H.W. Bush Library, Bush Presidential Records, Brent Scowcroft Collection, Middle East Peace Process Files, Chronological Files, OA/ID 91142–004, Middle East Peace (February—May 1990).","Source: George H.W. Bush Library, Bush Presidential Records, Brent Scowcroft Collection, Middle East Peace Process Files, Chronological Files, OA/ID 91142–004, Middle East Peace (February—May 1990).","https://catalog.archives.gov/id/366551940","https://catalog.archives.gov/medialz/presidential-libraries/bush/gb-gbs/4545976/41-bpr-scow-mepp-chr-91142-004.pdf"
"366551667","1990-02-22","1990-04-11","February 22, 1990-April 11, 1990","Folder title date range","Presidential Meetings--Memorandum of Conversations 2/22/90-4/11/90","91107-008","4545941","Presidential Correspondence Files","Monetary Policy, Debt, and International Institutions","Volume XXX review","Presidential conversations; Economic-content review; Parallel-copy check; Trade and market access; Debt and international finance; Economic summits and G-7; Transition economies; Strategic trade and technology; Energy; Agriculture","The complete Scowcroft folder contains presidential memoranda of conversation or telephone conversations with substantive economic-policy OCR signals. Review each conversation separately and promote only the passages that bear directly on Volume XXX. Parallel-copy control: match each conversation to the Bush Library Memcons and Telcons index and its canonical NARA item before selection. A Scowcroft folder copy is not a second documentary entry.","The official file-unit PDF is online. This collection-wide pass did not establish its served-PDF page count or item boundaries; page totals on withdrawal sheets describe individual entries, not the complete file unit.","verified","George H.W. Bush Presidential Records","Presidential Correspondence Files","Presidential Memcons Files","true","0","49343346","49343344","HTTP Content-Length","Restricted - Possibly","226576","0","0","26","0","6","135","40","35","16","11","6","4","10","George H.W. Bush Library, Bush Presidential Records, Brent Scowcroft Collection, Presidential Correspondence Files, Presidential Memcons Files, OA/ID 91107–008, Presidential Meetings—Memorandum of Conversations 2/22/90—4/11/90.","Source: George H.W. Bush Library, Bush Presidential Records, Brent Scowcroft Collection, Presidential Correspondence Files, Presidential Memcons Files, OA/ID 91107–008, Presidential Meetings—Memorandum of Conversations 2/22/90—4/11/90.","https://catalog.archives.gov/id/366551667","https://catalog.archives.gov/medialz/presidential-libraries/bush/gb-gbs/4545941/41-bpr-scow-pcor-memcon-91107-008.pdf"
"366552208","1990-03-01","1990-03-31","March 1990","Folder title month","March 1990","85042-004","74785827","Brent Scowcroft Media Articles Files","Series context and cross-volume routing","Reference context","","","","verified","George H.W. Bush Presidential Records","Media Articles Files","","true","0","10462358","1234","HTTP Content-Length","Restricted - Possibly","122666","0","0","0","0","0","76","11","3","23","5","14","8","10","George H.W. Bush Library, Bush Presidential Records, Brent Scowcroft Collection, Media Articles Files, OA/ID 85042–004, March 1990.","Source: George H.W. Bush Library, Bush Presidential Records, Brent Scowcroft Collection, Media Articles Files, OA/ID 85042–004, March 1990.","https://catalog.archives.gov/id/366552208","https://catalog.archives.gov/medialz/presidential-libraries/bush/gb-gbs/74785827/41-bpr-scow-ma-85042-004.pdf"
"366552253","1990-03-01","1990-03-31","March 1990","Folder title month","March 1990","85047-003","74785753","Brent Scowcroft Scheduled Calls Files","Series context and cross-volume routing","Reference context","","","","verified","George H.W. Bush Presidential Records","Scheduled Calls Files","","true","0","18963453","1234","HTTP Content-Length","Restricted - Possibly","94727","0","0","0","0","0","33","0","4","26","0","0","0","2","George H.W. Bush Library, Bush Presidential Records, Brent Scowcroft Collection, Scheduled Calls Files, OA/ID 85047–003, March 1990.","Source: George H.W. Bush Library, Bush Presidential Records, Brent Scowcroft Collection, Scheduled Calls Files, OA/ID 85047–003, March 1990.","https://catalog.archives.gov/id/366552253","https://catalog.archives.gov/medialz/presidential-libraries/bush/gb-gbs/74785753/41-bpr-scow-schcalls-85047-003.pdf"
"366552301","1990-03-01","1990-03-31","March 1990","Folder title month","March 1990","85051-003","74785758","Brent Scowcroft Schedule Files","Series context and cross-volume routing","Reference context","","","","verified","George H.W. Bush Presidential Records","Schedule Files","","true","0","3727103","1234","HTTP Content-Length","Restricted - Possibly","15933","0","0","0","0","6","6","0","5","0","0","0","0","1","George H.W. Bush Library, Bush Presidential Records, Brent Scowcroft Collection, Schedule Files, OA/ID 85051–003, March 1990.","Source: George H.W. Bush Library, Bush Presidential Records, Brent Scowcroft Collection, Schedule Files, OA/ID 85051–003, March 1990.","https://catalog.archives.gov/id/366552301","https://catalog.archives.gov/medialz/presidential-libraries/bush/gb-gbs/74785758/41-bpr-scow-schedule-85051-003.pdf"
"366551790","1990-03-01","1990-03-31","March 1990","Folder title month","Soviet Power Collapse in Eastern Europe--Strategic Arms Control (March 1990)","91122-004","4708332","USSR Chronological Files","Series context and cross-volume routing","Series context","","","","verified","George H.W. Bush Presidential Records","USSR Chronological Files","START [Strategic Arms Reduction Treaty] Files","true","0","1265812","1265812","HTTP Content-Length","Restricted - Possibly","4185","0","0","0","0","2","1","0","1","0","0","0","0","0","George H.W. Bush Library, Bush Presidential Records, Brent Scowcroft Collection, USSR Chronological Files, START [Strategic Arms Reduction Treaty] Files, OA/ID 91122–004, Soviet Power Collapse in Eastern Europe—Strategic Arms Control (March 1990).","Source: George H.W. Bush Library, Bush Presidential Records, Brent Scowcroft Collection, USSR Chronological Files, START [Strategic Arms Reduction Treaty] Files, OA/ID 91122–004, Soviet Power Collapse in Eastern Europe—Strategic Arms Control (March 1990).","https://catalog.archives.gov/id/366551790","https://catalog.archives.gov/medialz/presidential-libraries/bush/gb-gbs/4708332/41-bpr-scow-ussrch-start-91122-004.pdf"
"366551902","1990-03-01","1990-03-31","March 1990","Folder title month","Latin America--Central America (March 1990)","91138-006","4545957","Latin America Files","Series context and cross-volume routing","Series context","","","","verified","George H.W. Bush Presidential Records","Latin American Files","Central American Chronological Files","true","0","13516145","13516145","HTTP Content-Length","Restricted - Possibly","57296","3","3","0","0","12","17","5","10","0","1","0","1","0","George H.W. Bush Library, Bush Presidential Records, Brent Scowcroft Collection, Latin American Files, Central American Chronological Files, OA/ID 91138–006, Latin America—Central America (March 1990).","Source: George H.W. Bush Library, Bush Presidential Records, Brent Scowcroft Collection, Latin American Files, Central American Chronological Files, OA/ID 91138–006, Latin America—Central America (March 1990).","https://catalog.archives.gov/id/366551902","https://catalog.archives.gov/medialz/presidential-libraries/bush/gb-gbs/4545957/41-bpr-scow-la-cachr-91138-006.pdf"
"366551914","1990-03-01","1990-03-31","March 1990","Folder title month","Latin America--Economics (March 1990)","91139-005","4545957","Latin America Files","Trade Policy and Market Access","Volume XXX review","Latin America; Economic policy; Debt and trade; Trade and market access; Debt and international finance","This file belongs to the complete 13-folder Economic Chronological Files subseries. Screen its decision memoranda, presidential meeting materials, debt papers, trade papers, and follow-up actions individually for Volume XXX and route country-policy material to the appropriate regional volume. Country meeting packets and presidential conversations may duplicate the Presidential Correspondence Files or regional NSC staff files; compare dates, subjects, and document text before promotion.","The official file-unit PDF is online. This collection-wide pass did not establish its served-PDF page count or item boundaries; page totals on withdrawal sheets describe individual entries, not the complete file unit.","verified","George H.W. Bush Presidential Records","Latin American Files","Economic Chronological Files","true","0","5401534","5401534","HTTP Content-Length","Restricted - Possibly","19832","4","2","0","0","2","54","21","6","24","0","0","0","3","George H.W. Bush Library, Bush Presidential Records, Brent Scowcroft Collection, Latin American Files, Economic Chronological Files, OA/ID 91139–005, Latin America—Economics (March 1990).","Source: George H.W. Bush Library, Bush Presidential Records, Brent Scowcroft Collection, Latin American Files, Economic Chronological Files, OA/ID 91139–005, Latin America—Economics (March 1990).","https://catalog.archives.gov/id/366551914","https://catalog.archives.gov/medialz/presidential-libraries/bush/gb-gbs/4545957/41-bpr-scow-la-econchr-91139-005.pdf"
"366551941","1990-03-01","1990-03-31","March 1990","Folder title month","Middle East Peace (March 1990)","91142-005","4545976","Middle East Peace Process Files","Series context and cross-volume routing","Series context","","","","verified","George H.W. Bush Presidential Records","Middle East Peace Process Files","Chronological Files","true","0","8828830","8828830","HTTP Content-Length","Restricted - Possibly","32990","5","2","0","0","2","2","1","1","0","0","0","0","0","George H.W. Bush Library, Bush Presidential Records, Brent Scowcroft Collection, Middle East Peace Process Files, Chronological Files, OA/ID 91142–005, Middle East Peace (March 1990).","Source: George H.W. Bush Library, Bush Presidential Records, Brent Scowcroft Collection, Middle East Peace Process Files, Chronological Files, OA/ID 91142–005, Middle East Peace (March 1990).","https://catalog.archives.gov/id/366551941","https://catalog.archives.gov/medialz/presidential-libraries/bush/gb-gbs/4545976/41-bpr-scow-mepp-chr-91142-005.pdf"
"366551947","1990-03-01","1990-03-31","March 1990","Folder title month","Desert Shield/Desert Storm (March 1990)","91143-001","4708319","Desert Shield and Desert Storm Files","Series context and cross-volume routing","Series context","","","","verified","George H.W. Bush Presidential Records","Desert Shield/Desert Storm Files","Chronological Files","true","0","2296634","2296634","HTTP Content-Length","Restricted - Possibly","7402","3","1","0","0","2","1","0","1","0","0","0","0","0","George H.W. Bush Library, Bush Presidential Records, Brent Scowcroft Collection, Desert Shield and Desert Storm Files, Chronological Files, OA/ID 91143–001, Desert Shield/Desert Storm (March 1990).","Source: George H.W. Bush Library, Bush Presidential Records, Brent Scowcroft Collection, Desert Shield and Desert Storm Files, Chronological Files, OA/ID 91143–001, Desert Shield/Desert Storm (March 1990).","https://catalog.archives.gov/id/366551947","https://catalog.archives.gov/medialz/presidential-libraries/bush/gb-gbs/4708319/41-bpr-scow-dsds-chr-91143-001.pdf"
"366551999","1990-03-01","1990-03-31","March 1990","Folder title month","Other (March 1990)","91148-010","4708326","Chronological Files","Transition Economies and International Economic Strategy","Volume XXX review","Nicholas Brady; EBRD; IEPR; Trade and market access; Debt and international finance; Economic summits and G-7; Transition economies; Energy","The folder inventory identifies Scowcroft's meeting with Treasury Secretary Brady, a Deal memorandum on the EBRD, and the March 29 international-economic breakfast paper.","The official file-unit PDF is online. This collection-wide pass did not establish its served-PDF page count or item boundaries; page totals on withdrawal sheets describe individual entries, not the complete file unit.","verified","George H.W. Bush Presidential Records","Chronological Files","","true","0","5195469","5195469","HTTP Content-Length","Restricted - Possibly","20423","1","3","0","0","1","92","9","38","10","1","1","0","21","George H.W. Bush Library, Bush Presidential Records, Brent Scowcroft Collection, Chronological Files, OA/ID 91148–010, Other (March 1990).","Source: George H.W. Bush Library, Bush Presidential Records, Brent Scowcroft Collection, Chronological Files, OA/ID 91148–010, Other (March 1990).","https://catalog.archives.gov/id/366551999","https://catalog.archives.gov/medialz/presidential-libraries/bush/gb-gbs/4708326/41-bpr-scow-chron-91148-010.pdf"
"366551729","1990-03-01","1990-04-30","March-April 1990","Folder title month range","German Unification Files (March-April 1990)","91116-005","4545942","German Reunification Files","Transition Economies and International Economic Strategy","Boundary review","German unification; Transition economy; Cross-volume routing; Trade and market access; Debt and international finance; Economic summits and G-7; Transition economies; Strategic trade and technology","The full OCR and opening withdrawal inventory identify a significant foreign-economic-policy strand, but the principal narrative belongs in a regional, Soviet, China, German-unification, or Persian Gulf volume. Review for cross-reference or a narrowly selected economic-policy document. Special-separate copy sets, meeting-file duplicates, and later retrospective chronologies are not separately promoted. Compare this file with the controlling regional and presidential records before selection.","The official file-unit PDF is online. This collection-wide pass did not establish its served-PDF page count or item boundaries; page totals on withdrawal sheets describe individual entries, not the complete file unit.","verified","George H.W. Bush Presidential Records","German Unification Files","Chronological Files","true","0","48966660","48966660","HTTP Content-Length","Restricted - Possibly","203270","13","6","10","0","13","181","70","55","25","8","0","0","9","George H.W. Bush Library, Bush Presidential Records, Brent Scowcroft Collection, German Reunification Files, Chronological Files, OA/ID 91116–005, German Unification (March—April 1990).","Source: George H.W. Bush Library, Bush Presidential Records, Brent Scowcroft Collection, German Reunification Files, Chronological Files, OA/ID 91116–005, German Unification (March—April 1990).","https://catalog.archives.gov/id/366551729","https://catalog.archives.gov/medialz/presidential-libraries/bush/gb-gbs/4545942/41-bpr-scow-ger-chron-91116-005.pdf"
"366551691","1990-03-15","1990-06-22","March 15, 1990-June 22, 1990","Folder title date range","Presidential Telephone Calls--Memorandum of Conversations 3/15/90-6/22/90","91111-006","4545941","Presidential Correspondence Files","Trade Policy and Market Access","Volume XXX review","Presidential telephone conversations; Economic-content review; Parallel-copy check; Trade and market access; Debt and international finance; Economic summits and G-7; Transition economies; Energy; Agriculture","The complete Scowcroft folder contains presidential memoranda of conversation or telephone conversations with substantive economic-policy OCR signals. Review each conversation separately and promote only the passages that bear directly on Volume XXX. Parallel-copy control: match each conversation to the Bush Library Memcons and Telcons index and its canonical NARA item before selection. A Scowcroft folder copy is not a second documentary entry.","The official file-unit PDF is online. This collection-wide pass did not establish its served-PDF page count or item boundaries; page totals on withdrawal sheets describe individual entries, not the complete file unit.","verified","George H.W. Bush Presidential Records","Presidential Correspondence Files","Presidential Telcon Files","true","0","38225655","38225656","HTTP Content-Length","Restricted - Possibly","159236","0","1","46","0","4","74","33","7","15","6","1","1","3","George H.W. Bush Library, Bush Presidential Records, Brent Scowcroft Collection, Presidential Correspondence Files, Presidential Telcon Files, OA/ID 91111–006, Presidential Telephone Calls—Memorandum of Conversations 3/15/90—6/22/90.","Source: George H.W. Bush Library, Bush Presidential Records, Brent Scowcroft Collection, Presidential Correspondence Files, Presidential Telcon Files, OA/ID 91111–006, Presidential Telephone Calls—Memorandum of Conversations 3/15/90—6/22/90.","https://catalog.archives.gov/id/366551691","https://catalog.archives.gov/medialz/presidential-libraries/bush/gb-gbs/4545941/41-bpr-scow-pcor-telcon-91111-006.pdf"
"366552209","1990-04-01","1990-04-30","April 1990","Folder title month","April 1990","85042-005","74785827","Brent Scowcroft Media Articles Files","Series context and cross-volume routing","Reference context","","","","verified","George H.W. Bush Presidential Records","Media Articles Files","","true","0","5352723","1234","HTTP Content-Length","Restricted - Possibly","26215","0","0","0","0","0","2","1","0","1","0","0","0","0","George H.W. Bush Library, Bush Presidential Records, Brent Scowcroft Collection, Media Articles Files, OA/ID 85042–005, April 1990.","Source: George H.W. Bush Library, Bush Presidential Records, Brent Scowcroft Collection, Media Articles Files, OA/ID 85042–005, April 1990.","https://catalog.archives.gov/id/366552209","https://catalog.archives.gov/medialz/presidential-libraries/bush/gb-gbs/74785827/41-bpr-scow-ma-85042-005.pdf"
"366552254","1990-04-01","1990-04-30","April 1990","Folder title month","April 1990","85047-004","74785753","Brent Scowcroft Scheduled Calls Files","Series context and cross-volume routing","Reference context","","","","verified","George H.W. Bush Presidential Records","Scheduled Calls Files","","true","0","11501884","1234","HTTP Content-Length","Restricted - Possibly","55108","0","0","0","0","3","22","0","6","14","0","0","0","2","George H.W. Bush Library, Bush Presidential Records, Brent Scowcroft Collection, Scheduled Calls Files, OA/ID 85047–004, April 1990.","Source: George H.W. Bush Library, Bush Presidential Records, Brent Scowcroft Collection, Scheduled Calls Files, OA/ID 85047–004, April 1990.","https://catalog.archives.gov/id/366552254","https://catalog.archives.gov/medialz/presidential-libraries/bush/gb-gbs/74785753/41-bpr-scow-schcalls-85047-004.pdf"
"366552302","1990-04-01","1990-04-30","April 1990","Folder title month","April 1990","85051-004","74785758","Brent Scowcroft Schedule Files","Series context and cross-volume routing","Reference context","","","","verified","George H.W. Bush Presidential Records","Schedule Files","","true","0","2666214","1234","HTTP Content-Length","Restricted - Possibly","10647","0","0","0","0","4","3","0","3","0","0","0","0","0","George H.W. Bush Library, Bush Presidential Records, Brent Scowcroft Collection, Schedule Files, OA/ID 85051–004, April 1990.","Source: George H.W. Bush Library, Bush Presidential Records, Brent Scowcroft Collection, Schedule Files, OA/ID 85051–004, April 1990.","https://catalog.archives.gov/id/366552302","https://catalog.archives.gov/medialz/presidential-libraries/bush/gb-gbs/74785758/41-bpr-scow-schedule-85051-004.pdf"
"366551948","1990-04-01","1990-04-30","April 1990","Folder title month","Desert Shield/Desert Storm (April 1990)","91143-002","4708319","Desert Shield and Desert Storm Files","Series context and cross-volume routing","Series context","","","","verified","George H.W. Bush Presidential Records","Desert Shield/Desert Storm Files","Chronological Files","true","0","12547638","12547638","HTTP Content-Length","Restricted - Possibly","54238","4","7","0","0","3","120","7","4","19","7","74","7","0","George H.W. Bush Library, Bush Presidential Records, Brent Scowcroft Collection, Desert Shield and Desert Storm Files, Chronological Files, OA/ID 91143–002, Desert Shield/Desert Storm (April 1990).","Source: George H.W. Bush Library, Bush Presidential Records, Brent Scowcroft Collection, Desert Shield and Desert Storm Files, Chronological Files, OA/ID 91143–002, Desert Shield/Desert Storm (April 1990).","https://catalog.archives.gov/id/366551948","https://catalog.archives.gov/medialz/presidential-libraries/bush/gb-gbs/4708319/41-bpr-scow-dsds-chr-91143-002.pdf"
"366551730","1990-04-01","1990-05-31","April-May 1990","Folder title month range","German Unification Files (April-May 1990)","91116-006","4545942","German Reunification Files","Series context and cross-volume routing","Series context","","","","verified","George H.W. Bush Presidential Records","German Unification Files","Chronological Files","true","0","12858591","12858591","HTTP Content-Length","Restricted - Possibly","52827","13","3","0","0","3","19","14","1","0","2","0","0","0","George H.W. Bush Library, Bush Presidential Records, Brent Scowcroft Collection, German Reunification Files, Chronological Files, OA/ID 91116–006, German Unification (April—May 1990).","Source: George H.W. Bush Library, Bush Presidential Records, Brent Scowcroft Collection, German Reunification Files, Chronological Files, OA/ID 91116–006, German Unification (April—May 1990).","https://catalog.archives.gov/id/366551730","https://catalog.archives.gov/medialz/presidential-libraries/bush/gb-gbs/4545942/41-bpr-scow-ger-chron-91116-006.pdf"
"366551748","1990-04-01","1990-05-31","April-May 1990","Folder title month range","USSR Collapse: U.S.--Soviet Relations Thru 1991 (April-May 1990) [1]","91118-002","4545954","USSR Collapse Files","Series context and cross-volume routing","Series context","","","","verified","George H.W. Bush Presidential Records","USSR Collapse Files","U.S. - Soviet Relations Chronological Files","true","0","22478756","22478756","HTTP Content-Length","Restricted - Possibly","78658","8","7","0","0","4","65","31","2","13","11","6","0","0","George H.W. Bush Library, Bush Presidential Records, Brent Scowcroft Collection, USSR Collapse Files, U.S. - Soviet Relations Chronological Files, OA/ID 91118–002, USSR Collapse: U.S—Soviet Relations Thru 1991 (April—May 1990) [1].","Source: George H.W. Bush Library, Bush Presidential Records, Brent Scowcroft Collection, USSR Collapse Files, U.S. - Soviet Relations Chronological Files, OA/ID 91118–002, USSR Collapse: U.S—Soviet Relations Thru 1991 (April—May 1990) [1].","https://catalog.archives.gov/id/366551748","https://catalog.archives.gov/medialz/presidential-libraries/bush/gb-gbs/4545954/41-bpr-scow-ussrco-ussrl-91118-002.pdf"
"366551749","1990-04-01","1990-05-31","April-May 1990","Folder title month range","USSR Collapse: U.S.--Soviet Relations Thru 1991 (April-May 1990) [2]","91118-003","4545954","USSR Collapse Files","Series context and cross-volume routing","Series context","","","","verified","George H.W. Bush Presidential Records","USSR Collapse Files","U.S. - Soviet Relations Chronological Files","true","0","27280706","27280706","HTTP Content-Length","Restricted - Possibly","96153","4","8","0","0","4","92","27","11","24","19","4","3","2","George H.W. Bush Library, Bush Presidential Records, Brent Scowcroft Collection, USSR Collapse Files, U.S. - Soviet Relations Chronological Files, OA/ID 91118–003, USSR Collapse: U.S—Soviet Relations Thru 1991 (April—May 1990) [2].","Source: George H.W. Bush Library, Bush Presidential Records, Brent Scowcroft Collection, USSR Collapse Files, U.S. - Soviet Relations Chronological Files, OA/ID 91118–003, USSR Collapse: U.S—Soviet Relations Thru 1991 (April—May 1990) [2].","https://catalog.archives.gov/id/366551749","https://catalog.archives.gov/medialz/presidential-libraries/bush/gb-gbs/4545954/41-bpr-scow-ussrco-ussrl-91118-003.pdf"
"366551668","1990-04-13","1990-05-17","April 13, 1990-May 17, 1990","Folder title date range","Presidential Meetings--Memorandum of Conversations 4/13/90-5/17/90","91107-009","4545941","Presidential Correspondence Files","Trade Policy and Market Access","Volume XXX review","Presidential conversations; Economic-content review; Parallel-copy check; Trade and market access; Debt and international finance; Economic summits and G-7; Transition economies; Energy; Agriculture","The complete Scowcroft folder contains presidential memoranda of conversation or telephone conversations with substantive economic-policy OCR signals. Review each conversation separately and promote only the passages that bear directly on Volume XXX. Parallel-copy control: match each conversation to the Bush Library Memcons and Telcons index and its canonical NARA item before selection. A Scowcroft folder copy is not a second documentary entry.","The official file-unit PDF is online. This collection-wide pass did not establish its served-PDF page count or item boundaries; page totals on withdrawal sheets describe individual entries, not the complete file unit.","verified","George H.W. Bush Presidential Records","Presidential Correspondence Files","Presidential Memcons Files","true","0","45521999","45522000","HTTP Content-Length","Restricted - Possibly","207072","0","0","32","0","5","235","64","44","57","12","12","11","28","George H.W. Bush Library, Bush Presidential Records, Brent Scowcroft Collection, Presidential Correspondence Files, Presidential Memcons Files, OA/ID 91107–009, Presidential Meetings—Memorandum of Conversations 4/13/90—5/17/90.","Source: George H.W. Bush Library, Bush Presidential Records, Brent Scowcroft Collection, Presidential Correspondence Files, Presidential Memcons Files, OA/ID 91107–009, Presidential Meetings—Memorandum of Conversations 4/13/90—5/17/90.","https://catalog.archives.gov/id/366551668","https://catalog.archives.gov/medialz/presidential-libraries/bush/gb-gbs/4545941/41-bpr-scow-pcor-memcon-91107-009.pdf"
"366552210","1990-05-01","1990-05-31","May 1990","Folder title month","May 1990","85042-006","74785827","Brent Scowcroft Media Articles Files","Series context and cross-volume routing","Reference context","","","","verified","George H.W. Bush Presidential Records","Media Articles Files","","true","0","33926762","1234","HTTP Content-Length","Restricted - Possibly","365635","0","0","0","0","0","134","53","10","19","11","8","0","31","George H.W. Bush Library, Bush Presidential Records, Brent Scowcroft Collection, Media Articles Files, OA/ID 85042–006, May 1990.","Source: George H.W. Bush Library, Bush Presidential Records, Brent Scowcroft Collection, Media Articles Files, OA/ID 85042–006, May 1990.","https://catalog.archives.gov/id/366552210","https://catalog.archives.gov/medialz/presidential-libraries/bush/gb-gbs/74785827/41-bpr-scow-ma-85042-006.pdf"
"366552255","1990-05-01","1990-05-31","May 1990","Folder title month","May 1990","85047-005","74785753","Brent Scowcroft Scheduled Calls Files","Series context and cross-volume routing","Reference context","","","","verified","George H.W. Bush Presidential Records","Scheduled Calls Files","","true","0","9188037","1234","HTTP Content-Length","Restricted - Possibly","42817","0","0","0","0","2","21","0","1","13","0","0","0","7","George H.W. Bush Library, Bush Presidential Records, Brent Scowcroft Collection, Scheduled Calls Files, OA/ID 85047–005, May 1990.","Source: George H.W. Bush Library, Bush Presidential Records, Brent Scowcroft Collection, Scheduled Calls Files, OA/ID 85047–005, May 1990.","https://catalog.archives.gov/id/366552255","https://catalog.archives.gov/medialz/presidential-libraries/bush/gb-gbs/74785753/41-bpr-scowsch-calls-85047-005.pdf"
"366552303","1990-05-01","1990-05-31","May 1990","Folder title month","May 1990","85051-005","74785758","Brent Scowcroft Schedule Files","Series context and cross-volume routing","Reference context","","","","verified","George H.W. Bush Presidential Records","Schedule Files","","true","0","3624207","1234","HTTP Content-Length","Restricted - Possibly","15478","0","0","0","0","6","5","0","5","0","0","0","0","0","George H.W. Bush Library, Bush Presidential Records, Brent Scowcroft Collection, Schedule Files, OA/ID 85051–005, May 1990.","Source: George H.W. Bush Library, Bush Presidential Records, Brent Scowcroft Collection, Schedule Files, OA/ID 85051–005, May 1990.","https://catalog.archives.gov/id/366552303","https://catalog.archives.gov/medialz/presidential-libraries/bush/gb-gbs/74785758/41-bpr-scow-schedule-85051-005.pdf"
"366551731","1990-05-01","1990-05-31","May 1990","Folder title month","German Unification Files (May 1990)","91116-007","4545942","German Reunification Files","Series context and cross-volume routing","Series context","","","","verified","George H.W. Bush Presidential Records","German Unification Files","Chronological Files","true","0","8864161","8864161","HTTP Content-Length","Restricted - Possibly","31024","3","2","0","0","3","70","30","30","2","0","0","0","4","George H.W. Bush Library, Bush Presidential Records, Brent Scowcroft Collection, German Reunification Files, Chronological Files, OA/ID 91116–007, German Unification (May 1990).","Source: George H.W. Bush Library, Bush Presidential Records, Brent Scowcroft Collection, German Reunification Files, Chronological Files, OA/ID 91116–007, German Unification (May 1990).","https://catalog.archives.gov/id/366551731","https://catalog.archives.gov/medialz/presidential-libraries/bush/gb-gbs/4545942/41-bpr-scow-ger-chron-91116-007.pdf"
"366551778","1990-05-01","1990-05-31","May 1990","Folder title month","CFE [Conventional Forces in Europe] (May 1990)","91121-006","4708332","USSR Chronological Files","Series context and cross-volume routing","Series context","","","","verified","George H.W. Bush Presidential Records","USSR Chronological Files","CFE [Conventional Forces in Europe] Files","true","0","13924972","13924972","HTTP Content-Length","Restricted - Possibly","55869","2","4","0","0","4","3","0","2","1","0","0","0","0","George H.W. Bush Library, Bush Presidential Records, Brent Scowcroft Collection, USSR Chronological Files, CFE [Conventional Forces in Europe] Files, OA/ID 91121–006, CFE [Conventional Forces in Europe] Post 1989 (May 1990).","Source: George H.W. Bush Library, Bush Presidential Records, Brent Scowcroft Collection, USSR Chronological Files, CFE [Conventional Forces in Europe] Files, OA/ID 91121–006, CFE [Conventional Forces in Europe] Post 1989 (May 1990).","https://catalog.archives.gov/id/366551778","https://catalog.archives.gov/medialz/presidential-libraries/bush/gb-gbs/4708332/41-bpr-scow-ussrch-cfe-91121-006.pdf"
"366551791","1990-05-01","1990-05-31","May 1990","Folder title month","Soviet Power Collapse in Eastern Europe--Strategic Arms Control (May 1990)","91122-005","4708332","USSR Chronological Files","Series context and cross-volume routing","Series context","","","","verified","George H.W. Bush Presidential Records","USSR Chronological Files","START [Strategic Arms Reduction Treaty] Files","true","0","10595322","10595322","HTTP Content-Length","Restricted - Possibly","45357","0","1","0","0","4","2","0","2","0","0","0","0","0","George H.W. Bush Library, Bush Presidential Records, Brent Scowcroft Collection, USSR Chronological Files, START [Strategic Arms Reduction Treaty] Files, OA/ID 91122–005, Soviet Power Collapse in Eastern Europe—Strategic Arms Control (May 1990).","Source: George H.W. Bush Library, Bush Presidential Records, Brent Scowcroft Collection, USSR Chronological Files, START [Strategic Arms Reduction Treaty] Files, OA/ID 91122–005, Soviet Power Collapse in Eastern Europe—Strategic Arms Control (May 1990).","https://catalog.archives.gov/id/366551791","https://catalog.archives.gov/medialz/presidential-libraries/bush/gb-gbs/4708332/41-bpr-scow-ussrch-start-91122-005.pdf"
"366551810","1990-05-01","1990-05-31","May 1990","Folder title month","Soviet Power Collapse in Eastern Europe (May 1990)","91125-006","4708332","USSR Chronological Files","Series context and cross-volume routing","Series context","","","","verified","George H.W. Bush Presidential Records","USSR Chronological Files","Soviet Power Collapse in Eastern Europe Files","true","0","10933368","10933368","HTTP Content-Length","Restricted - Possibly","42074","0","3","0","0","3","39","16","9","7","0","0","4","0","George H.W. Bush Library, Bush Presidential Records, Brent Scowcroft Collection, USSR Chronological Files, Soviet Power Collapse in Eastern Europe Files, OA/ID 91125–006, Soviet Power Collapse in Eastern Europe (May 1990).","Source: George H.W. Bush Library, Bush Presidential Records, Brent Scowcroft Collection, USSR Chronological Files, Soviet Power Collapse in Eastern Europe Files, OA/ID 91125–006, Soviet Power Collapse in Eastern Europe (May 1990).","https://catalog.archives.gov/id/366551810","https://catalog.archives.gov/medialz/presidential-libraries/bush/gb-gbs/4708332/41-bpr-scow-ussrch-svp-91125-006.pdf"
"366551872","1990-05-01","1990-05-31","May 1990","Folder title month","China: Non-Tiananmen (May 1990)","91134-004","4545955","China Chronological Files","Series context and cross-volume routing","Series context","","","","verified","George H.W. Bush Presidential Records","China Chronological Files","Non-Tiananmen Files","true","0","15934315","15934315","HTTP Content-Length","Restricted - Possibly","55059","16","6","0","0","4","135","19","10","84","9","2","2","1","George H.W. Bush Library, Bush Presidential Records, Brent Scowcroft Collection, China Chronological Files, Non-Tiananmen Files, OA/ID 91134–004, China: Non-Tiananmen (May 1990).","Source: George H.W. Bush Library, Bush Presidential Records, Brent Scowcroft Collection, China Chronological Files, Non-Tiananmen Files, OA/ID 91134–004, China: Non-Tiananmen (May 1990).","https://catalog.archives.gov/id/366551872","https://catalog.archives.gov/medialz/presidential-libraries/bush/gb-gbs/4545955/41-bpr-scow-cc-ntian-91134-004.pdf"
"366551927","1990-05-01","1990-05-31","May 1990","Folder title month","Latin America--Panama (May 1990)","91140-005","4545957","Latin America Files","Series context and cross-volume routing","Series context","","","","verified","George H.W. Bush Presidential Records","Latin American Files","Panama Chronological Files","true","0","2574903","2574903","HTTP Content-Length","Restricted - Possibly","7647","3","2","0","0","1","7","4","0","1","2","0","0","0","George H.W. Bush Library, Bush Presidential Records, Brent Scowcroft Collection, Latin American Files, Panama Chronological Files, OA/ID 91140–005, Latin America—Panama (May 1990).","Source: George H.W. Bush Library, Bush Presidential Records, Brent Scowcroft Collection, Latin American Files, Panama Chronological Files, OA/ID 91140–005, Latin America—Panama (May 1990).","https://catalog.archives.gov/id/366551927","https://catalog.archives.gov/medialz/presidential-libraries/bush/gb-gbs/4545957/41-bpr-scow-la-panama-91140-005.pdf"
"366551942","1990-05-01","1990-05-31","May 1990","Folder title month","Middle East Peace (May 1990)","91142-006","4545976","Middle East Peace Process Files","Series context and cross-volume routing","Series context","","","","verified","George H.W. Bush Presidential Records","Middle East Peace Process Files","Chronological Files","true","0","12600258","12600258","HTTP Content-Length","Restricted - Possibly","46243","0","5","0","0","3","8","0","2","0","6","0","0","0","George H.W. Bush Library, Bush Presidential Records, Brent Scowcroft Collection, Middle East Peace Process Files, Chronological Files, OA/ID 91142–006, Middle East Peace (May 1990).","Source: George H.W. Bush Library, Bush Presidential Records, Brent Scowcroft Collection, Middle East Peace Process Files, Chronological Files, OA/ID 91142–006, Middle East Peace (May 1990).","https://catalog.archives.gov/id/366551942","https://catalog.archives.gov/medialz/presidential-libraries/bush/gb-gbs/4545976/41-bpr-scow-mepp-chr-91142-006.pdf"
"366551949","1990-05-01","1990-05-31","May 1990","Folder title month","Desert Shield/Desert Storm (May 1990) [1]","91143-003","4708319","Desert Shield and Desert Storm Files","Series context and cross-volume routing","Series context","","","","verified","George H.W. Bush Presidential Records","Desert Shield/Desert Storm Files","Chronological Files","true","0","4961747","4961747","HTTP Content-Length","Restricted - Possibly","19044","0","3","0","0","0","15","0","3","8","3","0","0","0","George H.W. Bush Library, Bush Presidential Records, Brent Scowcroft Collection, Desert Shield and Desert Storm Files, Chronological Files, OA/ID 91143–003, Desert Shield/Desert Storm (May 1990) [1].","Source: George H.W. Bush Library, Bush Presidential Records, Brent Scowcroft Collection, Desert Shield and Desert Storm Files, Chronological Files, OA/ID 91143–003, Desert Shield/Desert Storm (May 1990) [1].","https://catalog.archives.gov/id/366551949","https://catalog.archives.gov/medialz/presidential-libraries/bush/gb-gbs/4708319/41-bpr-scow-dsds-chr-91143-003.pdf"
"366551950","1990-05-01","1990-05-31","May 1990","Folder title month","Desert Shield/Desert Storm (May 1990) [2]","91143-004","4708319","Desert Shield and Desert Storm Files","Series context and cross-volume routing","Series context","","","","verified","George H.W. Bush Presidential Records","Desert Shield/Desert Storm Files","Chronological Files","true","0","","8453084","Served size not measured","Restricted - Possibly","27880","5","3","0","0","1","44","0","0","10","15","0","19","0","George H.W. Bush Library, Bush Presidential Records, Brent Scowcroft Collection, Desert Shield and Desert Storm Files, Chronological Files, OA/ID 91143–004, Desert Shield/Desert Storm (May 1990) [2].","Source: George H.W. Bush Library, Bush Presidential Records, Brent Scowcroft Collection, Desert Shield and Desert Storm Files, Chronological Files, OA/ID 91143–004, Desert Shield/Desert Storm (May 1990) [2].","https://catalog.archives.gov/id/366551950","https://catalog.archives.gov/medialz/presidential-libraries/bush/gb-gbs/4708319/41-bpr-scow-dsds-chr-91143-004.pdf"
"366552000","1990-05-01","1990-05-31","May 1990","Folder title month","Other (May 1990)","91149-001","4708326","Chronological Files","Economic Summits and Industrialized-Country Cooperation","Volume XXX review","Houston Economic Summit; Head-of-state correspondence; Trade and market access; Debt and international finance; Economic summits and G-7; Transition economies; Energy; Agriculture","The folder contains Scowcroft and Melby papers on preparations for the Houston Economic Summit together with related correspondence from summit and other foreign leaders.","The official file-unit PDF is online. This collection-wide pass did not establish its served-PDF page count or item boundaries; page totals on withdrawal sheets describe individual entries, not the complete file unit.","verified","George H.W. Bush Presidential Records","Chronological Files","","true","0","28506468","28506468","HTTP Content-Length","Restricted - Possibly","116397","9","6","0","0","19","303","84","72","86","4","18","11","1","George H.W. Bush Library, Bush Presidential Records, Brent Scowcroft Collection, Chronological Files, OA/ID 91149–001, Other (May 1990).","Source: George H.W. Bush Library, Bush Presidential Records, Brent Scowcroft Collection, Chronological Files, OA/ID 91149–001, Other (May 1990).","https://catalog.archives.gov/id/366552000","https://catalog.archives.gov/medialz/presidential-libraries/bush/gb-gbs/4708326/41-bpr-scow-chron-91149-001.pdf"
"366551915","1990-05-01","1990-06-30","May-June 1990","Folder title month range","Latin America--Economics (May-June 1990)","91139-006","4545957","Latin America Files","Trade Policy and Market Access","Volume XXX review","Latin America; Economic policy; Debt and trade; Trade and market access; Debt and international finance; Transition economies; Energy; Agriculture","This file belongs to the complete 13-folder Economic Chronological Files subseries. Screen its decision memoranda, presidential meeting materials, debt papers, trade papers, and follow-up actions individually for Volume XXX and route country-policy material to the appropriate regional volume. Country meeting packets and presidential conversations may duplicate the Presidential Correspondence Files or regional NSC staff files; compare dates, subjects, and document text before promotion.","The official file-unit PDF is online. This collection-wide pass did not establish its served-PDF page count or item boundaries; page totals on withdrawal sheets describe individual entries, not the complete file unit.","verified","George H.W. Bush Presidential Records","Latin American Files","Economic Chronological Files","true","0","11667630","11667630","HTTP Content-Length","Restricted - Possibly","45864","5","2","0","0","6","155","39","8","99","0","2","4","2","George H.W. Bush Library, Bush Presidential Records, Brent Scowcroft Collection, Latin American Files, Economic Chronological Files, OA/ID 91139–006, Latin America—Economics (May—June 1990).","Source: George H.W. Bush Library, Bush Presidential Records, Brent Scowcroft Collection, Latin American Files, Economic Chronological Files, OA/ID 91139–006, Latin America—Economics (May—June 1990).","https://catalog.archives.gov/id/366551915","https://catalog.archives.gov/medialz/presidential-libraries/bush/gb-gbs/4545957/41-bpr-scow-la-econchr-91139-006.pdf"
"366551669","1990-05-17","1990-06-26","May 17, 1990-June 26, 1990","Folder title date range","Presidential Meetings--Memorandum of Conversations 5/17/90-6/26/90","91107-010","4545941","Presidential Correspondence Files","Transition Economies and International Economic Strategy","Volume XXX review","Presidential conversations; Economic-content review; Parallel-copy check; Trade and market access; Debt and international finance; Economic summits and G-7; Transition economies; Energy; Agriculture","The complete Scowcroft folder contains presidential memoranda of conversation or telephone conversations with substantive economic-policy OCR signals. Review each conversation separately and promote only the passages that bear directly on Volume XXX. Parallel-copy control: match each conversation to the Bush Library Memcons and Telcons index and its canonical NARA item before selection. A Scowcroft folder copy is not a second documentary entry.","The official file-unit PDF is online. This collection-wide pass did not establish its served-PDF page count or item boundaries; page totals on withdrawal sheets describe individual entries, not the complete file unit.","verified","George H.W. Bush Presidential Records","Presidential Correspondence Files","Presidential Memcons Files","true","0","45669657","45669656","HTTP Content-Length","Restricted - Possibly","206537","0","0","30","0","4","142","58","17","37","5","7","1","10","George H.W. Bush Library, Bush Presidential Records, Brent Scowcroft Collection, Presidential Correspondence Files, Presidential Memcons Files, OA/ID 91107–010, Presidential Meetings—Memorandum of Conversations 5/17/90—6/26/90.","Source: George H.W. Bush Library, Bush Presidential Records, Brent Scowcroft Collection, Presidential Correspondence Files, Presidential Memcons Files, OA/ID 91107–010, Presidential Meetings—Memorandum of Conversations 5/17/90—6/26/90.","https://catalog.archives.gov/id/366551669","https://catalog.archives.gov/medialz/presidential-libraries/bush/gb-gbs/4545941/41-bpr-scow-pcor-memcon-91107-010.pdf"
"366552211","1990-06-01","1990-06-30","June 1990","Folder title month","June 1990","85042-007","74785827","Brent Scowcroft Media Articles Files","Series context and cross-volume routing","Reference context","","","","verified","George H.W. Bush Presidential Records","Media Articles Files","","true","0","19629406","1234","HTTP Content-Length","Restricted - Possibly","135385","0","0","0","0","0","81","36","1","28","6","5","1","0","George H.W. Bush Library, Bush Presidential Records, Brent Scowcroft Collection, Media Articles Files, OA/ID 85042–007, June 1990.","Source: George H.W. Bush Library, Bush Presidential Records, Brent Scowcroft Collection, Media Articles Files, OA/ID 85042–007, June 1990.","https://catalog.archives.gov/id/366552211","https://catalog.archives.gov/medialz/presidential-libraries/bush/gb-gbs/74785827/41-bpr-scow-ma-85042-007.pdf"
"366552256","1990-06-01","1990-06-30","June 1990","Folder title month","June 1990","85047-006","74785753","Brent Scowcroft Scheduled Calls Files","Series context and cross-volume routing","Reference context","","","","verified","George H.W. Bush Presidential Records","Scheduled Calls Files","","true","0","15952661","1234","HTTP Content-Length","Restricted - Possibly","73120","0","0","0","0","0","35","0","0","24","0","0","0","10","George H.W. Bush Library, Bush Presidential Records, Brent Scowcroft Collection, Scheduled Calls Files, OA/ID 85047–006, June 1990.","Source: George H.W. Bush Library, Bush Presidential Records, Brent Scowcroft Collection, Scheduled Calls Files, OA/ID 85047–006, June 1990.","https://catalog.archives.gov/id/366552256","https://catalog.archives.gov/medialz/presidential-libraries/bush/gb-gbs/74785753/41-bpr-scow-schcalls-85047-006.pdf"
"366552304","1990-06-01","1990-06-30","June 1990","Folder title month","June 1990","85051-006","74785758","Brent Scowcroft Schedule Files","Series context and cross-volume routing","Reference context","","","","verified","George H.W. Bush Presidential Records","Schedule Files","","true","0","2675336","1234","HTTP Content-Length","Restricted - Possibly","9437","0","0","0","0","3","3","0","2","0","0","0","0","1","George H.W. Bush Library, Bush Presidential Records, Brent Scowcroft Collection, Schedule Files, OA/ID 85051–006, June 1990.","Source: George H.W. Bush Library, Bush Presidential Records, Brent Scowcroft Collection, Schedule Files, OA/ID 85051–006, June 1990.","https://catalog.archives.gov/id/366552304","https://catalog.archives.gov/medialz/presidential-libraries/bush/gb-gbs/74785758/41-bpr-scow-schedule-85051-006.pdf"
"366551732","1990-06-01","1990-06-30","June 1990","Folder title month","German Unification Files (June 1990)","91116-008","4545942","German Reunification Files","Series context and cross-volume routing","Series context","","","","verified","George H.W. Bush Presidential Records","German Unification Files","Chronological Files","true","0","31446007","31446008","HTTP Content-Length","Restricted - Possibly","127104","6","6","4","0","11","72","24","22","13","2","0","0","8","George H.W. Bush Library, Bush Presidential Records, Brent Scowcroft Collection, German Reunification Files, Chronological Files, OA/ID 91116–008, German Unification (June 1990).","Source: George H.W. Bush Library, Bush Presidential Records, Brent Scowcroft Collection, German Reunification Files, Chronological Files, OA/ID 91116–008, German Unification (June 1990).","https://catalog.archives.gov/id/366551732","https://catalog.archives.gov/medialz/presidential-libraries/bush/gb-gbs/4545942/41-bpr-scow-ger-chron-91116-008.pdf"
"366551750","1990-06-01","1990-06-30","June 1990","Folder title month","USSR Collapse: U.S.--Soviet Relations Thru 1991 (June 1990) [1]","91118-004","4545954","USSR Collapse Files","Transition Economies and International Economic Strategy","Boundary review","Soviet reform; Western assistance; Debt; Trade and market access; Debt and international finance; Economic summits and G-7; Transition economies; Strategic trade and technology; Energy; Agriculture","The full OCR and opening withdrawal inventory identify a significant foreign-economic-policy strand, but the principal narrative belongs in a regional, Soviet, China, German-unification, or Persian Gulf volume. Review for cross-reference or a narrowly selected economic-policy document. Special-separate copy sets, meeting-file duplicates, and later retrospective chronologies are not separately promoted. Compare this file with the controlling regional and presidential records before selection.","The official file-unit PDF is online. This collection-wide pass did not establish its served-PDF page count or item boundaries; page totals on withdrawal sheets describe individual entries, not the complete file unit.","verified","George H.W. Bush Presidential Records","USSR Collapse Files","U.S. - Soviet Relations Chronological Files","true","0","42930807","42930808","HTTP Content-Length","Restricted - Possibly","143183","0","1","0","0","4","157","56","12","45","8","17","3","0","George H.W. Bush Library, Bush Presidential Records, Brent Scowcroft Collection, USSR Collapse Files, U.S. - Soviet Relations Chronological Files, OA/ID 91118–004, USSR Collapse: U.S—Soviet Relations Thru 1991 (June 1990) [1].","Source: George H.W. Bush Library, Bush Presidential Records, Brent Scowcroft Collection, USSR Collapse Files, U.S. - Soviet Relations Chronological Files, OA/ID 91118–004, USSR Collapse: U.S—Soviet Relations Thru 1991 (June 1990) [1].","https://catalog.archives.gov/id/366551750","https://catalog.archives.gov/medialz/presidential-libraries/bush/gb-gbs/4545954/41-bpr-scow-ussrco-ussrl-91118-004.pdf"
"366551751","1990-06-01","1990-06-30","June 1990","Folder title month","USSR Collapse: U.S.--Soviet Relations Thru 1991 (June 1990) [2]","91118-005","4545954","USSR Collapse Files","Series context and cross-volume routing","Series context","","","","verified with OCR normalization","George H.W. Bush Presidential Records","USSR Colfapse Files","U.S. - Soviet Relations Chronological Files","true","0","31484774","31484774","HTTP Content-Length","Restricted - Possibly","111694","1","7","0","0","4","29","7","2","5","5","9","0","0","George H.W. Bush Library, Bush Presidential Records, Brent Scowcroft Collection, USSR Collapse Files, U.S. - Soviet Relations Chronological Files, OA/ID 91118–005, USSR Collapse: U.S—Soviet Relations Thru 1991 (June 1990) [2].","Source: George H.W. Bush Library, Bush Presidential Records, Brent Scowcroft Collection, USSR Collapse Files, U.S. - Soviet Relations Chronological Files, OA/ID 91118–005, USSR Collapse: U.S—Soviet Relations Thru 1991 (June 1990) [2].","https://catalog.archives.gov/id/366551751","https://catalog.archives.gov/medialz/presidential-libraries/bush/gb-gbs/4545954/41-bpr-scow-ussrco-ussrl-91118-005.pdf"
"366551752","1990-06-01","1990-06-30","June 1990","Folder title month","USSR Collapse: U.S.--Soviet Relations Thru 1991 (June 1990) [3]","91118-006","4545954","USSR Collapse Files","Series context and cross-volume routing","Series context","","","","verified","George H.W. Bush Presidential Records","USSR Collapse Files","U.S. - Soviet Relations Chronological Files","true","0","21292368","21292368","HTTP Content-Length","Restricted - Possibly","81735","0","4","4","0","2","21","15","1","2","2","0","0","0","George H.W. Bush Library, Bush Presidential Records, Brent Scowcroft Collection, USSR Collapse Files, U.S. - Soviet Relations Chronological Files, OA/ID 91118–006, USSR Collapse: U.S—Soviet Relations Thru 1991 (June 1990) [3].","Source: George H.W. Bush Library, Bush Presidential Records, Brent Scowcroft Collection, USSR Collapse Files, U.S. - Soviet Relations Chronological Files, OA/ID 91118–006, USSR Collapse: U.S—Soviet Relations Thru 1991 (June 1990) [3].","https://catalog.archives.gov/id/366551752","https://catalog.archives.gov/medialz/presidential-libraries/bush/gb-gbs/4545954/41-bpr-scow-ussrco-ussrl-91118-006.pdf"
"366551779","1990-06-01","1990-06-30","June 1990","Folder title month","CFE [Conventional Forces in Europe] (June 1990)","91121-007","4708332","USSR Chronological Files","Series context and cross-volume routing","Series context","","","","verified","George H.W. Bush Presidential Records","USSR Chronological Files","CFE [Conventional Forces in Europe] Files","true","0","4800412","4800412","HTTP Content-Length","Restricted - Possibly","18957","0","2","0","0","2","1","0","1","0","0","0","0","0","George H.W. Bush Library, Bush Presidential Records, Brent Scowcroft Collection, USSR Chronological Files, CFE [Conventional Forces in Europe] Files, OA/ID 91121–007, CFE [Conventional Forces in Europe] Post 1989 (June 1990).","Source: George H.W. Bush Library, Bush Presidential Records, Brent Scowcroft Collection, USSR Chronological Files, CFE [Conventional Forces in Europe] Files, OA/ID 91121–007, CFE [Conventional Forces in Europe] Post 1989 (June 1990).","https://catalog.archives.gov/id/366551779","https://catalog.archives.gov/medialz/presidential-libraries/bush/gb-gbs/4708332/41-bpr-scow-ussrch-cfe-91121-007.pdf"
"366551792","1990-06-01","1990-06-30","June 1990","Folder title month","Soviet Power Collapse in Eastern Europe--Strategic Arms Control (June 1990)","91122-006","4708332","USSR Chronological Files","Series context and cross-volume routing","Series context","","","","verified","George H.W. Bush Presidential Records","USSR Chronological Files","START [Strategic Arms Reduction Treaty] Files","true","0","7568609","7568609","HTTP Content-Length","Restricted - Possibly","26442","2","2","0","0","1","0","0","0","0","0","0","0","0","George H.W. Bush Library, Bush Presidential Records, Brent Scowcroft Collection, USSR Chronological Files, START [Strategic Arms Reduction Treaty] Files, OA/ID 91122–006, Soviet Power Collapse in Eastern Europe—Strategic Arms Control (June 1990).","Source: George H.W. Bush Library, Bush Presidential Records, Brent Scowcroft Collection, USSR Chronological Files, START [Strategic Arms Reduction Treaty] Files, OA/ID 91122–006, Soviet Power Collapse in Eastern Europe—Strategic Arms Control (June 1990).","https://catalog.archives.gov/id/366551792","https://catalog.archives.gov/medialz/presidential-libraries/bush/gb-gbs/4708332/41-bpr-scow-ussrch-start-91122-006.pdf"
"366551811","1990-06-01","1990-06-30","June 1990","Folder title month","Soviet Power Collapse in Eastern Europe (June 1990)","91125-007","4708332","USSR Chronological Files","Series context and cross-volume routing","Series context","","","","verified","George H.W. Bush Presidential Records","USSR Chronological Files","Soviet Power Collapse in Eastern Europe Files","true","0","2008996","2008996","HTTP Content-Length","Restricted - Possibly","6037","1","0","0","0","0","5","0","0","5","0","0","0","0","George H.W. Bush Library, Bush Presidential Records, Brent Scowcroft Collection, USSR Chronological Files, Soviet Power Collapse in Eastern Europe Files, OA/ID 91125–007, Soviet Power Collapse in Eastern Europe (June 1990).","Source: George H.W. Bush Library, Bush Presidential Records, Brent Scowcroft Collection, USSR Chronological Files, Soviet Power Collapse in Eastern Europe Files, OA/ID 91125–007, Soviet Power Collapse in Eastern Europe (June 1990).","https://catalog.archives.gov/id/366551811","https://catalog.archives.gov/medialz/presidential-libraries/bush/gb-gbs/4708332/41-bpr-scow-ussrch-svp-91125-007.pdf"
"366551863","1990-06-01","1990-06-30","June 1990","Folder title month","China: Tiananmen (June 1990)","91132-004","4545955","China Chronological Files","Series context and cross-volume routing","Series context","","","","verified","George H.W. Bush Presidential Records","China Chronological Files","Tiananmen Files","true","0","4340464","4340464","HTTP Content-Length","Restricted - Possibly","24072","0","1","0","0","0","12","6","0","1","5","0","0","0","George H.W. Bush Library, Bush Presidential Records, Brent Scowcroft Collection, China Chronological Files, Tiananmen Files, OA/ID 91132–004, China: Tiananmen (June 1990).","Source: George H.W. Bush Library, Bush Presidential Records, Brent Scowcroft Collection, China Chronological Files, Tiananmen Files, OA/ID 91132–004, China: Tiananmen (June 1990).","https://catalog.archives.gov/id/366551863","https://catalog.archives.gov/medialz/presidential-libraries/bush/gb-gbs/4545955/41-bpr-scow-cc-tian-91132-004.pdf"
"366551873","1990-06-01","1990-06-30","June 1990","Folder title month","China: Non-Tiananmen (June 1990)","91134-005","4545955","China Chronological Files","Series context and cross-volume routing","Series context","","","","verified","George H.W. Bush Presidential Records","China Chronological Files","Non-Tiananmen Files","true","0","8158146","8158146","HTTP Content-Length","Restricted - Possibly","27047","2","2","0","0","7","14","1","5","5","0","0","0","0","George H.W. Bush Library, Bush Presidential Records, Brent Scowcroft Collection, China Chronological Files, Non-Tiananmen Files, OA/ID 91134–005, China: Non-Tiananmen (June 1990).","Source: George H.W. Bush Library, Bush Presidential Records, Brent Scowcroft Collection, China Chronological Files, Non-Tiananmen Files, OA/ID 91134–005, China: Non-Tiananmen (June 1990).","https://catalog.archives.gov/id/366551873","https://catalog.archives.gov/medialz/presidential-libraries/bush/gb-gbs/4545955/41-bpr-scow-cc-ntian-91134-005.pdf"
"366551903","1990-06-01","1990-06-30","June 1990","Folder title month","Latin America--Central America (June 1990) [1]","91138-007","4545957","Latin America Files","Series context and cross-volume routing","Series context","","","","verified","George H.W. Bush Presidential Records","Latin American Files","Central American Chronological Files","true","0","3313870","3313870","HTTP Content-Length","Restricted - Possibly","9630","5","1","0","0","1","38","6","4","24","0","0","2","0","George H.W. Bush Library, Bush Presidential Records, Brent Scowcroft Collection, Latin American Files, Central American Chronological Files, OA/ID 91138–007, Latin America—Central America (June 1990) [1].","Source: George H.W. Bush Library, Bush Presidential Records, Brent Scowcroft Collection, Latin American Files, Central American Chronological Files, OA/ID 91138–007, Latin America—Central America (June 1990) [1].","https://catalog.archives.gov/id/366551903","https://catalog.archives.gov/medialz/presidential-libraries/bush/gb-gbs/4545957/41-bpr-scow-la-cachr-91138-007.pdf"
"366551904","1990-06-01","1990-06-30","June 1990","Folder title month","Latin America--Central America (June 1990) [2]","91138-008","4545957","Latin America Files","Series context and cross-volume routing","Series context","","","","verified","George H.W. Bush Presidential Records","Latin American Files","Central American Chronological Files","true","0","4656122","4656122","HTTP Content-Length","Restricted - Possibly","18960","0","1","0","0","1","12","2","0","3","5","0","0","0","George H.W. Bush Library, Bush Presidential Records, Brent Scowcroft Collection, Latin American Files, Central American Chronological Files, OA/ID 91138–008, Latin America—Central America (June 1990) [2].","Source: George H.W. Bush Library, Bush Presidential Records, Brent Scowcroft Collection, Latin American Files, Central American Chronological Files, OA/ID 91138–008, Latin America—Central America (June 1990) [2].","https://catalog.archives.gov/id/366551904","https://catalog.archives.gov/medialz/presidential-libraries/bush/gb-gbs/4545957/41-bpr-scow-la-cachr-91138-008.pdf"
"366551916","1990-06-01","1990-06-30","June 1990","Folder title month","Latin America--Economics (June 1990)","91139-007","4545957","Latin America Files","Trade Policy and Market Access","Volume XXX review","Latin America; Economic policy; Debt and trade; Trade and market access; Debt and international finance; Strategic trade and technology; Energy; Agriculture","This file belongs to the complete 13-folder Economic Chronological Files subseries. Screen its decision memoranda, presidential meeting materials, debt papers, trade papers, and follow-up actions individually for Volume XXX and route country-policy material to the appropriate regional volume. Country meeting packets and presidential conversations may duplicate the Presidential Correspondence Files or regional NSC staff files; compare dates, subjects, and document text before promotion.","The official file-unit PDF is online. This collection-wide pass did not establish its served-PDF page count or item boundaries; page totals on withdrawal sheets describe individual entries, not the complete file unit.","verified","George H.W. Bush Presidential Records","Latin American Files","Economic Chronological Files","true","0","34689363","34689364","HTTP Content-Length","Restricted - Possibly","142312","9","6","0","0","25","364","100","54","186","0","4","2","4","George H.W. Bush Library, Bush Presidential Records, Brent Scowcroft Collection, Latin American Files, Economic Chronological Files, OA/ID 91139–007, Latin America—Economics (June 1990).","Source: George H.W. Bush Library, Bush Presidential Records, Brent Scowcroft Collection, Latin American Files, Economic Chronological Files, OA/ID 91139–007, Latin America—Economics (June 1990).","https://catalog.archives.gov/id/366551916","https://catalog.archives.gov/medialz/presidential-libraries/bush/gb-gbs/4545957/41-bpr-scow-la-econchr-91139-007.pdf"
"366551928","1990-06-01","1990-06-30","June 1990","Folder title month","Latin America--Panama (June 1990)","91140-006","4545957","Latin America Files","Series context and cross-volume routing","Series context","","","","verified","George H.W. Bush Presidential Records","Latin American Files","Panama Chronological Files","true","0","4252078","4252078","HTTP Content-Length","Restricted - Possibly","15095","0","2","0","0","3","6","0","3","3","0","0","0","0","George H.W. Bush Library, Bush Presidential Records, Brent Scowcroft Collection, Latin American Files, Panama Chronological Files, OA/ID 91140–006, Latin America—Panama (June 1990).","Source: George H.W. Bush Library, Bush Presidential Records, Brent Scowcroft Collection, Latin American Files, Panama Chronological Files, OA/ID 91140–006, Latin America—Panama (June 1990).","https://catalog.archives.gov/id/366551928","https://catalog.archives.gov/medialz/presidential-libraries/bush/gb-gbs/4545957/41-bpr-scow-la-panama-91140-006.pdf"
"366551934","1990-06-01","1990-06-30","June 1990","Folder title month","Latin America--Drug War (June 1990) [1]","91141-003","4545957","Latin America Files","Series context and cross-volume routing","Series context","","","","verified","George H.W. Bush Presidential Records","Latin American Files","Drug War Chronological Files","true","0","7441595","7441595","HTTP Content-Length","Restricted - Possibly","29568","3","2","0","0","3","60","9","6","38","1","1","5","0","George H.W. Bush Library, Bush Presidential Records, Brent Scowcroft Collection, Latin American Files, Drug War Chronological Files, OA/ID 91141–003, Latin America—Drug War (June 1990) [1].","Source: George H.W. Bush Library, Bush Presidential Records, Brent Scowcroft Collection, Latin American Files, Drug War Chronological Files, OA/ID 91141–003, Latin America—Drug War (June 1990) [1].","https://catalog.archives.gov/id/366551934","https://catalog.archives.gov/medialz/presidential-libraries/bush/gb-gbs/4545957/41-bpr-scow-la-drugchr-91141-003.pdf"
"366551935","1990-06-01","1990-06-30","June 1990","Folder title month","Latin America--Drug War (June 1990) [2]","91141-004","4545957","Latin America Files","Series context and cross-volume routing","Series context","","","","verified","George H.W. Bush Presidential Records","Latin American Files","Drug War Chronological Files","true","0","15651730","15651730","HTTP Content-Length","Restricted - Possibly","62413","3","3","0","0","7","70","19","17","29","0","3","0","2","George H.W. Bush Library, Bush Presidential Records, Brent Scowcroft Collection, Latin American Files, Drug War Chronological Files, OA/ID 91141–004, Latin America—Drug War (June 1990) [2].","Source: George H.W. Bush Library, Bush Presidential Records, Brent Scowcroft Collection, Latin American Files, Drug War Chronological Files, OA/ID 91141–004, Latin America—Drug War (June 1990) [2].","https://catalog.archives.gov/id/366551935","https://catalog.archives.gov/medialz/presidential-libraries/bush/gb-gbs/4545957/41-bpr-scow-la-drugchr-91141-004.pdf"
"366551943","1990-06-01","1990-06-30","June 1990","Folder title month","Middle East Peace (June 1990)","91142-007","4545976","Middle East Peace Process Files","Series context and cross-volume routing","Series context","","","","verified","George H.W. Bush Presidential Records","Middle East Peace Process Files","Chronological Files","true","0","27543996","27543996","HTTP Content-Length","Restricted - Possibly","104501","6","8","9","0","9","90","30","45","2","2","1","0","2","George H.W. Bush Library, Bush Presidential Records, Brent Scowcroft Collection, Middle East Peace Process Files, Chronological Files, OA/ID 91142–007, Middle East Peace (June 1990).","Source: George H.W. Bush Library, Bush Presidential Records, Brent Scowcroft Collection, Middle East Peace Process Files, Chronological Files, OA/ID 91142–007, Middle East Peace (June 1990).","https://catalog.archives.gov/id/366551943","https://catalog.archives.gov/medialz/presidential-libraries/bush/gb-gbs/4545976/41-bpr-scow-mepp-chr-91142-007.pdf"
"366552001","1990-06-01","1990-06-30","June 1990","Folder title month","Other (June 1990) [1]","91149-002","4708326","Chronological Files","Trade Policy and Market Access","Volume XXX review","Taiwan; GATT; Jordan and Egypt; Trade and market access; Debt and international finance; Economic summits and G-7; Agriculture","The opening inventory identifies the White House decision trail on Taiwan and the GATT and a four-page memorandum on mounting economic distress in Jordan and Egypt.","The official file-unit PDF is online. This collection-wide pass did not establish its served-PDF page count or item boundaries; page totals on withdrawal sheets describe individual entries, not the complete file unit.","verified","George H.W. Bush Presidential Records","Chronological Files","","true","0","8795798","8795798","HTTP Content-Length","Restricted - Possibly","34885","6","2","0","0","9","81","13","9","55","0","0","1","0","George H.W. Bush Library, Bush Presidential Records, Brent Scowcroft Collection, Chronological Files, OA/ID 91149–002, Other (June 1990) [1].","Source: George H.W. Bush Library, Bush Presidential Records, Brent Scowcroft Collection, Chronological Files, OA/ID 91149–002, Other (June 1990) [1].","https://catalog.archives.gov/id/366552001","https://catalog.archives.gov/medialz/presidential-libraries/bush/gb-gbs/4708326/41-bpr-scow-chron-91149-002.pdf"
"366552002","1990-06-01","1990-06-30","June 1990","Folder title month","Other (June 1990) [2]","91149-003","4708326","Chronological Files","Economic Summits and Industrialized-Country Cooperation","Volume XXX review","Houston Economic Summit; Western assistance to the USSR; Taiwan and GATT; Trade and market access; Debt and international finance; Economic summits and G-7; Transition economies; Strategic trade and technology; Energy; Agriculture","The folder contains presidential and staff summit-preparation papers, a five-page initiative on Western assistance for the USSR, Taiwan-GATT coordination, and summit correspondence from foreign leaders.","The official file-unit PDF is online. This collection-wide pass did not establish its served-PDF page count or item boundaries; page totals on withdrawal sheets describe individual entries, not the complete file unit.","verified","George H.W. Bush Presidential Records","Chronological Files","","true","0","29830977","29830976","HTTP Content-Length","Restricted - Possibly","121265","0","5","0","0","17","265","58","25","91","4","2","17","4","George H.W. Bush Library, Bush Presidential Records, Brent Scowcroft Collection, Chronological Files, OA/ID 91149–003, Other (June 1990) [2].","Source: George H.W. Bush Library, Bush Presidential Records, Brent Scowcroft Collection, Chronological Files, OA/ID 91149–003, Other (June 1990) [2].","https://catalog.archives.gov/id/366552002","https://catalog.archives.gov/medialz/presidential-libraries/bush/gb-gbs/4708326/41-bpr-scow-chron-91149-003.pdf"
"366552003","1990-06-01","1990-06-30","June 1990","Folder title month","Other (June 1990) [3]","91149-004","4708326","Chronological Files","Economic Summits and Industrialized-Country Cooperation","Volume XXX review","Houston Economic Summit; Western assistance to the USSR; Summit messages; Trade and market access; Debt and international finance; Economic summits and G-7; Transition economies; Agriculture","The folder inventory identifies the President's Houston briefing materials, messages to every summit leader, a six-page Scowcroft memorandum on Western assistance for the USSR, and the June 28 Cabinet Room briefing packet.","The official file-unit PDF is online. This collection-wide pass did not establish its served-PDF page count or item boundaries; page totals on withdrawal sheets describe individual entries, not the complete file unit.","verified","George H.W. Bush Presidential Records","Chronological Files","","true","0","36235502","36235504","HTTP Content-Length","Restricted - Possibly","148093","2","3","0","0","23","527","113","45","184","7","0","93","14","George H.W. Bush Library, Bush Presidential Records, Brent Scowcroft Collection, Chronological Files, OA/ID 91149–004, Other (June 1990) [3].","Source: George H.W. Bush Library, Bush Presidential Records, Brent Scowcroft Collection, Chronological Files, OA/ID 91149–004, Other (June 1990) [3].","https://catalog.archives.gov/id/366552003","https://catalog.archives.gov/medialz/presidential-libraries/bush/gb-gbs/4708326/41-bpr-scow-chron-91149-004.pdf"
"366552004","1990-06-01","1990-06-30","June 1990","Folder title month","Other (June 1990) [4]","91149-005","4708326","Chronological Files","Series context and cross-volume routing","Series context","","","","verified","George H.W. Bush Presidential Records","Chronological Files","","true","0","2139445","2139445","HTTP Content-Length","Restricted - Possibly","7698","0","0","0","0","3","2","0","2","0","0","0","0","0","George H.W. Bush Library, Bush Presidential Records, Brent Scowcroft Collection, Chronological Files, OA/ID 91149–005, Other (June 1990) [4].","Source: George H.W. Bush Library, Bush Presidential Records, Brent Scowcroft Collection, Chronological Files, OA/ID 91149–005, Other (June 1990) [4].","https://catalog.archives.gov/id/366552004","https://catalog.archives.gov/medialz/presidential-libraries/bush/gb-gbs/4708326/41-bpr-scow-chron-91149-005.pdf"
"366551692","1990-06-23","1990-07-31","June 23, 1990-July 31, 1990","Folder title date range","Presidential Telephone Calls--Memorandum of Conversations 6/23/90-7/31/90","91111-007","4545941","Presidential Correspondence Files","Economic Summits and Industrialized-Country Cooperation","Volume XXX review","Presidential telephone conversations; Economic-content review; Parallel-copy check; Trade and market access; Debt and international finance; Economic summits and G-7; Transition economies; Energy","The complete Scowcroft folder contains presidential memoranda of conversation or telephone conversations with substantive economic-policy OCR signals. Review each conversation separately and promote only the passages that bear directly on Volume XXX. Parallel-copy control: match each conversation to the Bush Library Memcons and Telcons index and its canonical NARA item before selection. A Scowcroft folder copy is not a second documentary entry.","The official file-unit PDF is online. This collection-wide pass did not establish its served-PDF page count or item boundaries; page totals on withdrawal sheets describe individual entries, not the complete file unit.","verified","George H.W. Bush Presidential Records","Presidential Correspondence Files","Presidential Telcon Files","true","0","16586454","16586454","HTTP Content-Length","Restricted - Possibly","69892","0","0","19","0","2","55","19","6","1","17","3","0","0","George H.W. Bush Library, Bush Presidential Records, Brent Scowcroft Collection, Presidential Correspondence Files, Presidential Telcon Files, OA/ID 91111–007, Presidential Telephone Calls—Memorandum of Conversations 6/23/90—7/31/90.","Source: George H.W. Bush Library, Bush Presidential Records, Brent Scowcroft Collection, Presidential Correspondence Files, Presidential Telcon Files, OA/ID 91111–007, Presidential Telephone Calls—Memorandum of Conversations 6/23/90—7/31/90.","https://catalog.archives.gov/id/366551692","https://catalog.archives.gov/medialz/presidential-libraries/bush/gb-gbs/4545941/41-bpr-scow-pcor-telcon-91111-007.pdf"
"366552212","1990-07-01","1990-07-31","July 1990","Folder title month","July 1990","85042-008","74785827","Brent Scowcroft Media Articles Files","Series context and cross-volume routing","Reference context","","","","verified","George H.W. Bush Presidential Records","Media Articles Files","","true","0","31244251","1234","HTTP Content-Length","Restricted - Possibly","215245","0","0","0","0","0","205","98","10","18","27","11","6","6","George H.W. Bush Library, Bush Presidential Records, Brent Scowcroft Collection, Media Articles Files, OA/ID 85042–008, July 1990.","Source: George H.W. Bush Library, Bush Presidential Records, Brent Scowcroft Collection, Media Articles Files, OA/ID 85042–008, July 1990.","https://catalog.archives.gov/id/366552212","https://catalog.archives.gov/medialz/presidential-libraries/bush/gb-gbs/74785827/41-bpr-scow-ma-85042-008.pdf"
"366552257","1990-07-01","1990-07-31","July 1990","Folder title month","July 1990","85047-007","74785753","Brent Scowcroft Scheduled Calls Files","Series context and cross-volume routing","Reference context","","","","verified","George H.W. Bush Presidential Records","Scheduled Calls Files","","true","0","17541674","1234","HTTP Content-Length","Restricted - Possibly","85909","0","0","0","0","0","35","5","0","28","0","0","0","2","George H.W. Bush Library, Bush Presidential Records, Brent Scowcroft Collection, Scheduled Calls Files, OA/ID 85047–007, July 1990.","Source: George H.W. Bush Library, Bush Presidential Records, Brent Scowcroft Collection, Scheduled Calls Files, OA/ID 85047–007, July 1990.","https://catalog.archives.gov/id/366552257","https://catalog.archives.gov/medialz/presidential-libraries/bush/gb-gbs/74785753/41-bpr-scow-schcalls-85047-007.pdf"
"366552305","1990-07-01","1990-07-31","July 1990","Folder title month","July 1990","85051-007","74785758","Brent Scowcroft Schedule Files","Series context and cross-volume routing","Reference context","","","","verified","George H.W. Bush Presidential Records","Schedule Files","","true","0","3655420","1234","HTTP Content-Length","Restricted - Possibly","13217","0","0","0","0","3","2","0","2","0","0","0","0","0","George H.W. Bush Library, Bush Presidential Records, Brent Scowcroft Collection, Schedule Files, OA/ID 85051–007, July 1990.","Source: George H.W. Bush Library, Bush Presidential Records, Brent Scowcroft Collection, Schedule Files, OA/ID 85051–007, July 1990.","https://catalog.archives.gov/id/366552305","https://catalog.archives.gov/medialz/presidential-libraries/bush/gb-gbs/74785758/41-bpr-scow-schedule-85051-007.pdf"
"366551733","1990-07-01","1990-07-31","July 1990","Folder title month","German Unification Files (July 1990)","91116-009","4545942","German Reunification Files","Series context and cross-volume routing","Series context","","","","verified","George H.W. Bush Presidential Records","German Unification Files","Chronological Files","true","0","","3978103","Served size not measured","Restricted - Possibly","10610","0","1","0","0","1","1","0","1","0","0","0","0","0","George H.W. Bush Library, Bush Presidential Records, Brent Scowcroft Collection, German Reunification Files, Chronological Files, OA/ID 91116–009, German Unification (July 1990) box 10.","Source: George H.W. Bush Library, Bush Presidential Records, Brent Scowcroft Collection, German Reunification Files, Chronological Files, OA/ID 91116–009, German Unification (July 1990) box 10.","https://catalog.archives.gov/id/366551733","https://catalog.archives.gov/medialz/presidential-libraries/bush/gb-gbs/4545942/41-bpr-scow-ger-chron-91116-009.pdf"
"366551753","1990-07-01","1990-07-31","July 1990","Folder title month","USSR Collapse: U.S.--Soviet Relations Thru 1991 (July 1990)","91118-007","4545954","USSR Collapse Files","Transition Economies and International Economic Strategy","Boundary review","Houston Summit; Soviet assistance; International finance; Trade and market access; Debt and international finance; Economic summits and G-7; Transition economies; Strategic trade and technology; Energy; Agriculture","The full OCR and opening withdrawal inventory identify a significant foreign-economic-policy strand, but the principal narrative belongs in a regional, Soviet, China, German-unification, or Persian Gulf volume. Review for cross-reference or a narrowly selected economic-policy document. Special-separate copy sets, meeting-file duplicates, and later retrospective chronologies are not separately promoted. Compare this file with the controlling regional and presidential records before selection.","The official file-unit PDF is online. This collection-wide pass did not establish its served-PDF page count or item boundaries; page totals on withdrawal sheets describe individual entries, not the complete file unit.","verified","George H.W. Bush Presidential Records","USSR Collapse Files","U.S. - Soviet Relations Chronological Files","true","0","48818928","48818928","HTTP Content-Length","Restricted - Possibly","201377","5","11","0","0","37","269","98","65","29","19","11","3","5","George H.W. Bush Library, Bush Presidential Records, Brent Scowcroft Collection, USSR Collapse Files, U.S. - Soviet Relations Chronological Files, OA/ID 91118–007, USSR Collapse: U.S—Soviet Relations Thru 1991 (July 1990).","Source: George H.W. Bush Library, Bush Presidential Records, Brent Scowcroft Collection, USSR Collapse Files, U.S. - Soviet Relations Chronological Files, OA/ID 91118–007, USSR Collapse: U.S—Soviet Relations Thru 1991 (July 1990).","https://catalog.archives.gov/id/366551753","https://catalog.archives.gov/medialz/presidential-libraries/bush/gb-gbs/4545954/41-bpr-scow-ussrco-ussrl-91118-007.pdf"
"366551769","1990-07-01","1990-07-31","July 1990","Folder title month","SNF [Short-range Nuclear Forces] July 1990","91120-008","4708332","USSR Chronological Files","Series context and cross-volume routing","Series context","","","","verified","George H.W. Bush Presidential Records","USSR Chronological Files","SNF [Short-range Nuclear Forces] Files","true","0","10182843","10182843","HTTP Content-Length","Restricted - Possibly","34412","0","1","0","0","3","32","11","5","4","1","0","2","0","George H.W. Bush Library, Bush Presidential Records, Brent Scowcroft Collection, USSR Chronological Files, SNF [Short-range Nuclear Forces] Files, OA/ID 91120–008, SNF [Short-range Nuclear Forces]—July 1990.","Source: George H.W. Bush Library, Bush Presidential Records, Brent Scowcroft Collection, USSR Chronological Files, SNF [Short-range Nuclear Forces] Files, OA/ID 91120–008, SNF [Short-range Nuclear Forces]—July 1990.","https://catalog.archives.gov/id/366551769","https://catalog.archives.gov/medialz/presidential-libraries/bush/gb-gbs/4708332/41-bpr-scow-ussrch-snf-91120-008.pdf"
"366551780","1990-07-01","1990-07-31","July 1990","Folder title month","CFE [Conventional Forces in Europe] (July 1990)","91121-008","4708332","USSR Chronological Files","Series context and cross-volume routing","Series context","","","","verified","George H.W. Bush Presidential Records","USSR Chronological Files","CFE [Conventional Forces in Europe] Files","true","0","15667567","15667567","HTTP Content-Length","Restricted - Possibly","59982","0","1","0","0","14","14","0","11","0","0","2","0","0","George H.W. Bush Library, Bush Presidential Records, Brent Scowcroft Collection, USSR Chronological Files, CFE [Conventional Forces in Europe] Files, OA/ID 91121–008, CFE [Conventional Forces in Europe] Post 1989 (July 1990).","Source: George H.W. Bush Library, Bush Presidential Records, Brent Scowcroft Collection, USSR Chronological Files, CFE [Conventional Forces in Europe] Files, OA/ID 91121–008, CFE [Conventional Forces in Europe] Post 1989 (July 1990).","https://catalog.archives.gov/id/366551780","https://catalog.archives.gov/medialz/presidential-libraries/bush/gb-gbs/4708332/41-bpr-scow-ussrch-cfe-91121-008.pdf"
"366551874","1990-07-01","1990-07-31","July 1990","Folder title month","China: Non-Tiananmen (July 1990)","91134-006","4545955","China Chronological Files","Series context and cross-volume routing","Series context","","","","verified","George H.W. Bush Presidential Records","China Chronological Files","Non-Tiananmen Files","true","0","6317834","6317834","HTTP Content-Length","Restricted - Possibly","21350","1","2","0","0","2","23","3","1","12","1","0","1","3","George H.W. Bush Library, Bush Presidential Records, Brent Scowcroft Collection, China Chronological Files, Non-Tiananmen Files, OA/ID 91134–006, China: Non-Tiananmen (July 1990).","Source: George H.W. Bush Library, Bush Presidential Records, Brent Scowcroft Collection, China Chronological Files, Non-Tiananmen Files, OA/ID 91134–006, China: Non-Tiananmen (July 1990).","https://catalog.archives.gov/id/366551874","https://catalog.archives.gov/medialz/presidential-libraries/bush/gb-gbs/4545955/41-bpr-scow-cc-ntian-91134-006.pdf"
"366551917","1990-07-01","1990-07-31","July 1990","Folder title month","Latin America--Economics (July 1990)","91139-008","4545957","Latin America Files","Monetary Policy, Debt, and International Institutions","Volume XXX review","Latin America; Economic policy; Debt and trade; Trade and market access; Debt and international finance; Economic summits and G-7; Transition economies; Energy","This file belongs to the complete 13-folder Economic Chronological Files subseries. Screen its decision memoranda, presidential meeting materials, debt papers, trade papers, and follow-up actions individually for Volume XXX and route country-policy material to the appropriate regional volume. Country meeting packets and presidential conversations may duplicate the Presidential Correspondence Files or regional NSC staff files; compare dates, subjects, and document text before promotion.","The official file-unit PDF is online. This collection-wide pass did not establish its served-PDF page count or item boundaries; page totals on withdrawal sheets describe individual entries, not the complete file unit.","verified","George H.W. Bush Presidential Records","Latin American Files","Economic Chronological Files","true","0","22605645","22605644","HTTP Content-Length","Restricted - Possibly","98379","0","1","0","0","23","199","75","69","10","4","1","0","16","George H.W. Bush Library, Bush Presidential Records, Brent Scowcroft Collection, Latin American Files, Economic Chronological Files, OA/ID 91139–008, Latin America—Economics (July 1990).","Source: George H.W. Bush Library, Bush Presidential Records, Brent Scowcroft Collection, Latin American Files, Economic Chronological Files, OA/ID 91139–008, Latin America—Economics (July 1990).","https://catalog.archives.gov/id/366551917","https://catalog.archives.gov/medialz/presidential-libraries/bush/gb-gbs/4545957/41-bpr-scow-la-econchr-91139-008.pdf"
"366551944","1990-07-01","1990-07-31","July 1990","Folder title month","Middle East Peace (July 1990)","91142-008","4545976","Middle East Peace Process Files","Series context and cross-volume routing","Series context","","","","verified","George H.W. Bush Presidential Records","Middle East Peace Process Files","Chronological Files","true","0","16999198","16999198","HTTP Content-Length","Restricted - Possibly","79439","3","4","0","0","15","24","8","12","2","2","0","0","0","George H.W. Bush Library, Bush Presidential Records, Brent Scowcroft Collection, Middle East Peace Process Files, Chronological Files, OA/ID 91142–008, Middle East Peace (July 1990).","Source: George H.W. Bush Library, Bush Presidential Records, Brent Scowcroft Collection, Middle East Peace Process Files, Chronological Files, OA/ID 91142–008, Middle East Peace (July 1990).","https://catalog.archives.gov/id/366551944","https://catalog.archives.gov/medialz/presidential-libraries/bush/gb-gbs/4545976/41-bpr-scow-mepp-chr-91142-008.pdf"
"366551951","1990-07-01","1990-07-31","July 1990","Folder title month","Desert Shield/Desert Storm (July 1990)","91143-005","4708319","Desert Shield and Desert Storm Files","Strategic Trade, Technology, and Investment Controls","Boundary review","Persian Gulf; Oil prices; Export controls; Trade and market access; Debt and international finance; Strategic trade and technology; Energy","The full OCR and opening withdrawal inventory identify a significant foreign-economic-policy strand, but the principal narrative belongs in a regional, Soviet, China, German-unification, or Persian Gulf volume. Review for cross-reference or a narrowly selected economic-policy document. Special-separate copy sets, meeting-file duplicates, and later retrospective chronologies are not separately promoted. Compare this file with the controlling regional and presidential records before selection.","The official file-unit PDF is online. This collection-wide pass did not establish its served-PDF page count or item boundaries; page totals on withdrawal sheets describe individual entries, not the complete file unit.","verified","George H.W. Bush Presidential Records","Desert Shield/Desert Storm Files","Chronological Files","true","0","19684611","19684612","HTTP Content-Length","Restricted - Possibly","73538","4","7","10","0","5","101","2","9","26","5","41","0","0","George H.W. Bush Library, Bush Presidential Records, Brent Scowcroft Collection, Desert Shield and Desert Storm Files, Chronological Files, OA/ID 91143–005, Desert Shield/Desert Storm (July 1990).","Source: George H.W. Bush Library, Bush Presidential Records, Brent Scowcroft Collection, Desert Shield and Desert Storm Files, Chronological Files, OA/ID 91143–005, Desert Shield/Desert Storm (July 1990).","https://catalog.archives.gov/id/366551951","https://catalog.archives.gov/medialz/presidential-libraries/bush/gb-gbs/4708319/41-bpr-scow-dsds-chr-91143-005.pdf"
"366552005","1990-07-01","1990-07-31","July 1990","Folder title month","Other (July 1990)","91149-006","4708326","Chronological Files","Economic Summits and Industrialized-Country Cooperation","Volume XXX review","Houston Economic Summit; World Bank lending to China; Argentina; Trade and market access; Debt and international finance; Economic summits and G-7; Transition economies; Strategic trade and technology; Agriculture","The folder contains Scowcroft papers on the Houston Summit and World Bank lending to China, Baker's eight-page summit memorandum, and a presidential telcon with Argentine President Menem.","The official file-unit PDF is online. This collection-wide pass did not establish its served-PDF page count or item boundaries; page totals on withdrawal sheets describe individual entries, not the complete file unit.","verified","George H.W. Bush Presidential Records","Chronological Files","","true","0","21552517","21552516","HTTP Content-Length","Restricted - Possibly","84083","9","5","15","0","3","208","44","48","37","4","0","14","3","George H.W. Bush Library, Bush Presidential Records, Brent Scowcroft Collection, Chronological Files, OA/ID 91149–006, Other (July 1990).","Source: George H.W. Bush Library, Bush Presidential Records, Brent Scowcroft Collection, Chronological Files, OA/ID 91149–006, Other (July 1990).","https://catalog.archives.gov/id/366552005","https://catalog.archives.gov/medialz/presidential-libraries/bush/gb-gbs/4708326/41-bpr-scow-chron-91149-006.pdf"
"366551812","1990-07-01","1990-08-31","July-August 1990","Folder title month range","Soviet Power Collapse in Eastern Europe (July-August 1990)","91125-008","4708332","USSR Chronological Files","Transition Economies and International Economic Strategy","Boundary review","Eastern Europe; Debt reduction; Houston Summit; Debt and international finance; Economic summits and G-7; Transition economies; Agriculture","The full OCR and opening withdrawal inventory identify a significant foreign-economic-policy strand, but the principal narrative belongs in a regional, Soviet, China, German-unification, or Persian Gulf volume. Review for cross-reference or a narrowly selected economic-policy document. Special-separate copy sets, meeting-file duplicates, and later retrospective chronologies are not separately promoted. Compare this file with the controlling regional and presidential records before selection.","The official file-unit PDF is online. This collection-wide pass did not establish its served-PDF page count or item boundaries; page totals on withdrawal sheets describe individual entries, not the complete file unit.","verified","George H.W. Bush Presidential Records","USSR Chronological Files","Soviet Power Collapse in Eastern Europe Files","true","0","7623223","7623223","HTTP Content-Length","Restricted - Possibly","26431","0","1","0","0","1","63","20","27","0","0","0","2","1","George H.W. Bush Library, Bush Presidential Records, Brent Scowcroft Collection, USSR Chronological Files, Soviet Power Collapse in Eastern Europe Files, OA/ID 91125–008, Soviet Power Collapse in Eastern Europe (July—August 1990).","Source: George H.W. Bush Library, Bush Presidential Records, Brent Scowcroft Collection, USSR Chronological Files, Soviet Power Collapse in Eastern Europe Files, OA/ID 91125–008, Soviet Power Collapse in Eastern Europe (July—August 1990).","https://catalog.archives.gov/id/366551812","https://catalog.archives.gov/medialz/presidential-libraries/bush/gb-gbs/4708332/41-bpr-scow-ussrch-svp-91125-008.pdf"
"366551929","1990-07-01","1990-08-31","July-August 1990","Folder title month range","Latin America--Panama (July-August 1990)","91140-007","4545957","Latin America Files","Series context and cross-volume routing","Series context","","","","verified","George H.W. Bush Presidential Records","Latin American Files","Panama Chronological Files","true","0","6625343","6740339","HTTP Content-Length","Restricted - Possibly","24831","0","0","0","0","3","5","0","2","1","0","0","0","2","George H.W. Bush Library, Bush Presidential Records, Brent Scowcroft Collection, Latin American Files, Panama Chronological Files, OA/ID 91140–007, Latin America—Panama (July—August 1990).","Source: George H.W. Bush Library, Bush Presidential Records, Brent Scowcroft Collection, Latin American Files, Panama Chronological Files, OA/ID 91140–007, Latin America—Panama (July—August 1990).","https://catalog.archives.gov/id/366551929","https://catalog.archives.gov/medialz/presidential-libraries/bush/gb-gbs/4545957/41-bpr-scow-la-panama-91140-007.pdf"
"366551827","1990-07-01","1990-12-31","July-December 1990","Folder title month range","Gorbachev (Dobrynin) Sensitive July-December 1990 [1]","91128-001","4708331","Special Separate USSR Notes Files","Series context and cross-volume routing","Series context","","","","verified","George H.W. Bush Presidential Records","Special Separate USSR Notes Files","Gorbachev Files","true","0","37948294","37948296","HTTP Content-Length","Restricted - Possibly","132301","0","0","6","0","2","81","35","3","26","6","5","0","0","George H.W. Bush Library, Bush Presidential Records, Brent Scowcroft Collection, Special Separate USSR Notes Files, Gorbachev Files, OA/ID 91128–001, Gorbachev (Dobrynin) Sensitive July—December 1990 [1].","Source: George H.W. Bush Library, Bush Presidential Records, Brent Scowcroft Collection, Special Separate USSR Notes Files, Gorbachev Files, OA/ID 91128–001, Gorbachev (Dobrynin) Sensitive July—December 1990 [1].","https://catalog.archives.gov/id/366551827","https://catalog.archives.gov/medialz/presidential-libraries/bush/gb-gbs/4708331/41-bpr-scow-ssussr-gor-91128-001.pdf"
"366551828","1990-07-01","1990-12-31","July-December 1990","Folder title month range","Gorbachev (Dobrynin) Sensitive July-December 1990 [2]","91128-002","4708331","Special Separate USSR Notes Files","Series context and cross-volume routing","Series context","","","","verified","George H.W. Bush Presidential Records","Special Separate USSR Notes Files","Gorbachev Files","true","0","43329147","43329148","HTTP Content-Length","Restricted - Possibly","157459","0","0","1","0","10","130","60","13","11","7","5","0","0","George H.W. Bush Library, Bush Presidential Records, Brent Scowcroft Collection, Special Separate USSR Notes Files, Gorbachev Files, OA/ID 91128–002, Gorbachev (Dobrynin) Sensitive July—December 1990 [2].","Source: George H.W. Bush Library, Bush Presidential Records, Brent Scowcroft Collection, Special Separate USSR Notes Files, Gorbachev Files, OA/ID 91128–002, Gorbachev (Dobrynin) Sensitive July—December 1990 [2].","https://catalog.archives.gov/id/366551828","https://catalog.archives.gov/medialz/presidential-libraries/bush/gb-gbs/4708331/41-bpr-scow-ssussr-gor-91128-002.pdf"
"366551829","1990-07-01","1990-12-31","July-December 1990","Folder title month range","Gorbachev (Dobrynin) Sensitive July-December 1990 [3]","91128-003","4708331","Special Separate USSR Notes Files","Series context and cross-volume routing","Series context","","","","verified","George H.W. Bush Presidential Records","Special Separate USSR Notes Files","Gorbachev Files","true","0","32808598","32808598","HTTP Content-Length","Restricted - Possibly","103029","1","2","1","0","3","33","8","1","1","8","13","0","0","George H.W. Bush Library, Bush Presidential Records, Brent Scowcroft Collection, Special Separate USSR Notes Files, Gorbachev Files, OA/ID 91128–003, Gorbachev (Dobrynin) Sensitive July—December 1990 [3].","Source: George H.W. Bush Library, Bush Presidential Records, Brent Scowcroft Collection, Special Separate USSR Notes Files, Gorbachev Files, OA/ID 91128–003, Gorbachev (Dobrynin) Sensitive July—December 1990 [3].","https://catalog.archives.gov/id/366551829","https://catalog.archives.gov/medialz/presidential-libraries/bush/gb-gbs/4708331/41-bpr-scow-ssussr-gor-91128-003.pdf"
"366551830","1990-07-01","1990-12-31","July-December 1990","Folder title month range","Gorbachev (Dobrynin) Sensitive July-December 1990 [4]","91128-004","4708331","Special Separate USSR Notes Files","Series context and cross-volume routing","Series context","","","","verified","George H.W. Bush Presidential Records","Special Separate USSR Notes Files","Gorbachev Files","true","0","17420027","17420028","HTTP Content-Length","Restricted - Possibly","68341","0","0","0","0","7","16","2","5","0","9","0","0","0","George H.W. Bush Library, Bush Presidential Records, Brent Scowcroft Collection, Special Separate USSR Notes Files, Gorbachev Files, OA/ID 91128–004, Gorbachev (Dobrynin) Sensitive July—December 1990 [4].","Source: George H.W. Bush Library, Bush Presidential Records, Brent Scowcroft Collection, Special Separate USSR Notes Files, Gorbachev Files, OA/ID 91128–004, Gorbachev (Dobrynin) Sensitive July—December 1990 [4].","https://catalog.archives.gov/id/366551830","https://catalog.archives.gov/medialz/presidential-libraries/bush/gb-gbs/4708331/41-bpr-scow-ssussr-gor-91128-004.pdf"
"366551831","1990-07-01","1990-12-31","July-December 1990","Folder title month range","Gorbachev (Dobrynin) Sensitive July-December 1990 [5]","91128-005","4708331","Special Separate USSR Notes Files","Series context and cross-volume routing","Series context","","","","verified","George H.W. Bush Presidential Records","Special Separate USSR Notes Files","Gorbachev Files","true","0","24130994","24130994","HTTP Content-Length","Restricted - Possibly","96997","4","1","0","0","9","22","8","6","2","5","0","0","0","George H.W. Bush Library, Bush Presidential Records, Brent Scowcroft Collection, Special Separate USSR Notes Files, Gorbachev Files, OA/ID 91128–005, Gorbachev (Dobrynin) Sensitive July—December 1990 [5].","Source: George H.W. Bush Library, Bush Presidential Records, Brent Scowcroft Collection, Special Separate USSR Notes Files, Gorbachev Files, OA/ID 91128–005, Gorbachev (Dobrynin) Sensitive July—December 1990 [5].","https://catalog.archives.gov/id/366551831","https://catalog.archives.gov/medialz/presidential-libraries/bush/gb-gbs/4708331/41-bpr-scow-ssussr-gor-91128-005.pdf"
"366551832","1990-07-01","1990-12-31","July-December 1990","Folder title month range","Gorbachev (Dobrynin) Sensitive July-December 1990 [Copy Set] [1]","91128-006","4708331","Special Separate USSR Notes Files","Series context and cross-volume routing","Parallel-copy context","","","","verified","George H.W. Bush Presidential Records","Special Separate USSR Notes Files","Gorbachev Files","true","0","39563827","39563828","HTTP Content-Length","Restricted - Possibly","133541","2","0","1","0","7","36","10","5","2","7","9","0","0","George H.W. Bush Library, Bush Presidential Records, Brent Scowcroft Collection, Special Separate USSR Notes Files, Gorbachev Files, OA/ID 91128–006, Gorbachev (Dobrynin) Sensitive July—December 1990 [Copy Set] [1].","Source: George H.W. Bush Library, Bush Presidential Records, Brent Scowcroft Collection, Special Separate USSR Notes Files, Gorbachev Files, OA/ID 91128–006, Gorbachev (Dobrynin) Sensitive July—December 1990 [Copy Set] [1].","https://catalog.archives.gov/id/366551832","https://catalog.archives.gov/medialz/presidential-libraries/bush/gb-gbs/4708331/41-bpr-scow-ssussr-gor-91128-006.pdf"
"366551833","1990-07-01","1990-12-31","July-December 1990","Folder title month range","Gorbachev (Dobrynin) Sensitive July-December 1990 [Copy Set] [2]","91128-007","4708331","Special Separate USSR Notes Files","Series context and cross-volume routing","Parallel-copy context","","","","verified","George H.W. Bush Presidential Records","Special Separate USSR Notes Files","Gorbachev Files","true","0","31131442","31131442","HTTP Content-Length","Restricted - Possibly","125813","3","3","0","0","9","34","9","6","1","15","3","0","0","George H.W. Bush Library, Bush Presidential Records, Brent Scowcroft Collection, Special Separate USSR Notes Files, Gorbachev Files, OA/ID 91128–007, Gorbachev (Dobrynin) Sensitive July—December 1990 [Copy Set] [2].","Source: George H.W. Bush Library, Bush Presidential Records, Brent Scowcroft Collection, Special Separate USSR Notes Files, Gorbachev Files, OA/ID 91128–007, Gorbachev (Dobrynin) Sensitive July—December 1990 [Copy Set] [2].","https://catalog.archives.gov/id/366551833","https://catalog.archives.gov/medialz/presidential-libraries/bush/gb-gbs/4708331/41-bpr-scow-ssussr-gor-91128-007.pdf"
"366551834","1990-07-01","1990-12-31","July-December 1990","Folder title month range","Gorbachev (Dobrynin) Sensitive July-December 1990 [Copy Set] [3]","91128-008","4708331","Special Separate USSR Notes Files","Series context and cross-volume routing","Parallel-copy context","","","","verified","George H.W. Bush Presidential Records","Special Separate USSR Notes Files","Gorbachev Files","true","0","29614715","29614716","HTTP Content-Length","Restricted - Possibly","111473","0","0","2","0","1","61","30","2","14","5","4","0","0","George H.W. Bush Library, Bush Presidential Records, Brent Scowcroft Collection, Special Separate USSR Notes Files, Gorbachev Files, OA/ID 91128–008, Gorbachev (Dobrynin) Sensitive July—December 1990 [Copy Set] [3].","Source: George H.W. Bush Library, Bush Presidential Records, Brent Scowcroft Collection, Special Separate USSR Notes Files, Gorbachev Files, OA/ID 91128–008, Gorbachev (Dobrynin) Sensitive July—December 1990 [Copy Set] [3].","https://catalog.archives.gov/id/366551834","https://catalog.archives.gov/medialz/presidential-libraries/bush/gb-gbs/4708331/41-bpr-scow-ssussr-gor-91128-008.pdf"
"366551835","1990-07-01","1990-12-31","July-December 1990","Folder title month range","Gorbachev (Dobrynin) Sensitive July-December 1990 [Copy Set] [4]","91128-009","4708331","Special Separate USSR Notes Files","Series context and cross-volume routing","Parallel-copy context","","","","verified","George H.W. Bush Presidential Records","Special Separate USSR Notes Files","Gorbachev Files","true","0","24870799","24870800","HTTP Content-Length","Restricted - Possibly","97385","0","0","3","0","11","114","49","12","24","3","4","0","0","George H.W. Bush Library, Bush Presidential Records, Brent Scowcroft Collection, Special Separate USSR Notes Files, Gorbachev Files, OA/ID 91128–009, Gorbachev (Dobrynin) Sensitive July—December 1990 [Copy Set] [4].","Source: George H.W. Bush Library, Bush Presidential Records, Brent Scowcroft Collection, Special Separate USSR Notes Files, Gorbachev Files, OA/ID 91128–009, Gorbachev (Dobrynin) Sensitive July—December 1990 [Copy Set] [4].","https://catalog.archives.gov/id/366551835","https://catalog.archives.gov/medialz/presidential-libraries/bush/gb-gbs/4708331/41-bpr-scow-ssussr-gor-91128-009.pdf"
"366551670","1990-07-05","1990-09-24","July 5, 1990-September 24, 1990","Folder title date range","Presidential Meetings--Memorandum of Conversations 7/5/90-9/24/90","91108-001","4545941","Presidential Correspondence Files","Economic Summits and Industrialized-Country Cooperation","Volume XXX review","Presidential conversations; Economic-content review; Parallel-copy check; Trade and market access; Debt and international finance; Economic summits and G-7; Transition economies; Energy; Agriculture","The complete Scowcroft folder contains presidential memoranda of conversation or telephone conversations with substantive economic-policy OCR signals. Review each conversation separately and promote only the passages that bear directly on Volume XXX. Parallel-copy control: match each conversation to the Bush Library Memcons and Telcons index and its canonical NARA item before selection. A Scowcroft folder copy is not a second documentary entry.","The official file-unit PDF is online. This collection-wide pass did not establish its served-PDF page count or item boundaries; page totals on withdrawal sheets describe individual entries, not the complete file unit.","verified","George H.W. Bush Presidential Records","Presidential Correspondence Files","Presidential Memcons Files","true","0","63766326","63766328","HTTP Content-Length","Restricted - Possibly","296265","0","0","31","0","5","668","141","204","123","24","20","69","34","George H.W. Bush Library, Bush Presidential Records, Brent Scowcroft Collection, Presidential Correspondence Files, Presidential Memcons Files, OA/ID 91108–001, Presidential Meetings—Memorandum of Conversations 7/5/90—9/24/90.","Source: George H.W. Bush Library, Bush Presidential Records, Brent Scowcroft Collection, Presidential Correspondence Files, Presidential Memcons Files, OA/ID 91108–001, Presidential Meetings—Memorandum of Conversations 7/5/90—9/24/90.","https://catalog.archives.gov/id/366551670","https://catalog.archives.gov/medialz/presidential-libraries/bush/gb-gbs/4545941/41-bpr-scow-pcor-memcon-91108-001.pdf"
"366552213","1990-08-01","1990-08-31","August 1990","Folder title month","August 1990","85043-001","74785827","Brent Scowcroft Media Articles Files","Series context and cross-volume routing","Reference context","","","","verified","George H.W. Bush Presidential Records","Media Articles Files","","true","0","85130650","1234","HTTP Content-Length","Restricted - Possibly","618909","0","0","0","0","0","476","77","13","59","86","221","5","15","George H.W. Bush Library, Bush Presidential Records, Brent Scowcroft Collection, Media Articles Files, OA/ID 85043–001, August 1990.","Source: George H.W. Bush Library, Bush Presidential Records, Brent Scowcroft Collection, Media Articles Files, OA/ID 85043–001, August 1990.","https://catalog.archives.gov/id/366552213","https://catalog.archives.gov/medialz/presidential-libraries/bush/gb-gbs/74785827/41-bpr-scow-ma-85043-001.pdf"
"366552258","1990-08-01","1990-08-31","August 1990","Folder title month","August 1990","85047-008","74785753","Brent Scowcroft Scheduled Calls Files","Series context and cross-volume routing","Reference context","","","","verified","George H.W. Bush Presidential Records","Scheduled Calls Files","","true","0","13915841","1234","HTTP Content-Length","Restricted - Possibly","64848","0","0","0","0","2","13","0","1","2","0","2","0","8","George H.W. Bush Library, Bush Presidential Records, Brent Scowcroft Collection, Scheduled Calls Files, OA/ID 85047–008, August 1990.","Source: George H.W. Bush Library, Bush Presidential Records, Brent Scowcroft Collection, Scheduled Calls Files, OA/ID 85047–008, August 1990.","https://catalog.archives.gov/id/366552258","https://catalog.archives.gov/medialz/presidential-libraries/bush/gb-gbs/74785753/41-bpr-scow-schcalls-85047-008.pdf"
"366552306","1990-08-01","1990-08-31","August 1990","Folder title month","August 1990","85051-008","74785758","Brent Scowcroft Schedule Files","Series context and cross-volume routing","Reference context","","","","verified","George H.W. Bush Presidential Records","Schedule Files","","true","0","2663998","1234","HTTP Content-Length","Restricted - Possibly","9681","0","0","0","0","3","5","0","2","0","0","1","0","2","George H.W. Bush Library, Bush Presidential Records, Brent Scowcroft Collection, Schedule Files, OA/ID 85051–008, August 1990.","Source: George H.W. Bush Library, Bush Presidential Records, Brent Scowcroft Collection, Schedule Files, OA/ID 85051–008, August 1990.","https://catalog.archives.gov/id/366552306","https://catalog.archives.gov/medialz/presidential-libraries/bush/gb-gbs/74785758/41-bpr-scow-schedule-85051-008.pdf"
"366551734","1990-08-01","1990-08-31","August 1990","Folder title month","German Unification Files (August 1990)","91116-010","4545942","German Reunification Files","Series context and cross-volume routing","Series context","","","","verified","George H.W. Bush Presidential Records","German Unification Files","Chronological Files","true","0","","8772235","Served size not measured","Restricted - Possibly","30001","0","3","0","0","2","15","1","5","2","1","3","0","0","George H.W. Bush Library, Bush Presidential Records, Brent Scowcroft Collection, German Reunification Files, Chronological Files, OA/ID 91116–010, German Unification (August 1990).","Source: George H.W. Bush Library, Bush Presidential Records, Brent Scowcroft Collection, German Reunification Files, Chronological Files, OA/ID 91116–010, German Unification (August 1990).","https://catalog.archives.gov/id/366551734","https://catalog.archives.gov/medialz/presidential-libraries/bush/gb-gbs/4545942/41-bpr-scow-ger-chron-91116-010.pdf"
"366551754","1990-08-01","1990-08-31","August 1990","Folder title month","USSR Collapse: U.S.--Soviet Relations Thru 1991 (August 1990)","91118-008","4545954","USSR Collapse Files","Series context and cross-volume routing","Series context","","","","verified","George H.W. Bush Presidential Records","USSR Collapse Files","U.S. - Soviet Relations Chronological Files","true","0","28713686","28713686","HTTP Content-Length","Restricted - Possibly","108856","9","6","0","0","3","92","56","7","7","3","1","6","0","George H.W. Bush Library, Bush Presidential Records, Brent Scowcroft Collection, USSR Collapse Files, U.S. - Soviet Relations Chronological Files, OA/ID 91118–008, USSR Collapse: U.S—Soviet Relations Thru 1991 (August 1990).","Source: George H.W. Bush Library, Bush Presidential Records, Brent Scowcroft Collection, USSR Collapse Files, U.S. - Soviet Relations Chronological Files, OA/ID 91118–008, USSR Collapse: U.S—Soviet Relations Thru 1991 (August 1990).","https://catalog.archives.gov/id/366551754","https://catalog.archives.gov/medialz/presidential-libraries/bush/gb-gbs/4545954/41-bpr-scow-ussrco-ussrl-91118-008.pdf"
"366551770","1990-08-01","1990-08-31","August 1990","Folder title month","Soviet Power Collapse in Eastern Europe--SNF [Short-range Nuclear Forces] August 1990","91120-009","4708332","USSR Chronological Files","Series context and cross-volume routing","Series context","","","","verified","George H.W. Bush Presidential Records","USSR Chronological Files","SNF [Short-range Nuclear Forces] Files","true","0","2371134","2371134","HTTP Content-Length","Restricted - Possibly","8237","0","1","0","0","2","2","0","1","0","0","1","0","0","George H.W. Bush Library, Bush Presidential Records, Brent Scowcroft Collection, USSR Chronological Files, SNF [Short-range Nuclear Forces] Files, OA/ID 91120–009, Soviet Power Collapse in Eastern Europe—SNF [Short-range Nuclear Forces]—August 1990.","Source: George H.W. Bush Library, Bush Presidential Records, Brent Scowcroft Collection, USSR Chronological Files, SNF [Short-range Nuclear Forces] Files, OA/ID 91120–009, Soviet Power Collapse in Eastern Europe—SNF [Short-range Nuclear Forces]—August 1990.","https://catalog.archives.gov/id/366551770","https://catalog.archives.gov/medialz/presidential-libraries/bush/gb-gbs/4708332/41-bpr-scow-ussrch-snf-91120-009.pdf"
"366551781","1990-08-01","1990-08-31","August 1990","Folder title month","CFE [Conventional Forces in Europe] (August 1990)","91121-009","4708332","USSR Chronological Files","Series context and cross-volume routing","Series context","","","","verified","George H.W. Bush Presidential Records","USSR Chronological Files","CFE [Conventional Forces in Europe] Files","true","0","5085216","5085216","HTTP Content-Length","Restricted - Possibly","17704","0","4","0","0","2","2","0","1","0","0","0","0","0","George H.W. Bush Library, Bush Presidential Records, Brent Scowcroft Collection, USSR Chronological Files, CFE [Conventional Forces in Europe] Files, OA/ID 91121–009, CFE [Conventional Forces in Europe] Post 1989 (August 1990).","Source: George H.W. Bush Library, Bush Presidential Records, Brent Scowcroft Collection, USSR Chronological Files, CFE [Conventional Forces in Europe] Files, OA/ID 91121–009, CFE [Conventional Forces in Europe] Post 1989 (August 1990).","https://catalog.archives.gov/id/366551781","https://catalog.archives.gov/medialz/presidential-libraries/bush/gb-gbs/4708332/41-bpr-scow-ussrch-cfe-91121-009.pdf"
"366551793","1990-08-01","1990-08-31","August 1990","Folder title month","Soviet Power Collapse in Eastern Europe--Strategic Arms Control (August 1990)","91122-007","4708332","USSR Chronological Files","Series context and cross-volume routing","Series context","","","","verified","George H.W. Bush Presidential Records","USSR Chronological Files","START [Strategic Arms Reduction Treaty] Files","true","0","10743362","10743362","HTTP Content-Length","Restricted - Possibly","43035","0","1","0","0","2","1","0","1","0","0","0","0","0","George H.W. Bush Library, Bush Presidential Records, Brent Scowcroft Collection, USSR Chronological Files, START [Strategic Arms Reduction Treaty] Files, OA/ID 91122–007, Soviet Power Collapse in Eastern Europe—Strategic Arms Control (August 1990).","Source: George H.W. Bush Library, Bush Presidential Records, Brent Scowcroft Collection, USSR Chronological Files, START [Strategic Arms Reduction Treaty] Files, OA/ID 91122–007, Soviet Power Collapse in Eastern Europe—Strategic Arms Control (August 1990).","https://catalog.archives.gov/id/366551793","https://catalog.archives.gov/medialz/presidential-libraries/bush/gb-gbs/4708332/41-bpr-scow-ussrch-start-91122-007.pdf"
"366551905","1990-08-01","1990-08-31","August 1990","Folder title month","Latin America--Central America (August 1990)","91138-009","4545957","Latin America Files","Series context and cross-volume routing","Series context","","","","verified","George H.W. Bush Presidential Records","Latin American Files","Central American Chronological Files","true","0","6058425","6058425","HTTP Content-Length","Restricted - Possibly","20376","0","1","0","0","2","5","0","3","1","1","0","0","0","George H.W. Bush Library, Bush Presidential Records, Brent Scowcroft Collection, Latin American Files, Central American Chronological Files, OA/ID 91138–009, Latin America—Central America (August 1990).","Source: George H.W. Bush Library, Bush Presidential Records, Brent Scowcroft Collection, Latin American Files, Central American Chronological Files, OA/ID 91138–009, Latin America—Central America (August 1990).","https://catalog.archives.gov/id/366551905","https://catalog.archives.gov/medialz/presidential-libraries/bush/gb-gbs/4545957/41-bpr-scow-la-cachr-91138-009.pdf"
"366551918","1990-08-01","1990-08-31","August 1990","Folder title month","Latin America--Economics (August 1990)","91139-009","4545957","Latin America Files","Monetary Policy, Debt, and International Institutions","Volume XXX review","Latin America; Economic policy; Debt and trade; Trade and market access; Debt and international finance; Transition economies; Energy; Agriculture","This file belongs to the complete 13-folder Economic Chronological Files subseries. Screen its decision memoranda, presidential meeting materials, debt papers, trade papers, and follow-up actions individually for Volume XXX and route country-policy material to the appropriate regional volume. Country meeting packets and presidential conversations may duplicate the Presidential Correspondence Files or regional NSC staff files; compare dates, subjects, and document text before promotion.","The official file-unit PDF is online. This collection-wide pass did not establish its served-PDF page count or item boundaries; page totals on withdrawal sheets describe individual entries, not the complete file unit.","verified","George H.W. Bush Presidential Records","Latin American Files","Economic Chronological Files","true","0","14788831","14788831","HTTP Content-Length","Restricted - Possibly","59515","9","3","0","0","14","123","41","28","37","1","1","4","10","George H.W. Bush Library, Bush Presidential Records, Brent Scowcroft Collection, Latin American Files, Economic Chronological Files, OA/ID 91139–009, Latin America—Economics (August 1990).","Source: George H.W. Bush Library, Bush Presidential Records, Brent Scowcroft Collection, Latin American Files, Economic Chronological Files, OA/ID 91139–009, Latin America—Economics (August 1990).","https://catalog.archives.gov/id/366551918","https://catalog.archives.gov/medialz/presidential-libraries/bush/gb-gbs/4545957/41-bpr-scow-la-econchr-91139-009.pdf"
"366551945","1990-08-01","1990-08-31","August 1990","Folder title month","Middle East Peace (August 1990)","91142-009","4545976","Middle East Peace Process Files","Series context and cross-volume routing","Series context","","","","verified","George H.W. Bush Presidential Records","Middle East Peace Process Files","Chronological Files","true","0","2454734","2454734","HTTP Content-Length","Restricted - Possibly","8223","1","1","0","0","0","0","0","0","0","0","0","0","0","George H.W. Bush Library, Bush Presidential Records, Brent Scowcroft Collection, Middle East Peace Process Files, Chronological Files, OA/ID 91142–009, Middle East Peace (August 1990).","Source: George H.W. Bush Library, Bush Presidential Records, Brent Scowcroft Collection, Middle East Peace Process Files, Chronological Files, OA/ID 91142–009, Middle East Peace (August 1990).","https://catalog.archives.gov/id/366551945","https://catalog.archives.gov/medialz/presidential-libraries/bush/gb-gbs/4545976/41-bpr-scow-mepp-chr-91142-009.pdf"
"366551952","1990-08-01","1990-08-31","August 1990","Folder title month","Desert Shield/Desert Storm (August 1990) Part I","91143-006","4708319","Desert Shield and Desert Storm Files","Series context and cross-volume routing","Series context","","","","verified","George H.W. Bush Presidential Records","Desert Shield/Desert Storm Files","Chronological Files","true","0","33237043","33237044","HTTP Content-Length","Restricted - Possibly","117294","18","10","9","0","7","115","28","5","4","44","30","0","3","George H.W. Bush Library, Bush Presidential Records, Brent Scowcroft Collection, Desert Shield and Desert Storm Files, Chronological Files, OA/ID 91143–006, Desert Shield/Desert Storm (August 1990) Part I.","Source: George H.W. Bush Library, Bush Presidential Records, Brent Scowcroft Collection, Desert Shield and Desert Storm Files, Chronological Files, OA/ID 91143–006, Desert Shield/Desert Storm (August 1990) Part I.","https://catalog.archives.gov/id/366551952","https://catalog.archives.gov/medialz/presidential-libraries/bush/gb-gbs/4708319/41-bpr-scow-dsds-chr-91143-006.pdf"
"366551953","1990-08-01","1990-08-31","August 1990","Folder title month","Desert Shield/Desert Storm (August 1990) Part II","91143-007","4708319","Desert Shield and Desert Storm Files","Series context and cross-volume routing","Series context","","","","verified","George H.W. Bush Presidential Records","Desert Shield/Desert Storm Files","Chronological Files","true","0","41026326","41026328","HTTP Content-Length","Restricted - Possibly","145072","5","8","11","0","6","255","54","27","8","66","84","6","8","George H.W. Bush Library, Bush Presidential Records, Brent Scowcroft Collection, Desert Shield and Desert Storm Files, Chronological Files, OA/ID 91143–007, Desert Shield/Desert Storm (August 1990) Part II.","Source: George H.W. Bush Library, Bush Presidential Records, Brent Scowcroft Collection, Desert Shield and Desert Storm Files, Chronological Files, OA/ID 91143–007, Desert Shield/Desert Storm (August 1990) Part II.","https://catalog.archives.gov/id/366551953","https://catalog.archives.gov/medialz/presidential-libraries/bush/gb-gbs/4708319/41-bpr-scow-dsds-chr-91143-007.pdf"
"366551954","1990-08-01","1990-08-31","August 1990","Folder title month","Desert Shield/Desert Storm (August 1990) Part III [1]","91143-008","4708319","Desert Shield and Desert Storm Files","Series context and cross-volume routing","Series context","","","","verified","George H.W. Bush Presidential Records","Desert Shield/Desert Storm Files","Chronological Files","true","0","36098834","36098832","HTTP Content-Length","Restricted - Possibly","133378","13","6","5","0","10","90","7","33","13","23","5","0","2","George H.W. Bush Library, Bush Presidential Records, Brent Scowcroft Collection, Desert Shield and Desert Storm Files, Chronological Files, OA/ID 91143–008, Desert Shield/Desert Storm (August 1990) Part III [1].","Source: George H.W. Bush Library, Bush Presidential Records, Brent Scowcroft Collection, Desert Shield and Desert Storm Files, Chronological Files, OA/ID 91143–008, Desert Shield/Desert Storm (August 1990) Part III [1].","https://catalog.archives.gov/id/366551954","https://catalog.archives.gov/medialz/presidential-libraries/bush/gb-gbs/4708319/41-bpr-scow-dsds-chr-91143-008.pdf"
"366551955","1990-08-01","1990-08-31","August 1990","Folder title month","Desert Shield/Desert Storm (August 1990) Part III [2]","91143-009","4708319","Desert Shield and Desert Storm Files","Monetary Policy, Debt, and International Institutions","Boundary review","Persian Gulf; Burden sharing; Energy; Trade and market access; Debt and international finance; Economic summits and G-7; Transition economies","The full OCR and opening withdrawal inventory identify a significant foreign-economic-policy strand, but the principal narrative belongs in a regional, Soviet, China, German-unification, or Persian Gulf volume. Review for cross-reference or a narrowly selected economic-policy document. Special-separate copy sets, meeting-file duplicates, and later retrospective chronologies are not separately promoted. Compare this file with the controlling regional and presidential records before selection.","The official file-unit PDF is online. This collection-wide pass did not establish its served-PDF page count or item boundaries; page totals on withdrawal sheets describe individual entries, not the complete file unit.","verified","George H.W. Bush Presidential Records","Desert Shield/Desert Storm Files","Chronological Files","true","0","35655020","35655020","HTTP Content-Length","Restricted - Possibly","133750","7","8","8","0","15","304","105","40","18","62","66","0","7","George H.W. Bush Library, Bush Presidential Records, Brent Scowcroft Collection, Desert Shield and Desert Storm Files, Chronological Files, OA/ID 91143–009, Desert Shield/Desert Storm (August 1990) Part III [2].","Source: George H.W. Bush Library, Bush Presidential Records, Brent Scowcroft Collection, Desert Shield and Desert Storm Files, Chronological Files, OA/ID 91143–009, Desert Shield/Desert Storm (August 1990) Part III [2].","https://catalog.archives.gov/id/366551955","https://catalog.archives.gov/medialz/presidential-libraries/bush/gb-gbs/4708319/41-bpr-scow-dsds-chr-91143-009.pdf"
"366552006","1990-08-01","1990-08-31","August 1990","Folder title month","Other (August 1990)","91149-007","4708326","Chronological Files","Series context and cross-volume routing","Series context","","","","verified","George H.W. Bush Presidential Records","Chronological Files","","true","0","8577751","8577751","HTTP Content-Length","Restricted - Possibly","33482","1","1","0","0","10","30","7","9","3","2","5","0","1","George H.W. Bush Library, Bush Presidential Records, Brent Scowcroft Collection, Chronological Files, OA/ID 91149–007, Other (August 1990).","Source: George H.W. Bush Library, Bush Presidential Records, Brent Scowcroft Collection, Chronological Files, OA/ID 91149–007, Other (August 1990).","https://catalog.archives.gov/id/366552006","https://catalog.archives.gov/medialz/presidential-libraries/bush/gb-gbs/4708326/41-bpr-scow-chron-91149-007.pdf"
"366551813","1990-08-01","1990-10-31","August-October 1990","Folder title month range","Soviet Power Collapse in Eastern Europe (August-October 1990)","91125-009","4708332","USSR Chronological Files","Series context and cross-volume routing","Series context","","","","verified","George H.W. Bush Presidential Records","USSR Chronological Files","Soviet Power Collapse in Eastern Europe Files","true","0","28943262","28943262","HTTP Content-Length","Restricted - Possibly","121195","7","8","0","0","12","260","66","102","17","12","20","4","11","George H.W. Bush Library, Bush Presidential Records, Brent Scowcroft Collection, USSR Chronological Files, Soviet Power Collapse in Eastern Europe Files, OA/ID 91125–009, Soviet Power Collapse in Eastern Europe (August—October 1990).","Source: George H.W. Bush Library, Bush Presidential Records, Brent Scowcroft Collection, USSR Chronological Files, Soviet Power Collapse in Eastern Europe Files, OA/ID 91125–009, Soviet Power Collapse in Eastern Europe (August—October 1990).","https://catalog.archives.gov/id/366551813","https://catalog.archives.gov/medialz/presidential-libraries/bush/gb-gbs/4708332/41-bpr-scow-ussrch-svp-91125-009.pdf"
"366552234","1990-08-01","1990-11-04","August 1, 1990-November 4, 1990","Folder title date range","August 1, 1990 to November 4, 1990","85045-001","74785834","Brent Scowcroft Gulf War Article Files","Series context and cross-volume routing","Reference context","","","","verified","George H.W. Bush Presidential Records","Gulf War Articles Files","","true","0","2228133","1234","HTTP Content-Length","Restricted - Possibly","10177","0","0","0","0","5","4","0","4","0","0","0","0","0","George H.W. Bush Library, Bush Presidential Records, Brent Scowcroft Collection, Gulf War Articles Files, OA/ID 85045–001, August 1, 1990 to November 4, 1990.","Source: George H.W. Bush Library, Bush Presidential Records, Brent Scowcroft Collection, Gulf War Articles Files, OA/ID 85045–001, August 1, 1990 to November 4, 1990.","https://catalog.archives.gov/id/366552234","https://catalog.archives.gov/medialz/presidential-libraries/bush/gb-gbs/74785834/41-bpr-scow-gwa-85045-001.pdf"
"366551693","1990-08-02","1990-08-20","August 2, 1990-August 20, 1990","Folder title date range","Presidential Telephone Calls--Memorandum of Conversations 8/2/90-8/20/90","91112-001","4545941","Presidential Correspondence Files","Strategic Trade, Technology, and Investment Controls","Volume XXX review","Presidential telephone conversations; Economic-content review; Parallel-copy check; Trade and market access; Debt and international finance; Economic summits and G-7; Energy","The complete Scowcroft folder contains presidential memoranda of conversation or telephone conversations with substantive economic-policy OCR signals. Review each conversation separately and promote only the passages that bear directly on Volume XXX. Parallel-copy control: match each conversation to the Bush Library Memcons and Telcons index and its canonical NARA item before selection. A Scowcroft folder copy is not a second documentary entry.","The official file-unit PDF is online. This collection-wide pass did not establish its served-PDF page count or item boundaries; page totals on withdrawal sheets describe individual entries, not the complete file unit.","verified","George H.W. Bush Presidential Records","Presidential Correspondence Files","Presidential Telcon Files","true","0","40326457","40326456","HTTP Content-Length","Restricted - Possibly","176379","0","0","41","0","6","149","38","5","11","53","41","0","0","George H.W. Bush Library, Bush Presidential Records, Brent Scowcroft Collection, Presidential Correspondence Files, Presidential Telcon Files, OA/ID 91112–001, Presidential Telephone Calls—Memorandum of Conversations 8/2/90—8/20/90.","Source: George H.W. Bush Library, Bush Presidential Records, Brent Scowcroft Collection, Presidential Correspondence Files, Presidential Telcon Files, OA/ID 91112–001, Presidential Telephone Calls—Memorandum of Conversations 8/2/90—8/20/90.","https://catalog.archives.gov/id/366551693","https://catalog.archives.gov/medialz/presidential-libraries/bush/gb-gbs/4545941/41-bpr-scow-pcor-telcon-91112-001.pdf"
"366551694","1990-08-22","1990-10-05","August 22, 1990-October 5, 1990","Folder title date range","Presidential Telephone Calls--Memorandum of Conversations 8/22/90-10/5/90","91112-002","4545941","Presidential Correspondence Files","Series context and cross-volume routing","Series context","","","","verified","George H.W. Bush Presidential Records","Presidential Correspondence Files","Presidential Telcon Files","true","0","42868767","42868768","HTTP Content-Length","Restricted - Possibly","185947","0","0","51","0","9","151","15","25","8","76","17","3","7","George H.W. Bush Library, Bush Presidential Records, Brent Scowcroft Collection, Presidential Correspondence Files, Presidential Telcon Files, OA/ID 91112–002, Presidential Telephone Calls—Memorandum of Conversations 8/22/90—10/5/90.","Source: George H.W. Bush Library, Bush Presidential Records, Brent Scowcroft Collection, Presidential Correspondence Files, Presidential Telcon Files, OA/ID 91112–002, Presidential Telephone Calls—Memorandum of Conversations 8/22/90—10/5/90.","https://catalog.archives.gov/id/366551694","https://catalog.archives.gov/medialz/presidential-libraries/bush/gb-gbs/4545941/41-bpr-scow-pcor-telcon-91112-002.pdf"
"366552214","1990-09-01","1990-09-30","September 1990","Folder title month","September 1990","85043-002","74785827","Brent Scowcroft Media Articles Files","Series context and cross-volume routing","Reference context","","","","verified","George H.W. Bush Presidential Records","Media Articles Files","","true","0","28042666","1234","HTTP Content-Length","Restricted - Possibly","235650","0","0","0","0","0","175","43","10","19","63","34","0","6","George H.W. Bush Library, Bush Presidential Records, Brent Scowcroft Collection, Media Articles Files, OA/ID 85043–002, September 1990.","Source: George H.W. Bush Library, Bush Presidential Records, Brent Scowcroft Collection, Media Articles Files, OA/ID 85043–002, September 1990.","https://catalog.archives.gov/id/366552214","https://catalog.archives.gov/medialz/presidential-libraries/bush/gb-gbs/74785827/41-bpr-scow-ma-85043-002.pdf"
"366552259","1990-09-01","1990-09-30","September 1990","Folder title month","September 1990","85047-009","74785753","Brent Scowcroft Scheduled Calls Files","Series context and cross-volume routing","Reference context","","","","verified","George H.W. Bush Presidential Records","Scheduled Calls Files","","true","0","15380982","1234","HTTP Content-Length","Restricted - Possibly","73137","0","0","0","0","0","16","0","0","2","0","2","0","11","George H.W. Bush Library, Bush Presidential Records, Brent Scowcroft Collection, Scheduled Calls Files, OA/ID 85047–009, September 1990.","Source: George H.W. Bush Library, Bush Presidential Records, Brent Scowcroft Collection, Scheduled Calls Files, OA/ID 85047–009, September 1990.","https://catalog.archives.gov/id/366552259","https://catalog.archives.gov/medialz/presidential-libraries/bush/gb-gbs/74785753/41-bpr-scow-schcalls-85047-009.pdf"
"366552307","1990-09-01","1990-09-30","September 1990","Folder title month","September 1990","85051-009","74785758","Brent Scowcroft Schedule Files","Series context and cross-volume routing","Reference context","","","","verified","George H.W. Bush Presidential Records","Schedule Files","","true","0","2228813","1234","HTTP Content-Length","Restricted - Possibly","8258","0","0","0","0","3","2","0","2","0","0","0","0","0","George H.W. Bush Library, Bush Presidential Records, Brent Scowcroft Collection, Schedule Files, OA/ID 85051–009, September 1990.","Source: George H.W. Bush Library, Bush Presidential Records, Brent Scowcroft Collection, Schedule Files, OA/ID 85051–009, September 1990.","https://catalog.archives.gov/id/366552307","https://catalog.archives.gov/medialz/presidential-libraries/bush/gb-gbs/74785758/41-bpr-scow-schedule-85051-009.pdf"
"366551735","1990-09-01","1990-09-30","September 1990","Folder title month","German Unification Files (September 1990)","91116-011","4545942","German Reunification Files","Series context and cross-volume routing","Series context","","","","verified","George H.W. Bush Presidential Records","German Unification Files","Chronological Files","true","0","11244716","11244716","HTTP Content-Length","Restricted - Possibly","41320","4","3","0","0","4","3","0","3","0","0","0","0","0","George H.W. Bush Library, Bush Presidential Records, Brent Scowcroft Collection, German Reunification Files, Chronological Files, OA/ID 91116–011, German Unification (September 1990).","Source: George H.W. Bush Library, Bush Presidential Records, Brent Scowcroft Collection, German Reunification Files, Chronological Files, OA/ID 91116–011, German Unification (September 1990).","https://catalog.archives.gov/id/366551735","https://catalog.archives.gov/medialz/presidential-libraries/bush/gb-gbs/4545942/41-bpr-scow-ger-chron-91116-011.pdf"
"366551755","1990-09-01","1990-09-30","September 1990","Folder title month","USSR Collapse: U.S.--Soviet Relations Thru 1991 (September 1990) [1]","91118-009","4545954","USSR Collapse Files","Series context and cross-volume routing","Series context","","","","verified","George H.W. Bush Presidential Records","USSR Collapse Files","U.S. - Soviet Relations Chronological Files","true","0","49603595","49603596","HTTP Content-Length","Restricted - Possibly","193961","4","4","0","0","29","241","81","46","39","17","35","5","0","George H.W. Bush Library, Bush Presidential Records, Brent Scowcroft Collection, USSR Collapse Files, U.S. - Soviet Relations Chronological Files, OA/ID 91118–009, USSR Collapse: U.S—Soviet Relations Thru 1991 (September 1990) [1].","Source: George H.W. Bush Library, Bush Presidential Records, Brent Scowcroft Collection, USSR Collapse Files, U.S. - Soviet Relations Chronological Files, OA/ID 91118–009, USSR Collapse: U.S—Soviet Relations Thru 1991 (September 1990) [1].","https://catalog.archives.gov/id/366551755","https://catalog.archives.gov/medialz/presidential-libraries/bush/gb-gbs/4545954/41-bpr-scow-ussrco-ussrl-91118-009.pdf"
"366551756","1990-09-01","1990-09-30","September 1990","Folder title month","USSR Collapse: U.S.--Soviet Relations Thru 1991 (September 1990) [2]","91118-010","4545954","USSR Collapse Files","Series context and cross-volume routing","Series context","","","","verified","George H.W. Bush Presidential Records","USSR Collapse Files","U.S. - Soviet Relations Chronological Files","true","0","22436079","22436080","HTTP Content-Length","Restricted - Possibly","84621","4","5","0","0","9","105","26","12","24","5","19","0","1","George H.W. Bush Library, Bush Presidential Records, Brent Scowcroft Collection, USSR Collapse Files, U.S. - Soviet Relations Chronological Files, OA/ID 91118–010, USSR Collapse: U.S—Soviet Relations Thru 1991 (September 1990) [2].","Source: George H.W. Bush Library, Bush Presidential Records, Brent Scowcroft Collection, USSR Collapse Files, U.S. - Soviet Relations Chronological Files, OA/ID 91118–010, USSR Collapse: U.S—Soviet Relations Thru 1991 (September 1990) [2].","https://catalog.archives.gov/id/366551756","https://catalog.archives.gov/medialz/presidential-libraries/bush/gb-gbs/4545954/41-bpr-scow-ussrco-ussrl-91118-010.pdf"
"366551782","1990-09-01","1990-09-30","September 1990","Folder title month","CFE [Conventional Forces in Europe] (September 1990)","91121-010","4708332","USSR Chronological Files","Series context and cross-volume routing","Series context","","","","verified","George H.W. Bush Presidential Records","USSR Chronological Files","CFE [Conventional Forces in Europe] Files","true","0","9144293","9144293","HTTP Content-Length","Restricted - Possibly","41232","0","0","0","0","1","3","0","0","0","0","0","0","0","George H.W. Bush Library, Bush Presidential Records, Brent Scowcroft Collection, USSR Chronological Files, CFE [Conventional Forces in Europe] Files, OA/ID 91121–010, CFE [Conventional Forces in Europe] Post 1989 (September 1990).","Source: George H.W. Bush Library, Bush Presidential Records, Brent Scowcroft Collection, USSR Chronological Files, CFE [Conventional Forces in Europe] Files, OA/ID 91121–010, CFE [Conventional Forces in Europe] Post 1989 (September 1990).","https://catalog.archives.gov/id/366551782","https://catalog.archives.gov/medialz/presidential-libraries/bush/gb-gbs/4708332/41-bpr-scow-ussrch-cfe-91121-010.pdf"
"366551864","1990-09-01","1990-09-30","September 1990","Folder title month","China: Post-Tiananmen (September 1990) [1]","91133-001","4545955","China Chronological Files","Monetary Policy, Debt, and International Institutions","Boundary review","China; World Bank lending; Post-Tiananmen policy; Debt and international finance; Economic summits and G-7; Transition economies","The full OCR and opening withdrawal inventory identify a significant foreign-economic-policy strand, but the principal narrative belongs in a regional, Soviet, China, German-unification, or Persian Gulf volume. Review for cross-reference or a narrowly selected economic-policy document. Special-separate copy sets, meeting-file duplicates, and later retrospective chronologies are not separately promoted. Compare this file with the controlling regional and presidential records before selection.","The official file-unit PDF is online. This collection-wide pass did not establish its served-PDF page count or item boundaries; page totals on withdrawal sheets describe individual entries, not the complete file unit.","verified","George H.W. Bush Presidential Records","China Chronological Files","Post-Tiananmen Files","true","0","5124840","5124840","HTTP Content-Length","Restricted - Possibly","10297","0","1","0","0","0","31","12","10","0","0","0","0","0","George H.W. Bush Library, Bush Presidential Records, Brent Scowcroft Collection, China Chronological Files, Post-Tiananmen Files, OA/ID 91133–001, China: Post-Tiananmen (September 1990) [1].","Source: George H.W. Bush Library, Bush Presidential Records, Brent Scowcroft Collection, China Chronological Files, Post-Tiananmen Files, OA/ID 91133–001, China: Post-Tiananmen (September 1990) [1].","https://catalog.archives.gov/id/366551864","https://catalog.archives.gov/medialz/presidential-libraries/bush/gb-gbs/4545955/41-bpr-scow-cc-ptian-91133-001.pdf"
"366551865","1990-09-01","1990-09-30","September 1990","Folder title month","China: Post-Tiananmen (September 1990) [2]","91133-002","4545955","China Chronological Files","Series context and cross-volume routing","Series context","","","","verified","George H.W. Bush Presidential Records","China Chronological Files","Post-Tiananmen Files","true","0","26852259","26852260","HTTP Content-Length","Restricted - Possibly","106341","4","3","0","0","6","74","5","10","39","5","7","0","0","George H.W. Bush Library, Bush Presidential Records, Brent Scowcroft Collection, China Chronological Files, Post-Tiananmen Files, OA/ID 91133–002, China: Post-Tiananmen (September 1990) [2].","Source: George H.W. Bush Library, Bush Presidential Records, Brent Scowcroft Collection, China Chronological Files, Post-Tiananmen Files, OA/ID 91133–002, China: Post-Tiananmen (September 1990) [2].","https://catalog.archives.gov/id/366551865","https://catalog.archives.gov/medialz/presidential-libraries/bush/gb-gbs/4545955/41-bpr-scow-cc-ptian-91133-002.pdf"
"366551906","1990-09-01","1990-09-30","September 1990","Folder title month","Latin America--Central America (September 1990)","91138-010","4545957","Latin America Files","Series context and cross-volume routing","Series context","","","","verified","George H.W. Bush Presidential Records","Latin American Files","Central American Chronological Files","true","0","3942110","3942110","HTTP Content-Length","Restricted - Possibly","14456","0","2","0","0","1","30","9","4","4","1","1","0","9","George H.W. Bush Library, Bush Presidential Records, Brent Scowcroft Collection, Latin American Files, Central American Chronological Files, OA/ID 91138–010, Latin America—Central America (September 1990).","Source: George H.W. Bush Library, Bush Presidential Records, Brent Scowcroft Collection, Latin American Files, Central American Chronological Files, OA/ID 91138–010, Latin America—Central America (September 1990).","https://catalog.archives.gov/id/366551906","https://catalog.archives.gov/medialz/presidential-libraries/bush/gb-gbs/4545957/41-bpr-scow-la-cachr-91138-010.pdf"
"366551919","1990-09-01","1990-09-30","September 1990","Folder title month","Latin America--Economics (September 1990)","91139-010","4545957","Latin America Files","Monetary Policy, Debt, and International Institutions","Volume XXX review","Latin America; Economic policy; Debt and trade; Trade and market access; Debt and international finance","This file belongs to the complete 13-folder Economic Chronological Files subseries. Screen its decision memoranda, presidential meeting materials, debt papers, trade papers, and follow-up actions individually for Volume XXX and route country-policy material to the appropriate regional volume. Country meeting packets and presidential conversations may duplicate the Presidential Correspondence Files or regional NSC staff files; compare dates, subjects, and document text before promotion.","The official file-unit PDF is online. This collection-wide pass did not establish its served-PDF page count or item boundaries; page totals on withdrawal sheets describe individual entries, not the complete file unit.","verified","George H.W. Bush Presidential Records","Latin American Files","Economic Chronological Files","true","0","5393160","5393160","HTTP Content-Length","Restricted - Possibly","22337","4","2","0","0","8","28","19","6","3","0","0","0","0","George H.W. Bush Library, Bush Presidential Records, Brent Scowcroft Collection, Latin American Files, Economic Chronological Files, OA/ID 91139–010, Latin America—Economics (September 1990).","Source: George H.W. Bush Library, Bush Presidential Records, Brent Scowcroft Collection, Latin American Files, Economic Chronological Files, OA/ID 91139–010, Latin America—Economics (September 1990).","https://catalog.archives.gov/id/366551919","https://catalog.archives.gov/medialz/presidential-libraries/bush/gb-gbs/4545957/41-bpr-scow-la-econchr-91139-010.pdf"
"366551930","1990-09-01","1990-09-30","September 1990","Folder title month","Latin America--Panama (September 1990)","91140-008","4545957","Latin America Files","Series context and cross-volume routing","Series context","","","","verified","George H.W. Bush Presidential Records","Latin American Files","Panama Chronological Files","true","0","9712969","9712969","HTTP Content-Length","Restricted - Possibly","38038","8","2","0","0","6","34","10","18","4","2","0","0","0","George H.W. Bush Library, Bush Presidential Records, Brent Scowcroft Collection, Latin American Files, Panama Chronological Files, OA/ID 91140–008, Latin America—Panama (September 1990).","Source: George H.W. Bush Library, Bush Presidential Records, Brent Scowcroft Collection, Latin American Files, Panama Chronological Files, OA/ID 91140–008, Latin America—Panama (September 1990).","https://catalog.archives.gov/id/366551930","https://catalog.archives.gov/medialz/presidential-libraries/bush/gb-gbs/4545957/41-bpr-scow-la-panama-91140-008.pdf"
"366551956","1990-09-01","1990-09-30","September 1990","Folder title month","Desert Shield/Desert Storm (September 1990) Part I [1]","91144-001","4708319","Desert Shield and Desert Storm Files","Series context and cross-volume routing","Series context","","","","verified","George H.W. Bush Presidential Records","Desert Shield/Desert Storm Files","Chronological Files","true","0","37261191","37261192","HTTP Content-Length","Restricted - Possibly","140569","1","12","4","0","14","105","33","12","14","19","0","0","0","George H.W. Bush Library, Bush Presidential Records, Brent Scowcroft Collection, Desert Shield and Desert Storm Files, Chronological Files, OA/ID 91144–001, Desert Shield/Desert Storm (September 1990) Part I [1].","Source: George H.W. Bush Library, Bush Presidential Records, Brent Scowcroft Collection, Desert Shield and Desert Storm Files, Chronological Files, OA/ID 91144–001, Desert Shield/Desert Storm (September 1990) Part I [1].","https://catalog.archives.gov/id/366551956","https://catalog.archives.gov/medialz/presidential-libraries/bush/gb-gbs/4708319/41-bpr-scow-dsds-chr-91144-001.pdf"
"366551957","1990-09-01","1990-09-30","September 1990","Folder title month","Desert Shield/Desert Storm (September 1990) Part I [2]","91144-002","4708319","Desert Shield and Desert Storm Files","Series context and cross-volume routing","Series context","","","","verified","George H.W. Bush Presidential Records","Desert Shield/Desert Storm Files","Chronological Files","true","0","30942436","30942436","HTTP Content-Length","Restricted - Possibly","113301","2","8","0","0","15","114","14","33","51","9","4","0","2","George H.W. Bush Library, Bush Presidential Records, Brent Scowcroft Collection, Desert Shield and Desert Storm Files, Chronological Files, OA/ID 91144–002, Desert Shield/Desert Storm (September 1990) Part I [2].","Source: George H.W. Bush Library, Bush Presidential Records, Brent Scowcroft Collection, Desert Shield and Desert Storm Files, Chronological Files, OA/ID 91144–002, Desert Shield/Desert Storm (September 1990) Part I [2].","https://catalog.archives.gov/id/366551957","https://catalog.archives.gov/medialz/presidential-libraries/bush/gb-gbs/4708319/41-bpr-scow-dsds-chr-91144-002.pdf"
"366551958","1990-09-01","1990-09-30","September 1990","Folder title month","Desert Shield/Desert Storm (September 1990) Part II [1]","91144-003","4708319","Desert Shield and Desert Storm Files","Series context and cross-volume routing","Series context","","","","verified","George H.W. Bush Presidential Records","Desert Shield/Desert Storm Files","Chronological Files","true","0","37321314","37321312","HTTP Content-Length","Restricted - Possibly","150649","9","10","0","0","16","127","21","42","1","9","48","1","5","George H.W. Bush Library, Bush Presidential Records, Brent Scowcroft Collection, Desert Shield and Desert Storm Files, Chronological Files, OA/ID 91144–003, Desert Shield/Desert Storm (September 1990) Part II [1].","Source: George H.W. Bush Library, Bush Presidential Records, Brent Scowcroft Collection, Desert Shield and Desert Storm Files, Chronological Files, OA/ID 91144–003, Desert Shield/Desert Storm (September 1990) Part II [1].","https://catalog.archives.gov/id/366551958","https://catalog.archives.gov/medialz/presidential-libraries/bush/gb-gbs/4708319/41-bpr-scow-dsds-chr-91144-003.pdf"
"366551959","1990-09-01","1990-09-30","September 1990","Folder title month","Desert Shield/Desert Storm (September 1990) Part II [2]","91144-004","4708319","Desert Shield and Desert Storm Files","Monetary Policy, Debt, and International Institutions","Boundary review","Persian Gulf; Oil prices; Debt; Trade and market access; Debt and international finance; Energy","The full OCR and opening withdrawal inventory identify a significant foreign-economic-policy strand, but the principal narrative belongs in a regional, Soviet, China, German-unification, or Persian Gulf volume. Review for cross-reference or a narrowly selected economic-policy document. Special-separate copy sets, meeting-file duplicates, and later retrospective chronologies are not separately promoted. Compare this file with the controlling regional and presidential records before selection.","The official file-unit PDF is online. This collection-wide pass did not establish its served-PDF page count or item boundaries; page totals on withdrawal sheets describe individual entries, not the complete file unit.","verified","George H.W. Bush Presidential Records","Desert Shield/Desert Storm Files","Chronological Files","true","0","26390010","26390010","HTTP Content-Length","Restricted - Possibly","112497","1","3","0","0","12","212","27","39","40","16","85","0","5","George H.W. Bush Library, Bush Presidential Records, Brent Scowcroft Collection, Desert Shield and Desert Storm Files, Chronological Files, OA/ID 91144–004, Desert Shield/Desert Storm (September 1990) Part II [2].","Source: George H.W. Bush Library, Bush Presidential Records, Brent Scowcroft Collection, Desert Shield and Desert Storm Files, Chronological Files, OA/ID 91144–004, Desert Shield/Desert Storm (September 1990) Part II [2].","https://catalog.archives.gov/id/366551959","https://catalog.archives.gov/medialz/presidential-libraries/bush/gb-gbs/4708319/41-bpr-scow-dsds-chr-91144-004.pdf"
"366552007","1990-09-01","1990-09-30","September 1990","Folder title month","Other (September 1990)","91149-008","4708326","Chronological Files","Series context and cross-volume routing","Series context","","","","verified","George H.W. Bush Presidential Records","Chronological Files","","true","0","25961203","25961204","HTTP Content-Length","Restricted - Possibly","98451","0","6","0","0","10","128","29","28","12","20","33","1","4","George H.W. Bush Library, Bush Presidential Records, Brent Scowcroft Collection, Chronological Files, OA/ID 91149–008, Other (September 1990).","Source: George H.W. Bush Library, Bush Presidential Records, Brent Scowcroft Collection, Chronological Files, OA/ID 91149–008, Other (September 1990).","https://catalog.archives.gov/id/366552007","https://catalog.archives.gov/medialz/presidential-libraries/bush/gb-gbs/4708326/41-bpr-scow-chron-91149-008.pdf"
"366551671","1990-09-25","1990-10-31","September 25, 1990-October 31, 1990","Folder title date range","Presidential Meetings--Memorandum of Conversations 9/25/90-10/31/90","91108-002","4545941","Presidential Correspondence Files","Trade Policy and Market Access","Volume XXX review","Presidential conversations; Economic-content review; Parallel-copy check; Trade and market access; Debt and international finance; Economic summits and G-7; Transition economies; Energy; Agriculture","The complete Scowcroft folder contains presidential memoranda of conversation or telephone conversations with substantive economic-policy OCR signals. Review each conversation separately and promote only the passages that bear directly on Volume XXX. Parallel-copy control: match each conversation to the Bush Library Memcons and Telcons index and its canonical NARA item before selection. A Scowcroft folder copy is not a second documentary entry.","The official file-unit PDF is online. This collection-wide pass did not establish its served-PDF page count or item boundaries; page totals on withdrawal sheets describe individual entries, not the complete file unit.","verified","George H.W. Bush Presidential Records","Presidential Correspondence Files","Presidential Memcons Files","true","0","62671991","62671992","HTTP Content-Length","Restricted - Possibly","281830","0","0","54","0","7","375","77","54","86","36","64","29","18","George H.W. Bush Library, Bush Presidential Records, Brent Scowcroft Collection, Presidential Correspondence Files, Presidential Memcons Files, OA/ID 91108–002, Presidential Meetings—Memorandum of Conversations 9/25/90—10/31/90.","Source: George H.W. Bush Library, Bush Presidential Records, Brent Scowcroft Collection, Presidential Correspondence Files, Presidential Memcons Files, OA/ID 91108–002, Presidential Meetings—Memorandum of Conversations 9/25/90—10/31/90.","https://catalog.archives.gov/id/366551671","https://catalog.archives.gov/medialz/presidential-libraries/bush/gb-gbs/4545941/41-bpr-scow-pcor-memcon-91108-002.pdf"
"366552215","1990-10-01","1990-10-31","October 1990","Folder title month","October 1990","85043-003","74785827","Brent Scowcroft Media Articles Files","Series context and cross-volume routing","Reference context","","","","verified","George H.W. Bush Presidential Records","Media Articles Files","","true","0","35395576","1234","HTTP Content-Length","Restricted - Possibly","228588","0","0","0","0","0","131","27","9","20","43","26","1","3","George H.W. Bush Library, Bush Presidential Records, Brent Scowcroft Collection, Media Articles Files, OA/ID 85043–003, October 1990.","Source: George H.W. Bush Library, Bush Presidential Records, Brent Scowcroft Collection, Media Articles Files, OA/ID 85043–003, October 1990.","https://catalog.archives.gov/id/366552215","https://catalog.archives.gov/medialz/presidential-libraries/bush/gb-gbs/74785827/41-bpr-scow-ma-85043-003.pdf"
"366552260","1990-10-01","1990-10-31","October 1990","Folder title month","October 1990","85047-010","74785753","Brent Scowcroft Scheduled Calls Files","Series context and cross-volume routing","Reference context","","","","verified","George H.W. Bush Presidential Records","Scheduled Calls Files","","true","0","18325732","1234","HTTP Content-Length","Restricted - Possibly","85436","0","0","0","0","3","18","0","6","2","0","1","6","3","George H.W. Bush Library, Bush Presidential Records, Brent Scowcroft Collection, Scheduled Calls Files, OA/ID 85047–010, October 1990.","Source: George H.W. Bush Library, Bush Presidential Records, Brent Scowcroft Collection, Scheduled Calls Files, OA/ID 85047–010, October 1990.","https://catalog.archives.gov/id/366552260","https://catalog.archives.gov/medialz/presidential-libraries/bush/gb-gbs/74785753/41-bpr-scow-schcalls-85047-010.pdf"
"366552308","1990-10-01","1990-10-31","October 1990","Folder title month","October 1990","85051-010","74785758","Brent Scowcroft Schedule Files","Series context and cross-volume routing","Reference context","","","","verified","George H.W. Bush Presidential Records","Schedule Files","","true","0","5281345","1234","HTTP Content-Length","Restricted - Possibly","21641","0","0","0","0","7","6","0","6","0","0","0","0","0","George H.W. Bush Library, Bush Presidential Records, Brent Scowcroft Collection, Schedule Files, OA/ID 85051–010, October 1990.","Source: George H.W. Bush Library, Bush Presidential Records, Brent Scowcroft Collection, Schedule Files, OA/ID 85051–010, October 1990.","https://catalog.archives.gov/id/366552308","https://catalog.archives.gov/medialz/presidential-libraries/bush/gb-gbs/74785758/41-bpr-scow-schedule-85051-010.pdf"
"366551736","1990-10-01","1990-10-31","October 1990","Folder title month","German Unification Files (October 1990)","91116-012","4545942","German Reunification Files","Series context and cross-volume routing","Series context","","","","verified","George H.W. Bush Presidential Records","German Unification Files","Chronological Files","true","0","","2173369","Served size not measured","Restricted - Possibly","6042","0","1","0","0","1","8","0","0","3","1","0","4","0","George H.W. Bush Library, Bush Presidential Records, Brent Scowcroft Collection, German Reunification Files, Chronological Files, OA/ID 91116–012, German Unification (October 1990).","Source: George H.W. Bush Library, Bush Presidential Records, Brent Scowcroft Collection, German Reunification Files, Chronological Files, OA/ID 91116–012, German Unification (October 1990).","https://catalog.archives.gov/id/366551736","https://catalog.archives.gov/medialz/presidential-libraries/bush/gb-gbs/4545942/41-bpr-scow-ger-chron-91116-012.pdf"
"366551757","1990-10-01","1990-10-31","October 1990","Folder title month","USSR Collapse: U.S.--Soviet Relations Thru 1991 (October 1990)","91119-001","4545954","USSR Collapse Files","Series context and cross-volume routing","Series context","","","","verified","George H.W. Bush Presidential Records","USSR Collapse Files","U.S. - Soviet Relations Chronological Files","true","0","25991382","25991382","HTTP Content-Length","Restricted - Possibly","101228","4","6","0","0","11","140","29","13","41","31","2","15","2","George H.W. Bush Library, Bush Presidential Records, Brent Scowcroft Collection, USSR Collapse Files, U.S. - Soviet Relations Chronological Files, OA/ID 91119–001, USSR Collapse: U.S—Soviet Relations Thru 1991 (October 1990).","Source: George H.W. Bush Library, Bush Presidential Records, Brent Scowcroft Collection, USSR Collapse Files, U.S. - Soviet Relations Chronological Files, OA/ID 91119–001, USSR Collapse: U.S—Soviet Relations Thru 1991 (October 1990).","https://catalog.archives.gov/id/366551757","https://catalog.archives.gov/medialz/presidential-libraries/bush/gb-gbs/4545954/41-bpr-scow-ussrco-ussrl-91119-001.pdf"
"366551771","1990-10-01","1990-10-31","October 1990","Folder title month","SNF [Short-range Nuclear Forces] October 1990","91120-010","4708332","USSR Chronological Files","Series context and cross-volume routing","Series context","","","","verified","George H.W. Bush Presidential Records","USSR Chronological Files","SNF [Short-range Nuclear Forces] Files","true","0","","3988937","Served size not measured","Restricted - Possibly","15133","0","1","0","0","4","3","0","3","0","0","0","0","0","George H.W. Bush Library, Bush Presidential Records, Brent Scowcroft Collection, USSR Chronological Files, SNF [Short-range Nuclear Forces] Files, OA/ID 91120–010, SNF [Short-range Nuclear Forces]—October 1990.","Source: George H.W. Bush Library, Bush Presidential Records, Brent Scowcroft Collection, USSR Chronological Files, SNF [Short-range Nuclear Forces] Files, OA/ID 91120–010, SNF [Short-range Nuclear Forces]—October 1990.","https://catalog.archives.gov/id/366551771","https://catalog.archives.gov/medialz/presidential-libraries/bush/gb-gbs/4708332/41-bpr-scow-ussrch-snf-91120-010.pdf"
"366551783","1990-10-01","1990-10-31","October 1990","Folder title month","CFE [Conventional Forces in Europe] (October 1990)","91121-011","4708332","USSR Chronological Files","Series context and cross-volume routing","Series context","","","","verified","George H.W. Bush Presidential Records","USSR Chronological Files","CFE [Conventional Forces in Europe] Files","true","0","4870124","4870124","HTTP Content-Length","Restricted - Possibly","14710","1","2","0","0","1","0","0","0","0","0","0","0","0","George H.W. Bush Library, Bush Presidential Records, Brent Scowcroft Collection, USSR Chronological Files, CFE [Conventional Forces in Europe] Files, OA/ID 91121–011, CFE [Conventional Forces in Europe] Post 1989 (October 1990).","Source: George H.W. Bush Library, Bush Presidential Records, Brent Scowcroft Collection, USSR Chronological Files, CFE [Conventional Forces in Europe] Files, OA/ID 91121–011, CFE [Conventional Forces in Europe] Post 1989 (October 1990).","https://catalog.archives.gov/id/366551783","https://catalog.archives.gov/medialz/presidential-libraries/bush/gb-gbs/4708332/41-bpr-scow-ussrch-cfe-91121-011.pdf"
"366551866","1990-10-01","1990-10-31","October 1990","Folder title month","China: Post-Tiananmen (October 1990)","91133-003","4545955","China Chronological Files","Series context and cross-volume routing","Series context","","","","verified","George H.W. Bush Presidential Records","China Chronological Files","Post-Tiananmen Files","true","0","7161159","7161159","HTTP Content-Length","Restricted - Possibly","26648","0","2","0","0","3","21","8","3","4","6","0","0","0","George H.W. Bush Library, Bush Presidential Records, Brent Scowcroft Collection, China Chronological Files, Post-Tiananmen Files, OA/ID 91133–003, China: Post-Tiananmen (October 1990).","Source: George H.W. Bush Library, Bush Presidential Records, Brent Scowcroft Collection, China Chronological Files, Post-Tiananmen Files, OA/ID 91133–003, China: Post-Tiananmen (October 1990).","https://catalog.archives.gov/id/366551866","https://catalog.archives.gov/medialz/presidential-libraries/bush/gb-gbs/4545955/41-bpr-scow-cc-ptian-91133-003.pdf"
"366551907","1990-10-01","1990-10-31","October 1990","Folder title month","Central America (October 1990)","91138-011","4545957","Latin America Files","Series context and cross-volume routing","Series context","","","","verified","George H.W. Bush Presidential Records","Latin American Files","Central American Chronological Files","true","0","19443468","19219740","HTTP Content-Length","Restricted - Possibly","78558","14","3","0","0","4","110","42","11","47","3","2","2","1","George H.W. Bush Library, Bush Presidential Records, Brent Scowcroft Collection, Latin American Files, Central American Chronological Files, OA/ID 91138–011, Central America (October 1990).","Source: George H.W. Bush Library, Bush Presidential Records, Brent Scowcroft Collection, Latin American Files, Central American Chronological Files, OA/ID 91138–011, Central America (October 1990).","https://catalog.archives.gov/id/366551907","https://catalog.archives.gov/medialz/presidential-libraries/bush/gb-gbs/4545957/41-bpr-scow-la-cachr-91138-011.pdf"
"366551920","1990-10-01","1990-10-31","October 1990","Folder title month","Latin America--Economics (October 1990)","91139-011","4545957","Latin America Files","Monetary Policy, Debt, and International Institutions","Volume XXX review","Latin America; Economic policy; Debt and trade; Trade and market access; Debt and international finance; Economic summits and G-7; Transition economies; Energy; Agriculture","This file belongs to the complete 13-folder Economic Chronological Files subseries. Screen its decision memoranda, presidential meeting materials, debt papers, trade papers, and follow-up actions individually for Volume XXX and route country-policy material to the appropriate regional volume. Country meeting packets and presidential conversations may duplicate the Presidential Correspondence Files or regional NSC staff files; compare dates, subjects, and document text before promotion.","The official file-unit PDF is online. This collection-wide pass did not establish its served-PDF page count or item boundaries; page totals on withdrawal sheets describe individual entries, not the complete file unit.","verified","George H.W. Bush Presidential Records","Latin American Files","Economic Chronological Files","true","0","46326058","41499024","HTTP Content-Length","Restricted - Possibly","163628","7","9","0","0","16","477","125","171","102","23","2","1","45","George H.W. Bush Library, Bush Presidential Records, Brent Scowcroft Collection, Latin American Files, Economic Chronological Files, OA/ID 91139–011, Latin America—Economics (October 1990).","Source: George H.W. Bush Library, Bush Presidential Records, Brent Scowcroft Collection, Latin American Files, Economic Chronological Files, OA/ID 91139–011, Latin America—Economics (October 1990).","https://catalog.archives.gov/id/366551920","https://catalog.archives.gov/medialz/presidential-libraries/bush/gb-gbs/4545957/41-bpr-scow-la-econchr-91139-011.pdf"
"366551936","1990-10-01","1990-10-31","October 1990","Folder title month","Latin America--Drug War (October 1990)","91141-005","4545957","Latin America Files","Series context and cross-volume routing","Series context","","","","verified","George H.W. Bush Presidential Records","Latin American Files","Drug War Chronological Files","true","0","3815301","3815301","HTTP Content-Length","Restricted - Possibly","14925","0","0","8","0","1","28","1","5","10","1","8","3","0","George H.W. Bush Library, Bush Presidential Records, Brent Scowcroft Collection, Latin American Files, Drug War Chronological Files, OA/ID 91141–005, Latin America—Drug War (October 1990).","Source: George H.W. Bush Library, Bush Presidential Records, Brent Scowcroft Collection, Latin American Files, Drug War Chronological Files, OA/ID 91141–005, Latin America—Drug War (October 1990).","https://catalog.archives.gov/id/366551936","https://catalog.archives.gov/medialz/presidential-libraries/bush/gb-gbs/4545957/41-bpr-scow-la-drugchr-91141-005.pdf"
"366551960","1990-10-01","1990-10-31","October 1990","Folder title month","Desert Shield/Desert Storm (October 1990) Part I","91144-005","4708319","Desert Shield and Desert Storm Files","Series context and cross-volume routing","Series context","","","","verified","George H.W. Bush Presidential Records","Desert Shield/Desert Storm Files","Chronological Files","true","0","51297767","51297768","HTTP Content-Length","Restricted - Possibly","201091","7","13","9","0","24","224","24","107","3","45","29","0","15","George H.W. Bush Library, Bush Presidential Records, Brent Scowcroft Collection, Desert Shield and Desert Storm Files, Chronological Files, OA/ID 91144–005, Desert Shield/Desert Storm (October 1990) Part I.","Source: George H.W. Bush Library, Bush Presidential Records, Brent Scowcroft Collection, Desert Shield and Desert Storm Files, Chronological Files, OA/ID 91144–005, Desert Shield/Desert Storm (October 1990) Part I.","https://catalog.archives.gov/id/366551960","https://catalog.archives.gov/medialz/presidential-libraries/bush/gb-gbs/4708319/41-bpr-scow-dsds-chr-91144-005.pdf"
"366551961","1990-10-01","1990-10-31","October 1990","Folder title month","Desert Shield/Desert Storm (October 1990) Part II [1]","91144-006","4708319","Desert Shield and Desert Storm Files","Monetary Policy, Debt, and International Institutions","Boundary review","Persian Gulf; Economic assistance; International institutions; Trade and market access; Debt and international finance; Transition economies; Energy","The full OCR and opening withdrawal inventory identify a significant foreign-economic-policy strand, but the principal narrative belongs in a regional, Soviet, China, German-unification, or Persian Gulf volume. Review for cross-reference or a narrowly selected economic-policy document. Special-separate copy sets, meeting-file duplicates, and later retrospective chronologies are not separately promoted. Compare this file with the controlling regional and presidential records before selection.","The official file-unit PDF is online. This collection-wide pass did not establish its served-PDF page count or item boundaries; page totals on withdrawal sheets describe individual entries, not the complete file unit.","verified","George H.W. Bush Presidential Records","Desert Shield/Desert Storm Files","Chronological Files","true","0","47392188","47392188","HTTP Content-Length","Restricted - Possibly","173979","12","18","12","0","16","227","46","87","4","28","39","0","22","George H.W. Bush Library, Bush Presidential Records, Brent Scowcroft Collection, Desert Shield and Desert Storm Files, Chronological Files, OA/ID 91144–006, Desert Shield/Desert Storm (October 1990) Part II [1].","Source: George H.W. Bush Library, Bush Presidential Records, Brent Scowcroft Collection, Desert Shield and Desert Storm Files, Chronological Files, OA/ID 91144–006, Desert Shield/Desert Storm (October 1990) Part II [1].","https://catalog.archives.gov/id/366551961","https://catalog.archives.gov/medialz/presidential-libraries/bush/gb-gbs/4708319/41-bpr-scow-dsds-chr-91144-006.pdf"
"366551962","1990-10-01","1990-10-31","October 1990","Folder title month","Desert Shield/Desert Storm (October 1990) Part II [2]","91144-007","4708319","Desert Shield and Desert Storm Files","Series context and cross-volume routing","Series context","","","","verified","George H.W. Bush Presidential Records","Desert Shield/Desert Storm Files","Chronological Files","true","0","34298920","34298920","HTTP Content-Length","Restricted - Possibly","123225","11","7","1","0","8","162","8","15","30","17","74","2","0","George H.W. Bush Library, Bush Presidential Records, Brent Scowcroft Collection, Desert Shield and Desert Storm Files, Chronological Files, OA/ID 91144–007, Desert Shield/Desert Storm (October 1990) Part II [2].","Source: George H.W. Bush Library, Bush Presidential Records, Brent Scowcroft Collection, Desert Shield and Desert Storm Files, Chronological Files, OA/ID 91144–007, Desert Shield/Desert Storm (October 1990) Part II [2].","https://catalog.archives.gov/id/366551962","https://catalog.archives.gov/medialz/presidential-libraries/bush/gb-gbs/4708319/41-bpr-scow-dsds-chr-91144-007.pdf"
"366552008","1990-10-01","1990-10-31","October 1990","Folder title month","Other (October 1990)","91149-009","4708326","Chronological Files","Trade Policy and Market Access","Volume XXX review","GATT; Margaret Thatcher; Head-of-state correspondence; Trade and market access; Debt and international finance","The opening inventory identifies Prime Minister Thatcher's October 30 message to President Bush on the GATT among a small set of presidential correspondence.","The official file-unit PDF is online. This collection-wide pass did not establish its served-PDF page count or item boundaries; page totals on withdrawal sheets describe individual entries, not the complete file unit.","verified","George H.W. Bush Presidential Records","Chronological Files","","true","0","8175534","8175534","HTTP Content-Length","Restricted - Possibly","30282","0","1","0","0","4","7","2","3","2","0","0","0","0","George H.W. Bush Library, Bush Presidential Records, Brent Scowcroft Collection, Chronological Files, OA/ID 91149–009, Other (October 1990).","Source: George H.W. Bush Library, Bush Presidential Records, Brent Scowcroft Collection, Chronological Files, OA/ID 91149–009, Other (October 1990).","https://catalog.archives.gov/id/366552008","https://catalog.archives.gov/medialz/presidential-libraries/bush/gb-gbs/4708326/41-bpr-scow-chron-91149-009.pdf"
"366551695","1990-10-11","1990-12-31","October 11, 1990-December 31, 1990","Folder title date range","Presidential Telephone Calls--Memorandum of Conversations 10/11/90-12/31/90","91112-003","4545941","Presidential Correspondence Files","Trade Policy and Market Access","Volume XXX review","Presidential telephone conversations; Economic-content review; Parallel-copy check; Trade and market access; Debt and international finance; Economic summits and G-7; Energy; Agriculture","The complete Scowcroft folder contains presidential memoranda of conversation or telephone conversations with substantive economic-policy OCR signals. Review each conversation separately and promote only the passages that bear directly on Volume XXX. Parallel-copy control: match each conversation to the Bush Library Memcons and Telcons index and its canonical NARA item before selection. A Scowcroft folder copy is not a second documentary entry.","The official file-unit PDF is online. This collection-wide pass did not establish its served-PDF page count or item boundaries; page totals on withdrawal sheets describe individual entries, not the complete file unit.","verified","George H.W. Bush Presidential Records","Presidential Correspondence Files","Presidential Telcon Files","true","0","39311817","39311816","HTTP Content-Length","Restricted - Possibly","161163","0","0","44","0","4","80","7","2","20","20","8","21","0","George H.W. Bush Library, Bush Presidential Records, Brent Scowcroft Collection, Presidential Correspondence Files, Presidential Telcon Files, OA/ID 91112–003, Presidential Telephone Calls—Memorandum of Conversations 10/11/90—12/31/90.","Source: George H.W. Bush Library, Bush Presidential Records, Brent Scowcroft Collection, Presidential Correspondence Files, Presidential Telcon Files, OA/ID 91112–003, Presidential Telephone Calls—Memorandum of Conversations 10/11/90—12/31/90.","https://catalog.archives.gov/id/366551695","https://catalog.archives.gov/medialz/presidential-libraries/bush/gb-gbs/4545941/41-bpr-scow-pcor-telcon-91112-003.pdf"
"366552216","1990-11-01","1990-11-30","November 1990","Folder title month","November 1990","85043-004","74785827","Brent Scowcroft Media Articles Files","Series context and cross-volume routing","Reference context","","","","verified","George H.W. Bush Presidential Records","Media Articles Files","","true","0","24314774","1234","HTTP Content-Length","Restricted - Possibly","180014","0","0","0","0","0","112","28","9","17","22","32","0","4","George H.W. Bush Library, Bush Presidential Records, Brent Scowcroft Collection, Media Articles Files, OA/ID 85043–004, November 1990.","Source: George H.W. Bush Library, Bush Presidential Records, Brent Scowcroft Collection, Media Articles Files, OA/ID 85043–004, November 1990.","https://catalog.archives.gov/id/366552216","https://catalog.archives.gov/medialz/presidential-libraries/bush/gb-gbs/74785827/41-bpr-scow-ma-85043-004.pdf"
"366552261","1990-11-01","1990-11-30","November 1990","Folder title month","November 1990","85047-011","74785753","Brent Scowcroft Scheduled Calls Files","Series context and cross-volume routing","Reference context","","","","verified","George H.W. Bush Presidential Records","Scheduled Calls Files","","true","0","15594323","1234","HTTP Content-Length","Restricted - Possibly","76308","0","0","0","0","0","5","0","0","0","0","0","0","5","George H.W. Bush Library, Bush Presidential Records, Brent Scowcroft Collection, Scheduled Calls Files, OA/ID 85047–011, November 1990.","Source: George H.W. Bush Library, Bush Presidential Records, Brent Scowcroft Collection, Scheduled Calls Files, OA/ID 85047–011, November 1990.","https://catalog.archives.gov/id/366552261","https://catalog.archives.gov/medialz/presidential-libraries/bush/gb-gbs/74785753/41-bpr-scow-schcalls-85047-011.pdf"
"366552309","1990-11-01","1990-11-30","November 1990","Folder title month","November 1990","85051-011","74785758","Brent Scowcroft Schedule Files","Series context and cross-volume routing","Reference context","","","","verified","George H.W. Bush Presidential Records","Schedule Files","","true","0","2772989","1234","HTTP Content-Length","Restricted - Possibly","9773","0","0","0","0","2","2","1","1","0","0","0","0","0","George H.W. Bush Library, Bush Presidential Records, Brent Scowcroft Collection, Schedule Files, OA/ID 85051–011, November 1990.","Source: George H.W. Bush Library, Bush Presidential Records, Brent Scowcroft Collection, Schedule Files, OA/ID 85051–011, November 1990.","https://catalog.archives.gov/id/366552309","https://catalog.archives.gov/medialz/presidential-libraries/bush/gb-gbs/74785758/41-bpr-scow-schedule-85051-011.pdf"
"366551737","1990-11-01","1990-11-30","November 1990","Folder title month","German Unification Files (November 1990)","91116-013","4545942","German Reunification Files","Series context and cross-volume routing","Series context","","","","verified","George H.W. Bush Presidential Records","German Unification Files","Chronological Files","true","0","5450251","5450251","HTTP Content-Length","Restricted - Possibly","20542","0","0","0","0","1","3","2","1","0","0","0","0","0","George H.W. Bush Library, Bush Presidential Records, Brent Scowcroft Collection, German Reunification Files, Chronological Files, OA/ID 91116–013, German Unification (November 1990).","Source: George H.W. Bush Library, Bush Presidential Records, Brent Scowcroft Collection, German Reunification Files, Chronological Files, OA/ID 91116–013, German Unification (November 1990).","https://catalog.archives.gov/id/366551737","https://catalog.archives.gov/medialz/presidential-libraries/bush/gb-gbs/4545942/41-bpr-scow-ger-chron-91116-013.pdf"
"366551758","1990-11-01","1990-11-30","November 1990","Folder title month","USSR Collapse: U.S.--Soviet Relations Thru 1991 (November 1990)","91119-002","4545954","USSR Collapse Files","Series context and cross-volume routing","Series context","","","","verified","George H.W. Bush Presidential Records","USSR Collapse Files","U.S. - Soviet Relations Chronological Files","true","0","14118740","14118740","HTTP Content-Length","Restricted - Possibly","53841","11","4","0","0","2","158","27","7","42","46","3","26","3","George H.W. Bush Library, Bush Presidential Records, Brent Scowcroft Collection, USSR Collapse Files, U.S. - Soviet Relations Chronological Files, OA/ID 91119–002, USSR Collapse: U.S—Soviet Relations Thru 1991 (November 1990).","Source: George H.W. Bush Library, Bush Presidential Records, Brent Scowcroft Collection, USSR Collapse Files, U.S. - Soviet Relations Chronological Files, OA/ID 91119–002, USSR Collapse: U.S—Soviet Relations Thru 1991 (November 1990).","https://catalog.archives.gov/id/366551758","https://catalog.archives.gov/medialz/presidential-libraries/bush/gb-gbs/4545954/41-bpr-scow-ussrco-ussrl-91119-002.pdf"
"366551784","1990-11-01","1990-11-30","November 1990","Folder title month","CFE [Conventional Forces in Europe] (November 1990)","91121-012","4708332","USSR Chronological Files","Series context and cross-volume routing","Series context","","","","verified","George H.W. Bush Presidential Records","USSR Chronological Files","CFE [Conventional Forces in Europe] Files","true","0","7568058","7568058","HTTP Content-Length","Restricted - Possibly","25018","1","2","0","0","3","7","1","2","0","0","0","0","0","George H.W. Bush Library, Bush Presidential Records, Brent Scowcroft Collection, USSR Chronological Files, CFE [Conventional Forces in Europe] Files, OA/ID 91121–012, CFE [Conventional Forces in Europe] Post 1989 (November 1990).","Source: George H.W. Bush Library, Bush Presidential Records, Brent Scowcroft Collection, USSR Chronological Files, CFE [Conventional Forces in Europe] Files, OA/ID 91121–012, CFE [Conventional Forces in Europe] Post 1989 (November 1990).","https://catalog.archives.gov/id/366551784","https://catalog.archives.gov/medialz/presidential-libraries/bush/gb-gbs/4708332/41-bpr-scow-ussrch-cfe-91121-012.pdf"
"366551867","1990-11-01","1990-11-30","November 1990","Folder title month","China: Post-Tiananmen (November 1990)","91133-004","4545955","China Chronological Files","Series context and cross-volume routing","Series context","","","","verified","George H.W. Bush Presidential Records","China Chronological Files","Post-Tiananmen Files","true","0","9469797","9469797","HTTP Content-Length","Restricted - Possibly","32984","3","3","0","0","4","4","0","2","0","2","0","0","0","George H.W. Bush Library, Bush Presidential Records, Brent Scowcroft Collection, China Chronological Files, Post-Tiananmen Files, OA/ID 91133–004, China: Post-Tiananmen (November 1990).","Source: George H.W. Bush Library, Bush Presidential Records, Brent Scowcroft Collection, China Chronological Files, Post-Tiananmen Files, OA/ID 91133–004, China: Post-Tiananmen (November 1990).","https://catalog.archives.gov/id/366551867","https://catalog.archives.gov/medialz/presidential-libraries/bush/gb-gbs/4545955/41-bpr-scow-cc-ptian-91133-004.pdf"
"366551963","1990-11-01","1990-11-30","November 1990","Folder title month","Desert Shield/Desert Storm (November 1990) [1]","91144-008","4708319","Desert Shield and Desert Storm Files","Series context and cross-volume routing","Series context","","","","verified","George H.W. Bush Presidential Records","Desert Shield/Desert Storm Files","Chronological Files","true","0","25264332","25264332","HTTP Content-Length","Restricted - Possibly","89466","7","5","0","0","7","22","4","9","2","4","3","0","0","George H.W. Bush Library, Bush Presidential Records, Brent Scowcroft Collection, Desert Shield and Desert Storm Files, Chronological Files, OA/ID 91144–008, Desert Shield/Desert Storm (November 1990) [1].","Source: George H.W. Bush Library, Bush Presidential Records, Brent Scowcroft Collection, Desert Shield and Desert Storm Files, Chronological Files, OA/ID 91144–008, Desert Shield/Desert Storm (November 1990) [1].","https://catalog.archives.gov/id/366551963","https://catalog.archives.gov/medialz/presidential-libraries/bush/gb-gbs/4708319/41-bpr-scow-dsds-chr-91144-008.pdf"
"366551964","1990-11-01","1990-11-30","November 1990","Folder title month","Desert Shield/Desert Storm (November 1990) [2]","91145-001","4708319","Desert Shield and Desert Storm Files","Series context and cross-volume routing","Series context","","","","verified","George H.W. Bush Presidential Records","Desert Shield/Desert Storm Files","Chronological Files","true","0","30899033","30899032","HTTP Content-Length","Restricted - Possibly","114925","0","4","8","0","6","120","43","11","6","43","15","0","2","George H.W. Bush Library, Bush Presidential Records, Brent Scowcroft Collection, Desert Shield and Desert Storm Files, Chronological Files, OA/ID 91145–001, Desert Shield/Desert Storm (November 1990) [2].","Source: George H.W. Bush Library, Bush Presidential Records, Brent Scowcroft Collection, Desert Shield and Desert Storm Files, Chronological Files, OA/ID 91145–001, Desert Shield/Desert Storm (November 1990) [2].","https://catalog.archives.gov/id/366551964","https://catalog.archives.gov/medialz/presidential-libraries/bush/gb-gbs/4708319/41-bpr-scow-dsds-chr-91145-001.pdf"
"366551965","1990-11-01","1990-11-30","November 1990","Folder title month","Desert Shield/Desert Storm (November 1990) [3]","91145-002","4708319","Desert Shield and Desert Storm Files","Series context and cross-volume routing","Series context","","","","verified","George H.W. Bush Presidential Records","Desert Shield/Desert Storm Files","Chronological Files","true","0","18882224","18882224","HTTP Content-Length","Restricted - Possibly","71697","0","3","4","0","10","89","24","40","5","4","3","2","5","George H.W. Bush Library, Bush Presidential Records, Brent Scowcroft Collection, Desert Shield and Desert Storm Files, Chronological Files, OA/ID 91145–002, Desert Shield/Desert Storm (November 1990) [3].","Source: George H.W. Bush Library, Bush Presidential Records, Brent Scowcroft Collection, Desert Shield and Desert Storm Files, Chronological Files, OA/ID 91145–002, Desert Shield/Desert Storm (November 1990) [3].","https://catalog.archives.gov/id/366551965","https://catalog.archives.gov/medialz/presidential-libraries/bush/gb-gbs/4708319/41-bpr-scow-dsds-chr-91145-002.pdf"
"366552009","1990-11-01","1990-11-30","November 1990","Folder title month","Other (November 1990) [1]","91149-010","4708326","Chronological Files","Series context and cross-volume routing","Series context","","","","verified","George H.W. Bush Presidential Records","Chronological Files","","true","0","16431039","16431039","HTTP Content-Length","Restricted - Possibly","61347","0","4","6","0","7","44","6","5","16","3","0","12","0","George H.W. Bush Library, Bush Presidential Records, Brent Scowcroft Collection, Chronological Files, OA/ID 91149–010, Other (November 1990) [1].","Source: George H.W. Bush Library, Bush Presidential Records, Brent Scowcroft Collection, Chronological Files, OA/ID 91149–010, Other (November 1990) [1].","https://catalog.archives.gov/id/366552009","https://catalog.archives.gov/medialz/presidential-libraries/bush/gb-gbs/4708326/41-bpr-scow-chron-91149-010.pdf"
"366552010","1990-11-01","1990-11-30","November 1990","Folder title month","Other (November 1990) [2]","91149-011","4708326","Chronological Files","Series context and cross-volume routing","Series context","","","","verified","George H.W. Bush Presidential Records","Chronological Files","","true","0","17410609","17410608","HTTP Content-Length","Restricted - Possibly","64301","1","3","2","0","8","82","15","5","45","2","0","14","0","George H.W. Bush Library, Bush Presidential Records, Brent Scowcroft Collection, Chronological Files, OA/ID 91149–011, Other (November 1990) [2].","Source: George H.W. Bush Library, Bush Presidential Records, Brent Scowcroft Collection, Chronological Files, OA/ID 91149–011, Other (November 1990) [2].","https://catalog.archives.gov/id/366552010","https://catalog.archives.gov/medialz/presidential-libraries/bush/gb-gbs/4708326/41-bpr-scow-chron-91149-011.pdf"
"366551921","1990-11-01","1990-12-31","November-December 1990","Folder title month range","Latin America--Economics (November-December 1990)","91139-012","4545957","Latin America Files","Trade Policy and Market Access","Volume XXX review","Latin America; Economic policy; Debt and trade; Trade and market access; Debt and international finance; Transition economies; Energy; Agriculture","This file belongs to the complete 13-folder Economic Chronological Files subseries. Screen its decision memoranda, presidential meeting materials, debt papers, trade papers, and follow-up actions individually for Volume XXX and route country-policy material to the appropriate regional volume. Country meeting packets and presidential conversations may duplicate the Presidential Correspondence Files or regional NSC staff files; compare dates, subjects, and document text before promotion.","The official file-unit PDF is online. This collection-wide pass did not establish its served-PDF page count or item boundaries; page totals on withdrawal sheets describe individual entries, not the complete file unit.","verified","George H.W. Bush Presidential Records","Latin American Files","Economic Chronological Files","true","0","24202430","20832532","HTTP Content-Length","Restricted - Possibly","87325","5","2","19","0","15","169","51","28","59","1","10","4","15","George H.W. Bush Library, Bush Presidential Records, Brent Scowcroft Collection, Latin American Files, Economic Chronological Files, OA/ID 91139–012, Latin America—Economics (November—December 1990).","Source: George H.W. Bush Library, Bush Presidential Records, Brent Scowcroft Collection, Latin American Files, Economic Chronological Files, OA/ID 91139–012, Latin America—Economics (November—December 1990).","https://catalog.archives.gov/id/366551921","https://catalog.archives.gov/medialz/presidential-libraries/bush/gb-gbs/4545957/41-bpr-scow-la-econchr-91139-012.pdf"
"366552235","1990-11-05","1991-01-22","November 5, 1990-January 22, 1991","Folder title date range","November 5, 1990 to January 22, 1991","85045-002","74785834","Brent Scowcroft Gulf War Article Files","Series context and cross-volume routing","Reference context","","","","verified","George H.W. Bush Presidential Records","Gulf War Articles Files","","true","0","1816353","1234","HTTP Content-Length","Restricted - Possibly","7893","0","0","0","0","4","3","0","3","0","0","0","0","0","George H.W. Bush Library, Bush Presidential Records, Brent Scowcroft Collection, Gulf War Articles Files, OA/ID 85045–002, November 5, 1990 to January 22, 1991.","Source: George H.W. Bush Library, Bush Presidential Records, Brent Scowcroft Collection, Gulf War Articles Files, OA/ID 85045–002, November 5, 1990 to January 22, 1991.","https://catalog.archives.gov/id/366552235","https://catalog.archives.gov/medialz/presidential-libraries/bush/gb-gbs/74785834/41-bpr-scow-gwa-85045-002.pdf"
"366551672","1990-11-13","1990-12-21","November 13, 1990-December 21, 1990","Folder title date range","Presidential Meetings--Memorandum of Conversations 11/13/90-12/21/90","91108-003","4545941","Presidential Correspondence Files","Trade Policy and Market Access","Volume XXX review","Presidential conversations; Economic-content review; Parallel-copy check; Trade and market access; Debt and international finance; Transition economies; Energy; Agriculture","The complete Scowcroft folder contains presidential memoranda of conversation or telephone conversations with substantive economic-policy OCR signals. Review each conversation separately and promote only the passages that bear directly on Volume XXX. Parallel-copy control: match each conversation to the Bush Library Memcons and Telcons index and its canonical NARA item before selection. A Scowcroft folder copy is not a second documentary entry.","The official file-unit PDF is online. This collection-wide pass did not establish its served-PDF page count or item boundaries; page totals on withdrawal sheets describe individual entries, not the complete file unit.","verified","George H.W. Bush Presidential Records","Presidential Correspondence Files","Presidential Memcons Files","true","0","58149149","58149148","HTTP Content-Length","Restricted - Possibly","269523","0","0","33","2","4","419","58","51","134","27","56","55","37","George H.W. Bush Library, Bush Presidential Records, Brent Scowcroft Collection, Presidential Correspondence Files, Presidential Memcons Files, OA/ID 91108–003, Presidential Meetings—Memorandum of Conversations 11/13/90—12/21/90.","Source: George H.W. Bush Library, Bush Presidential Records, Brent Scowcroft Collection, Presidential Correspondence Files, Presidential Memcons Files, OA/ID 91108–003, Presidential Meetings—Memorandum of Conversations 11/13/90—12/21/90.","https://catalog.archives.gov/id/366551672","https://catalog.archives.gov/medialz/presidential-libraries/bush/gb-gbs/4545941/41-bpr-scow-pcor-memcon-91108-003.pdf"
"366552217","1990-12-01","1990-12-31","December 1990","Folder title month","December 1990","85043-005","74785827","Brent Scowcroft Media Articles Files","Series context and cross-volume routing","Reference context","","","","verified","George H.W. Bush Presidential Records","Media Articles Files","","true","0","28369308","1234","HTTP Content-Length","Restricted - Possibly","246440","0","0","0","0","0","109","17","0","4","77","8","2","0","George H.W. Bush Library, Bush Presidential Records, Brent Scowcroft Collection, Media Articles Files, OA/ID 85043–005, December 1990.","Source: George H.W. Bush Library, Bush Presidential Records, Brent Scowcroft Collection, Media Articles Files, OA/ID 85043–005, December 1990.","https://catalog.archives.gov/id/366552217","https://catalog.archives.gov/medialz/presidential-libraries/bush/gb-gbs/74785827/41-bpr-scow-ma-85043-005.pdf"
"366552262","1990-12-01","1990-12-31","December 1990","Folder title month","December 1990","85047-012","74785753","Brent Scowcroft Scheduled Calls Files","Series context and cross-volume routing","Reference context","","","","verified","George H.W. Bush Presidential Records","Scheduled Calls Files","","true","0","13018522","1234","HTTP Content-Length","Restricted - Possibly","60977","0","0","0","0","2","22","1","2","9","0","7","0","3","George H.W. Bush Library, Bush Presidential Records, Brent Scowcroft Collection, Scheduled Calls Files, OA/ID 85047–012, December 1990.","Source: George H.W. Bush Library, Bush Presidential Records, Brent Scowcroft Collection, Scheduled Calls Files, OA/ID 85047–012, December 1990.","https://catalog.archives.gov/id/366552262","https://catalog.archives.gov/medialz/presidential-libraries/bush/gb-gbs/74785753/41-bpr-scow-schcalls-85047-012.pdf"
"366552310","1990-12-01","1990-12-31","December 1990","Folder title month","December 1990","85051-012","74785758","Brent Scowcroft Schedule Files","Series context and cross-volume routing","Reference context","","","","verified","George H.W. Bush Presidential Records","Schedule Files","","true","0","4167545","1234","HTTP Content-Length","Restricted - Possibly","18201","0","0","0","0","7","6","0","6","0","0","0","0","0","George H.W. Bush Library, Bush Presidential Records, Brent Scowcroft Collection, Schedule Files, OA/ID 85051–012, December 1990.","Source: George H.W. Bush Library, Bush Presidential Records, Brent Scowcroft Collection, Schedule Files, OA/ID 85051–012, December 1990.","https://catalog.archives.gov/id/366552310","https://catalog.archives.gov/medialz/presidential-libraries/bush/gb-gbs/74785758/41-bpr-scow-schedule-85051-012.pdf"
"366551759","1990-12-01","1990-12-31","December 1990","Folder title month","USSR Collapse: U.S.--Soviet Relations Thru 1991 (December 1990)","91119-003","4545954","USSR Collapse Files","Transition Economies and International Economic Strategy","Boundary review","Soviet economic assistance; IMF; World Bank; Trade and market access; Debt and international finance; Economic summits and G-7; Transition economies; Energy; Agriculture","The full OCR and opening withdrawal inventory identify a significant foreign-economic-policy strand, but the principal narrative belongs in a regional, Soviet, China, German-unification, or Persian Gulf volume. Review for cross-reference or a narrowly selected economic-policy document. Special-separate copy sets, meeting-file duplicates, and later retrospective chronologies are not separately promoted. Compare this file with the controlling regional and presidential records before selection.","The official file-unit PDF is online. This collection-wide pass did not establish its served-PDF page count or item boundaries; page totals on withdrawal sheets describe individual entries, not the complete file unit.","verified","George H.W. Bush Presidential Records","USSR Collapse Files","U.S. - Soviet Relations Chronological Files","true","0","53901898","53901896","HTTP Content-Length","Restricted - Possibly","232163","13","10","0","0","21","403","119","100","51","57","15","23","12","George H.W. Bush Library, Bush Presidential Records, Brent Scowcroft Collection, USSR Collapse Files, U.S. - Soviet Relations Chronological Files, OA/ID 91119–003, USSR Collapse: U.S—Soviet Relations Thru 1991 (December 1990).","Source: George H.W. Bush Library, Bush Presidential Records, Brent Scowcroft Collection, USSR Collapse Files, U.S. - Soviet Relations Chronological Files, OA/ID 91119–003, USSR Collapse: U.S—Soviet Relations Thru 1991 (December 1990).","https://catalog.archives.gov/id/366551759","https://catalog.archives.gov/medialz/presidential-libraries/bush/gb-gbs/4545954/41-bpr-scow-ussrco-ussrl-91119-003.pdf"
"366551772","1990-12-01","1990-12-31","December 1990","Folder title month","SNF [Short-range Nuclear Forces] December 1990","91120-011","4708332","USSR Chronological Files","Series context and cross-volume routing","Series context","","","","verified","George H.W. Bush Presidential Records","USSR Chronological Files","SNF [Short-range Nuclear Forces] Files","true","0","5759580","5759580","HTTP Content-Length","Restricted - Possibly","21604","0","0","0","0","7","6","0","6","0","0","0","0","0","George H.W. Bush Library, Bush Presidential Records, Brent Scowcroft Collection, USSR Chronological Files, SNF [Short-range Nuclear Forces] Files, OA/ID 91120–011, SNF [Short-range Nuclear Forces]—December 1990.","Source: George H.W. Bush Library, Bush Presidential Records, Brent Scowcroft Collection, USSR Chronological Files, SNF [Short-range Nuclear Forces] Files, OA/ID 91120–011, SNF [Short-range Nuclear Forces]—December 1990.","https://catalog.archives.gov/id/366551772","https://catalog.archives.gov/medialz/presidential-libraries/bush/gb-gbs/4708332/41-bpr-scow-ussrch-snf-91120-011.pdf"
"366551785","1990-12-01","1990-12-31","December 1990","Folder title month","CFE [Conventional Forces in Europe] (December 1990)","91121-013","4708332","USSR Chronological Files","Series context and cross-volume routing","Series context","","","","verified","George H.W. Bush Presidential Records","USSR Chronological Files","CFE [Conventional Forces in Europe] Files","true","0","6225058","6225058","HTTP Content-Length","Restricted - Possibly","24792","0","1","0","0","4","3","0","3","0","0","0","0","0","George H.W. Bush Library, Bush Presidential Records, Brent Scowcroft Collection, USSR Chronological Files, CFE [Conventional Forces in Europe] Files, OA/ID 91121–013, CFE [Conventional Forces in Europe] Post 1989 (December 1990).","Source: George H.W. Bush Library, Bush Presidential Records, Brent Scowcroft Collection, USSR Chronological Files, CFE [Conventional Forces in Europe] Files, OA/ID 91121–013, CFE [Conventional Forces in Europe] Post 1989 (December 1990).","https://catalog.archives.gov/id/366551785","https://catalog.archives.gov/medialz/presidential-libraries/bush/gb-gbs/4708332/41-bpr-scow-ussrch-cfe-91121-013.pdf"
"366551908","1990-12-01","1990-12-31","December 1990","Folder title month","Central America (December 1990)","91138-012","4545957","Latin America Files","Series context and cross-volume routing","Series context","","","","verified","George H.W. Bush Presidential Records","Latin American Files","Central American Chronological Files","true","0","7552285","7552285","HTTP Content-Length","Restricted - Possibly","30266","4","1","0","0","1","32","15","4","3","3","4","3","0","George H.W. Bush Library, Bush Presidential Records, Brent Scowcroft Collection, Latin American Files, Central American Chronological Files, OA/ID 91138–012, Central America (December 1990).","Source: George H.W. Bush Library, Bush Presidential Records, Brent Scowcroft Collection, Latin American Files, Central American Chronological Files, OA/ID 91138–012, Central America (December 1990).","https://catalog.archives.gov/id/366551908","https://catalog.archives.gov/medialz/presidential-libraries/bush/gb-gbs/4545957/41-bpr-scow-la-cachr-91138-012.pdf"
"366551966","1990-12-01","1990-12-31","December 1990","Folder title month","Desert Shield/Desert Storm (December 1990) I [1]","91145-003","4708319","Desert Shield and Desert Storm Files","Series context and cross-volume routing","Series context","","","","verified","George H.W. Bush Presidential Records","Desert Shield/Desert Storm Files","Chronological Files","true","0","33663064","33663064","HTTP Content-Length","Restricted - Possibly","130108","0","6","2","0","10","140","36","9","8","43","44","0","0","George H.W. Bush Library, Bush Presidential Records, Brent Scowcroft Collection, Desert Shield and Desert Storm Files, Chronological Files, OA/ID 91145–003, Desert Shield/Desert Storm (December 1990) I[1].","Source: George H.W. Bush Library, Bush Presidential Records, Brent Scowcroft Collection, Desert Shield and Desert Storm Files, Chronological Files, OA/ID 91145–003, Desert Shield/Desert Storm (December 1990) I[1].","https://catalog.archives.gov/id/366551966","https://catalog.archives.gov/medialz/presidential-libraries/bush/gb-gbs/4708319/41-bpr-scow-dsds-chr-91145-003.pdf"
"366551967","1990-12-01","1990-12-31","December 1990","Folder title month","Desert Shield/Desert Storm (December 1990) I [2]","91145-004","4708319","Desert Shield and Desert Storm Files","Series context and cross-volume routing","Series context","","","","verified","George H.W. Bush Presidential Records","Desert Shield/Desert Storm Files","Chronological Files","true","0","30711806","30711806","HTTP Content-Length","Restricted - Possibly","145105","4","7","0","0","18","41","15","16","2","7","0","1","0","George H.W. Bush Library, Bush Presidential Records, Brent Scowcroft Collection, Desert Shield and Desert Storm Files, Chronological Files, OA/ID 91145–004, Desert Shield/Desert Storm (December 1990) I [2].","Source: George H.W. Bush Library, Bush Presidential Records, Brent Scowcroft Collection, Desert Shield and Desert Storm Files, Chronological Files, OA/ID 91145–004, Desert Shield/Desert Storm (December 1990) I [2].","https://catalog.archives.gov/id/366551967","https://catalog.archives.gov/medialz/presidential-libraries/bush/gb-gbs/4708319/41-bpr-scow-dsds-chr-91145-004.pdf"
"366551968","1990-12-01","1990-12-31","December 1990","Folder title month","Desert Shield/Desert Storm (December 1990) II [1]","91145-005","4708319","Desert Shield and Desert Storm Files","Series context and cross-volume routing","Series context","","","","verified","George H.W. Bush Presidential Records","Desert Shield/Desert Storm Files","Chronological Files","true","0","31206800","31206800","HTTP Content-Length","Restricted - Possibly","101966","4","8","0","0","8","65","27","9","12","10","4","0","0","George H.W. Bush Library, Bush Presidential Records, Brent Scowcroft Collection, Desert Shield and Desert Storm Files, Chronological Files, OA/ID 91145–005, Desert Shield/Desert Storm (December 1990) II [1].","Source: George H.W. Bush Library, Bush Presidential Records, Brent Scowcroft Collection, Desert Shield and Desert Storm Files, Chronological Files, OA/ID 91145–005, Desert Shield/Desert Storm (December 1990) II [1].","https://catalog.archives.gov/id/366551968","https://catalog.archives.gov/medialz/presidential-libraries/bush/gb-gbs/4708319/41-bpr-scow-dsds-chr-91145-005.pdf"
"366551969","1990-12-01","1990-12-31","December 1990","Folder title month","Desert Shield/Desert Storm (December 1990) II [2]","91145-006","4708319","Desert Shield and Desert Storm Files","Series context and cross-volume routing","Series context","","","","verified","George H.W. Bush Presidential Records","Desert Shield/Desert Storm Files","Chronological Files","true","0","30965438","30965438","HTTP Content-Length","Restricted - Possibly","113038","6","8","4","0","11","74","17","27","2","7","11","0","10","George H.W. Bush Library, Bush Presidential Records, Brent Scowcroft Collection, Desert Shield and Desert Storm Files, Chronological Files, OA/ID 91145–006, Desert Shield/Desert Storm (December 1990) II [2].","Source: George H.W. Bush Library, Bush Presidential Records, Brent Scowcroft Collection, Desert Shield and Desert Storm Files, Chronological Files, OA/ID 91145–006, Desert Shield/Desert Storm (December 1990) II [2].","https://catalog.archives.gov/id/366551969","https://catalog.archives.gov/medialz/presidential-libraries/bush/gb-gbs/4708319/41-bpr-scow-dsds-chr-91145-006.pdf"
"366551970","1990-12-01","1990-12-31","December 1990","Folder title month","Desert Shield/Desert Storm (December 1990) II [3]","91145-007","4708319","Desert Shield and Desert Storm Files","Trade Policy and Market Access","Boundary review","Persian Gulf; Uruguay Round; Energy security; Trade and market access; Debt and international finance; Economic summits and G-7; Energy; Agriculture","The full OCR and opening withdrawal inventory identify a significant foreign-economic-policy strand, but the principal narrative belongs in a regional, Soviet, China, German-unification, or Persian Gulf volume. Review for cross-reference or a narrowly selected economic-policy document. Special-separate copy sets, meeting-file duplicates, and later retrospective chronologies are not separately promoted. Compare this file with the controlling regional and presidential records before selection.","The official file-unit PDF is online. This collection-wide pass did not establish its served-PDF page count or item boundaries; page totals on withdrawal sheets describe individual entries, not the complete file unit.","verified","George H.W. Bush Presidential Records","Desert Shield/Desert Storm Files","Chronological Files","true","0","20906040","20906040","HTTP Content-Length","Restricted - Possibly","78041","0","8","4","0","6","120","32","16","5","23","28","2","10","George H.W. Bush Library, Bush Presidential Records, Brent Scowcroft Collection, Desert Shield and Desert Storm Files, Chronological Files, OA/ID 91145–007, Desert Shield/Desert Storm (December 1990) II [3].","Source: George H.W. Bush Library, Bush Presidential Records, Brent Scowcroft Collection, Desert Shield and Desert Storm Files, Chronological Files, OA/ID 91145–007, Desert Shield/Desert Storm (December 1990) II [3].","https://catalog.archives.gov/id/366551970","https://catalog.archives.gov/medialz/presidential-libraries/bush/gb-gbs/4708319/41-bpr-scow-dsds-chr-91145-007.pdf"
"366552011","1990-12-01","1990-12-31","December 1990","Folder title month","Other (December 1990)","91149-012","4708326","Chronological Files","Series context and cross-volume routing","Series context","","","","verified","George H.W. Bush Presidential Records","Chronological Files","","true","0","11161933","11161933","HTTP Content-Length","Restricted - Possibly","37073","3","4","0","4","3","2","0","1","0","0","0","0","0","George H.W. Bush Library, Bush Presidential Records, Brent Scowcroft Collection, Chronological Files, OA/ID 91149–012, Other (December 1990).","Source: George H.W. Bush Library, Bush Presidential Records, Brent Scowcroft Collection, Chronological Files, OA/ID 91149–012, Other (December 1990).","https://catalog.archives.gov/id/366552011","https://catalog.archives.gov/medialz/presidential-libraries/bush/gb-gbs/4708326/41-bpr-scow-chron-91149-012.pdf"
"366551814","1990-12-01","1991-01-31","December 1990-January 1991","Folder title month range","Soviet Power Collapse in Eastern Europe (December 1990-January 1991)","91125-010","4708332","USSR Chronological Files","Series context and cross-volume routing","Series context","","","","verified","George H.W. Bush Presidential Records","USSR Chronological Files","Soviet Power Collapse in Eastern Europe Files","true","0","11968017","11968017","HTTP Content-Length","Restricted - Possibly","44390","0","2","0","0","2","83","26","10","8","14","18","0","2","George H.W. Bush Library, Bush Presidential Records, Brent Scowcroft Collection, USSR Chronological Files, Soviet Power Collapse in Eastern Europe Files, OA/ID 91125–010, Soviet Power Collapse in Eastern Europe (December 1990—January 1991).","Source: George H.W. Bush Library, Bush Presidential Records, Brent Scowcroft Collection, USSR Chronological Files, Soviet Power Collapse in Eastern Europe Files, OA/ID 91125–010, Soviet Power Collapse in Eastern Europe (December 1990—January 1991).","https://catalog.archives.gov/id/366551814","https://catalog.archives.gov/medialz/presidential-libraries/bush/gb-gbs/4708332/41-bpr-scow-ussrch-svp-91125-010.pdf"
"366551922","1990-12-17","1991-02-08","December 17, 1990-February 8, 1991","Opening withdrawal inventory; the Catalog and marker title say February 1990","Latin America--Economics (February 1990)","91139-013","4545957","Latin America Files","Trade Policy and Market Access","Volume XXX review","Latin America; Economic policy; Debt and trade; Trade and market access; Debt and international finance; Economic summits and G-7; Strategic trade and technology; Agriculture","This file belongs to the complete 13-folder Economic Chronological Files subseries. Screen its decision memoranda, presidential meeting materials, debt papers, trade papers, and follow-up actions individually for Volume XXX and route country-policy material to the appropriate regional volume. Country meeting packets and presidential conversations may duplicate the Presidential Correspondence Files or regional NSC staff files; compare dates, subjects, and document text before promotion.","The official file-unit PDF is online. This collection-wide pass did not establish its served-PDF page count or item boundaries; page totals on withdrawal sheets describe individual entries, not the complete file unit.","verified","George H.W. Bush Presidential Records","Latin American Files","Economic Chronological Files","true","0","12499673","12499673","HTTP Content-Length","Restricted - Possibly","48656","4","1","0","0","6","64","26","14","11","0","0","1","9","George H.W. Bush Library, Bush Presidential Records, Brent Scowcroft Collection, Latin American Files, Economic Chronological Files, OA/ID 91139–013, Latin America—Economics (February 1991).","Source: George H.W. Bush Library, Bush Presidential Records, Brent Scowcroft Collection, Latin American Files, Economic Chronological Files, OA/ID 91139–013, Latin America—Economics (February 1991).","https://catalog.archives.gov/id/366551922","https://catalog.archives.gov/medialz/presidential-libraries/bush/gb-gbs/4545957/41-bpr-scow-la-econchr-91139-013.pdf"
"366551696","1991-01-01","1991-01-28","January 1, 1991-January 28, 1991","Folder title date range","Presidential Telephone Calls--Memorandum of Conversations 1/1/91-1/28/91","91112-004","4545941","Presidential Correspondence Files","Series context and cross-volume routing","Series context","","","","verified","George H.W. Bush Presidential Records","Presidential Correspondence Files","Presidential Telcon Files","true","0","37782851","37782852","HTTP Content-Length","Restricted - Possibly","151920","0","0","52","0","4","19","2","7","0","1","6","0","3","George H.W. Bush Library, Bush Presidential Records, Brent Scowcroft Collection, Presidential Correspondence Files, Presidential Telcon Files, OA/ID 91112–004, Presidential Telephone Calls—Memorandum of Conversations 1/1/91—1/28/91.","Source: George H.W. Bush Library, Bush Presidential Records, Brent Scowcroft Collection, Presidential Correspondence Files, Presidential Telcon Files, OA/ID 91112–004, Presidential Telephone Calls—Memorandum of Conversations 1/1/91—1/28/91.","https://catalog.archives.gov/id/366551696","https://catalog.archives.gov/medialz/presidential-libraries/bush/gb-gbs/4545941/41-bpr-scow-pcor-telcon-91112-004.pdf"
"366552218","1991-01-01","1991-01-31","January 1991","Folder title month","January 1991","85043-006","74785827","Brent Scowcroft Media Articles Files","Series context and cross-volume routing","Reference context","","","","verified","George H.W. Bush Presidential Records","Media Articles Files","","true","0","45199756","1234","HTTP Content-Length","Restricted - Possibly","384345","0","0","0","0","0","133","30","4","10","36","44","2","7","George H.W. Bush Library, Bush Presidential Records, Brent Scowcroft Collection, Media Articles Files, OA/ID 85043–006, January 1991.","Source: George H.W. Bush Library, Bush Presidential Records, Brent Scowcroft Collection, Media Articles Files, OA/ID 85043–006, January 1991.","https://catalog.archives.gov/id/366552218","https://catalog.archives.gov/medialz/presidential-libraries/bush/gb-gbs/74785827/41-bpr-scow-ma-85043-006.pdf"
"366552263","1991-01-01","1991-01-31","January 1991","Folder title month","January 1991","85048-001","74785753","Brent Scowcroft Scheduled Calls Files","Series context and cross-volume routing","Reference context","","","","verified","George H.W. Bush Presidential Records","Scheduled Calls Files","","true","0","3833655","1234","HTTP Content-Length","Restricted - Possibly","16983","0","0","0","0","3","4","0","4","0","0","0","0","0","George H.W. Bush Library, Bush Presidential Records, Brent Scowcroft Collection, Scheduled Calls Files, OA/ID 85048–001, January 1991.","Source: George H.W. Bush Library, Bush Presidential Records, Brent Scowcroft Collection, Scheduled Calls Files, OA/ID 85048–001, January 1991.","https://catalog.archives.gov/id/366552263","https://catalog.archives.gov/medialz/presidential-libraries/bush/gb-gbs/74785753/41-bpr-scow-schcalls-85048-001.pdf"
"366552311","1991-01-01","1991-01-31","January 1991","Folder title month","January 1991","85052-001","74785758","Brent Scowcroft Schedule Files","Series context and cross-volume routing","Reference context","","","","verified","George H.W. Bush Presidential Records","Schedule Files","","true","0","1665790","1234","HTTP Content-Length","Restricted - Possibly","6630","0","0","0","0","3","3","0","2","1","0","0","0","0","George H.W. Bush Library, Bush Presidential Records, Brent Scowcroft Collection, Schedule Files, OA/ID 85052–001, January 1991.","Source: George H.W. Bush Library, Bush Presidential Records, Brent Scowcroft Collection, Schedule Files, OA/ID 85052–001, January 1991.","https://catalog.archives.gov/id/366552311","https://catalog.archives.gov/medialz/presidential-libraries/bush/gb-gbs/74785758/41-bpr-scow-schedule-85052-001.pdf"
"366551931","1991-01-01","1991-01-31","January 1991","Folder title month","Latin America--Panama (January 1991)","91140-009","4545957","Latin America Files","Series context and cross-volume routing","Series context","","","","verified","George H.W. Bush Presidential Records","Latin American Files","Panama Chronological Files","true","0","6227958","6227958","HTTP Content-Length","Restricted - Possibly","20744","3","2","6","0","1","4","1","0","2","0","0","1","0","George H.W. Bush Library, Bush Presidential Records, Brent Scowcroft Collection, Latin American Files, Panama Chronological Files, OA/ID 91140–009, Latin America—Panama (January 1991).","Source: George H.W. Bush Library, Bush Presidential Records, Brent Scowcroft Collection, Latin American Files, Panama Chronological Files, OA/ID 91140–009, Latin America—Panama (January 1991).","https://catalog.archives.gov/id/366551931","https://catalog.archives.gov/medialz/presidential-libraries/bush/gb-gbs/4545957/41-bpr-scow-la-panama-91140-009.pdf"
"366551971","1991-01-01","1991-01-31","January 1991","Folder title month","Desert Shield/Desert Storm (January 1991) I [1]","91145-008","4708319","Desert Shield and Desert Storm Files","Series context and cross-volume routing","Series context","","","","verified","George H.W. Bush Presidential Records","Desert Shield/Desert Storm Files","Chronological Files","true","0","2477900","2477900","HTTP Content-Length","Restricted - Possibly","7710","0","0","0","0","1","5","0","0","0","0","0","0","5","George H.W. Bush Library, Bush Presidential Records, Brent Scowcroft Collection, Desert Shield and Desert Storm Files, Chronological Files, OA/ID 91145–008, Desert Shield/Desert Storm (January 1991) I[1].","Source: George H.W. Bush Library, Bush Presidential Records, Brent Scowcroft Collection, Desert Shield and Desert Storm Files, Chronological Files, OA/ID 91145–008, Desert Shield/Desert Storm (January 1991) I[1].","https://catalog.archives.gov/id/366551971","https://catalog.archives.gov/medialz/presidential-libraries/bush/gb-gbs/4708319/41-bpr-scow-dsds-chr-91145-008.pdf"
"366551972","1991-01-01","1991-01-31","January 1991","Folder title month","Desert Shield/Desert Storm (January 1991) I [2]","91146-001","4708319","Desert Shield and Desert Storm Files","Series context and cross-volume routing","Series context","","","","verified","George H.W. Bush Presidential Records","Desert Shield/Desert Storm Files","Chronological Files","true","0","32809643","32809644","HTTP Content-Length","Restricted - Possibly","118907","9","5","0","0","11","233","26","16","3","7","172","1","8","George H.W. Bush Library, Bush Presidential Records, Brent Scowcroft Collection, Desert Shield and Desert Storm Files, Chronological Files, OA/ID 91146–001, Desert Shield/Desert Storm (January 1991) I [2].","Source: George H.W. Bush Library, Bush Presidential Records, Brent Scowcroft Collection, Desert Shield and Desert Storm Files, Chronological Files, OA/ID 91146–001, Desert Shield/Desert Storm (January 1991) I [2].","https://catalog.archives.gov/id/366551972","https://catalog.archives.gov/medialz/presidential-libraries/bush/gb-gbs/4708319/41-bpr-scow-dsds-chr-91146-001.pdf"
"366551973","1991-01-01","1991-01-31","January 1991","Folder title month","Desert Shield/Desert Storm (January 1991) I [3]","91146-002","4708319","Desert Shield and Desert Storm Files","Series context and cross-volume routing","Series context","","","","verified","George H.W. Bush Presidential Records","Desert Shield/Desert Storm Files","Chronological Files","true","0","22079148","22079148","HTTP Content-Length","Restricted - Possibly","71289","3","2","4","0","8","27","4","9","0","2","6","0","6","George H.W. Bush Library, Bush Presidential Records, Brent Scowcroft Collection, Desert Shield and Desert Storm Files, Chronological Files, OA/ID 91146–002, Desert Shield/Desert Storm (January 1991) I [3].","Source: George H.W. Bush Library, Bush Presidential Records, Brent Scowcroft Collection, Desert Shield and Desert Storm Files, Chronological Files, OA/ID 91146–002, Desert Shield/Desert Storm (January 1991) I [3].","https://catalog.archives.gov/id/366551973","https://catalog.archives.gov/medialz/presidential-libraries/bush/gb-gbs/4708319/41-bpr-scow-dsds-chr-91146-002.pdf"
"366551974","1991-01-01","1991-01-31","January 1991","Folder title month","Desert Shield/Desert Storm (January 1991) II [1]","91146-003","4708319","Desert Shield and Desert Storm Files","Monetary Policy, Debt, and International Institutions","Boundary review","Persian Gulf; Gulf financing; Oil prices; Trade and market access; Debt and international finance; Economic summits and G-7; Transition economies; Energy; Agriculture","The full OCR and opening withdrawal inventory identify a significant foreign-economic-policy strand, but the principal narrative belongs in a regional, Soviet, China, German-unification, or Persian Gulf volume. Review for cross-reference or a narrowly selected economic-policy document. Special-separate copy sets, meeting-file duplicates, and later retrospective chronologies are not separately promoted. Compare this file with the controlling regional and presidential records before selection.","The official file-unit PDF is online. This collection-wide pass did not establish its served-PDF page count or item boundaries; page totals on withdrawal sheets describe individual entries, not the complete file unit.","verified","George H.W. Bush Presidential Records","Desert Shield/Desert Storm Files","Chronological Files","true","0","32523449","32523448","HTTP Content-Length","Restricted - Possibly","119820","4","7","0","0","11","128","25","23","7","13","46","3","8","George H.W. Bush Library, Bush Presidential Records, Brent Scowcroft Collection, Desert Shield and Desert Storm Files, Chronological Files, OA/ID 91146–003, Desert Shield/Desert Storm (January 1991) II [1].","Source: George H.W. Bush Library, Bush Presidential Records, Brent Scowcroft Collection, Desert Shield and Desert Storm Files, Chronological Files, OA/ID 91146–003, Desert Shield/Desert Storm (January 1991) II [1].","https://catalog.archives.gov/id/366551974","https://catalog.archives.gov/medialz/presidential-libraries/bush/gb-gbs/4708319/41-bpr-scow-dsds-chr-91146-003.pdf"
"366551975","1991-01-01","1991-01-31","January 1991","Folder title month","Desert Shield/Desert Storm (January 1991) II [2]","91146-004","4708319","Desert Shield and Desert Storm Files","Series context and cross-volume routing","Series context","","","","verified","George H.W. Bush Presidential Records","Desert Shield/Desert Storm Files","Chronological Files","true","0","30684021","30684020","HTTP Content-Length","Restricted - Possibly","86555","1","7","0","0","8","31","4","10","4","3","10","0","0","George H.W. Bush Library, Bush Presidential Records, Brent Scowcroft Collection, Desert Shield and Desert Storm Files, Chronological Files, OA/ID 91146–004, Desert Shield/Desert Storm (January 1991) II [2].","Source: George H.W. Bush Library, Bush Presidential Records, Brent Scowcroft Collection, Desert Shield and Desert Storm Files, Chronological Files, OA/ID 91146–004, Desert Shield/Desert Storm (January 1991) II [2].","https://catalog.archives.gov/id/366551975","https://catalog.archives.gov/medialz/presidential-libraries/bush/gb-gbs/4708319/41-bpr-scow-dsds-chr-91146-004.pdf"
"366551976","1991-01-01","1991-01-31","January 1991","Folder title month","Desert Shield/Desert Storm (January 1991) III [1]","91146-005","4708319","Desert Shield and Desert Storm Files","Series context and cross-volume routing","Series context","","","","verified","George H.W. Bush Presidential Records","Desert Shield/Desert Storm Files","Chronological Files","true","0","16751726","16751726","HTTP Content-Length","Restricted - Possibly","58121","2","3","0","0","6","21","4","9","2","3","1","0","1","George H.W. Bush Library, Bush Presidential Records, Brent Scowcroft Collection, Desert Shield and Desert Storm Files, Chronological Files, OA/ID 91146–005, Desert Shield/Desert Storm (January 1991) III [1].","Source: George H.W. Bush Library, Bush Presidential Records, Brent Scowcroft Collection, Desert Shield and Desert Storm Files, Chronological Files, OA/ID 91146–005, Desert Shield/Desert Storm (January 1991) III [1].","https://catalog.archives.gov/id/366551976","https://catalog.archives.gov/medialz/presidential-libraries/bush/gb-gbs/4708319/41-bpr-scow-dsds-chr-91146-005.pdf"
"366551977","1991-01-01","1991-01-31","January 1991","Folder title month","Desert Shield/Desert Storm (January 1991) III [2]","91146-006","4708319","Desert Shield and Desert Storm Files","Series context and cross-volume routing","Series context","","","","verified","George H.W. Bush Presidential Records","Desert Shield/Desert Storm Files","Chronological Files","true","0","24265071","24265072","HTTP Content-Length","Restricted - Possibly","80427","2","10","0","0","9","23","1","11","0","1","10","0","0","George H.W. Bush Library, Bush Presidential Records, Brent Scowcroft Collection, Desert Shield and Desert Storm Files, Chronological Files, OA/ID 91146–006, Desert Shield/Desert Storm (January 1991) III [2].","Source: George H.W. Bush Library, Bush Presidential Records, Brent Scowcroft Collection, Desert Shield and Desert Storm Files, Chronological Files, OA/ID 91146–006, Desert Shield/Desert Storm (January 1991) III [2].","https://catalog.archives.gov/id/366551977","https://catalog.archives.gov/medialz/presidential-libraries/bush/gb-gbs/4708319/41-bpr-scow-dsds-chr-91146-006.pdf"
"366551760","1991-01-01","1991-02-28","January-February 1991","Folder title month range","USSR Collapse: U.S.--Soviet Relations Thru 1991 (January-February 1991)","91119-004","4545954","USSR Collapse Files","Series context and cross-volume routing","Series context","","","","verified","George H.W. Bush Presidential Records","USSR Collapse Files","U.S. - Soviet Relations Chronological Files","true","0","","9414016","Served size not measured","Restricted - Possibly","33675","0","6","3","0","5","16","3","6","3","1","0","3","0","George H.W. Bush Library, Bush Presidential Records, Brent Scowcroft Collection, USSR Collapse Files, U.S. - Soviet Relations Chronological Files, OA/ID 91119–004, USSR Collapse: U.S—Soviet Relations Thru 1991 (January—February 1991).","Source: George H.W. Bush Library, Bush Presidential Records, Brent Scowcroft Collection, USSR Collapse Files, U.S. - Soviet Relations Chronological Files, OA/ID 91119–004, USSR Collapse: U.S—Soviet Relations Thru 1991 (January—February 1991).","https://catalog.archives.gov/id/366551760","https://catalog.archives.gov/medialz/presidential-libraries/bush/gb-gbs/4545954/41-bpr-scow-ussrco-ussrl-91119-004.pdf"
"366552012","1991-01-01","1991-04-30","January-April 1991","Folder title month range","Other (January-April 1991) [1]","91150-001","4708326","Chronological Files","Series context and cross-volume routing","Series context","","","","verified","George H.W. Bush Presidential Records","Chronological Files","","true","0","34686334","34686336","HTTP Content-Length","Restricted - Possibly","140232","9","8","0","3","19","101","16","44","4","2","29","1","3","George H.W. Bush Library, Bush Presidential Records, Brent Scowcroft Collection, Chronological Files, OA/ID 91150–001, Other (January—April 1991) [1].","Source: George H.W. Bush Library, Bush Presidential Records, Brent Scowcroft Collection, Chronological Files, OA/ID 91150–001, Other (January—April 1991) [1].","https://catalog.archives.gov/id/366552012","https://catalog.archives.gov/medialz/presidential-libraries/bush/gb-gbs/4708326/41-bpr-scow-chron-91150-001.pdf"
"366552013","1991-01-01","1991-04-30","January-April 1991","Folder title month range","Other (January-April 1991) [2]","91150-002","4708326","Chronological Files","Series context and cross-volume routing","Series context","","","","verified","George H.W. Bush Presidential Records","Chronological Files","","true","0","34017644","34017644","HTTP Content-Length","Restricted - Possibly","141176","0","6","0","2","8","127","32","12","60","4","2","1","0","George H.W. Bush Library, Bush Presidential Records, Brent Scowcroft Collection, Chronological Files, OA/ID 91150–002, Other (January—April 1991) [2].","Source: George H.W. Bush Library, Bush Presidential Records, Brent Scowcroft Collection, Chronological Files, OA/ID 91150–002, Other (January—April 1991) [2].","https://catalog.archives.gov/id/366552013","https://catalog.archives.gov/medialz/presidential-libraries/bush/gb-gbs/4708326/41-bpr-scow-chron-91150-002.pdf"
"366551836","1991-01-01","1991-06-30","January-June 1991","Folder title month range","Gorbachev -Sensitive January-June 1991 [1]","91129-001","4708331","Special Separate USSR Notes Files","Series context and cross-volume routing","Series context","","","","verified","George H.W. Bush Presidential Records","Special Separate USSR Notes Files","Gorbachev Files","true","0","43747950","43747952","HTTP Content-Length","Restricted - Possibly","166619","1","0","1","0","8","150","74","33","5","12","2","2","1","George H.W. Bush Library, Bush Presidential Records, Brent Scowcroft Collection, Special Separate USSR Notes Files, Gorbachev Files, OA/ID 91129–001, Gorbachev -Sensitive January—June 1991 [1].","Source: George H.W. Bush Library, Bush Presidential Records, Brent Scowcroft Collection, Special Separate USSR Notes Files, Gorbachev Files, OA/ID 91129–001, Gorbachev -Sensitive January—June 1991 [1].","https://catalog.archives.gov/id/366551836","https://catalog.archives.gov/medialz/presidential-libraries/bush/gb-gbs/4708331/41-bpr-scow-ssussr-gor-91129-001.pdf"
"366551837","1991-01-01","1991-06-30","January-June 1991","Folder title month range","Gorbachev -Sensitive January-June 1991 [2]","91129-002","4708331","Special Separate USSR Notes Files","Series context and cross-volume routing","Series context","","","","verified","George H.W. Bush Presidential Records","Special Separate USSR Notes Files","Gorbachev Files","true","0","55054829","55054828","HTTP Content-Length","Restricted - Possibly","228675","6","3","1","0","27","190","21","28","14","72","1","41","2","George H.W. Bush Library, Bush Presidential Records, Brent Scowcroft Collection, Special Separate USSR Notes Files, Gorbachev Files, OA/ID 91129–002, Gorbachev -Sensitive January—June 1991 [2].","Source: George H.W. Bush Library, Bush Presidential Records, Brent Scowcroft Collection, Special Separate USSR Notes Files, Gorbachev Files, OA/ID 91129–002, Gorbachev -Sensitive January—June 1991 [2].","https://catalog.archives.gov/id/366551837","https://catalog.archives.gov/medialz/presidential-libraries/bush/gb-gbs/4708331/41-bpr-scow-ssussr-gor-91129-002.pdf"
"366551838","1991-01-01","1991-06-30","January-June 1991","Folder title month range","Gorbachev -Sensitive January-June 1991 [3]","91129-003","4708331","Special Separate USSR Notes Files","Series context and cross-volume routing","Series context","","","","verified","George H.W. Bush Presidential Records","Special Separate USSR Notes Files","Gorbachev Files","true","0","43497821","43497820","HTTP Content-Length","Restricted - Possibly","178082","9","2","0","0","22","50","13","18","2","11","4","0","0","George H.W. Bush Library, Bush Presidential Records, Brent Scowcroft Collection, Special Separate USSR Notes Files, Gorbachev Files, OA/ID 91129–003, Gorbachev -Sensitive January—June 1991 [3].","Source: George H.W. Bush Library, Bush Presidential Records, Brent Scowcroft Collection, Special Separate USSR Notes Files, Gorbachev Files, OA/ID 91129–003, Gorbachev -Sensitive January—June 1991 [3].","https://catalog.archives.gov/id/366551838","https://catalog.archives.gov/medialz/presidential-libraries/bush/gb-gbs/4708331/41-bpr-scow-ssussr-gor-91129-003.pdf"
"366551839","1991-01-01","1991-06-30","January-June 1991","Folder title month range","Gorbachev -Sensitive January-June 1991 [4]","91129-004","4708331","Special Separate USSR Notes Files","Series context and cross-volume routing","Series context","","","","verified","George H.W. Bush Presidential Records","Special Separate USSR Notes Files","Gorbachev Files","true","0","43138415","43138416","HTTP Content-Length","Restricted - Possibly","173498","7","2","0","0","17","19","1","13","0","1","4","0","0","George H.W. Bush Library, Bush Presidential Records, Brent Scowcroft Collection, Special Separate USSR Notes Files, Gorbachev Files, OA/ID 91129–004, Gorbachev -Sensitive January—June 1991 [4].","Source: George H.W. Bush Library, Bush Presidential Records, Brent Scowcroft Collection, Special Separate USSR Notes Files, Gorbachev Files, OA/ID 91129–004, Gorbachev -Sensitive January—June 1991 [4].","https://catalog.archives.gov/id/366551839","https://catalog.archives.gov/medialz/presidential-libraries/bush/gb-gbs/4708331/41-bpr-scow-ssussr-gor-91129-004.pdf"
"366551840","1991-01-01","1991-06-30","January-June 1991","Folder title month range","Gorbachev -Sensitive January-June 1991 [5]","91129-005","4708331","Special Separate USSR Notes Files","Series context and cross-volume routing","Series context","","","","verified","George H.W. Bush Presidential Records","Special Separate USSR Notes Files","Gorbachev Files","true","0","31697614","31697614","HTTP Content-Length","Restricted - Possibly","128620","5","1","3","0","14","206","70","38","31","44","1","10","0","George H.W. Bush Library, Bush Presidential Records, Brent Scowcroft Collection, Special Separate USSR Notes Files, Gorbachev Files, OA/ID 91129–005, Gorbachev -Sensitive January—June 1991 [5].","Source: George H.W. Bush Library, Bush Presidential Records, Brent Scowcroft Collection, Special Separate USSR Notes Files, Gorbachev Files, OA/ID 91129–005, Gorbachev -Sensitive January—June 1991 [5].","https://catalog.archives.gov/id/366551840","https://catalog.archives.gov/medialz/presidential-libraries/bush/gb-gbs/4708331/41-bpr-scow-ssussr-gor-91129-005.pdf"
"366551841","1991-01-01","1991-06-30","January-June 1991","Folder title month range","Gorbachev -Sensitive January-June 1991 [Copy Set] [1]","91129-006","4708331","Special Separate USSR Notes Files","Series context and cross-volume routing","Parallel-copy context","","","","verified","George H.W. Bush Presidential Records","Special Separate USSR Notes Files","Gorbachev Files","true","0","52727088","52727088","HTTP Content-Length","Restricted - Possibly","220019","12","3","3","0","36","224","70","56","31","44","1","10","0","George H.W. Bush Library, Bush Presidential Records, Brent Scowcroft Collection, Special Separate USSR Notes Files, Gorbachev Files, OA/ID 91129–006, Gorbachev -Sensitive January—June 1991 [Copy Set] [1].","Source: George H.W. Bush Library, Bush Presidential Records, Brent Scowcroft Collection, Special Separate USSR Notes Files, Gorbachev Files, OA/ID 91129–006, Gorbachev -Sensitive January—June 1991 [Copy Set] [1].","https://catalog.archives.gov/id/366551841","https://catalog.archives.gov/medialz/presidential-libraries/bush/gb-gbs/4708331/41-bpr-scow-ssussr-gor-91129-006.pdf"
"366551842","1991-01-01","1991-06-30","January-June 1991","Folder title month range","Gorbachev -Sensitive January-June 1991 [Copy Set] [2]","91129-007","4708331","Special Separate USSR Notes Files","Series context and cross-volume routing","Parallel-copy context","","","","verified","George H.W. Bush Presidential Records","Special Separate USSR Notes Files","Gorbachev Files","true","0","42681435","42681436","HTTP Content-Length","Restricted - Possibly","176137","8","2","0","0","23","31","2","18","0","3","8","0","0","George H.W. Bush Library, Bush Presidential Records, Brent Scowcroft Collection, Special Separate USSR Notes Files, Gorbachev Files, OA/ID 91129–007, Gorbachev -Sensitive January—June 1991 [Copy Set] [2].","Source: George H.W. Bush Library, Bush Presidential Records, Brent Scowcroft Collection, Special Separate USSR Notes Files, Gorbachev Files, OA/ID 91129–007, Gorbachev -Sensitive January—June 1991 [Copy Set] [2].","https://catalog.archives.gov/id/366551842","https://catalog.archives.gov/medialz/presidential-libraries/bush/gb-gbs/4708331/41-bpr-scow-ssussr-gor-91129-007.pdf"
"366551843","1991-01-01","1991-06-30","January-June 1991","Folder title month range","Gorbachev -Sensitive January-June 1991 [Copy Set] [3]","91130-001","4708331","Special Separate USSR Notes Files","Series context and cross-volume routing","Parallel-copy context","","","","verified","George H.W. Bush Presidential Records","Special Separate USSR Notes Files","Gorbachev Files","true","0","34012453","34012452","HTTP Content-Length","Restricted - Possibly","162598","0","0","0","0","56","87","7","50","4","18","0","6","0","George H.W. Bush Library, Bush Presidential Records, Brent Scowcroft Collection, Special Separate USSR Notes Files, Gorbachev Files, OA/ID 91130–001, Gorbachev -Sensitive January—June 1991 [Copy Set] [3].","Source: George H.W. Bush Library, Bush Presidential Records, Brent Scowcroft Collection, Special Separate USSR Notes Files, Gorbachev Files, OA/ID 91130–001, Gorbachev -Sensitive January—June 1991 [Copy Set] [3].","https://catalog.archives.gov/id/366551843","https://catalog.archives.gov/medialz/presidential-libraries/bush/gb-gbs/4708331/41-bpr-scow-ssussr-gor-91130-001.pdf"
"366551844","1991-01-01","1991-06-30","January-June 1991","Folder title month range","Gorbachev -Sensitive January-June 1991 [Copy Set] [4]","91130-002","4708331","Special Separate USSR Notes Files","Series context and cross-volume routing","Parallel-copy context","","","","verified","George H.W. Bush Presidential Records","Special Separate USSR Notes Files","Gorbachev Files","true","0","21122697","21122696","HTTP Content-Length","Restricted - Possibly","99475","0","0","1","0","41","52","6","39","0","2","0","0","1","George H.W. Bush Library, Bush Presidential Records, Brent Scowcroft Collection, Special Separate USSR Notes Files, Gorbachev Files, OA/ID 91130–002, Gorbachev -Sensitive January—June 1991 [Copy Set] [4].","Source: George H.W. Bush Library, Bush Presidential Records, Brent Scowcroft Collection, Special Separate USSR Notes Files, Gorbachev Files, OA/ID 91130–002, Gorbachev -Sensitive January—June 1991 [Copy Set] [4].","https://catalog.archives.gov/id/366551844","https://catalog.archives.gov/medialz/presidential-libraries/bush/gb-gbs/4708331/41-bpr-scow-ssussr-gor-91130-002.pdf"
"366552150","1991-01-01","1991-12-31","January-December 1991","Folder title month range","Appointments Completed, January to December 1991 [1]","85035-001","74785770","Brent Scowcroft Administrative Files","Series context and cross-volume routing","Reference context","","","","verified","George H.W. Bush Presidential Records","Administrative Files","","true","0","80689616","1234","HTTP Content-Length","Restricted - Possibly","387221","1","2","0","0","7","154","54","26","22","24","12","3","4","George H.W. Bush Library, Bush Presidential Records, Brent Scowcroft Collection, Administrative Files, OA/ID 85035–001, Appointments Completed, January to December 1991 [1].","Source: George H.W. Bush Library, Bush Presidential Records, Brent Scowcroft Collection, Administrative Files, OA/ID 85035–001, Appointments Completed, January to December 1991 [1].","https://catalog.archives.gov/id/366552150","https://catalog.archives.gov/medialz/presidential-libraries/bush/gb-gbs/74785770/41-bpr-scow-admin-85035-001.pdf"
"366552151","1991-01-01","1991-12-31","January-December 1991","Folder title month range","Appointments Completed, January to December 1991 [2]","85035-002","74785770","Brent Scowcroft Administrative Files","Series context and cross-volume routing","Reference context","","","","verified","George H.W. Bush Presidential Records","Administrative Files","","true","0","43146270","1234","HTTP Content-Length","Restricted - Possibly","142987","0","2","0","0","10","120","44","28","30","4","4","0","4","George H.W. Bush Library, Bush Presidential Records, Brent Scowcroft Collection, Administrative Files, OA/ID 85035–002, Appointments Completed, January to December 1991 [2].","Source: George H.W. Bush Library, Bush Presidential Records, Brent Scowcroft Collection, Administrative Files, OA/ID 85035–002, Appointments Completed, January to December 1991 [2].","https://catalog.archives.gov/id/366552151","https://catalog.archives.gov/medialz/presidential-libraries/bush/gb-gbs/74785770/41-bpr-scow-admin-85035-002.pdf"
"366552152","1991-01-01","1991-12-31","January-December 1991","Folder title month range","Appointments Completed, January to December 1991 [3]","85035-003","74785770","Brent Scowcroft Administrative Files","Series context and cross-volume routing","Reference context","","","","verified","George H.W. Bush Presidential Records","Administrative Files","","true","0","44439258","1234","HTTP Content-Length","Restricted - Possibly","144536","0","5","0","0","6","148","36","17","60","1","16","3","12","George H.W. Bush Library, Bush Presidential Records, Brent Scowcroft Collection, Administrative Files, OA/ID 85035–003, Appointments Completed, January to December 1991 [3].","Source: George H.W. Bush Library, Bush Presidential Records, Brent Scowcroft Collection, Administrative Files, OA/ID 85035–003, Appointments Completed, January to December 1991 [3].","https://catalog.archives.gov/id/366552152","https://catalog.archives.gov/medialz/presidential-libraries/bush/gb-gbs/74785770/41-bpr-scow-admin-85035-003.pdf"
"366552153","1991-01-01","1991-12-31","January-December 1991","Folder title month range","Appointments Completed, January to December 1991 [4]","85035-004","74785770","Brent Scowcroft Administrative Files","Series context and cross-volume routing","Reference context","","","","verified","George H.W. Bush Presidential Records","Administrative Files","","true","0","42451552","1234","HTTP Content-Length","Restricted - Possibly","151531","2","10","0","0","23","110","12","37","39","0","12","6","2","George H.W. Bush Library, Bush Presidential Records, Brent Scowcroft Collection, Administrative Files, OA/ID 85035–004, Appointments Completed, January to December 1991 [4].","Source: George H.W. Bush Library, Bush Presidential Records, Brent Scowcroft Collection, Administrative Files, OA/ID 85035–004, Appointments Completed, January to December 1991 [4].","https://catalog.archives.gov/id/366552153","https://catalog.archives.gov/medialz/presidential-libraries/bush/gb-gbs/74785770/41-bpr-scow-admin-85035-004.pdf"
"366552161","1991-01-01","1991-12-31","January-December 1991","Folder title month range","Appointments Regretted, January to December 1991","85036-006","74785770","Brent Scowcroft Administrative Files","Series context and cross-volume routing","Reference context","","","","verified","George H.W. Bush Presidential Records","Administrative Files","","true","0","29448019","1234","HTTP Content-Length","Restricted - Possibly","112642","0","2","0","0","2","53","11","7","9","3","20","0","0","George H.W. Bush Library, Bush Presidential Records, Brent Scowcroft Collection, Administrative Files, OA/ID 85036–006, Appointments Regretted, January to December 1991.","Source: George H.W. Bush Library, Bush Presidential Records, Brent Scowcroft Collection, Administrative Files, OA/ID 85036–006, Appointments Regretted, January to December 1991.","https://catalog.archives.gov/id/366552161","https://catalog.archives.gov/medialz/presidential-libraries/bush/gb-gbs/74785770/41-bpr-scow-admin-85036-006.pdf"
"366552166","1991-01-01","1991-12-31","1991","Folder title year","Foreign Visits and Foreign Travel, 1991","85037-002","74785770","Brent Scowcroft Administrative Files","Series context and cross-volume routing","Series context","","","","verified","George H.W. Bush Presidential Records","Administrative Files","","true","0","16505031","1234","HTTP Content-Length","Restricted - Possibly","54293","0","7","0","0","2","10","2","1","1","0","0","0","0","George H.W. Bush Library, Bush Presidential Records, Brent Scowcroft Collection, Administrative Files, OA/ID 85037–002, Foreign Visits and Foreign Travel, 1991.","Source: George H.W. Bush Library, Bush Presidential Records, Brent Scowcroft Collection, Administrative Files, OA/ID 85037–002, Foreign Visits and Foreign Travel, 1991.","https://catalog.archives.gov/id/366552166","https://catalog.archives.gov/medialz/presidential-libraries/bush/gb-gbs/74785770/41-bpr-scow-admin-85037-002.pdf"
"366552172","1991-01-01","1991-12-31","1991","Folder title year","Meetings, Bush Administration NSC, 1991","85037-008","74785770","Brent Scowcroft Administrative Files","Series context and cross-volume routing","Series context","","","","verified","George H.W. Bush Presidential Records","Administrative Files","","true","0","3312525","1234","HTTP Content-Length","Restricted - Possibly","14736","0","0","0","0","7","6","0","6","0","0","0","0","0","George H.W. Bush Library, Bush Presidential Records, Brent Scowcroft Collection, Administrative Files, OA/ID 85037–008, Meetings, Bush Administration NSC, 1991.","Source: George H.W. Bush Library, Bush Presidential Records, Brent Scowcroft Collection, Administrative Files, OA/ID 85037–008, Meetings, Bush Administration NSC, 1991.","https://catalog.archives.gov/id/366552172","https://catalog.archives.gov/medialz/presidential-libraries/bush/gb-gbs/74785770/41-bpr-scow-admin-85037-008.pdf"
"366551896","1991-01-01","1991-12-31","1991","Folder title year","China 1991 (Sensitive)","91137-007","4708330","Special Separate China Notes Files","Series context and cross-volume routing","Series context","","","","verified","George H.W. Bush Presidential Records","Special Separate China Notes Files","China Files","true","0","18877781","18877780","HTTP Content-Length","Restricted - Possibly","80662","0","0","6","0","20","37","2","17","15","2","0","1","0","George H.W. Bush Library, Bush Presidential Records, Brent Scowcroft Collection, Special Separate China Notes Files, China Files, OA/ID 91137–007, China 1991 (Sensitive).","Source: George H.W. Bush Library, Bush Presidential Records, Brent Scowcroft Collection, Special Separate China Notes Files, China Files, OA/ID 91137–007, China 1991 (Sensitive).","https://catalog.archives.gov/id/366551896","https://catalog.archives.gov/medialz/presidential-libraries/bush/gb-gbs/4708330/41-bpr-scow-ssch-china-91137-007.pdf"
"366552016","1991-01-01","1991-12-31","1991","Folder title year","Special Channel (January-June) 1991 [1]","91151-003","4708329","Separate Communication Channel Files","Series context and cross-volume routing","Series context","","","","verified","George H.W. Bush Presidential Records","Special Separate Channel Files","","true","0","27111531","27111532","HTTP Content-Length","Restricted - Possibly","109452","0","0","0","0","30","29","1","25","0","0","0","0","0","George H.W. Bush Library, Bush Presidential Records, Brent Scowcroft Collection, Special Separate Channel Files, OA/ID 91151–003, Special Channel (January—June) 1991 [1].","Source: George H.W. Bush Library, Bush Presidential Records, Brent Scowcroft Collection, Special Separate Channel Files, OA/ID 91151–003, Special Channel (January—June) 1991 [1].","https://catalog.archives.gov/id/366552016","https://catalog.archives.gov/medialz/presidential-libraries/bush/gb-gbs/4708329/41-bpr-scow-ssch-91151-003.pdf"
"366552017","1991-01-01","1991-12-31","1991","Folder title year","Special Channel (January-June) 1991 [2]","91151-004","4708329","Separate Communication Channel Files","Series context and cross-volume routing","Series context","","","","verified","George H.W. Bush Presidential Records","Special Separate Channel Files","","true","0","29556091","29556092","HTTP Content-Length","Restricted - Possibly","124179","0","1","0","0","24","54","6","28","4","0","14","0","0","George H.W. Bush Library, Bush Presidential Records, Brent Scowcroft Collection, Special Separate Channel Files, OA/ID 91151–004, Special Channel (January—June) 1991 [2].","Source: George H.W. Bush Library, Bush Presidential Records, Brent Scowcroft Collection, Special Separate Channel Files, OA/ID 91151–004, Special Channel (January—June) 1991 [2].","https://catalog.archives.gov/id/366552017","https://catalog.archives.gov/medialz/presidential-libraries/bush/gb-gbs/4708329/41-bpr-scow-ssch-91151-004.pdf"
"366552018","1991-01-01","1991-12-31","1991","Folder title year","Special Channel (January-June) 1991 [3]","91151-005","4708329","Separate Communication Channel Files","Series context and cross-volume routing","Series context","","","","verified","George H.W. Bush Presidential Records","Special Separate Channel Files","","true","0","22656229","22656228","HTTP Content-Length","Restricted - Possibly","99554","0","1","0","0","32","43","4","33","4","0","0","0","0","George H.W. Bush Library, Bush Presidential Records, Brent Scowcroft Collection, Special Separate Channel Files, OA/ID 91151–005, Special Channel (January—June) 1991 [3].","Source: George H.W. Bush Library, Bush Presidential Records, Brent Scowcroft Collection, Special Separate Channel Files, OA/ID 91151–005, Special Channel (January—June) 1991 [3].","https://catalog.archives.gov/id/366552018","https://catalog.archives.gov/medialz/presidential-libraries/bush/gb-gbs/4708329/41-bpr-scow-ssch-91151-005.pdf"
"366552019","1991-01-01","1991-12-31","1991","Folder title year","Special Channel (January-June) 1991 [4]","91151-006","4708329","Separate Communication Channel Files","Series context and cross-volume routing","Series context","","","","verified","George H.W. Bush Presidential Records","Special Separate Channel Files","","true","0","23349951","23349952","HTTP Content-Length","Restricted - Possibly","98318","0","0","0","0","16","16","0","12","0","0","4","0","0","George H.W. Bush Library, Bush Presidential Records, Brent Scowcroft Collection, Special Separate Channel Files, OA/ID 91151–006, Special Channel (January—June) 1991 [4].","Source: George H.W. Bush Library, Bush Presidential Records, Brent Scowcroft Collection, Special Separate Channel Files, OA/ID 91151–006, Special Channel (January—June) 1991 [4].","https://catalog.archives.gov/id/366552019","https://catalog.archives.gov/medialz/presidential-libraries/bush/gb-gbs/4708329/41-bpr-scow-ssch-91151-006.pdf"
"366552020","1991-01-01","1991-12-31","1991","Folder title year","Special Channel (January-June) 1991 [5]","91151-007","4708329","Separate Communication Channel Files","Series context and cross-volume routing","Series context","","","","verified","George H.W. Bush Presidential Records","Special Separate Channel Files","","true","0","29755413","29755412","HTTP Content-Length","Restricted - Possibly","128905","0","1","0","0","27","99","24","27","31","1","10","4","2","George H.W. Bush Library, Bush Presidential Records, Brent Scowcroft Collection, Special Separate Channel Files, OA/ID 91151–007, Special Channel (January—June) 1991 [5].","Source: George H.W. Bush Library, Bush Presidential Records, Brent Scowcroft Collection, Special Separate Channel Files, OA/ID 91151–007, Special Channel (January—June) 1991 [5].","https://catalog.archives.gov/id/366552020","https://catalog.archives.gov/medialz/presidential-libraries/bush/gb-gbs/4708329/41-bpr-scow-ssch-91151-007.pdf"
"366552021","1991-01-01","1991-12-31","1991","Folder title year","Special Channel (July-December) 1991 [1]","91152-001","4708329","Separate Communication Channel Files","Series context and cross-volume routing","Series context","","","","verified","George H.W. Bush Presidential Records","Special Separate Channel Files","","true","0","24759386","24759386","HTTP Content-Length","Restricted - Possibly","94774","0","0","0","0","17","129","31","38","32","7","4","8","0","George H.W. Bush Library, Bush Presidential Records, Brent Scowcroft Collection, Special Separate Channel Files, OA/ID 91152–001, Special Channel (July—December) 1991 [1].","Source: George H.W. Bush Library, Bush Presidential Records, Brent Scowcroft Collection, Special Separate Channel Files, OA/ID 91152–001, Special Channel (July—December) 1991 [1].","https://catalog.archives.gov/id/366552021","https://catalog.archives.gov/medialz/presidential-libraries/bush/gb-gbs/4708329/41-bpr-scow-ssch-91152-001.pdf"
"366552022","1991-01-01","1991-12-31","1991","Folder title year","Special Channel (July-December) 1991 [2]","91152-002","4708329","Separate Communication Channel Files","Series context and cross-volume routing","Series context","","","","verified","George H.W. Bush Presidential Records","Special Separate Channel Files","","true","0","24935256","24935256","HTTP Content-Length","Restricted - Possibly","99353","0","0","0","0","19","67","13","14","25","6","1","2","0","George H.W. Bush Library, Bush Presidential Records, Brent Scowcroft Collection, Special Separate Channel Files, OA/ID 91152–002, Special Channel (July—December) 1991 [2].","Source: George H.W. Bush Library, Bush Presidential Records, Brent Scowcroft Collection, Special Separate Channel Files, OA/ID 91152–002, Special Channel (July—December) 1991 [2].","https://catalog.archives.gov/id/366552022","https://catalog.archives.gov/medialz/presidential-libraries/bush/gb-gbs/4708329/41-bpr-scow-ssch-91152-002.pdf"
"366552023","1991-01-01","1991-12-31","1991","Folder title year","Special Channel (July-December) 1991 [3]","91152-003","4708329","Separate Communication Channel Files","Series context and cross-volume routing","Series context","","","","verified","George H.W. Bush Presidential Records","Special Separate Channel Files","","true","0","18174070","18174070","HTTP Content-Length","Restricted - Possibly","73781","0","1","0","0","22","49","1","19","9","2","1","17","0","George H.W. Bush Library, Bush Presidential Records, Brent Scowcroft Collection, Special Separate Channel Files, OA/ID 91152–003, Special Channel (July—December) 1991 [3].","Source: George H.W. Bush Library, Bush Presidential Records, Brent Scowcroft Collection, Special Separate Channel Files, OA/ID 91152–003, Special Channel (July—December) 1991 [3].","https://catalog.archives.gov/id/366552023","https://catalog.archives.gov/medialz/presidential-libraries/bush/gb-gbs/4708329/41-bpr-scow-ssch-91152-003.pdf"
"366552024","1991-01-01","1991-12-31","1991","Folder title year","Special Channel (July-December) 1991 [4]","91152-004","4708329","Separate Communication Channel Files","Series context and cross-volume routing","Series context","","","","verified","George H.W. Bush Presidential Records","Special Separate Channel Files","","true","0","26205667","26205668","HTTP Content-Length","Restricted - Possibly","111915","0","0","0","0","18","111","9","15","42","0","0","43","1","George H.W. Bush Library, Bush Presidential Records, Brent Scowcroft Collection, Special Separate Channel Files, OA/ID 91152–004, Special Channel (July—December) 1991 [4].","Source: George H.W. Bush Library, Bush Presidential Records, Brent Scowcroft Collection, Special Separate Channel Files, OA/ID 91152–004, Special Channel (July—December) 1991 [4].","https://catalog.archives.gov/id/366552024","https://catalog.archives.gov/medialz/presidential-libraries/bush/gb-gbs/4708329/41-bpr-scow-ssch-91152-004.pdf"
"366552055","1991-01-01","1991-12-31","1991","Folder title year","Memcons/Telcons (January-December) 1991 [1]","91156-006","4708328","Meeting Files","Series context and cross-volume routing","Parallel-copy context","","","","verified","George H.W. Bush Presidential Records","Meetings Files","Memorandum of Conversations/Telephone Conversations Files","true","0","30720832","30720832","HTTP Content-Length","Restricted - Possibly","75884","0","0","19","0","6","36","4","15","6","7","1","1","0","George H.W. Bush Library, Bush Presidential Records, Brent Scowcroft Collection, Meetings Files, Memorandum of Conversations/Telephone Conversations Files, OA/ID 91156–006, Memcons/Telcons (January-December) 1991 [1].","Source: George H.W. Bush Library, Bush Presidential Records, Brent Scowcroft Collection, Meetings Files, Memorandum of Conversations/Telephone Conversations Files, OA/ID 91156–006, Memcons/Telcons (January-December) 1991 [1].","https://catalog.archives.gov/id/366552055","https://catalog.archives.gov/medialz/presidential-libraries/bush/gb-gbs/4708328/41-bpr-scow-mtg-memtel-91156-006.pdf"
"366552056","1991-01-01","1991-12-31","1991","Folder title year","Memcons/Telcons (January-December) 1991 [2]","91156-007","4708328","Meeting Files","Series context and cross-volume routing","Parallel-copy context","","","","verified","George H.W. Bush Presidential Records","Meetings Files","Memorandum of Conversations/Telephone Conversations Files","true","0","25647534","25647534","HTTP Content-Length","Restricted - Possibly","74624","0","0","5","0","11","42","15","17","1","1","4","0","1","George H.W. Bush Library, Bush Presidential Records, Brent Scowcroft Collection, Meetings Files, Memorandum of Conversations/Telephone Conversations Files, OA/ID 91156–007, Memcons/Telcons (January-December) 1991 [2].","Source: George H.W. Bush Library, Bush Presidential Records, Brent Scowcroft Collection, Meetings Files, Memorandum of Conversations/Telephone Conversations Files, OA/ID 91156–007, Memcons/Telcons (January-December) 1991 [2].","https://catalog.archives.gov/id/366552056","https://catalog.archives.gov/medialz/presidential-libraries/bush/gb-gbs/4708328/41-bpr-scow-mtg-memtel-91156-007.pdf"
"366552057","1991-01-01","1991-12-31","1991","Folder title year","Memcons/Telcons (January-December) 1991 [3]","91156-008","4708328","Meeting Files","Series context and cross-volume routing","Parallel-copy context","","","","verified","George H.W. Bush Presidential Records","Meetings Files","Memorandum of Conversations/Telephone Conversations Files","true","0","38925813","38925812","HTTP Content-Length","Restricted - Possibly","116124","0","0","8","0","2","61","35","10","0","0","3","0","3","George H.W. Bush Library, Bush Presidential Records, Brent Scowcroft Collection, Meetings Files, Memorandum of Conversations/Telephone Conversations Files, OA/ID 91156–008, Memcons/Telcons (January-December) 1991 [3].","Source: George H.W. Bush Library, Bush Presidential Records, Brent Scowcroft Collection, Meetings Files, Memorandum of Conversations/Telephone Conversations Files, OA/ID 91156–008, Memcons/Telcons (January-December) 1991 [3].","https://catalog.archives.gov/id/366552057","https://catalog.archives.gov/medialz/presidential-libraries/bush/gb-gbs/4708328/41-bpr-scow-mtg-memtel-91156-008.pdf"
"366552058","1991-01-01","1991-12-31","1991","Folder title year","Memcons/Telcons (January-December) 1991 [4]","91156-009","4708328","Meeting Files","Series context and cross-volume routing","Parallel-copy context","","","","verified","George H.W. Bush Presidential Records","Meetings Files","Memorandum of Conversations/Telephone Conversations Files","true","0","23663901","23663900","HTTP Content-Length","Restricted - Possibly","111409","0","1","7","0","16","203","54","65","34","3","15","5","5","George H.W. Bush Library, Bush Presidential Records, Brent Scowcroft Collection, Meetings Files, Memorandum of Conversations/Telephone Conversations Files, OA/ID 91156–009, Memcons/Telcons (January-December) 1991 [4].","Source: George H.W. Bush Library, Bush Presidential Records, Brent Scowcroft Collection, Meetings Files, Memorandum of Conversations/Telephone Conversations Files, OA/ID 91156–009, Memcons/Telcons (January-December) 1991 [4].","https://catalog.archives.gov/id/366552058","https://catalog.archives.gov/medialz/presidential-libraries/bush/gb-gbs/4708328/41-bpr-scow-mtg-memtel-91156-009.pdf"
"366552059","1991-01-01","1991-12-31","1991","Folder title year","Memcons/Telcons (January-December) 1991 [5]","91156-010","4708328","Meeting Files","Series context and cross-volume routing","Parallel-copy context","","","","verified","George H.W. Bush Presidential Records","Meetings Files","Memorandum of Conversations/Telephone Conversations Files","true","0","28188889","28188888","HTTP Content-Length","Restricted - Possibly","93927","0","0","7","0","15","54","7","23","7","8","3","5","0","George H.W. Bush Library, Bush Presidential Records, Brent Scowcroft Collection, Meetings Files, Memorandum of Conversations/Telephone Conversations Files, OA/ID 91156–010, Memcons/Telcons (January-December) 1991 [5].","Source: George H.W. Bush Library, Bush Presidential Records, Brent Scowcroft Collection, Meetings Files, Memorandum of Conversations/Telephone Conversations Files, OA/ID 91156–010, Memcons/Telcons (January-December) 1991 [5].","https://catalog.archives.gov/id/366552059","https://catalog.archives.gov/medialz/presidential-libraries/bush/gb-gbs/4708328/41-bpr-scow-mtg-memtel-91156-010.pdf"
"366552064","1991-01-01","1991-12-31","1991","Folder title year","Handwritten Notes (of meetings/calls, etc.) 1991 [1]","91158-002","4708328","Meeting Files","Series context and cross-volume routing","Series context","","","","verified","George H.W. Bush Presidential Records","Meetings Files","Handwritten Meeting Notes Files","true","0","12911898","12911898","HTTP Content-Length","Restricted - Possibly","36397","0","0","0","0","15","14","0","13","0","1","0","0","0","George H.W. Bush Library, Bush Presidential Records, Brent Scowcroft Collection, Meetings Files, Handwritten Meeting Notes Files, OA/ID 91158–002, Handwritten Notes (of meetings/calls, etc.) 1991 [1].","Source: George H.W. Bush Library, Bush Presidential Records, Brent Scowcroft Collection, Meetings Files, Handwritten Meeting Notes Files, OA/ID 91158–002, Handwritten Notes (of meetings/calls, etc.) 1991 [1].","https://catalog.archives.gov/id/366552064","https://catalog.archives.gov/medialz/presidential-libraries/bush/gb-gbs/4708328/41-bpr-scow-mtg-hwnote-91158-002.pdf"
"366552065","1991-01-01","1991-12-31","1991","Folder title year","Handwritten Notes (of meetings/calls, etc.) 1991 [2]","91158-003","4708328","Meeting Files","Series context and cross-volume routing","Series context","","","","verified","George H.W. Bush Presidential Records","Meetings Files","Handwritten Meeting Notes Files","true","0","21662976","21662976","HTTP Content-Length","Restricted - Possibly","57598","0","0","0","0","6","47","5","11","6","3","8","3","2","George H.W. Bush Library, Bush Presidential Records, Brent Scowcroft Collection, Meetings Files, Handwritten Meeting Notes Files, OA/ID 91158–003, Handwritten Notes (of meetings/calls, etc.) 1991 [2].","Source: George H.W. Bush Library, Bush Presidential Records, Brent Scowcroft Collection, Meetings Files, Handwritten Meeting Notes Files, OA/ID 91158–003, Handwritten Notes (of meetings/calls, etc.) 1991 [2].","https://catalog.archives.gov/id/366552065","https://catalog.archives.gov/medialz/presidential-libraries/bush/gb-gbs/4708328/41-bpr-scow-mtg-hwnote-91158-003.pdf"
"366552066","1991-01-01","1991-12-31","1991","Folder title year","Handwritten Notes (of meetings/calls, etc.) 1991 [3]","91158-004","4708328","Meeting Files","Series context and cross-volume routing","Series context","","","","verified","George H.W. Bush Presidential Records","Meetings Files","Handwritten Meeting Notes Files","true","0","20919070","20919070","HTTP Content-Length","Restricted - Possibly","41953","0","0","0","0","5","43","0","5","9","10","5","0","1","George H.W. Bush Library, Bush Presidential Records, Brent Scowcroft Collection, Meetings Files, Handwritten Meeting Notes Files, OA/ID 91158–004, Handwritten Notes (of meetings/calls, etc.) 1991 [3].","Source: George H.W. Bush Library, Bush Presidential Records, Brent Scowcroft Collection, Meetings Files, Handwritten Meeting Notes Files, OA/ID 91158–004, Handwritten Notes (of meetings/calls, etc.) 1991 [3].","https://catalog.archives.gov/id/366552066","https://catalog.archives.gov/medialz/presidential-libraries/bush/gb-gbs/4708328/41-bpr-scow-mtg-hwnote-91158-004.pdf"
"366552080","1991-01-01","1991-12-31","1991","Folder title year","NSB's--National Security Briefings (January-December) 1991 [1]","91160-004","4708328","Meeting Files","Series context and cross-volume routing","Series context","","","","verified","George H.W. Bush Presidential Records","Meetings Files","National Security Briefings","true","0","19699838","20391600","HTTP Content-Length","Restricted - Possibly","97949","0","0","0","0","46","41","0","40","0","1","0","0","0","George H.W. Bush Library, Bush Presidential Records, Brent Scowcroft Collection, Meetings Files, National Security Briefings, OA/ID 91160–004, NSB's—National Security Briefings (January—December) 1991 [1].","Source: George H.W. Bush Library, Bush Presidential Records, Brent Scowcroft Collection, Meetings Files, National Security Briefings, OA/ID 91160–004, NSB's—National Security Briefings (January—December) 1991 [1].","https://catalog.archives.gov/id/366552080","https://catalog.archives.gov/medialz/presidential-libraries/bush/gb-gbs/4708328/41-bpr-scow-mtg-nsb-91160-004.pdf"
"366552081","1991-01-01","1991-12-31","1991","Folder title year","NSB's--National Security Briefings (January-December) 1991 [2]","91160-005","4708328","Meeting Files","Series context and cross-volume routing","Series context","","","","verified","George H.W. Bush Presidential Records","Meetings Files","National Security Briefings","true","0","21836052","21836052","HTTP Content-Length","Restricted - Possibly","112999","0","0","0","0","54","48","0","48","0","0","0","0","0","George H.W. Bush Library, Bush Presidential Records, Brent Scowcroft Collection, Meetings Files, National Security Briefings, OA/ID 91160–005, NSB's—National Security Briefings (January—December) 1991 [2].","Source: George H.W. Bush Library, Bush Presidential Records, Brent Scowcroft Collection, Meetings Files, National Security Briefings, OA/ID 91160–005, NSB's—National Security Briefings (January—December) 1991 [2].","https://catalog.archives.gov/id/366552081","https://catalog.archives.gov/medialz/presidential-libraries/bush/gb-gbs/4708328/41-bpr-scow-mtg-nsb-91160-005.pdf"
"366552082","1991-01-01","1991-12-31","1991","Folder title year","NSB's--National Security Briefings (January-December) 1991 [3]","91160-006","4708328","Meeting Files","Series context and cross-volume routing","Series context","","","","verified","George H.W. Bush Presidential Records","Meetings Files","National Security Briefings","true","0","23546907","23546908","HTTP Content-Length","Restricted - Possibly","120276","0","0","0","0","57","51","0","51","0","0","0","0","0","George H.W. Bush Library, Bush Presidential Records, Brent Scowcroft Collection, Meetings Files, National Security Briefings, OA/ID 91160–006, NSB's—National Security Briefings (January—December) 1991 [3].","Source: George H.W. Bush Library, Bush Presidential Records, Brent Scowcroft Collection, Meetings Files, National Security Briefings, OA/ID 91160–006, NSB's—National Security Briefings (January—December) 1991 [3].","https://catalog.archives.gov/id/366552082","https://catalog.archives.gov/medialz/presidential-libraries/bush/gb-gbs/4708328/41-bpr-scow-mtg-nsb-91160-006.pdf"
"366552083","1991-01-01","1991-12-31","1991","Folder title year","NSB's--National Security Briefings (January-December) 1991 [4]","91160-007","4708328","Meeting Files","Series context and cross-volume routing","Series context","","","","verified","George H.W. Bush Presidential Records","Meetings Files","National Security Briefings","true","0","18867836","18867836","HTTP Content-Length","Restricted - Possibly","95054","0","0","0","0","45","40","0","40","0","0","0","0","0","George H.W. Bush Library, Bush Presidential Records, Brent Scowcroft Collection, Meetings Files, National Security Briefings, OA/ID 91160–007, NSB's—National Security Briefings (January—December) 1991 [4].","Source: George H.W. Bush Library, Bush Presidential Records, Brent Scowcroft Collection, Meetings Files, National Security Briefings, OA/ID 91160–007, NSB's—National Security Briefings (January—December) 1991 [4].","https://catalog.archives.gov/id/366552083","https://catalog.archives.gov/medialz/presidential-libraries/bush/gb-gbs/4708328/41-bpr-scow-mtg-nsb-91160-007.pdf"
"366551673","1991-01-14","1991-03-08","January 14, 1991-March 8, 1991","Folder title date range","Presidential Meetings--Memorandum of Conversations 1/14/91-3/8/91","91108-004","4545941","Presidential Correspondence Files","Series context and cross-volume routing","Series context","","","","verified","George H.W. Bush Presidential Records","Presidential Correspondence Files","Presidential Memcons Files","true","0","24189943","24189944","HTTP Content-Length","Restricted - Possibly","107183","0","0","17","2","3","58","18","13","14","1","4","3","5","George H.W. Bush Library, Bush Presidential Records, Brent Scowcroft Collection, Presidential Correspondence Files, Presidential Memcons Files, OA/ID 91108–004, Presidential Meetings—Memorandum of Conversations 01/14/91—03/08/91.","Source: George H.W. Bush Library, Bush Presidential Records, Brent Scowcroft Collection, Presidential Correspondence Files, Presidential Memcons Files, OA/ID 91108–004, Presidential Meetings—Memorandum of Conversations 01/14/91—03/08/91.","https://catalog.archives.gov/id/366551673","https://catalog.archives.gov/medialz/presidential-libraries/bush/gb-gbs/4545941/41-bpr-scow-pcor-memcon-91108-004.pdf"
"366552236","1991-01-23","1991-04-08","January 23, 1991-April 8, 1991","Folder title date range","January 23, 1991 to April 8, 1991","85045-003","74785834","Brent Scowcroft Gulf War Article Files","Series context and cross-volume routing","Reference context","","","","verified","George H.W. Bush Presidential Records","Gulf War Articles Files","","true","0","2222669","1234","HTTP Content-Length","Restricted - Possibly","10151","0","0","0","0","5","4","0","4","0","0","0","0","0","George H.W. Bush Library, Bush Presidential Records, Brent Scowcroft Collection, Gulf War Articles Files, OA/ID 85045–003, January 23, 1991 to April 8, 1991.","Source: George H.W. Bush Library, Bush Presidential Records, Brent Scowcroft Collection, Gulf War Articles Files, OA/ID 85045–003, January 23, 1991 to April 8, 1991.","https://catalog.archives.gov/id/366552236","https://catalog.archives.gov/medialz/presidential-libraries/bush/gb-gbs/74785834/41-bpr-scow-gwa-85045-003.pdf"
"366551697","1991-01-30","1991-02-22","January 30, 1991-February 22, 1991","Folder title date range","Presidential Telephone Calls--Memorandum of Conversations 1/30/91-2/22/91","91112-005","4545941","Presidential Correspondence Files","Series context and cross-volume routing","Series context","","","","verified","George H.W. Bush Presidential Records","Presidential Correspondence Files","Presidential Telcon Files","true","0","48581037","48581036","HTTP Content-Length","Restricted - Possibly","215332","0","0","36","0","7","47","6","6","11","15","8","1","0","George H.W. Bush Library, Bush Presidential Records, Brent Scowcroft Collection, Presidential Correspondence Files, Presidential Telcon Files, OA/ID 91112–005, Presidential Telephone Calls—Memorandum of Conversations 1/30/91—2/22/91.","Source: George H.W. Bush Library, Bush Presidential Records, Brent Scowcroft Collection, Presidential Correspondence Files, Presidential Telcon Files, OA/ID 91112–005, Presidential Telephone Calls—Memorandum of Conversations 1/30/91—2/22/91.","https://catalog.archives.gov/id/366551697","https://catalog.archives.gov/medialz/presidential-libraries/bush/gb-gbs/4545941/41-bpr-scow-pcor-telcon-91112-005.pdf"
"366552219","1991-02-01","1991-02-28","February 1991","Folder title month","February 1991","85044-001","74785827","Brent Scowcroft Media Articles Files","Series context and cross-volume routing","Reference context","","","","verified","George H.W. Bush Presidential Records","Media Articles Files","","true","0","40205428","1234","HTTP Content-Length","Restricted - Possibly","297507","0","0","0","0","0","103","14","3","39","24","16","1","0","George H.W. Bush Library, Bush Presidential Records, Brent Scowcroft Collection, Media Articles Files, OA/ID 85044–001, February 1991.","Source: George H.W. Bush Library, Bush Presidential Records, Brent Scowcroft Collection, Media Articles Files, OA/ID 85044–001, February 1991.","https://catalog.archives.gov/id/366552219","https://catalog.archives.gov/medialz/presidential-libraries/bush/gb-gbs/74785827/41-bpr-scow-ma-85044-001.pdf"
"366552264","1991-02-01","1991-02-28","February 1991","Folder title month","February 1991","85048-002","74785753","Brent Scowcroft Scheduled Calls Files","Series context and cross-volume routing","Reference context","","","","verified","George H.W. Bush Presidential Records","Scheduled Calls Files","","true","0","12983625","1234","HTTP Content-Length","Restricted - Possibly","62107","0","0","0","0","3","10","0","6","0","0","0","0","4","George H.W. Bush Library, Bush Presidential Records, Brent Scowcroft Collection, Scheduled Calls Files, OA/ID 85048–002, February 1991.","Source: George H.W. Bush Library, Bush Presidential Records, Brent Scowcroft Collection, Scheduled Calls Files, OA/ID 85048–002, February 1991.","https://catalog.archives.gov/id/366552264","https://catalog.archives.gov/medialz/presidential-libraries/bush/gb-gbs/74785753/41-bpr-scow-schcalls-85048-002.pdf"
"366552312","1991-02-01","1991-02-28","February 1991","Folder title month","February 1991","85052-002","74785758","Brent Scowcroft Schedule Files","Series context and cross-volume routing","Reference context","","","","verified","George H.W. Bush Presidential Records","Schedule Files","","true","0","3429051","1234","HTTP Content-Length","Restricted - Possibly","13100","0","0","0","0","4","4","1","3","0","0","0","0","0","George H.W. Bush Library, Bush Presidential Records, Brent Scowcroft Collection, Schedule Files, OA/ID 85052–002, February 1991.","Source: George H.W. Bush Library, Bush Presidential Records, Brent Scowcroft Collection, Schedule Files, OA/ID 85052–002, February 1991.","https://catalog.archives.gov/id/366552312","https://catalog.archives.gov/medialz/presidential-libraries/bush/gb-gbs/74785758/41-bpr-scow-schedule-85052-002.pdf"
"366551978","1991-02-01","1991-02-28","February 1991","Folder title month","Desert Shield/Desert Storm (February 1991) [1]","91146-007","4708319","Desert Shield and Desert Storm Files","Series context and cross-volume routing","Series context","","","","verified","George H.W. Bush Presidential Records","Desert Shield/Desert Storm Files","Chronological Files","true","0","20963063","20963064","HTTP Content-Length","Restricted - Possibly","80194","1","2","4","0","3","129","20","2","2","3","99","0","3","George H.W. Bush Library, Bush Presidential Records, Brent Scowcroft Collection, Desert Shield and Desert Storm Files, Chronological Files, OA/ID 91146–007, Desert Shield/Desert Storm (February 1991) [1].","Source: George H.W. Bush Library, Bush Presidential Records, Brent Scowcroft Collection, Desert Shield and Desert Storm Files, Chronological Files, OA/ID 91146–007, Desert Shield/Desert Storm (February 1991) [1].","https://catalog.archives.gov/id/366551978","https://catalog.archives.gov/medialz/presidential-libraries/bush/gb-gbs/4708319/41-bpr-scow-dsds-chr-91146-007.pdf"
"366551979","1991-02-01","1991-02-28","February 1991","Folder title month","Desert Shield/Desert Storm (February 1991) [2]","91146-008","4708319","Desert Shield and Desert Storm Files","Monetary Policy, Debt, and International Institutions","Boundary review","Persian Gulf; Economic assistance; Debt relief; Trade and market access; Debt and international finance; Energy","The full OCR and opening withdrawal inventory identify a significant foreign-economic-policy strand, but the principal narrative belongs in a regional, Soviet, China, German-unification, or Persian Gulf volume. Review for cross-reference or a narrowly selected economic-policy document. Special-separate copy sets, meeting-file duplicates, and later retrospective chronologies are not separately promoted. Compare this file with the controlling regional and presidential records before selection.","The official file-unit PDF is online. This collection-wide pass did not establish its served-PDF page count or item boundaries; page totals on withdrawal sheets describe individual entries, not the complete file unit.","verified","George H.W. Bush Presidential Records","Desert Shield/Desert Storm Files","Chronological Files","true","0","33230915","33230916","HTTP Content-Length","Restricted - Possibly","119786","10","8","0","0","15","91","17","35","12","13","6","0","8","George H.W. Bush Library, Bush Presidential Records, Brent Scowcroft Collection, Desert Shield and Desert Storm Files, Chronological Files, OA/ID 91146–008, Desert Shield/Desert Storm (February 1991) [2].","Source: George H.W. Bush Library, Bush Presidential Records, Brent Scowcroft Collection, Desert Shield and Desert Storm Files, Chronological Files, OA/ID 91146–008, Desert Shield/Desert Storm (February 1991) [2].","https://catalog.archives.gov/id/366551979","https://catalog.archives.gov/medialz/presidential-libraries/bush/gb-gbs/4708319/41-bpr-scow-dsds-chr-91146-008.pdf"
"366551980","1991-02-01","1991-02-28","February 1991","Folder title month","Desert Shield/Desert Storm (February 1991) [3]","91146-009","4708319","Desert Shield and Desert Storm Files","Series context and cross-volume routing","Series context","","","","verified","George H.W. Bush Presidential Records","Desert Shield/Desert Storm Files","Chronological Files","true","0","24344088","24344088","HTTP Content-Length","Restricted - Possibly","87678","10","6","0","0","5","70","19","24","0","15","5","0","6","George H.W. Bush Library, Bush Presidential Records, Brent Scowcroft Collection, Desert Shield and Desert Storm Files, Chronological Files, OA/ID 91146–009, Desert Shield/Desert Storm (February 1991) [3].","Source: George H.W. Bush Library, Bush Presidential Records, Brent Scowcroft Collection, Desert Shield and Desert Storm Files, Chronological Files, OA/ID 91146–009, Desert Shield/Desert Storm (February 1991) [3].","https://catalog.archives.gov/id/366551980","https://catalog.archives.gov/medialz/presidential-libraries/bush/gb-gbs/4708319/41-bpr-scow-dsds-chr-91146-009.pdf"
"366551981","1991-02-01","1991-02-28","February 1991","Folder title month","Desert Shield/Desert Storm (February 1991) [4]","91147-001","4708319","Desert Shield and Desert Storm Files","Series context and cross-volume routing","Series context","","","","verified","George H.W. Bush Presidential Records","Desert Shield/Desert Storm Files","Chronological Files","true","0","16996123","16996124","HTTP Content-Length","Restricted - Possibly","65355","0","2","6","0","11","18","5","9","0","0","4","0","0","George H.W. Bush Library, Bush Presidential Records, Brent Scowcroft Collection, Desert Shield and Desert Storm Files, Chronological Files, OA/ID 91147–001, Desert Shield/Desert Storm (February 1991) [4].","Source: George H.W. Bush Library, Bush Presidential Records, Brent Scowcroft Collection, Desert Shield and Desert Storm Files, Chronological Files, OA/ID 91147–001, Desert Shield/Desert Storm (February 1991) [4].","https://catalog.archives.gov/id/366551981","https://catalog.archives.gov/medialz/presidential-libraries/bush/gb-gbs/4708319/41-bpr-scow-dsds-chr-91147-001.pdf"
"366551982","1991-02-01","1991-02-28","February 1991","Folder title month","Desert Shield/Desert Storm (February 1991) [5]","91147-002","4708319","Desert Shield and Desert Storm Files","Series context and cross-volume routing","Series context","","","","verified","George H.W. Bush Presidential Records","Desert Shield/Desert Storm Files","Chronological Files","true","0","31171377","31171376","HTTP Content-Length","Restricted - Possibly","109985","4","6","4","0","14","26","5","18","1","1","1","0","0","George H.W. Bush Library, Bush Presidential Records, Brent Scowcroft Collection, Desert Shield and Desert Storm Files, Chronological Files, OA/ID 91147–002, Desert Shield/Desert Storm (February 1991) [5].","Source: George H.W. Bush Library, Bush Presidential Records, Brent Scowcroft Collection, Desert Shield and Desert Storm Files, Chronological Files, OA/ID 91147–002, Desert Shield/Desert Storm (February 1991) [5].","https://catalog.archives.gov/id/366551982","https://catalog.archives.gov/medialz/presidential-libraries/bush/gb-gbs/4708319/41-bpr-scow-dsds-chr-91147-002.pdf"
"366551983","1991-02-01","1991-02-28","February 1991","Folder title month","Desert Shield/Desert Storm (February 1991) [6]","91147-003","4708319","Desert Shield and Desert Storm Files","Series context and cross-volume routing","Series context","","","","verified","George H.W. Bush Presidential Records","Desert Shield/Desert Storm Files","Chronological Files","true","0","19048938","19048938","HTTP Content-Length","Restricted - Possibly","74280","3","2","0","0","17","49","13","20","4","8","0","0","1","George H.W. Bush Library, Bush Presidential Records, Brent Scowcroft Collection, Desert Shield and Desert Storm Files, Chronological Files, OA/ID 91147–003, Desert Shield/Desert Storm (February 1991) [6].","Source: George H.W. Bush Library, Bush Presidential Records, Brent Scowcroft Collection, Desert Shield and Desert Storm Files, Chronological Files, OA/ID 91147–003, Desert Shield/Desert Storm (February 1991) [6].","https://catalog.archives.gov/id/366551983","https://catalog.archives.gov/medialz/presidential-libraries/bush/gb-gbs/4708319/41-bpr-scow-dsds-chr-91147-003.pdf"
"366551786","1991-02-01","1991-03-31","February-March 1991","Folder title month range","CFE [Conventional Forces in Europe] (February-March 1991)","91121-014","4708332","USSR Chronological Files","Series context and cross-volume routing","Series context","","","","verified","George H.W. Bush Presidential Records","USSR Chronological Files","CFE [Conventional Forces in Europe] Files","true","0","5130387","5130387","HTTP Content-Length","Restricted - Possibly","19375","3","1","0","0","2","1","0","1","0","0","0","0","0","George H.W. Bush Library, Bush Presidential Records, Brent Scowcroft Collection, USSR Chronological Files, CFE [Conventional Forces in Europe] Files, OA/ID 91121–014, CFE [Conventional Forces in Europe] Post 1989 (February—March 1991).","Source: George H.W. Bush Library, Bush Presidential Records, Brent Scowcroft Collection, USSR Chronological Files, CFE [Conventional Forces in Europe] Files, OA/ID 91121–014, CFE [Conventional Forces in Europe] Post 1989 (February—March 1991).","https://catalog.archives.gov/id/366551786","https://catalog.archives.gov/medialz/presidential-libraries/bush/gb-gbs/4708332/41-bpr-scow-ussrch-cfe-91121-014.pdf"
"366551815","1991-02-01","1991-04-30","February-April 1991","Folder title month range","Soviet Power Collapse in Eastern Europe (February-April 1991)","91125-011","4708332","USSR Chronological Files","Transition Economies and International Economic Strategy","Boundary review","Eastern Europe; Economic assistance; International institutions; Trade and market access; Debt and international finance; Economic summits and G-7; Transition economies; Strategic trade and technology; Energy; Agriculture","The full OCR and opening withdrawal inventory identify a significant foreign-economic-policy strand, but the principal narrative belongs in a regional, Soviet, China, German-unification, or Persian Gulf volume. Review for cross-reference or a narrowly selected economic-policy document. Special-separate copy sets, meeting-file duplicates, and later retrospective chronologies are not separately promoted. Compare this file with the controlling regional and presidential records before selection.","The official file-unit PDF is online. This collection-wide pass did not establish its served-PDF page count or item boundaries; page totals on withdrawal sheets describe individual entries, not the complete file unit.","verified","George H.W. Bush Presidential Records","USSR Chronological Files","Soviet Power Collapse in Eastern Europe Files","true","0","38110830","38110832","HTTP Content-Length","Restricted - Possibly","143424","9","11","0","0","4","323","98","70","57","30","3","1","7","George H.W. Bush Library, Bush Presidential Records, Brent Scowcroft Collection, USSR Chronological Files, Soviet Power Collapse in Eastern Europe Files, OA/ID 91125–011, Soviet Power Collapse in Eastern Europe (February—April 1991).","Source: George H.W. Bush Library, Bush Presidential Records, Brent Scowcroft Collection, USSR Chronological Files, Soviet Power Collapse in Eastern Europe Files, OA/ID 91125–011, Soviet Power Collapse in Eastern Europe (February—April 1991).","https://catalog.archives.gov/id/366551815","https://catalog.archives.gov/medialz/presidential-libraries/bush/gb-gbs/4708332/41-bpr-scow-ussrch-svp-91125-011.pdf"
"366551909","1991-02-01","1991-05-31","February-May 1991","Folder title month range","Central America (February-May 1991)","91138-013","4545957","Latin America Files","Series context and cross-volume routing","Series context","","","","verified","George H.W. Bush Presidential Records","Latin American Files","Central American Chronological Files","true","0","30944647","30944648","HTTP Content-Length","Restricted - Possibly","119131","5","6","1","0","16","189","26","107","11","4","5","1","25","George H.W. Bush Library, Bush Presidential Records, Brent Scowcroft Collection, Latin American Files, Central American Chronological Files, OA/ID 91138–013, Central America (February—May 1991).","Source: George H.W. Bush Library, Bush Presidential Records, Brent Scowcroft Collection, Latin American Files, Central American Chronological Files, OA/ID 91138–013, Central America (February—May 1991).","https://catalog.archives.gov/id/366551909","https://catalog.archives.gov/medialz/presidential-libraries/bush/gb-gbs/4545957/41-bpr-scow-la-cachr-91138-013.pdf"
"366551698","1991-02-22","1991-03-06","February 22, 1991-March 6, 1991","Folder title date range","Presidential Telephone Calls--Memorandum of Conversations 2/22/91-3/6/91","91112-006","4545941","Presidential Correspondence Files","Series context and cross-volume routing","Series context","","","","verified","George H.W. Bush Presidential Records","Presidential Correspondence Files","Presidential Telcon Files","true","0","34063358","34063360","HTTP Content-Length","Restricted - Possibly","146594","0","0","36","0","6","40","8","3","2","13","14","0","0","George H.W. Bush Library, Bush Presidential Records, Brent Scowcroft Collection, Presidential Correspondence Files, Presidential Telcon Files, OA/ID 91112–006, Presidential Telephone Calls—Memorandum of Conversations 2/22/91—3/6/91.","Source: George H.W. Bush Library, Bush Presidential Records, Brent Scowcroft Collection, Presidential Correspondence Files, Presidential Telcon Files, OA/ID 91112–006, Presidential Telephone Calls—Memorandum of Conversations 2/22/91—3/6/91.","https://catalog.archives.gov/id/366551698","https://catalog.archives.gov/medialz/presidential-libraries/bush/gb-gbs/4545941/41-bpr-scow-pcor-telcon-91112-006.pdf"
"366552220","1991-03-01","1991-03-31","March 1991","Folder title month","March 1991","85044-002","74785827","Brent Scowcroft Media Articles Files","Series context and cross-volume routing","Reference context","","","","verified","George H.W. Bush Presidential Records","Media Articles Files","","true","0","52110468","1234","HTTP Content-Length","Restricted - Possibly","400795","0","0","0","0","0","166","30","3","24","46","53","7","2","George H.W. Bush Library, Bush Presidential Records, Brent Scowcroft Collection, Media Articles Files, OA/ID 85044–002, March 1991.","Source: George H.W. Bush Library, Bush Presidential Records, Brent Scowcroft Collection, Media Articles Files, OA/ID 85044–002, March 1991.","https://catalog.archives.gov/id/366552220","https://catalog.archives.gov/medialz/presidential-libraries/bush/gb-gbs/74785827/41-bpr-scow-ma-85044-002.pdf"
"366552265","1991-03-01","1991-03-31","March 1991","Folder title month","March 1991","85048-003","74785753","Brent Scowcroft Scheduled Calls Files","Series context and cross-volume routing","Reference context","","","","verified","George H.W. Bush Presidential Records","Scheduled Calls Files","","true","0","10296314","1234","HTTP Content-Length","Restricted - Possibly","49880","0","0","0","0","2","3","0","1","0","0","0","0","2","George H.W. Bush Library, Bush Presidential Records, Brent Scowcroft Collection, Scheduled Calls Files, OA/ID 85048–003, March 1991.","Source: George H.W. Bush Library, Bush Presidential Records, Brent Scowcroft Collection, Scheduled Calls Files, OA/ID 85048–003, March 1991.","https://catalog.archives.gov/id/366552265","https://catalog.archives.gov/medialz/presidential-libraries/bush/gb-gbs/74785753/41-bpr-scow-schcalls-85048-003.pdf"
"366552313","1991-03-01","1991-03-31","March 1991","Folder title month","March 1991","85052-003","74785758","Brent Scowcroft Schedule Files","Series context and cross-volume routing","Reference context","","","","verified","George H.W. Bush Presidential Records","Schedule Files","","true","0","4545091","1234","HTTP Content-Length","Restricted - Possibly","19109","0","0","0","0","7","6","0","6","0","0","0","0","0","George H.W. Bush Library, Bush Presidential Records, Brent Scowcroft Collection, Schedule Files, OA/ID 85052–003, March 1991.","Source: George H.W. Bush Library, Bush Presidential Records, Brent Scowcroft Collection, Schedule Files, OA/ID 85052–003, March 1991.","https://catalog.archives.gov/id/366552313","https://catalog.archives.gov/medialz/presidential-libraries/bush/gb-gbs/74785758/41-bpr-scow-schedule-85052-003.pdf"
"366551794","1991-03-01","1991-03-31","March 1991","Folder title month","Soviet Power Collapse in Eastern Europe--Strategic Arms Control (March 1991)","91122-008","4708332","USSR Chronological Files","Series context and cross-volume routing","Series context","","","","verified","George H.W. Bush Presidential Records","USSR Chronological Files","START [Strategic Arms Reduction Treaty] Files","true","0","2131589","2131589","HTTP Content-Length","Restricted - Possibly","7590","0","1","0","0","1","0","0","0","0","0","0","0","0","George H.W. Bush Library, Bush Presidential Records, Brent Scowcroft Collection, USSR Chronological Files, START [Strategic Arms Reduction Treaty] Files, OA/ID 91122–008, Soviet Power Collapse in Eastern Europe—Strategic Arms Control (March 1991).","Source: George H.W. Bush Library, Bush Presidential Records, Brent Scowcroft Collection, USSR Chronological Files, START [Strategic Arms Reduction Treaty] Files, OA/ID 91122–008, Soviet Power Collapse in Eastern Europe—Strategic Arms Control (March 1991).","https://catalog.archives.gov/id/366551794","https://catalog.archives.gov/medialz/presidential-libraries/bush/gb-gbs/4708332/41-bpr-scow-ussrch-start-91122-008.pdf"
"366551984","1991-03-01","1991-03-31","March 1991","Folder title month","Desert Shield/Desert Storm (March 1991) [1]","91147-004","4708319","Desert Shield and Desert Storm Files","Series context and cross-volume routing","Series context","","","","verified","George H.W. Bush Presidential Records","Desert Shield/Desert Storm Files","Chronological Files","true","0","26792322","26792322","HTTP Content-Length","Restricted - Possibly","100835","0","4","0","0","11","93","34","32","14","2","4","6","0","George H.W. Bush Library, Bush Presidential Records, Brent Scowcroft Collection, Desert Shield and Desert Storm Files, Chronological Files, OA/ID 91147–004, Desert Shield/Desert Storm (March 1991) [1].","Source: George H.W. Bush Library, Bush Presidential Records, Brent Scowcroft Collection, Desert Shield and Desert Storm Files, Chronological Files, OA/ID 91147–004, Desert Shield/Desert Storm (March 1991) [1].","https://catalog.archives.gov/id/366551984","https://catalog.archives.gov/medialz/presidential-libraries/bush/gb-gbs/4708319/41-bpr-scow-dsds-chr-91147-004.pdf"
"366551985","1991-03-01","1991-03-31","March 1991","Folder title month","Desert Shield/Desert Storm (March 1991) [2]","91147-005","4708319","Desert Shield and Desert Storm Files","Series context and cross-volume routing","Series context","","","","verified","George H.W. Bush Presidential Records","Desert Shield/Desert Storm Files","Chronological Files","true","0","27386600","27386600","HTTP Content-Length","Restricted - Possibly","108365","3","6","0","0","9","171","38","58","32","11","9","1","17","George H.W. Bush Library, Bush Presidential Records, Brent Scowcroft Collection, Desert Shield and Desert Storm Files, Chronological Files, OA/ID 91147–005, Desert Shield/Desert Storm (March 1991) [2].","Source: George H.W. Bush Library, Bush Presidential Records, Brent Scowcroft Collection, Desert Shield and Desert Storm Files, Chronological Files, OA/ID 91147–005, Desert Shield/Desert Storm (March 1991) [2].","https://catalog.archives.gov/id/366551985","https://catalog.archives.gov/medialz/presidential-libraries/bush/gb-gbs/4708319/41-bpr-scow-dsds-chr-91147-005.pdf"
"366551946","1991-03-01","1991-04-30","March-April 1991","Folder title month range","Middle East Peace (March-April 1991)","91142-010","4545976","Middle East Peace Process Files","Series context and cross-volume routing","Series context","","","","verified","George H.W. Bush Presidential Records","Middle East Peace Process Files","Chronological Files","true","0","9656207","9656207","HTTP Content-Length","Restricted - Possibly","39186","2","2","0","0","11","10","0","10","0","0","0","0","0","George H.W. Bush Library, Bush Presidential Records, Brent Scowcroft Collection, Middle East Peace Process Files, Chronological Files, OA/ID 91142–010, Middle East Peace (March—April 1991).","Source: George H.W. Bush Library, Bush Presidential Records, Brent Scowcroft Collection, Middle East Peace Process Files, Chronological Files, OA/ID 91142–010, Middle East Peace (March—April 1991).","https://catalog.archives.gov/id/366551946","https://catalog.archives.gov/medialz/presidential-libraries/bush/gb-gbs/4545976/41-bpr-scow-mepp-chr-91142-010.pdf"
"366551761","1991-03-01","1991-05-31","March-May 1991","Folder title month range","USSR Collapse: U.S.--Soviet Relations Thru 1991 (March-May 1991)","91119-005","4545954","USSR Collapse Files","Transition Economies and International Economic Strategy","Boundary review","Soviet economic reform; IMF; World Bank; Trade and market access; Debt and international finance; Economic summits and G-7; Transition economies; Agriculture","The full OCR and opening withdrawal inventory identify a significant foreign-economic-policy strand, but the principal narrative belongs in a regional, Soviet, China, German-unification, or Persian Gulf volume. Review for cross-reference or a narrowly selected economic-policy document. Special-separate copy sets, meeting-file duplicates, and later retrospective chronologies are not separately promoted. Compare this file with the controlling regional and presidential records before selection.","The official file-unit PDF is online. This collection-wide pass did not establish its served-PDF page count or item boundaries; page totals on withdrawal sheets describe individual entries, not the complete file unit.","verified","George H.W. Bush Presidential Records","USSR Collapse Files","U.S. - Soviet Relations Chronological Files","true","0","39017699","39017700","HTTP Content-Length","Restricted - Possibly","150735","10","10","0","0","13","185","50","19","11","63","0","34","1","George H.W. Bush Library, Bush Presidential Records, Brent Scowcroft Collection, USSR Collapse Files, U.S. - Soviet Relations Chronological Files, OA/ID 91119–005, USSR Collapse: U.S.—Soviet Relations Thru 1991 (March—May 1991).","Source: George H.W. Bush Library, Bush Presidential Records, Brent Scowcroft Collection, USSR Collapse Files, U.S. - Soviet Relations Chronological Files, OA/ID 91119–005, USSR Collapse: U.S.—Soviet Relations Thru 1991 (March—May 1991).","https://catalog.archives.gov/id/366551761","https://catalog.archives.gov/medialz/presidential-libraries/bush/gb-gbs/4545954/41-bpr-scow-ussrco-ussrl-91119-005.pdf"
"366551699","1991-03-07","1991-04-25","March 7, 1991-April 25, 1991","Folder title date range","Presidential Telephone Calls--Memorandum of Conversations 3/7/91-4/25/91","91112-007","4545941","Presidential Correspondence Files","Series context and cross-volume routing","Series context","","","","verified","George H.W. Bush Presidential Records","Presidential Correspondence Files","Presidential Telcon Files","true","0","30544014","30544014","HTTP Content-Length","Restricted - Possibly","133143","0","0","23","0","4","28","9","12","0","4","1","0","0","George H.W. Bush Library, Bush Presidential Records, Brent Scowcroft Collection, Presidential Correspondence Files, Presidential Telcon Files, OA/ID 91112–007, Presidential Telephone Calls—Memorandum of Conversations 3/7/91—4/25/91.","Source: George H.W. Bush Library, Bush Presidential Records, Brent Scowcroft Collection, Presidential Correspondence Files, Presidential Telcon Files, OA/ID 91112–007, Presidential Telephone Calls—Memorandum of Conversations 3/7/91—4/25/91.","https://catalog.archives.gov/id/366551699","https://catalog.archives.gov/medialz/presidential-libraries/bush/gb-gbs/4545941/41-bpr-scow-pcor-telcon-91112-007.pdf"
"366551674","1991-03-11","1991-04-24","March 11, 1991-April 24, 1991","Folder title date range","Presidential Meetings--Memorandum of Conversations 3/11/91-4/24/91","91108-005","4545941","Presidential Correspondence Files","Trade Policy and Market Access","Volume XXX review","Presidential conversations; Economic-content review; Parallel-copy check; Trade and market access; Debt and international finance; Economic summits and G-7; Transition economies; Energy; Agriculture","The complete Scowcroft folder contains presidential memoranda of conversation or telephone conversations with substantive economic-policy OCR signals. Review each conversation separately and promote only the passages that bear directly on Volume XXX. Parallel-copy control: match each conversation to the Bush Library Memcons and Telcons index and its canonical NARA item before selection. A Scowcroft folder copy is not a second documentary entry.","The official file-unit PDF is online. This collection-wide pass did not establish its served-PDF page count or item boundaries; page totals on withdrawal sheets describe individual entries, not the complete file unit.","verified","George H.W. Bush Presidential Records","Presidential Correspondence Files","Presidential Memcons Files","true","0","42594607","42594608","HTTP Content-Length","Restricted - Possibly","188816","0","0","24","0","5","148","42","26","40","3","4","19","10","George H.W. Bush Library, Bush Presidential Records, Brent Scowcroft Collection, Presidential Correspondence Files, Presidential Memcons Files, OA/ID 91108–005, Presidential Meetings—Memorandum of Conversations 03/11/91—04/24/91.","Source: George H.W. Bush Library, Bush Presidential Records, Brent Scowcroft Collection, Presidential Correspondence Files, Presidential Memcons Files, OA/ID 91108–005, Presidential Meetings—Memorandum of Conversations 03/11/91—04/24/91.","https://catalog.archives.gov/id/366551674","https://catalog.archives.gov/medialz/presidential-libraries/bush/gb-gbs/4545941/41-bpr-scow-pcor-memcon-91108-005.pdf"
"366552221","1991-04-01","1991-04-30","April 1991","Folder title month","April 1991","85044-003","74785827","Brent Scowcroft Media Articles Files","Series context and cross-volume routing","Reference context","","","","verified","George H.W. Bush Presidential Records","Media Articles Files","","true","0","68351107","1234","HTTP Content-Length","Restricted - Possibly","435162","0","0","0","0","0","78","16","4","20","16","11","2","9","George H.W. Bush Library, Bush Presidential Records, Brent Scowcroft Collection, Media Articles Files, OA/ID 85044–003, April 1991.","Source: George H.W. Bush Library, Bush Presidential Records, Brent Scowcroft Collection, Media Articles Files, OA/ID 85044–003, April 1991.","https://catalog.archives.gov/id/366552221","https://catalog.archives.gov/medialz/presidential-libraries/bush/gb-gbs/74785827/41-bpr-scow-ma-85044-003.pdf"
"366552266","1991-04-01","1991-04-30","April 1991","Folder title month","April 1991","85048-004","74785753","Brent Scowcroft Scheduled Calls Files","Series context and cross-volume routing","Reference context","","","","verified","George H.W. Bush Presidential Records","Scheduled Calls Files","","true","0","10030812","1234","HTTP Content-Length","Restricted - Possibly","47202","0","0","0","0","3","8","0","2","1","1","0","1","3","George H.W. Bush Library, Bush Presidential Records, Brent Scowcroft Collection, Scheduled Calls Files, OA/ID 85048–004, April 1991.","Source: George H.W. Bush Library, Bush Presidential Records, Brent Scowcroft Collection, Scheduled Calls Files, OA/ID 85048–004, April 1991.","https://catalog.archives.gov/id/366552266","https://catalog.archives.gov/medialz/presidential-libraries/bush/gb-gbs/74785753/41-bpr-scow-schcalls-85048-004.pdf"
"366552314","1991-04-01","1991-04-30","April 1991","Folder title month","April 1991","85052-004","74785758","Brent Scowcroft Schedule Files","Series context and cross-volume routing","Reference context","","","","verified","George H.W. Bush Presidential Records","Schedule Files","","true","0","2892570","1234","HTTP Content-Length","Restricted - Possibly","11338","0","0","0","0","4","3","0","3","0","0","0","0","0","George H.W. Bush Library, Bush Presidential Records, Brent Scowcroft Collection, Schedule Files, OA/ID 85052–004, April 1991.","Source: George H.W. Bush Library, Bush Presidential Records, Brent Scowcroft Collection, Schedule Files, OA/ID 85052–004, April 1991.","https://catalog.archives.gov/id/366552314","https://catalog.archives.gov/medialz/presidential-libraries/bush/gb-gbs/74785758/41-bpr-scow-schedule-85052-004.pdf"
"366551986","1991-04-01","1991-06-30","April-June 1991","Folder title month range","Desert Shield/Desert Storm (April-June 1991) [1]","91147-006","4708319","Desert Shield and Desert Storm Files","Series context and cross-volume routing","Series context","","","","verified","George H.W. Bush Presidential Records","Desert Shield/Desert Storm Files","Chronological Files","true","0","27544938","27544938","HTTP Content-Length","Restricted - Possibly","110189","1","3","4","0","18","75","1","16","6","13","39","0","0","George H.W. Bush Library, Bush Presidential Records, Brent Scowcroft Collection, Desert Shield and Desert Storm Files, Chronological Files, OA/ID 91147–006, Desert Shield/Desert Storm (April—June 1991) [1].","Source: George H.W. Bush Library, Bush Presidential Records, Brent Scowcroft Collection, Desert Shield and Desert Storm Files, Chronological Files, OA/ID 91147–006, Desert Shield/Desert Storm (April—June 1991) [1].","https://catalog.archives.gov/id/366551986","https://catalog.archives.gov/medialz/presidential-libraries/bush/gb-gbs/4708319/41-bpr-scow-dsds-chr-91147-006.pdf"
"366551987","1991-04-01","1991-06-30","April-June 1991","Folder title month range","Desert Shield/Desert Storm (April-June 1991) [2]","91147-007","4708319","Desert Shield and Desert Storm Files","Series context and cross-volume routing","Series context","","","","verified","George H.W. Bush Presidential Records","Desert Shield/Desert Storm Files","Chronological Files","true","0","19139887","19139888","HTTP Content-Length","Restricted - Possibly","64867","7","8","0","0","5","10","4","4","0","2","0","0","0","George H.W. Bush Library, Bush Presidential Records, Brent Scowcroft Collection, Desert Shield and Desert Storm Files, Chronological Files, OA/ID 91147–007, Desert Shield/Desert Storm (April—June 1991) [2].","Source: George H.W. Bush Library, Bush Presidential Records, Brent Scowcroft Collection, Desert Shield and Desert Storm Files, Chronological Files, OA/ID 91147–007, Desert Shield/Desert Storm (April—June 1991) [2].","https://catalog.archives.gov/id/366551987","https://catalog.archives.gov/medialz/presidential-libraries/bush/gb-gbs/4708319/41-bpr-scow-dsds-chr-91147-007.pdf"
"366552237","1991-04-09","1991-05-30","April 9, 1991-May 30, 1991","Folder title date range","April 9, 1991 to May 30, 1991","85045-004","74785834","Brent Scowcroft Gulf War Article Files","Series context and cross-volume routing","Reference context","","","","verified","George H.W. Bush Presidential Records","Gulf War Articles Files","","true","0","1807270","1234","HTTP Content-Length","Restricted - Possibly","7812","0","0","0","0","4","3","0","3","0","0","0","0","0","George H.W. Bush Library, Bush Presidential Records, Brent Scowcroft Collection, Gulf War Articles Files, OA/ID 85045–004, April 9, 1991 to May 30, 1991.","Source: George H.W. Bush Library, Bush Presidential Records, Brent Scowcroft Collection, Gulf War Articles Files, OA/ID 85045–004, April 9, 1991 to May 30, 1991.","https://catalog.archives.gov/id/366552237","https://catalog.archives.gov/medialz/presidential-libraries/bush/gb-gbs/74785834/41-bpr-scow-gwa-85045-004.pdf"
"366552267","1991-05-01","1991-05-31","May 1991","Folder title month","May 1991","85048-005","74785753","Brent Scowcroft Scheduled Calls Files","Series context and cross-volume routing","Reference context","","","","verified","George H.W. Bush Presidential Records","Scheduled Calls Files","","true","0","11053250","1234","HTTP Content-Length","Restricted - Possibly","52154","0","0","0","0","3","13","2","2","2","0","1","1","5","George H.W. Bush Library, Bush Presidential Records, Brent Scowcroft Collection, Scheduled Calls Files, OA/ID 85048–005, May 1991.","Source: George H.W. Bush Library, Bush Presidential Records, Brent Scowcroft Collection, Scheduled Calls Files, OA/ID 85048–005, May 1991.","https://catalog.archives.gov/id/366552267","https://catalog.archives.gov/medialz/presidential-libraries/bush/gb-gbs/74785753/41-bpr-scow-schcalls-85048-005.pdf"
"366552315","1991-05-01","1991-05-31","May 1991","Folder title month","May 1991","85052-005","74785758","Brent Scowcroft Schedule Files","Series context and cross-volume routing","Reference context","","","","verified","George H.W. Bush Presidential Records","Schedule Files","","true","0","3405217","1234","HTTP Content-Length","Restricted - Possibly","14258","0","0","0","0","5","6","0","4","2","0","0","0","0","George H.W. Bush Library, Bush Presidential Records, Brent Scowcroft Collection, Schedule Files, OA/ID 85052–005, May 1991.","Source: George H.W. Bush Library, Bush Presidential Records, Brent Scowcroft Collection, Schedule Files, OA/ID 85052–005, May 1991.","https://catalog.archives.gov/id/366552315","https://catalog.archives.gov/medialz/presidential-libraries/bush/gb-gbs/74785758/41-bpr-scow-schedule-85052-005.pdf"
"366551675","1991-05-03","1991-06-28","May 3, 1991-June 28, 1991","Folder title date range","Presidential Meetings--Memorandum of Conversations 5/3/91-6/28/91","91108-006","4545941","Presidential Correspondence Files","Trade Policy and Market Access","Volume XXX review","Presidential conversations; Economic-content review; Parallel-copy check; Trade and market access; Debt and international finance; Economic summits and G-7; Transition economies; Energy; Agriculture","The complete Scowcroft folder contains presidential memoranda of conversation or telephone conversations with substantive economic-policy OCR signals. Review each conversation separately and promote only the passages that bear directly on Volume XXX. Parallel-copy control: match each conversation to the Bush Library Memcons and Telcons index and its canonical NARA item before selection. A Scowcroft folder copy is not a second documentary entry.","The official file-unit PDF is online. This collection-wide pass did not establish its served-PDF page count or item boundaries; page totals on withdrawal sheets describe individual entries, not the complete file unit.","verified","George H.W. Bush Presidential Records","Presidential Correspondence Files","Presidential Memcons Files","true","0","59691036","59691036","HTTP Content-Length","Restricted - Possibly","268443","0","0","30","0","4","326","63","48","101","41","21","23","14","George H.W. Bush Library, Bush Presidential Records, Brent Scowcroft Collection, Presidential Correspondence Files, Presidential Memcons Files, OA/ID 91108–006, Presidential Meetings—Memorandum of Conversations 05/03/91—06/28/91.","Source: George H.W. Bush Library, Bush Presidential Records, Brent Scowcroft Collection, Presidential Correspondence Files, Presidential Memcons Files, OA/ID 91108–006, Presidential Meetings—Memorandum of Conversations 05/03/91—06/28/91.","https://catalog.archives.gov/id/366551675","https://catalog.archives.gov/medialz/presidential-libraries/bush/gb-gbs/4545941/41-bpr-scow-pcor-memcon-91108-006.pdf"
"366551700","1991-05-03","1991-07-21","May 3, 1991-July 21, 1991","Folder title date range","Presidential Telephone Calls--Memorandum of Conversations 5/3/91-7/21/91","91112-008","4545941","Presidential Correspondence Files","Monetary Policy, Debt, and International Institutions","Volume XXX review","Presidential telephone conversations; Economic-content review; Parallel-copy check; Trade and market access; Debt and international finance; Economic summits and G-7; Transition economies; Energy; Agriculture","The complete Scowcroft folder contains presidential memoranda of conversation or telephone conversations with substantive economic-policy OCR signals. Review each conversation separately and promote only the passages that bear directly on Volume XXX. Parallel-copy control: match each conversation to the Bush Library Memcons and Telcons index and its canonical NARA item before selection. A Scowcroft folder copy is not a second documentary entry.","The official file-unit PDF is online. This collection-wide pass did not establish its served-PDF page count or item boundaries; page totals on withdrawal sheets describe individual entries, not the complete file unit.","verified","George H.W. Bush Presidential Records","Presidential Correspondence Files","Presidential Telcon Files","true","0","44154826","44154824","HTTP Content-Length","Restricted - Possibly","195993","0","0","42","0","6","154","36","38","6","33","9","6","4","George H.W. Bush Library, Bush Presidential Records, Brent Scowcroft Collection, Presidential Correspondence Files, Presidential Telcon Files, OA/ID 91112–008, Presidential Telephone Calls—Memorandum of Conversations 5/3/91—7/21/91.","Source: George H.W. Bush Library, Bush Presidential Records, Brent Scowcroft Collection, Presidential Correspondence Files, Presidential Telcon Files, OA/ID 91112–008, Presidential Telephone Calls—Memorandum of Conversations 5/3/91—7/21/91.","https://catalog.archives.gov/id/366551700","https://catalog.archives.gov/medialz/presidential-libraries/bush/gb-gbs/4545941/41-bpr-scow-pcor-telcon-91112-008.pdf"
"366552238","1991-05-31","1991-09-30","May 31, 1991-September 30, 1991","Folder title date range","May 31, 1991 to September 30, 1991","85045-005","74785834","Brent Scowcroft Gulf War Article Files","Series context and cross-volume routing","Reference context","","","","verified","George H.W. Bush Presidential Records","Gulf War Articles Files","","true","0","","1234","Served size not measured","Restricted - Possibly","12399","0","0","0","0","6","5","0","5","0","0","0","0","0","George H.W. Bush Library, Bush Presidential Records, Brent Scowcroft Collection, Gulf War Articles Files, OA/ID 85045–005, May 31, 1991 to September 30, 1991.","Source: George H.W. Bush Library, Bush Presidential Records, Brent Scowcroft Collection, Gulf War Articles Files, OA/ID 85045–005, May 31, 1991 to September 30, 1991.","https://catalog.archives.gov/id/366552238","https://catalog.archives.gov/medialz/presidential-libraries/bush/gb-gbs/74785834/41-bpr-scow-gwa-85045-005.pdf"
"366552268","1991-06-01","1991-06-30","June 1991","Folder title month","June 1991","85048-006","74785753","Brent Scowcroft Scheduled Calls Files","Series context and cross-volume routing","Reference context","","","","verified","George H.W. Bush Presidential Records","Scheduled Calls Files","","true","0","5283589","1234","HTTP Content-Length","Restricted - Possibly","23499","0","0","0","0","3","2","0","2","0","0","0","0","0","George H.W. Bush Library, Bush Presidential Records, Brent Scowcroft Collection, Scheduled Calls Files, OA/ID 85048–006, June 1991.","Source: George H.W. Bush Library, Bush Presidential Records, Brent Scowcroft Collection, Scheduled Calls Files, OA/ID 85048–006, June 1991.","https://catalog.archives.gov/id/366552268","https://catalog.archives.gov/medialz/presidential-libraries/bush/gb-gbs/74785753/41-bpr-scow-schcalls-85048-006.pdf"
"366552316","1991-06-01","1991-06-30","June 1991","Folder title month","June 1991","85052-006","74785758","Brent Scowcroft Schedule Files","Series context and cross-volume routing","Reference context","","","","verified","George H.W. Bush Presidential Records","Schedule Files","","true","0","3068598","1234","HTTP Content-Length","Restricted - Possibly","10915","0","0","0","0","3","3","0","2","0","0","0","0","1","George H.W. Bush Library, Bush Presidential Records, Brent Scowcroft Collection, Schedule Files, OA/ID 85052–006, June 1991.","Source: George H.W. Bush Library, Bush Presidential Records, Brent Scowcroft Collection, Schedule Files, OA/ID 85052–006, June 1991.","https://catalog.archives.gov/id/366552316","https://catalog.archives.gov/medialz/presidential-libraries/bush/gb-gbs/74785758/41-bpr-scow-schedule-85052-006.pdf"
"366552269","1991-07-01","1991-07-31","July 1991","Folder title month","July 1991","85048-007","74785753","Brent Scowcroft Scheduled Calls Files","Series context and cross-volume routing","Reference context","","","","verified","George H.W. Bush Presidential Records","Scheduled Calls Files","","true","0","18427979","1234","HTTP Content-Length","Restricted - Possibly","90812","0","0","0","0","0","51","26","1","1","1","0","0","3","George H.W. Bush Library, Bush Presidential Records, Brent Scowcroft Collection, Scheduled Calls Files, OA/ID 85048–007, July 1991.","Source: George H.W. Bush Library, Bush Presidential Records, Brent Scowcroft Collection, Scheduled Calls Files, OA/ID 85048–007, July 1991.","https://catalog.archives.gov/id/366552269","https://catalog.archives.gov/medialz/presidential-libraries/bush/gb-gbs/74785753/41-bpr-scow-schcalls-85048-007.pdf"
"366552317","1991-07-01","1991-07-31","July 1991","Folder title month","July 1991","85052-007","74785758","Brent Scowcroft Schedule Files","Series context and cross-volume routing","Reference context","","","","verified","George H.W. Bush Presidential Records","Schedule Files","","true","0","3259468","1234","HTTP Content-Length","Restricted - Possibly","13018","0","0","0","0","5","4","0","4","0","0","0","0","0","George H.W. Bush Library, Bush Presidential Records, Brent Scowcroft Collection, Schedule Files, OA/ID 85052–007, July 1991.","Source: George H.W. Bush Library, Bush Presidential Records, Brent Scowcroft Collection, Schedule Files, OA/ID 85052–007, July 1991.","https://catalog.archives.gov/id/366552317","https://catalog.archives.gov/medialz/presidential-libraries/bush/gb-gbs/74785758/41-bpr-scow-schedule-85052-007.pdf"
"366551868","1991-07-01","1991-07-31","July 1991","Folder title month","China: Post-Tiananmen (July 1991)","91133-005","4545955","China Chronological Files","Series context and cross-volume routing","Series context","","","","verified","George H.W. Bush Presidential Records","China Chronological Files","Post-Tiananmen Files","true","0","4271997","4271997","HTTP Content-Length","Restricted - Possibly","12762","0","2","0","0","0","1","0","0","1","0","0","0","0","George H.W. Bush Library, Bush Presidential Records, Brent Scowcroft Collection, China Chronological Files, Post-Tiananmen Files, OA/ID 91133–005, China: Post-Tiananmen (July 1991).","Source: George H.W. Bush Library, Bush Presidential Records, Brent Scowcroft Collection, China Chronological Files, Post-Tiananmen Files, OA/ID 91133–005, China: Post-Tiananmen (July 1991).","https://catalog.archives.gov/id/366551868","https://catalog.archives.gov/medialz/presidential-libraries/bush/gb-gbs/4545955/41-bpr-scow-cc-ptian-91133-005.pdf"
"366551845","1991-07-01","1991-12-31","July-December 1991","Folder title month range","Gorbachev -Sensitive July-December 1991 [1]","91130-003","4708331","Special Separate USSR Notes Files","Series context and cross-volume routing","Series context","","","","verified","George H.W. Bush Presidential Records","Special Separate USSR Notes Files","Gorbachev Files","true","0","40780661","40780660","HTTP Content-Length","Restricted - Possibly","152996","0","0","0","0","12","167","63","42","4","35","0","10","0","George H.W. Bush Library, Bush Presidential Records, Brent Scowcroft Collection, Special Separate USSR Notes Files, Gorbachev Files, OA/ID 91130–003, Gorbachev -Sensitive July—December 1991 [1].","Source: George H.W. Bush Library, Bush Presidential Records, Brent Scowcroft Collection, Special Separate USSR Notes Files, Gorbachev Files, OA/ID 91130–003, Gorbachev -Sensitive July—December 1991 [1].","https://catalog.archives.gov/id/366551845","https://catalog.archives.gov/medialz/presidential-libraries/bush/gb-gbs/4708331/41-bpr-scow-ssussr-gor-91130-003.pdf"
"366551846","1991-07-01","1991-12-31","July-December 1991","Folder title month range","Gorbachev -Sensitive July-December 1991 [2]","91130-004","4708331","Special Separate USSR Notes Files","Series context and cross-volume routing","Series context","","","","verified","George H.W. Bush Presidential Records","Special Separate USSR Notes Files","Gorbachev Files","true","0","35704321","35704320","HTTP Content-Length","Restricted - Possibly","114008","0","0","2","0","16","57","8","29","0","0","5","3","0","George H.W. Bush Library, Bush Presidential Records, Brent Scowcroft Collection, Special Separate USSR Notes Files, Gorbachev Files, OA/ID 91130–004, Gorbachev -Sensitive July—December 1991 [2].","Source: George H.W. Bush Library, Bush Presidential Records, Brent Scowcroft Collection, Special Separate USSR Notes Files, Gorbachev Files, OA/ID 91130–004, Gorbachev -Sensitive July—December 1991 [2].","https://catalog.archives.gov/id/366551846","https://catalog.archives.gov/medialz/presidential-libraries/bush/gb-gbs/4708331/41-bpr-scow-ssussr-gor-91130-004.pdf"
"366551847","1991-07-01","1991-12-31","July-December 1991","Folder title month range","Gorbachev -Sensitive July-December 1991 [3]","91130-005","4708331","Special Separate USSR Notes Files","Series context and cross-volume routing","Series context","","","","verified","George H.W. Bush Presidential Records","Special Separate USSR Notes Files","Gorbachev Files","true","0","30177247","30177248","HTTP Content-Length","Restricted - Possibly","111483","0","0","1","0","2","329","117","66","44","11","45","13","0","George H.W. Bush Library, Bush Presidential Records, Brent Scowcroft Collection, Special Separate USSR Notes Files, Gorbachev Files, OA/ID 91130–005, Gorbachev -Sensitive July—December 1991 [3].","Source: George H.W. Bush Library, Bush Presidential Records, Brent Scowcroft Collection, Special Separate USSR Notes Files, Gorbachev Files, OA/ID 91130–005, Gorbachev -Sensitive July—December 1991 [3].","https://catalog.archives.gov/id/366551847","https://catalog.archives.gov/medialz/presidential-libraries/bush/gb-gbs/4708331/41-bpr-scow-ssussr-gor-91130-005.pdf"
"366551848","1991-07-01","1991-12-31","July-December 1991","Folder title month range","Gorbachev -Sensitive July-December 1991 [Copy Set] [1]","91130-006","4708331","Special Separate USSR Notes Files","Series context and cross-volume routing","Parallel-copy context","","","","verified","George H.W. Bush Presidential Records","Special Separate USSR Notes Files","Gorbachev Files","true","0","16441059","16441059","HTTP Content-Length","Restricted - Possibly","74450","0","0","0","0","33","29","0","29","0","0","0","0","0","George H.W. Bush Library, Bush Presidential Records, Brent Scowcroft Collection, Special Separate USSR Notes Files, Gorbachev Files, OA/ID 91130–006, Gorbachev -Sensitive July—December 1991 [Copy Set] [1].","Source: George H.W. Bush Library, Bush Presidential Records, Brent Scowcroft Collection, Special Separate USSR Notes Files, Gorbachev Files, OA/ID 91130–006, Gorbachev -Sensitive July—December 1991 [Copy Set] [1].","https://catalog.archives.gov/id/366551848","https://catalog.archives.gov/medialz/presidential-libraries/bush/gb-gbs/4708331/41-bpr-scow-ssussr-gor-91130-006.pdf"
"366551849","1991-07-01","1991-12-31","July-December 1991","Folder title month range","Gorbachev -Sensitive July-December 1991 [Copy Set] [2]","91130-007","4708331","Special Separate USSR Notes Files","Series context and cross-volume routing","Parallel-copy context","","","","verified","George H.W. Bush Presidential Records","Special Separate USSR Notes Files","Gorbachev Files","true","0","13922084","13922084","HTTP Content-Length","Restricted - Possibly","62799","0","0","2","0","28","26","1","25","0","0","0","0","0","George H.W. Bush Library, Bush Presidential Records, Brent Scowcroft Collection, Special Separate USSR Notes Files, Gorbachev Files, OA/ID 91130–007, Gorbachev -Sensitive July—December 1991 [Copy Set] [2].","Source: George H.W. Bush Library, Bush Presidential Records, Brent Scowcroft Collection, Special Separate USSR Notes Files, Gorbachev Files, OA/ID 91130–007, Gorbachev -Sensitive July—December 1991 [Copy Set] [2].","https://catalog.archives.gov/id/366551849","https://catalog.archives.gov/medialz/presidential-libraries/bush/gb-gbs/4708331/41-bpr-scow-ssussr-gor-91130-007.pdf"
"366551850","1991-07-01","1991-12-31","July-December 1991","Folder title month range","Gorbachev -Sensitive July-December 1991 [Copy Set] [3]","91130-008","4708331","Special Separate USSR Notes Files","Series context and cross-volume routing","Parallel-copy context","","","","verified","George H.W. Bush Presidential Records","Special Separate USSR Notes Files","Gorbachev Files","true","0","10745048","10745048","HTTP Content-Length","Restricted - Possibly","46379","0","0","1","0","13","40","5","22","0","0","3","2","0","George H.W. Bush Library, Bush Presidential Records, Brent Scowcroft Collection, Special Separate USSR Notes Files, Gorbachev Files, OA/ID 91130–008, Gorbachev -Sensitive July—December 1991 [Copy Set] [3].","Source: George H.W. Bush Library, Bush Presidential Records, Brent Scowcroft Collection, Special Separate USSR Notes Files, Gorbachev Files, OA/ID 91130–008, Gorbachev -Sensitive July—December 1991 [Copy Set] [3].","https://catalog.archives.gov/id/366551850","https://catalog.archives.gov/medialz/presidential-libraries/bush/gb-gbs/4708331/41-bpr-scow-ssussr-gor-91130-008.pdf"
"366551676","1991-07-11","1991-07-22","July 11, 1991-July 22, 1991","Folder title date range","Presidential Meetings--Memorandum of Conversations 7/11/91-7/22/91","91109-001","4545941","Presidential Correspondence Files","Economic Summits and Industrialized-Country Cooperation","Volume XXX review","Presidential conversations; Economic-content review; Parallel-copy check; Trade and market access; Debt and international finance; Economic summits and G-7; Transition economies; Energy; Agriculture","The complete Scowcroft folder contains presidential memoranda of conversation or telephone conversations with substantive economic-policy OCR signals. Review each conversation separately and promote only the passages that bear directly on Volume XXX. Parallel-copy control: match each conversation to the Bush Library Memcons and Telcons index and its canonical NARA item before selection. A Scowcroft folder copy is not a second documentary entry.","The official file-unit PDF is online. This collection-wide pass did not establish its served-PDF page count or item boundaries; page totals on withdrawal sheets describe individual entries, not the complete file unit.","verified","George H.W. Bush Presidential Records","Presidential Correspondence Files","Presidential Memcons Files","true","0","51763901","51763900","HTTP Content-Length","Restricted - Possibly","237836","0","0","24","0","6","591","148","120","133","15","44","38","22","George H.W. Bush Library, Bush Presidential Records, Brent Scowcroft Collection, Presidential Correspondence Files, Presidential Memcons Files, OA/ID 91109–001, Presidential Meetings—Memorandum of Conversations 7/11/91—7/22/91.","Source: George H.W. Bush Library, Bush Presidential Records, Brent Scowcroft Collection, Presidential Correspondence Files, Presidential Memcons Files, OA/ID 91109–001, Presidential Meetings—Memorandum of Conversations 7/11/91—7/22/91.","https://catalog.archives.gov/id/366551676","https://catalog.archives.gov/medialz/presidential-libraries/bush/gb-gbs/4545941/41-bpr-scow-pcor-memcon-91109-001.pdf"
"366551677","1991-07-24","1991-09-24","July 24, 1991-September 24, 1991","Folder title date range","Presidential Meetings--Memorandum of Conversations 7/24/91-9/24/91","91109-002","4545941","Presidential Correspondence Files","Monetary Policy, Debt, and International Institutions","Volume XXX review","Presidential conversations; Economic-content review; Parallel-copy check; Trade and market access; Debt and international finance; Economic summits and G-7; Transition economies; Energy; Agriculture","The complete Scowcroft folder contains presidential memoranda of conversation or telephone conversations with substantive economic-policy OCR signals. Review each conversation separately and promote only the passages that bear directly on Volume XXX. Parallel-copy control: match each conversation to the Bush Library Memcons and Telcons index and its canonical NARA item before selection. A Scowcroft folder copy is not a second documentary entry.","The official file-unit PDF is online. This collection-wide pass did not establish its served-PDF page count or item boundaries; page totals on withdrawal sheets describe individual entries, not the complete file unit.","verified","George H.W. Bush Presidential Records","Presidential Correspondence Files","Presidential Memcons Files","true","0","46908510","46908512","HTTP Content-Length","Restricted - Possibly","217971","0","0","33","5","5","220","66","53","29","12","11","22","14","George H.W. Bush Library, Bush Presidential Records, Brent Scowcroft Collection, Presidential Correspondence Files, Presidential Memcons Files, OA/ID 91109–002, Presidential Meetings—Memorandum of Conversations 7/24/91—9/24/91.","Source: George H.W. Bush Library, Bush Presidential Records, Brent Scowcroft Collection, Presidential Correspondence Files, Presidential Memcons Files, OA/ID 91109–002, Presidential Meetings—Memorandum of Conversations 7/24/91—9/24/91.","https://catalog.archives.gov/id/366551677","https://catalog.archives.gov/medialz/presidential-libraries/bush/gb-gbs/4545941/41-bpr-scow-pcor-memcon-91109-002.pdf"
"366552270","1991-08-01","1991-08-31","August 1991","Folder title month","August 1991","85048-008","74785753","Brent Scowcroft Scheduled Calls Files","Series context and cross-volume routing","Reference context","","","","verified","George H.W. Bush Presidential Records","Scheduled Calls Files","","true","0","7394111","1234","HTTP Content-Length","Restricted - Possibly","37548","0","0","0","0","3","24","9","2","0","0","0","0","5","George H.W. Bush Library, Bush Presidential Records, Brent Scowcroft Collection, Scheduled Calls Files, OA/ID 85048–008, August 1991.","Source: George H.W. Bush Library, Bush Presidential Records, Brent Scowcroft Collection, Scheduled Calls Files, OA/ID 85048–008, August 1991.","https://catalog.archives.gov/id/366552270","https://catalog.archives.gov/medialz/presidential-libraries/bush/gb-gbs/74785753/41-bpr-scow-schcalls-85048-008.pdf"
"366552318","1991-08-01","1991-08-31","August 1991","Folder title month","August 1991","85052-008","74785758","Brent Scowcroft Schedule Files","Series context and cross-volume routing","Reference context","","","","verified","George H.W. Bush Presidential Records","Schedule Files","","true","0","949253","1234","HTTP Content-Length","Restricted - Possibly","3161","0","0","0","0","2","1","0","1","0","0","0","0","0","George H.W. Bush Library, Bush Presidential Records, Brent Scowcroft Collection, Schedule Files, OA/ID 85052–008, August 1991.","Source: George H.W. Bush Library, Bush Presidential Records, Brent Scowcroft Collection, Schedule Files, OA/ID 85052–008, August 1991.","https://catalog.archives.gov/id/366552318","https://catalog.archives.gov/medialz/presidential-libraries/bush/gb-gbs/74785758/41-bpr-scow-schedule-85052-008.pdf"
"366551701","1991-08-05","1991-09-25","August 5, 1991-September 25, 1991","Folder title date range","Presidential Telephone Calls--Memorandum of Conversations 8/5/91-9/25/91","91113-001","4545941","Presidential Correspondence Files","Series context and cross-volume routing","Series context","","","","verified","George H.W. Bush Presidential Records","Presidential Correspondence Files","Presidential Telcon Files","true","0","43436052","43436052","HTTP Content-Length","Restricted - Possibly","191680","0","0","62","0","7","58","14","19","3","7","2","7","2","George H.W. Bush Library, Bush Presidential Records, Brent Scowcroft Collection, Presidential Correspondence Files, Presidential Telcon Files, OA/ID 91113–001, Presidential Telephone Calls—Memorandum of Conversations 8/5/91—9/25/91.","Source: George H.W. Bush Library, Bush Presidential Records, Brent Scowcroft Collection, Presidential Correspondence Files, Presidential Telcon Files, OA/ID 91113–001, Presidential Telephone Calls—Memorandum of Conversations 8/5/91—9/25/91.","https://catalog.archives.gov/id/366551701","https://catalog.archives.gov/medialz/presidential-libraries/bush/gb-gbs/4545941/41-bpr-scow-pcor-telcon-91113-001.pdf"
"366552271","1991-09-01","1991-09-30","September 1991","Folder title month","September 1991","85048-009","74785753","Brent Scowcroft Scheduled Calls Files","Series context and cross-volume routing","Reference context","","","","verified","George H.W. Bush Presidential Records","Scheduled Calls Files","","true","0","10823775","1234","HTTP Content-Length","Restricted - Possibly","52657","0","0","0","0","3","7","0","4","0","0","1","0","2","George H.W. Bush Library, Bush Presidential Records, Brent Scowcroft Collection, Scheduled Calls Files, OA/ID 85048–009, September 1991.","Source: George H.W. Bush Library, Bush Presidential Records, Brent Scowcroft Collection, Scheduled Calls Files, OA/ID 85048–009, September 1991.","https://catalog.archives.gov/id/366552271","https://catalog.archives.gov/medialz/presidential-libraries/bush/gb-gbs/74785753/41-bpr-scow-schcalls-85048-009.pdf"
"366552319","1991-09-01","1991-09-30","September 1991","Folder title month","September 1991","85052-009","74785758","Brent Scowcroft Schedule Files","Series context and cross-volume routing","Reference context","","","","verified","George H.W. Bush Presidential Records","Schedule Files","","true","0","3944221","1234","HTTP Content-Length","Restricted - Possibly","15137","0","0","0","0","6","5","0","5","0","0","0","0","0","George H.W. Bush Library, Bush Presidential Records, Brent Scowcroft Collection, Schedule Files, OA/ID 85052–009, September 1991.","Source: George H.W. Bush Library, Bush Presidential Records, Brent Scowcroft Collection, Schedule Files, OA/ID 85052–009, September 1991.","https://catalog.archives.gov/id/366552319","https://catalog.archives.gov/medialz/presidential-libraries/bush/gb-gbs/74785758/41-bpr-scow-schedule-85052-009.pdf"
"366551678","1991-09-24","1991-10-15","September 24, 1991-October 15, 1991","Folder title date range","Presidential Meetings--Memorandum of Conversations 9/24/91-10/15/91","91109-003","4545941","Presidential Correspondence Files","Trade Policy and Market Access","Volume XXX review","Presidential conversations; Economic-content review; Parallel-copy check; Trade and market access; Debt and international finance; Transition economies; Energy; Agriculture","The complete Scowcroft folder contains presidential memoranda of conversation or telephone conversations with substantive economic-policy OCR signals. Review each conversation separately and promote only the passages that bear directly on Volume XXX. Parallel-copy control: match each conversation to the Bush Library Memcons and Telcons index and its canonical NARA item before selection. A Scowcroft folder copy is not a second documentary entry.","The official file-unit PDF is online. This collection-wide pass did not establish its served-PDF page count or item boundaries; page totals on withdrawal sheets describe individual entries, not the complete file unit.","verified","George H.W. Bush Presidential Records","Presidential Correspondence Files","Presidential Memcons Files","true","0","46067289","46067288","HTTP Content-Length","Restricted - Possibly","212480","0","0","27","0","6","228","68","27","82","20","12","4","10","George H.W. Bush Library, Bush Presidential Records, Brent Scowcroft Collection, Presidential Correspondence Files, Presidential Memcons Files, OA/ID 91109–003, Presidential Meetings—Memorandum of Conversations 9/24/91—10/15/91.","Source: George H.W. Bush Library, Bush Presidential Records, Brent Scowcroft Collection, Presidential Correspondence Files, Presidential Memcons Files, OA/ID 91109–003, Presidential Meetings—Memorandum of Conversations 9/24/91—10/15/91.","https://catalog.archives.gov/id/366551678","https://catalog.archives.gov/medialz/presidential-libraries/bush/gb-gbs/4545941/41-bpr-scow-pcor-memcon-91109-003.pdf"
"366551702","1991-09-27","1991-12-25","September 27, 1991-December 25, 1991","Folder title date range","Presidential Telephone Calls--Memorandum of Conversations 9/27/91-12/25/91","91113-002","4545941","Presidential Correspondence Files","Trade Policy and Market Access","Volume XXX review","Presidential telephone conversations; Economic-content review; Parallel-copy check; Trade and market access; Debt and international finance; Economic summits and G-7; Transition economies; Energy; Agriculture","The complete Scowcroft folder contains presidential memoranda of conversation or telephone conversations with substantive economic-policy OCR signals. Review each conversation separately and promote only the passages that bear directly on Volume XXX. Parallel-copy control: match each conversation to the Bush Library Memcons and Telcons index and its canonical NARA item before selection. A Scowcroft folder copy is not a second documentary entry.","The official file-unit PDF is online. This collection-wide pass did not establish its served-PDF page count or item boundaries; page totals on withdrawal sheets describe individual entries, not the complete file unit.","verified","George H.W. Bush Presidential Records","Presidential Correspondence Files","Presidential Telcon Files","true","0","60532868","60532868","HTTP Content-Length","Restricted - Possibly","259706","0","0","89","0","8","125","45","16","33","7","2","13","1","George H.W. Bush Library, Bush Presidential Records, Brent Scowcroft Collection, Presidential Correspondence Files, Presidential Telcon Files, OA/ID 91113–002, Presidential Telephone Calls—Memorandum of Conversations 9/27/91—12/25/91.","Source: George H.W. Bush Library, Bush Presidential Records, Brent Scowcroft Collection, Presidential Correspondence Files, Presidential Telcon Files, OA/ID 91113–002, Presidential Telephone Calls—Memorandum of Conversations 9/27/91—12/25/91.","https://catalog.archives.gov/id/366551702","https://catalog.archives.gov/medialz/presidential-libraries/bush/gb-gbs/4545941/41-bpr-scow-pcor-telcon-91113-002.pdf"
"366552272","1991-10-01","1991-10-31","October 1991","Folder title month","October 1991","85048-010","74785753","Brent Scowcroft Scheduled Calls Files","Series context and cross-volume routing","Reference context","","","","verified","George H.W. Bush Presidential Records","Scheduled Calls Files","","true","0","10233833","1234","HTTP Content-Length","Restricted - Possibly","45253","0","0","0","0","2","9","0","1","0","1","0","0","7","George H.W. Bush Library, Bush Presidential Records, Brent Scowcroft Collection, Scheduled Calls Files, OA/ID 85048–010, October 1991.","Source: George H.W. Bush Library, Bush Presidential Records, Brent Scowcroft Collection, Scheduled Calls Files, OA/ID 85048–010, October 1991.","https://catalog.archives.gov/id/366552272","https://catalog.archives.gov/medialz/presidential-libraries/bush/gb-gbs/74785753/41-bpr-scow-schcalls-85048-010.pdf"
"366552320","1991-10-01","1991-10-31","October 1991","Folder title month","October 1991","85052-010","74785758","Brent Scowcroft Schedule Files","Series context and cross-volume routing","Reference context","","","","verified","George H.W. Bush Presidential Records","Schedule Files","","true","0","3223867","1234","HTTP Content-Length","Restricted - Possibly","10371","0","0","0","0","2","3","2","1","0","0","0","0","0","George H.W. Bush Library, Bush Presidential Records, Brent Scowcroft Collection, Schedule Files, OA/ID 85052–010, October 1991.","Source: George H.W. Bush Library, Bush Presidential Records, Brent Scowcroft Collection, Schedule Files, OA/ID 85052–010, October 1991.","https://catalog.archives.gov/id/366552320","https://catalog.archives.gov/medialz/presidential-libraries/bush/gb-gbs/74785758/41-bpr-scow-schedule-85052-010.pdf"
"366551679","1991-10-16","1991-12-17","October 16, 1991-December 17, 1991","Folder title date range","Presidential Meetings--Memorandum of Conversations 10/16/91-12/17/91","91109-004","4545941","Presidential Correspondence Files","Trade Policy and Market Access","Volume XXX review","Presidential conversations; Economic-content review; Parallel-copy check; Trade and market access; Debt and international finance; Economic summits and G-7; Transition economies; Strategic trade and technology; Energy; Agriculture","The complete Scowcroft folder contains presidential memoranda of conversation or telephone conversations with substantive economic-policy OCR signals. Review each conversation separately and promote only the passages that bear directly on Volume XXX. Parallel-copy control: match each conversation to the Bush Library Memcons and Telcons index and its canonical NARA item before selection. A Scowcroft folder copy is not a second documentary entry.","The official file-unit PDF is online. This collection-wide pass did not establish its served-PDF page count or item boundaries; page totals on withdrawal sheets describe individual entries, not the complete file unit.","verified","George H.W. Bush Presidential Records","Presidential Correspondence Files","Presidential Memcons Files","true","0","56374254","56374256","HTTP Content-Length","Restricted - Possibly","253586","0","0","68","0","8","313","57","41","90","16","26","49","11","George H.W. Bush Library, Bush Presidential Records, Brent Scowcroft Collection, Presidential Correspondence Files, Presidential Memcons Files, OA/ID 91109–004, Presidential Meetings—Memorandum of Conversations 10/16/91—12/17/91.","Source: George H.W. Bush Library, Bush Presidential Records, Brent Scowcroft Collection, Presidential Correspondence Files, Presidential Memcons Files, OA/ID 91109–004, Presidential Meetings—Memorandum of Conversations 10/16/91—12/17/91.","https://catalog.archives.gov/id/366551679","https://catalog.archives.gov/medialz/presidential-libraries/bush/gb-gbs/4545941/41-bpr-scow-pcor-memcon-91109-004.pdf"
"366552273","1991-11-01","1991-11-30","November 1991","Folder title month","November 1991","85048-011","74785753","Brent Scowcroft Scheduled Calls Files","Series context and cross-volume routing","Reference context","","","","verified","George H.W. Bush Presidential Records","Scheduled Calls Files","","true","0","7772889","1234","HTTP Content-Length","Restricted - Possibly","37046","0","0","0","0","3","6","0","2","1","0","0","1","2","George H.W. Bush Library, Bush Presidential Records, Brent Scowcroft Collection, Scheduled Calls Files, OA/ID 85048–011, November 1991.","Source: George H.W. Bush Library, Bush Presidential Records, Brent Scowcroft Collection, Scheduled Calls Files, OA/ID 85048–011, November 1991.","https://catalog.archives.gov/id/366552273","https://catalog.archives.gov/medialz/presidential-libraries/bush/gb-gbs/74785753/41-bpr-scow-schcalls-85048-011.pdf"
"366552321","1991-11-01","1991-11-30","November 1991","Folder title month","November 1991","85052-011","74785758","Brent Scowcroft Schedule Files","Series context and cross-volume routing","Reference context","","","","verified","George H.W. Bush Presidential Records","Schedule Files","","true","0","2423795","1234","HTTP Content-Length","Restricted - Possibly","7831","0","0","0","0","2","3","2","1","0","0","0","0","0","George H.W. Bush Library, Bush Presidential Records, Brent Scowcroft Collection, Schedule Files, OA/ID 85052–011, November 1991.","Source: George H.W. Bush Library, Bush Presidential Records, Brent Scowcroft Collection, Schedule Files, OA/ID 85052–011, November 1991.","https://catalog.archives.gov/id/366552321","https://catalog.archives.gov/medialz/presidential-libraries/bush/gb-gbs/74785758/41-bpr-scow-schedule-85052-011.pdf"
"366552274","1991-12-01","1991-12-31","December 1991","Folder title month","December 1991","85048-012","74785753","Brent Scowcroft Scheduled Calls Files","Series context and cross-volume routing","Reference context","","","","verified","George H.W. Bush Presidential Records","Scheduled Calls Files","","true","0","10122976","1234","HTTP Content-Length","Restricted - Possibly","47952","0","0","0","0","2","34","8","1","10","0","7","0","8","George H.W. Bush Library, Bush Presidential Records, Brent Scowcroft Collection, Scheduled Calls Files, OA/ID 85048–012, December 1991.","Source: George H.W. Bush Library, Bush Presidential Records, Brent Scowcroft Collection, Scheduled Calls Files, OA/ID 85048–012, December 1991.","https://catalog.archives.gov/id/366552274","https://catalog.archives.gov/medialz/presidential-libraries/bush/gb-gbs/74785753/41-bpr-scow-schcalls-85048-012.pdf"
"366552322","1991-12-01","1991-12-31","December 1991","Folder title month","December 1991","85052-012","74785758","Brent Scowcroft Schedule Files","Series context and cross-volume routing","Reference context","","","","verified","George H.W. Bush Presidential Records","Schedule Files","","true","0","4214741","1234","HTTP Content-Length","Restricted - Possibly","18201","0","0","0","0","7","6","0","6","0","0","0","0","0","George H.W. Bush Library, Bush Presidential Records, Brent Scowcroft Collection, Schedule Files, OA/ID 85052–012, December 1991.","Source: George H.W. Bush Library, Bush Presidential Records, Brent Scowcroft Collection, Schedule Files, OA/ID 85052–012, December 1991.","https://catalog.archives.gov/id/366552322","https://catalog.archives.gov/medialz/presidential-libraries/bush/gb-gbs/74785758/41-bpr-scow-schedule-85052-012.pdf"
"366552222","1992-01-01","1992-01-31","January 1992","Folder title month","January 1992","85044-004","74785827","Brent Scowcroft Media Articles Files","Series context and cross-volume routing","Reference context","","","","verified","George H.W. Bush Presidential Records","Media Articles Files","","true","0","14734770","1234","HTTP Content-Length","Restricted - Possibly","124638","0","0","0","0","0","120","33","12","57","3","11","1","3","George H.W. Bush Library, Bush Presidential Records, Brent Scowcroft Collection, Media Articles Files, OA/ID 85044–004, January 1992.","Source: George H.W. Bush Library, Bush Presidential Records, Brent Scowcroft Collection, Media Articles Files, OA/ID 85044–004, January 1992.","https://catalog.archives.gov/id/366552222","https://catalog.archives.gov/medialz/presidential-libraries/bush/gb-gbs/74785827/41-bpr-scow-ma-85044-004.pdf"
"366552275","1992-01-01","1992-01-31","January 1992","Folder title month","January 1992","85049-001","74785753","Brent Scowcroft Scheduled Calls Files","Series context and cross-volume routing","Reference context","","","","verified","George H.W. Bush Presidential Records","Scheduled Calls Files","","true","0","15622484","1234","HTTP Content-Length","Restricted - Possibly","71620","0","0","0","0","0","77","25","0","25","1","25","0","1","George H.W. Bush Library, Bush Presidential Records, Brent Scowcroft Collection, Scheduled Calls Files, OA/ID 85049–001, January 1992.","Source: George H.W. Bush Library, Bush Presidential Records, Brent Scowcroft Collection, Scheduled Calls Files, OA/ID 85049–001, January 1992.","https://catalog.archives.gov/id/366552275","https://catalog.archives.gov/medialz/presidential-libraries/bush/gb-gbs/74785753/41-bpr-scow-schcalls-85049-001.pdf"
"366552323","1992-01-01","1992-01-31","January 1992","Folder title month","January 1992","85053-001","74785758","Brent Scowcroft Schedule Files","Series context and cross-volume routing","Reference context","","","","verified","George H.W. Bush Presidential Records","Schedule Files","","true","0","4549362","1234","HTTP Content-Length","Restricted - Possibly","17947","0","0","0","0","6","5","0","5","0","0","0","0","0","George H.W. Bush Library, Bush Presidential Records, Brent Scowcroft Collection, Schedule Files, OA/ID 85053–001, January 1992.","Source: George H.W. Bush Library, Bush Presidential Records, Brent Scowcroft Collection, Schedule Files, OA/ID 85053–001, January 1992.","https://catalog.archives.gov/id/366552323","https://catalog.archives.gov/medialz/presidential-libraries/bush/gb-gbs/74785758/41-bpr-scow-schedule-85053-001.pdf"
"366551680","1992-01-01","1992-01-31","January 1, 1992-January 31, 1992","Folder title date range","Presidential Meetings--Memorandum of Conversations 1/1/92-1/31/92","91109-005","4545941","Presidential Correspondence Files","Series context and cross-volume routing","Series context","","","","verified","George H.W. Bush Presidential Records","Presidential Correspondence Files","Presidential Memcons Files","true","0","29360089","29360088","HTTP Content-Length","Restricted - Possibly","84717","0","0","36","0","14","60","12","17","17","5","3","4","0","George H.W. Bush Library, Bush Presidential Records, Brent Scowcroft Collection, Presidential Correspondence Files, Presidential Memcons Files, OA/ID 91109–005, Presidential Meetings—Memorandum of Conversations 1/1/92—1/31/92.","Source: George H.W. Bush Library, Bush Presidential Records, Brent Scowcroft Collection, Presidential Correspondence Files, Presidential Memcons Files, OA/ID 91109–005, Presidential Meetings—Memorandum of Conversations 1/1/92—1/31/92.","https://catalog.archives.gov/id/366551680","https://catalog.archives.gov/medialz/presidential-libraries/bush/gb-gbs/4545941/41-bpr-scow-pcor-memcon-91109-005.pdf"
"366552154","1992-01-01","1992-12-31","January-December 1992","Folder title month range","Appointments Completed, January to December 1992 [1]","85035-005","74785770","Brent Scowcroft Administrative Files","Series context and cross-volume routing","Reference context","","","","verified","George H.W. Bush Presidential Records","Administrative Files","","true","0","44455092","1234","HTTP Content-Length","Restricted - Possibly","167076","1","7","0","0","14","119","26","20","47","8","6","6","1","George H.W. Bush Library, Bush Presidential Records, Brent Scowcroft Collection, Administrative Files, OA/ID 85035–005, Appointments Completed, January to December 1992 [1].","Source: George H.W. Bush Library, Bush Presidential Records, Brent Scowcroft Collection, Administrative Files, OA/ID 85035–005, Appointments Completed, January to December 1992 [1].","https://catalog.archives.gov/id/366552154","https://catalog.archives.gov/medialz/presidential-libraries/bush/gb-gbs/74785770/41-bpr-scow-admin-85035-005.pdf"
"366552155","1992-01-01","1992-12-31","January-December 1992","Folder title month range","Appointments Completed, January to December 1992 [2]","85035-006","74785770","Brent Scowcroft Administrative Files","Series context and cross-volume routing","Reference context","","","","verified","George H.W. Bush Presidential Records","Administrative Files","","true","0","16137988","1234","HTTP Content-Length","Restricted - Possibly","56436","0","2","0","0","5","23","4","6","10","0","1","0","2","George H.W. Bush Library, Bush Presidential Records, Brent Scowcroft Collection, Administrative Files, OA/ID 85035–006, Appointments Completed, January to December 1992 [2].","Source: George H.W. Bush Library, Bush Presidential Records, Brent Scowcroft Collection, Administrative Files, OA/ID 85035–006, Appointments Completed, January to December 1992 [2].","https://catalog.archives.gov/id/366552155","https://catalog.archives.gov/medialz/presidential-libraries/bush/gb-gbs/74785770/41-bpr-scow-admin-85035-006.pdf"
"366552156","1992-01-01","1992-12-31","January-December 1992","Folder title month range","Appointments Completed, January to December 1992 [3]","85036-001","74785770","Brent Scowcroft Administrative Files","Series context and cross-volume routing","Reference context","","","","verified","George H.W. Bush Presidential Records","Administrative Files","","true","0","30420298","1234","HTTP Content-Length","Restricted - Possibly","112306","0","6","0","0","8","68","14","13","34","1","6","0","0","George H.W. Bush Library, Bush Presidential Records, Brent Scowcroft Collection, Administrative Files, OA/ID 85036–001, Appointments Completed, January to December 1992 [3].","Source: George H.W. Bush Library, Bush Presidential Records, Brent Scowcroft Collection, Administrative Files, OA/ID 85036–001, Appointments Completed, January to December 1992 [3].","https://catalog.archives.gov/id/366552156","https://catalog.archives.gov/medialz/presidential-libraries/bush/gb-gbs/74785770/41-bpr-scow-admin-85036-001.pdf"
"366552157","1992-01-01","1992-12-31","January-December 1992","Folder title month range","Appointments Completed, January to December 1992 [4]","85036-002","74785770","Brent Scowcroft Administrative Files","Series context and cross-volume routing","Reference context","","","","verified","George H.W. Bush Presidential Records","Administrative Files","","true","0","50669862","1234","HTTP Content-Length","Restricted - Possibly","177802","1","5","0","0","7","158","72","21","52","2","4","1","4","George H.W. Bush Library, Bush Presidential Records, Brent Scowcroft Collection, Administrative Files, OA/ID 85036–002, Appointments Completed, January to December 1992 [4].","Source: George H.W. Bush Library, Bush Presidential Records, Brent Scowcroft Collection, Administrative Files, OA/ID 85036–002, Appointments Completed, January to December 1992 [4].","https://catalog.archives.gov/id/366552157","https://catalog.archives.gov/medialz/presidential-libraries/bush/gb-gbs/74785770/41-bpr-scow-admin-85036-002.pdf"
"366552158","1992-01-01","1992-12-31","January-December 1992","Folder title month range","Appointments Completed, January to December 1992 [5]","85036-003","74785770","Brent Scowcroft Administrative Files","Series context and cross-volume routing","Reference context","","","","verified","George H.W. Bush Presidential Records","Administrative Files","","true","0","18911151","1234","HTTP Content-Length","Restricted - Possibly","62458","0","2","0","0","11","13","1","10","1","0","0","0","1","George H.W. Bush Library, Bush Presidential Records, Brent Scowcroft Collection, Administrative Files, OA/ID 85036–003, Appointments Completed, January to December 1992 [5].","Source: George H.W. Bush Library, Bush Presidential Records, Brent Scowcroft Collection, Administrative Files, OA/ID 85036–003, Appointments Completed, January to December 1992 [5].","https://catalog.archives.gov/id/366552158","https://catalog.archives.gov/medialz/presidential-libraries/bush/gb-gbs/74785770/41-bpr-scow-admin-85036-003.pdf"
"366552162","1992-01-01","1992-12-31","January-December 1992","Folder title month range","Appointments Regretted, January to December 1992","85036-007","74785770","Brent Scowcroft Administrative Files","Series context and cross-volume routing","Reference context","","","","verified","George H.W. Bush Presidential Records","Administrative Files","","true","0","18823611","1234","HTTP Content-Length","Restricted - Possibly","69655","0","2","0","1","4","16","3","9","4","0","0","0","0","George H.W. Bush Library, Bush Presidential Records, Brent Scowcroft Collection, Administrative Files, OA/ID 85036–007, Appointments Regretted, January to December 1992.","Source: George H.W. Bush Library, Bush Presidential Records, Brent Scowcroft Collection, Administrative Files, OA/ID 85036–007, Appointments Regretted, January to December 1992.","https://catalog.archives.gov/id/366552162","https://catalog.archives.gov/medialz/presidential-libraries/bush/gb-gbs/74785770/41-bpr-scow-admin-85036-007.pdf"
"366551851","1992-01-01","1992-12-31","1992","Folder title year","Yeltsin (January-December) 1992 [1]","91131-001","4708331","Special Separate USSR Notes Files","Series context and cross-volume routing","Series context","","","","verified","George H.W. Bush Presidential Records","Special Separate USSR Notes Files","Yeltsin Files","true","0","23642606","23642606","HTTP Content-Length","Restricted - Possibly","99450","0","1","0","0","20","33","6","22","0","2","0","0","1","George H.W. Bush Library, Bush Presidential Records, Brent Scowcroft Collection, Special Separate USSR Notes Files, Yeltsin Files, OA/ID 91131–001, Yeltsin (January—December) 1992 [1].","Source: George H.W. Bush Library, Bush Presidential Records, Brent Scowcroft Collection, Special Separate USSR Notes Files, Yeltsin Files, OA/ID 91131–001, Yeltsin (January—December) 1992 [1].","https://catalog.archives.gov/id/366551851","https://catalog.archives.gov/medialz/presidential-libraries/bush/gb-gbs/4708331/41-bpr-scow-ssussr-yel-91131-001.pdf"
"366551852","1992-01-01","1992-12-31","1992","Folder title year","Yeltsin (January-December) 1992 [2]","91131-002","4708331","Special Separate USSR Notes Files","Series context and cross-volume routing","Series context","","","","verified","George H.W. Bush Presidential Records","Special Separate USSR Notes Files","Yeltsin Files","true","0","26381133","26381132","HTTP Content-Length","Restricted - Possibly","114024","0","1","0","0","11","71","21","18","8","9","4","2","3","George H.W. Bush Library, Bush Presidential Records, Brent Scowcroft Collection, Special Separate USSR Notes Files, Yeltsin Files, OA/ID 91131–002, Yeltsin (January—December) 1992 [2].","Source: George H.W. Bush Library, Bush Presidential Records, Brent Scowcroft Collection, Special Separate USSR Notes Files, Yeltsin Files, OA/ID 91131–002, Yeltsin (January—December) 1992 [2].","https://catalog.archives.gov/id/366551852","https://catalog.archives.gov/medialz/presidential-libraries/bush/gb-gbs/4708331/41-bpr-scow-ssussr-yel-91131-002.pdf"
"366551853","1992-01-01","1992-12-31","1992","Folder title year","Yeltsin (January-December) 1992 [3]","91131-003","4708331","Special Separate USSR Notes Files","Series context and cross-volume routing","Series context","","","","verified","George H.W. Bush Presidential Records","Special Separate USSR Notes Files","Yeltsin Files","true","0","39555488","39555488","HTTP Content-Length","Restricted - Possibly","136568","4","0","0","0","13","34","12","15","1","2","3","0","0","George H.W. Bush Library, Bush Presidential Records, Brent Scowcroft Collection, Special Separate USSR Notes Files, Yeltsin Files, OA/ID 91131–003, Yeltsin (January—December) 1992 [3].","Source: George H.W. Bush Library, Bush Presidential Records, Brent Scowcroft Collection, Special Separate USSR Notes Files, Yeltsin Files, OA/ID 91131–003, Yeltsin (January—December) 1992 [3].","https://catalog.archives.gov/id/366551853","https://catalog.archives.gov/medialz/presidential-libraries/bush/gb-gbs/4708331/41-bpr-scow-ssussr-yel-91131-003.pdf"
"366551854","1992-01-01","1992-12-31","1992","Folder title year","Yeltsin (January-December) 1992 [4]","91131-004","4708331","Special Separate USSR Notes Files","Series context and cross-volume routing","Series context","","","","verified","George H.W. Bush Presidential Records","Special Separate USSR Notes Files","Yeltsin Files","true","0","34430465","34430464","HTTP Content-Length","Restricted - Possibly","154041","0","0","0","0","14","90","47","21","8","5","2","4","0","George H.W. Bush Library, Bush Presidential Records, Brent Scowcroft Collection, Special Separate USSR Notes Files, Yeltsin Files, OA/ID 91131–004, Yeltsin (January—December) 1992 [4].","Source: George H.W. Bush Library, Bush Presidential Records, Brent Scowcroft Collection, Special Separate USSR Notes Files, Yeltsin Files, OA/ID 91131–004, Yeltsin (January—December) 1992 [4].","https://catalog.archives.gov/id/366551854","https://catalog.archives.gov/medialz/presidential-libraries/bush/gb-gbs/4708331/41-bpr-scow-ssussr-yel-91131-004.pdf"
"366551855","1992-01-01","1992-12-31","1992","Folder title year","Yeltsin (January-December) 1992 [5]","91131-005","4708331","Special Separate USSR Notes Files","Series context and cross-volume routing","Series context","","","","verified","George H.W. Bush Presidential Records","Special Separate USSR Notes Files","Yeltsin Files","true","0","41584986","41584984","HTTP Content-Length","Restricted - Possibly","177067","0","2","0","0","31","63","15","32","6","2","0","0","1","George H.W. Bush Library, Bush Presidential Records, Brent Scowcroft Collection, Special Separate USSR Notes Files, Yeltsin Files, OA/ID 91131–005, Yeltsin (January—December) 1992 [5].","Source: George H.W. Bush Library, Bush Presidential Records, Brent Scowcroft Collection, Special Separate USSR Notes Files, Yeltsin Files, OA/ID 91131–005, Yeltsin (January—December) 1992 [5].","https://catalog.archives.gov/id/366551855","https://catalog.archives.gov/medialz/presidential-libraries/bush/gb-gbs/4708331/41-bpr-scow-ssussr-yel-91131-005.pdf"
"366551856","1992-01-01","1992-12-31","1992","Folder title year","Yeltsin (January-December) 1992 [6]","91131-006","4708331","Special Separate USSR Notes Files","Series context and cross-volume routing","Series context","","","","verified","George H.W. Bush Presidential Records","Special Separate USSR Notes Files","Yeltsin Files","true","0","32253156","32253156","HTTP Content-Length","Restricted - Possibly","136569","2","0","0","0","10","70","22","22","3","11","5","2","3","George H.W. Bush Library, Bush Presidential Records, Brent Scowcroft Collection, Special Separate USSR Notes Files, Yeltsin Files, OA/ID 91131–006, Yeltsin (January—December) 1992 [6].","Source: George H.W. Bush Library, Bush Presidential Records, Brent Scowcroft Collection, Special Separate USSR Notes Files, Yeltsin Files, OA/ID 91131–006, Yeltsin (January—December) 1992 [6].","https://catalog.archives.gov/id/366551856","https://catalog.archives.gov/medialz/presidential-libraries/bush/gb-gbs/4708331/41-bpr-scow-ssussr-yel-91131-006.pdf"
"366551857","1992-01-01","1992-12-31","1992","Folder title year","Yeltsin (January-December) 1992 [7]","91131-007","4708331","Special Separate USSR Notes Files","Series context and cross-volume routing","Series context","","","","verified","George H.W. Bush Presidential Records","Special Separate USSR Notes Files","Yeltsin Files","true","0","23280930","23280930","HTTP Content-Length","Restricted - Possibly","69875","2","0","0","0","8","12","3","6","2","0","1","0","0","George H.W. Bush Library, Bush Presidential Records, Brent Scowcroft Collection, Special Separate USSR Notes Files, Yeltsin Files, OA/ID 91131–007, Yeltsin (January—December) 1992 [7].","Source: George H.W. Bush Library, Bush Presidential Records, Brent Scowcroft Collection, Special Separate USSR Notes Files, Yeltsin Files, OA/ID 91131–007, Yeltsin (January—December) 1992 [7].","https://catalog.archives.gov/id/366551857","https://catalog.archives.gov/medialz/presidential-libraries/bush/gb-gbs/4708331/41-bpr-scow-ssussr-yel-91131-007.pdf"
"366551858","1992-01-01","1992-12-31","1992","Folder title year","Yeltsin (January-December) 1992 [8]","91131-008","4708331","Special Separate USSR Notes Files","Series context and cross-volume routing","Series context","","","","verified","George H.W. Bush Presidential Records","Special Separate USSR Notes Files","Yeltsin Files","true","0","34704419","34704420","HTTP Content-Length","Restricted - Possibly","148852","0","0","0","0","14","87","46","21","6","5","2","4","0","George H.W. Bush Library, Bush Presidential Records, Brent Scowcroft Collection, Special Separate USSR Notes Files, Yeltsin Files, OA/ID 91131–008, Yeltsin (January—December) 1992 [8].","Source: George H.W. Bush Library, Bush Presidential Records, Brent Scowcroft Collection, Special Separate USSR Notes Files, Yeltsin Files, OA/ID 91131–008, Yeltsin (January—December) 1992 [8].","https://catalog.archives.gov/id/366551858","https://catalog.archives.gov/medialz/presidential-libraries/bush/gb-gbs/4708331/41-bpr-scow-ssussr-yel-91131-008.pdf"
"366552025","1992-01-01","1992-12-31","1992","Folder title year","Special Channel (January-June) 1992 [1]","91152-005","4708329","Separate Communication Channel Files","Series context and cross-volume routing","Series context","","","","verified","George H.W. Bush Presidential Records","Special Separate Channel Files","","true","0","23436638","23436638","HTTP Content-Length","Restricted - Possibly","87950","0","0","0","0","17","58","7","24","12","5","0","4","3","George H.W. Bush Library, Bush Presidential Records, Brent Scowcroft Collection, Special Separate Channel Files, OA/ID 91152–005, Special Channel (January—June) 1992 [1].","Source: George H.W. Bush Library, Bush Presidential Records, Brent Scowcroft Collection, Special Separate Channel Files, OA/ID 91152–005, Special Channel (January—June) 1992 [1].","https://catalog.archives.gov/id/366552025","https://catalog.archives.gov/medialz/presidential-libraries/bush/gb-gbs/4708329/41-bpr-scow-ssch-91152-005.pdf"
"366552026","1992-01-01","1992-12-31","1992","Folder title year","Special Channel (January-June) 1992 [2]","91152-006","4708329","Separate Communication Channel Files","Series context and cross-volume routing","Series context","","","","verified","George H.W. Bush Presidential Records","Special Separate Channel Files","","true","0","26962567","26962568","HTTP Content-Length","Restricted - Possibly","110370","1","0","0","0","20","104","11","46","32","2","0","5","0","George H.W. Bush Library, Bush Presidential Records, Brent Scowcroft Collection, Special Separate Channel Files, OA/ID 91152–006, Special Channel (January—June) 1992 [2].","Source: George H.W. Bush Library, Bush Presidential Records, Brent Scowcroft Collection, Special Separate Channel Files, OA/ID 91152–006, Special Channel (January—June) 1992 [2].","https://catalog.archives.gov/id/366552026","https://catalog.archives.gov/medialz/presidential-libraries/bush/gb-gbs/4708329/41-bpr-scow-ssch-91152-006.pdf"
"366552027","1992-01-01","1992-12-31","1992","Folder title year","Special Channel (January-June) 1992 [3]","91152-007","4708329","Separate Communication Channel Files","Series context and cross-volume routing","Series context","","","","verified","George H.W. Bush Presidential Records","Special Separate Channel Files","","true","0","28907674","28907674","HTTP Content-Length","Restricted - Possibly","118087","0","0","0","0","33","79","1","33","19","10","2","7","6","George H.W. Bush Library, Bush Presidential Records, Brent Scowcroft Collection, Special Separate Channel Files, OA/ID 91152–007, Special Channel (January—June) 1992 [3].","Source: George H.W. Bush Library, Bush Presidential Records, Brent Scowcroft Collection, Special Separate Channel Files, OA/ID 91152–007, Special Channel (January—June) 1992 [3].","https://catalog.archives.gov/id/366552027","https://catalog.archives.gov/medialz/presidential-libraries/bush/gb-gbs/4708329/41-bpr-scow-ssch-91152-007.pdf"
"366552028","1992-01-01","1992-12-31","1992","Folder title year","Special Channel (January-June) 1992 [4]","91152-008","4708329","Separate Communication Channel Files","Series context and cross-volume routing","Series context","","","","verified","George H.W. Bush Presidential Records","Special Separate Channel Files","","true","0","35554156","35554156","HTTP Content-Length","Restricted - Possibly","147390","2","0","0","0","22","114","25","45","23","8","0","6","3","George H.W. Bush Library, Bush Presidential Records, Brent Scowcroft Collection, Special Separate Channel Files, OA/ID 91152–008, Special Channel (January—June) 1992 [4].","Source: George H.W. Bush Library, Bush Presidential Records, Brent Scowcroft Collection, Special Separate Channel Files, OA/ID 91152–008, Special Channel (January—June) 1992 [4].","https://catalog.archives.gov/id/366552028","https://catalog.archives.gov/medialz/presidential-libraries/bush/gb-gbs/4708329/41-bpr-scow-ssch-91152-008.pdf"
"366552029","1992-01-01","1992-12-31","1992","Folder title year","Special Channel (January-June) 1992 [5]","91153-001","4708329","Separate Communication Channel Files","Series context and cross-volume routing","Series context","","","","verified","George H.W. Bush Presidential Records","Special Separate Channel Files","","true","0","39006343","39006344","HTTP Content-Length","Restricted - Possibly","172695","0","0","0","0","33","36","4","28","1","2","1","0","0","George H.W. Bush Library, Bush Presidential Records, Brent Scowcroft Collection, Special Separate Channel Files, OA/ID 91153–001, Special Channel (January—June) 1992 [5].","Source: George H.W. Bush Library, Bush Presidential Records, Brent Scowcroft Collection, Special Separate Channel Files, OA/ID 91153–001, Special Channel (January—June) 1992 [5].","https://catalog.archives.gov/id/366552029","https://catalog.archives.gov/medialz/presidential-libraries/bush/gb-gbs/4708329/41-bpr-scow-ssch-91153-001.pdf"
"366552030","1992-01-01","1992-12-31","1992","Folder title year","Special Channel (January-June) 1992 [6]","91153-002","4708329","Separate Communication Channel Files","Series context and cross-volume routing","Series context","","","","verified","George H.W. Bush Presidential Records","Special Separate Channel Files","","true","0","25056744","25056744","HTTP Content-Length","Restricted - Possibly","104849","2","1","0","0","18","60","18","26","0","0","0","0","10","George H.W. Bush Library, Bush Presidential Records, Brent Scowcroft Collection, Special Separate Channel Files, OA/ID 91153–002, Special Channel (January—June) 1992 [6].","Source: George H.W. Bush Library, Bush Presidential Records, Brent Scowcroft Collection, Special Separate Channel Files, OA/ID 91153–002, Special Channel (January—June) 1992 [6].","https://catalog.archives.gov/id/366552030","https://catalog.archives.gov/medialz/presidential-libraries/bush/gb-gbs/4708329/41-bpr-scow-ssch-91153-002.pdf"
"366552067","1992-01-01","1992-12-31","1992","Folder title year","Handwritten Notes (of meetings/calls, etc.) 1992","91158-005","4708328","Meeting Files","Series context and cross-volume routing","Series context","","","","verified","George H.W. Bush Presidential Records","Meetings Files","Handwritten Meeting Notes Files","true","0","22502646","22502646","HTTP Content-Length","Restricted - Possibly","52189","0","0","0","0","5","42","12","17","5","2","0","0","1","George H.W. Bush Library, Bush Presidential Records, Brent Scowcroft Collection, Meetings Files, Handwritten Meeting Notes Files, OA/ID 91158–005, Handwritten Notes (of meetings/calls, etc.) 1992.","Source: George H.W. Bush Library, Bush Presidential Records, Brent Scowcroft Collection, Meetings Files, Handwritten Meeting Notes Files, OA/ID 91158–005, Handwritten Notes (of meetings/calls, etc.) 1992.","https://catalog.archives.gov/id/366552067","https://catalog.archives.gov/medialz/presidential-libraries/bush/gb-gbs/4708328/41-bpr-scow-mtg-hwnote-91158-005.pdf"
"366552060","1992-01-01","1993-01-31","January 1992-January 1993","Folder title month range","Memcons/Telcons (January 1992-January 1993) [1]","91157-001","4708328","Meeting Files","Series context and cross-volume routing","Parallel-copy context","","","","verified","George H.W. Bush Presidential Records","Meetings Files","Memcons/Telcons Files","true","0","27439003","27439004","HTTP Content-Length","Restricted - Possibly","99543","0","0","11","0","14","46","11","14","14","3","0","2","0","George H.W. Bush Library, Bush Presidential Records, Brent Scowcroft Collection, Meetings Files, Memcons/Telcons Files, OA/ID 91157–001, Memcons/Telcons (January 1992—January 1993) [1].","Source: George H.W. Bush Library, Bush Presidential Records, Brent Scowcroft Collection, Meetings Files, Memcons/Telcons Files, OA/ID 91157–001, Memcons/Telcons (January 1992—January 1993) [1].","https://catalog.archives.gov/id/366552060","https://catalog.archives.gov/medialz/presidential-libraries/bush/gb-gbs/4708328/41-bpr-scow-mtg-memtel-91157-001.pdf"
"366552061","1992-01-01","1993-01-31","January 1992-January 1993","Folder title month range","Memcons/Telcons (January 1992-January 1993) [2]","91157-002","4708328","Meeting Files","Series context and cross-volume routing","Parallel-copy context","","","","verified","George H.W. Bush Presidential Records","Meetings Files","Memcons/Telcons Files","true","0","29790820","29790820","HTTP Content-Length","Restricted - Possibly","99068","0","0","10","0","10","102","19","15","27","17","12","3","9","George H.W. Bush Library, Bush Presidential Records, Brent Scowcroft Collection, Meetings Files, Memcons/Telcons Files, OA/ID 91157–002, Memcons/Telcons (January 1992—January 1993) [2].","Source: George H.W. Bush Library, Bush Presidential Records, Brent Scowcroft Collection, Meetings Files, Memcons/Telcons Files, OA/ID 91157–002, Memcons/Telcons (January 1992—January 1993) [2].","https://catalog.archives.gov/id/366552061","https://catalog.archives.gov/medialz/presidential-libraries/bush/gb-gbs/4708328/41-bpr-scow-mtg-memtel-91157-002.pdf"
"366552062","1992-01-01","1993-01-31","January 1992-January 1993","Folder title month range","Memcons/Telcons (January 1992-January 1993) [3]","91157-003","4708328","Meeting Files","Series context and cross-volume routing","Parallel-copy context","","","","verified","George H.W. Bush Presidential Records","Meetings Files","Memcons/Telcons Files","true","0","20215221","20215220","HTTP Content-Length","Restricted - Possibly","65980","0","0","8","0","10","26","3","10","9","0","0","1","0","George H.W. Bush Library, Bush Presidential Records, Brent Scowcroft Collection, Meetings Files, Memcons/Telcons Files, OA/ID 91157–003, Memcons/Telcons (January 1992—January 1993) [3].","Source: George H.W. Bush Library, Bush Presidential Records, Brent Scowcroft Collection, Meetings Files, Memcons/Telcons Files, OA/ID 91157–003, Memcons/Telcons (January 1992—January 1993) [3].","https://catalog.archives.gov/id/366552062","https://catalog.archives.gov/medialz/presidential-libraries/bush/gb-gbs/4708328/41-bpr-scow-mtg-memtel-91157-003.pdf"
"366552084","1992-01-01","1993-01-31","January 1992-January 1993","Folder title month range","NSB's--National Security Briefings (January 1992-January 1993) [1]","91161-001","4708328","Meeting Files","Series context and cross-volume routing","Series context","","","","verified","George H.W. Bush Presidential Records","Meetings Files","National Security Briefings","true","0","22842721","22842720","HTTP Content-Length","Restricted - Possibly","118127","0","0","0","0","56","50","0","50","0","0","0","0","0","George H.W. Bush Library, Bush Presidential Records, Brent Scowcroft Collection, Meetings Files, National Security Briefings, OA/ID 91161–001, NSB's—National Security Briefings (January 1992—Janiary 1993) [1].","Source: George H.W. Bush Library, Bush Presidential Records, Brent Scowcroft Collection, Meetings Files, National Security Briefings, OA/ID 91161–001, NSB's—National Security Briefings (January 1992—Janiary 1993) [1].","https://catalog.archives.gov/id/366552084","https://catalog.archives.gov/medialz/presidential-libraries/bush/gb-gbs/4708328/41-bpr-scow-mtg-nsb-91161-001.pdf"
"366552085","1992-01-01","1993-01-31","January 1992-January 1993","Folder title month range","NSB's--National Security Briefings (January 1992-January 1993) [2]","91161-002","4708328","Meeting Files","Series context and cross-volume routing","Series context","","","","verified","George H.W. Bush Presidential Records","Meetings Files","National Security Briefings","true","0","20195281","20195280","HTTP Content-Length","Restricted - Possibly","72092","0","0","0","0","32","30","0","26","1","0","2","0","0","George H.W. Bush Library, Bush Presidential Records, Brent Scowcroft Collection, Meetings Files, National Security Briefings, OA/ID 91161–002, NSB's—National Security Briefings (January 1992—Janiary 1993) [2].","Source: George H.W. Bush Library, Bush Presidential Records, Brent Scowcroft Collection, Meetings Files, National Security Briefings, OA/ID 91161–002, NSB's—National Security Briefings (January 1992—Janiary 1993) [2].","https://catalog.archives.gov/id/366552085","https://catalog.archives.gov/medialz/presidential-libraries/bush/gb-gbs/4708328/41-bpr-scow-mtg-nsb-91161-002.pdf"
"366552086","1992-01-01","1993-01-31","January 1992-January 1993","Folder title month range","NSB's--National Security Briefings (January 1992-January 1993) [3]","91161-003","4708328","Meeting Files","Series context and cross-volume routing","Series context","","","","verified","George H.W. Bush Presidential Records","Meetings Files","National Security Briefings","true","0","19570909","19570908","HTTP Content-Length","Restricted - Possibly","95863","0","0","0","0","45","43","0","42","0","1","0","0","0","George H.W. Bush Library, Bush Presidential Records, Brent Scowcroft Collection, Meetings Files, National Security Briefings, OA/ID 91161–003, NSB's—National Security Briefings (January 1992—Janiary 1993) [3].","Source: George H.W. Bush Library, Bush Presidential Records, Brent Scowcroft Collection, Meetings Files, National Security Briefings, OA/ID 91161–003, NSB's—National Security Briefings (January 1992—Janiary 1993) [3].","https://catalog.archives.gov/id/366552086","https://catalog.archives.gov/medialz/presidential-libraries/bush/gb-gbs/4708328/41-bpr-scow-mtg-nsb-91161-003.pdf"
"366552087","1992-01-01","1993-01-31","January 1992-January 1993","Folder title month range","NSB's--National Security Briefings (January 1992-January 1993) [4]","91161-004","4708328","Meeting Files","Series context and cross-volume routing","Series context","","","","verified","George H.W. Bush Presidential Records","Meetings Files","National Security Briefings","true","0","10539626","10539626","HTTP Content-Length","Restricted - Possibly","49523","0","0","0","0","23","20","0","20","0","0","0","0","0","George H.W. Bush Library, Bush Presidential Records, Brent Scowcroft Collection, Meetings Files, National Security Briefings, OA/ID 91161–004, NSB's—National Security Briefings (January 1992—Janiary 1993) [4].","Source: George H.W. Bush Library, Bush Presidential Records, Brent Scowcroft Collection, Meetings Files, National Security Briefings, OA/ID 91161–004, NSB's—National Security Briefings (January 1992—Janiary 1993) [4].","https://catalog.archives.gov/id/366552087","https://catalog.archives.gov/medialz/presidential-libraries/bush/gb-gbs/4708328/41-bpr-scow-mtg-nsb-91161-004.pdf"
"366552138","1992-01-01","1993-12-31","1992-1993","Folder title year range","Administrative, 1992-1993","85033-004","74785770","Brent Scowcroft Administrative Files","Series context and cross-volume routing","Series context","","","","verified","George H.W. Bush Presidential Records","Administrative Files","","true","0","38476461","1234","HTTP Content-Length","Restricted - Possibly","151707","0","6","0","0","4","65","4","13","9","15","0","22","2","George H.W. Bush Library, Bush Presidential Records, Brent Scowcroft Collection, Administrative Files, OA/ID 85033–004, Administrative, 1992-1993.","Source: George H.W. Bush Library, Bush Presidential Records, Brent Scowcroft Collection, Administrative Files, OA/ID 85033–004, Administrative, 1992-1993.","https://catalog.archives.gov/id/366552138","https://catalog.archives.gov/medialz/presidential-libraries/bush/gb-gbs/74785770/41-bpr-scow-admin-85033-004.pdf"
"366551703","1992-01-02","1992-04-09","January 2, 1992-April 9, 1992","Folder title date range","Presidential Telephone Calls--Memorandum of Conversations 1/2/92-4/9/92","91113-003","4545941","Presidential Correspondence Files","Monetary Policy, Debt, and International Institutions","Volume XXX review","Presidential telephone conversations; Economic-content review; Parallel-copy check; Trade and market access; Debt and international finance; Economic summits and G-7; Transition economies; Agriculture","The complete Scowcroft folder contains presidential memoranda of conversation or telephone conversations with substantive economic-policy OCR signals. Review each conversation separately and promote only the passages that bear directly on Volume XXX. Parallel-copy control: match each conversation to the Bush Library Memcons and Telcons index and its canonical NARA item before selection. A Scowcroft folder copy is not a second documentary entry.","The official file-unit PDF is online. This collection-wide pass did not establish its served-PDF page count or item boundaries; page totals on withdrawal sheets describe individual entries, not the complete file unit.","verified","George H.W. Bush Presidential Records","Presidential Correspondence Files","Presidential Telcon Files","true","0","24517068","24517068","HTTP Content-Length","Restricted - Possibly","114420","0","0","53","0","24","89","16","43","11","6","0","2","0","George H.W. Bush Library, Bush Presidential Records, Brent Scowcroft Collection, Presidential Correspondence Files, Presidential Telcon Files, OA/ID 91113–003, Presidential Telephone Calls—Memorandum of Conversations 1/2/92—4/9/92.","Source: George H.W. Bush Library, Bush Presidential Records, Brent Scowcroft Collection, Presidential Correspondence Files, Presidential Telcon Files, OA/ID 91113–003, Presidential Telephone Calls—Memorandum of Conversations 1/2/92—4/9/92.","https://catalog.archives.gov/id/366551703","https://catalog.archives.gov/medialz/presidential-libraries/bush/gb-gbs/4545941/41-bpr-scow-pcor-telcon-91113-003.pdf"
"366551681","1992-02-01","1992-02-27","February 1, 1992-February 27, 1992","Folder title date range","Presidential Meetings--Memorandum of Conversations 2/1/92-2/27/92","91109-006","4545941","Presidential Correspondence Files","Trade Policy and Market Access","Volume XXX review","Presidential conversations; Economic-content review; Parallel-copy check; Trade and market access; Debt and international finance; Economic summits and G-7; Transition economies; Energy; Agriculture","The complete Scowcroft folder contains presidential memoranda of conversation or telephone conversations with substantive economic-policy OCR signals. Review each conversation separately and promote only the passages that bear directly on Volume XXX. Parallel-copy control: match each conversation to the Bush Library Memcons and Telcons index and its canonical NARA item before selection. A Scowcroft folder copy is not a second documentary entry.","The official file-unit PDF is online. This collection-wide pass did not establish its served-PDF page count or item boundaries; page totals on withdrawal sheets describe individual entries, not the complete file unit.","verified","George H.W. Bush Presidential Records","Presidential Correspondence Files","Presidential Memcons Files","true","0","38137074","38137072","HTTP Content-Length","Restricted - Possibly","171484","0","0","23","0","6","154","43","31","52","3","5","11","4","George H.W. Bush Library, Bush Presidential Records, Brent Scowcroft Collection, Presidential Correspondence Files, Presidential Memcons Files, OA/ID 91109–006, Presidential Meetings—Memorandum of Conversations 2/1/92—2/27/92.","Source: George H.W. Bush Library, Bush Presidential Records, Brent Scowcroft Collection, Presidential Correspondence Files, Presidential Memcons Files, OA/ID 91109–006, Presidential Meetings—Memorandum of Conversations 2/1/92—2/27/92.","https://catalog.archives.gov/id/366551681","https://catalog.archives.gov/medialz/presidential-libraries/bush/gb-gbs/4545941/41-bpr-scow-pcor-memcon-91109-006.pdf"
"366552223","1992-02-01","1992-02-29","February 1992","Folder title month","February 1992","85044-005","74785827","Brent Scowcroft Media Articles Files","Series context and cross-volume routing","Reference context","","","","verified","George H.W. Bush Presidential Records","Media Articles Files","","true","0","637830","1234","HTTP Content-Length","Restricted - Possibly","496","0","0","0","0","0","0","0","0","0","0","0","0","0","George H.W. Bush Library, Bush Presidential Records, Brent Scowcroft Collection, Media Articles Files, OA/ID 85044–005, February 1992.","Source: George H.W. Bush Library, Bush Presidential Records, Brent Scowcroft Collection, Media Articles Files, OA/ID 85044–005, February 1992.","https://catalog.archives.gov/id/366552223","https://catalog.archives.gov/medialz/presidential-libraries/bush/gb-gbs/74785827/41-bpr-scow-ma-85044-005.pdf"
"366552276","1992-02-01","1992-02-29","February 1992","Folder title month","February 1992","85049-002","74785753","Brent Scowcroft Scheduled Calls Files","Series context and cross-volume routing","Reference context","","","","verified","George H.W. Bush Presidential Records","Scheduled Calls Files","","true","0","11961765","1234","HTTP Content-Length","Restricted - Possibly","55838","0","0","0","0","3","42","17","2","3","2","17","0","1","George H.W. Bush Library, Bush Presidential Records, Brent Scowcroft Collection, Scheduled Calls Files, OA/ID 85049–002, February 1992.","Source: George H.W. Bush Library, Bush Presidential Records, Brent Scowcroft Collection, Scheduled Calls Files, OA/ID 85049–002, February 1992.","https://catalog.archives.gov/id/366552276","https://catalog.archives.gov/medialz/presidential-libraries/bush/gb-gbs/74785753/41-bpr-scow-schcalls-85049-002.pdf"
"366552324","1992-02-01","1992-02-29","February 1992","Folder title month","February 1992","85053-002","74785758","Brent Scowcroft Schedule Files","Series context and cross-volume routing","Reference context","","","","verified","George H.W. Bush Presidential Records","Schedule Files","","true","0","5866332","1234","HTTP Content-Length","Restricted - Possibly","22001","0","0","0","0","6","6","0","5","0","0","0","0","1","George H.W. Bush Library, Bush Presidential Records, Brent Scowcroft Collection, Schedule Files, OA/ID 85053–002, February 1992.","Source: George H.W. Bush Library, Bush Presidential Records, Brent Scowcroft Collection, Schedule Files, OA/ID 85053–002, February 1992.","https://catalog.archives.gov/id/366552324","https://catalog.archives.gov/medialz/presidential-libraries/bush/gb-gbs/74785758/41-bpr-scow-schedule-85053-002.pdf"
"366552224","1992-03-01","1992-03-31","March 1992","Folder title month","March 1992","85044-006","74785827","Brent Scowcroft Media Articles Files","Series context and cross-volume routing","Reference context","","","","verified","George H.W. Bush Presidential Records","Media Articles Files","","true","0","5535266","1234","HTTP Content-Length","Restricted - Possibly","27345","0","0","0","0","0","24","2","8","7","3","0","2","1","George H.W. Bush Library, Bush Presidential Records, Brent Scowcroft Collection, Media Articles Files, OA/ID 85044–006, March 1992.","Source: George H.W. Bush Library, Bush Presidential Records, Brent Scowcroft Collection, Media Articles Files, OA/ID 85044–006, March 1992.","https://catalog.archives.gov/id/366552224","https://catalog.archives.gov/medialz/presidential-libraries/bush/gb-gbs/74785827/41-bpr-scow-ma-85044-006.pdf"
"366552277","1992-03-01","1992-03-31","March 1992","Folder title month","March 1992","85049-003","74785753","Brent Scowcroft Scheduled Calls Files","Series context and cross-volume routing","Reference context","","","","verified","George H.W. Bush Presidential Records","Scheduled Calls Files","","true","0","18945456","1234","HTTP Content-Length","Restricted - Possibly","96471","0","0","0","0","3","79","21","26","0","7","25","0","0","George H.W. Bush Library, Bush Presidential Records, Brent Scowcroft Collection, Scheduled Calls Files, OA/ID 85049–003, March 1992.","Source: George H.W. Bush Library, Bush Presidential Records, Brent Scowcroft Collection, Scheduled Calls Files, OA/ID 85049–003, March 1992.","https://catalog.archives.gov/id/366552277","https://catalog.archives.gov/medialz/presidential-libraries/bush/gb-gbs/74785753/41-bpr-scow-schcalls-85049-003.pdf"
"366552325","1992-03-01","1992-03-31","March 1992","Folder title month","March 1992","85053-003","74785758","Brent Scowcroft Schedule Files","Series context and cross-volume routing","Reference context","","","","verified","George H.W. Bush Presidential Records","Schedule Files","","true","0","2850471","1234","HTTP Content-Length","Restricted - Possibly","9835","0","0","0","0","2","1","0","1","0","0","0","0","0","George H.W. Bush Library, Bush Presidential Records, Brent Scowcroft Collection, Schedule Files, OA/ID 85053–003, March 1992.","Source: George H.W. Bush Library, Bush Presidential Records, Brent Scowcroft Collection, Schedule Files, OA/ID 85053–003, March 1992.","https://catalog.archives.gov/id/366552325","https://catalog.archives.gov/medialz/presidential-libraries/bush/gb-gbs/74785758/41-bpr-scow-schedule-85053-003.pdf"
"366551682","1992-03-03","1992-04-28","March 3, 1992-April 28, 1992","Folder title date range","Presidential Meetings--Memorandum of Conversations 3/3/92-4/28/92","91109-007","4545941","Presidential Correspondence Files","Monetary Policy, Debt, and International Institutions","Volume XXX review","Presidential conversations; Economic-content review; Parallel-copy check; Trade and market access; Debt and international finance; Economic summits and G-7; Transition economies; Strategic trade and technology; Energy; Agriculture","The complete Scowcroft folder contains presidential memoranda of conversation or telephone conversations with substantive economic-policy OCR signals. Review each conversation separately and promote only the passages that bear directly on Volume XXX. Parallel-copy control: match each conversation to the Bush Library Memcons and Telcons index and its canonical NARA item before selection. A Scowcroft folder copy is not a second documentary entry.","The official file-unit PDF is online. This collection-wide pass did not establish its served-PDF page count or item boundaries; page totals on withdrawal sheets describe individual entries, not the complete file unit.","verified","George H.W. Bush Presidential Records","Presidential Correspondence Files","Presidential Memcons Files","true","0","44152795","44152796","HTTP Content-Length","Restricted - Possibly","194798","0","0","30","0","9","178","52","37","49","9","9","4","3","George H.W. Bush Library, Bush Presidential Records, Brent Scowcroft Collection, Presidential Correspondence Files, Presidential Memcons Files, OA/ID 91109–007, Presidential Meetings—Memorandum of Conversations 3/3/92—4/28/92.","Source: George H.W. Bush Library, Bush Presidential Records, Brent Scowcroft Collection, Presidential Correspondence Files, Presidential Memcons Files, OA/ID 91109–007, Presidential Meetings—Memorandum of Conversations 3/3/92—4/28/92.","https://catalog.archives.gov/id/366551682","https://catalog.archives.gov/medialz/presidential-libraries/bush/gb-gbs/4545941/41-bpr-scow-pcor-memcon-91109-007.pdf"
"366552225","1992-04-01","1992-04-30","April 1992","Folder title month","April 1992","85044-007","74785827","Brent Scowcroft Media Articles Files","Series context and cross-volume routing","Reference context","","","","verified","George H.W. Bush Presidential Records","Media Articles Files","","true","0","9754527","1234","HTTP Content-Length","Restricted - Possibly","69378","0","0","0","0","0","53","18","7","4","10","0","4","4","George H.W. Bush Library, Bush Presidential Records, Brent Scowcroft Collection, Media Articles Files, OA/ID 85044–007, April 1992.","Source: George H.W. Bush Library, Bush Presidential Records, Brent Scowcroft Collection, Media Articles Files, OA/ID 85044–007, April 1992.","https://catalog.archives.gov/id/366552225","https://catalog.archives.gov/medialz/presidential-libraries/bush/gb-gbs/74785827/41-bpr-scow-ma-85044-007.pdf"
"366552278","1992-04-01","1992-04-30","April 1992","Folder title month","April 1992","85049-004","74785753","Brent Scowcroft Scheduled Calls Files","Series context and cross-volume routing","Reference context","","","","verified","George H.W. Bush Presidential Records","Scheduled Calls Files","","true","0","11917503","1234","HTTP Content-Length","Restricted - Possibly","56940","0","0","0","0","2","22","0","5","0","0","4","2","11","George H.W. Bush Library, Bush Presidential Records, Brent Scowcroft Collection, Scheduled Calls Files, OA/ID 85049–004, April 1992.","Source: George H.W. Bush Library, Bush Presidential Records, Brent Scowcroft Collection, Scheduled Calls Files, OA/ID 85049–004, April 1992.","https://catalog.archives.gov/id/366552278","https://catalog.archives.gov/medialz/presidential-libraries/bush/gb-gbs/74785753/41-bpr-scow-schcalls-85049-004.pdf"
"366552326","1992-04-01","1992-04-30","April 1992","Folder title month","April 1992","85053-004","74785758","Brent Scowcroft Schedule Files","Series context and cross-volume routing","Reference context","","","","verified","George H.W. Bush Presidential Records","Schedule Files","","true","0","3224365","1234","HTTP Content-Length","Restricted - Possibly","12940","0","0","0","0","5","4","0","4","0","0","0","0","0","George H.W. Bush Library, Bush Presidential Records, Brent Scowcroft Collection, Schedule Files, OA/ID 85053–004, April 1992.","Source: George H.W. Bush Library, Bush Presidential Records, Brent Scowcroft Collection, Schedule Files, OA/ID 85053–004, April 1992.","https://catalog.archives.gov/id/366552326","https://catalog.archives.gov/medialz/presidential-libraries/bush/gb-gbs/74785758/41-bpr-scow-schedule-85053-004.pdf"
"366551704","1992-04-10","1992-06-30","April 10, 1992-June 30, 1992","Folder title date range","Presidential Telephone Calls--Memorandum of Conversations 4/10/92-6/30/92","91113-004","4545941","Presidential Correspondence Files","Trade Policy and Market Access","Volume XXX review","Presidential telephone conversations; Economic-content review; Parallel-copy check; Trade and market access; Debt and international finance; Economic summits and G-7; Transition economies; Energy; Agriculture","The complete Scowcroft folder contains presidential memoranda of conversation or telephone conversations with substantive economic-policy OCR signals. Review each conversation separately and promote only the passages that bear directly on Volume XXX. Parallel-copy control: match each conversation to the Bush Library Memcons and Telcons index and its canonical NARA item before selection. A Scowcroft folder copy is not a second documentary entry.","The official file-unit PDF is online. This collection-wide pass did not establish its served-PDF page count or item boundaries; page totals on withdrawal sheets describe individual entries, not the complete file unit.","verified","George H.W. Bush Presidential Records","Presidential Correspondence Files","Presidential Telcon Files","true","0","40300319","40300320","HTTP Content-Length","Restricted - Possibly","172094","0","1","56","0","9","119","34","24","37","4","3","3","10","George H.W. Bush Library, Bush Presidential Records, Brent Scowcroft Collection, Presidential Correspondence Files, Presidential Telcon Files, OA/ID 91113–004, Presidential Telephone Calls—Memorandum of Conversations 4/10/92—6/30/92.","Source: George H.W. Bush Library, Bush Presidential Records, Brent Scowcroft Collection, Presidential Correspondence Files, Presidential Telcon Files, OA/ID 91113–004, Presidential Telephone Calls—Memorandum of Conversations 4/10/92—6/30/92.","https://catalog.archives.gov/id/366551704","https://catalog.archives.gov/medialz/presidential-libraries/bush/gb-gbs/4545941/41-bpr-scow-pcor-telcon-91113-004.pdf"
"366552226","1992-05-01","1992-05-31","May 1992","Folder title month","May 1992","85044-008","74785827","Brent Scowcroft Media Articles Files","Series context and cross-volume routing","Reference context","","","","verified","George H.W. Bush Presidential Records","Media Articles Files","","true","0","7366589","1234","HTTP Content-Length","Restricted - Possibly","24128","0","0","0","0","0","11","5","1","1","0","4","0","0","George H.W. Bush Library, Bush Presidential Records, Brent Scowcroft Collection, Media Articles Files, OA/ID 85044–008, May 1992.","Source: George H.W. Bush Library, Bush Presidential Records, Brent Scowcroft Collection, Media Articles Files, OA/ID 85044–008, May 1992.","https://catalog.archives.gov/id/366552226","https://catalog.archives.gov/medialz/presidential-libraries/bush/gb-gbs/74785827/41-bpr-scow-ma-85044-008.pdf"
"366552279","1992-05-01","1992-05-31","May 1992","Folder title month","May 1992","85049-005","74785753","Brent Scowcroft Scheduled Calls Files","Series context and cross-volume routing","Reference context","","","","verified","George H.W. Bush Presidential Records","Scheduled Calls Files","","true","0","17277355","1234","HTTP Content-Length","Restricted - Possibly","83505","0","0","0","0","3","26","2","2","4","0","0","2","9","George H.W. Bush Library, Bush Presidential Records, Brent Scowcroft Collection, Scheduled Calls Files, OA/ID 85049–005, May 1992.","Source: George H.W. Bush Library, Bush Presidential Records, Brent Scowcroft Collection, Scheduled Calls Files, OA/ID 85049–005, May 1992.","https://catalog.archives.gov/id/366552279","https://catalog.archives.gov/medialz/presidential-libraries/bush/gb-gbs/74785753/41-bpr-scow-schcalls-85049-005.pdf"
"366552327","1992-05-01","1992-05-31","May 1992","Folder title month","May 1992","85053-005","74785758","Brent Scowcroft Schedule Files","Series context and cross-volume routing","Reference context","","","","verified","George H.W. Bush Presidential Records","Schedule Files","","true","0","6685888","1234","HTTP Content-Length","Restricted - Possibly","25830","0","0","0","0","7","8","0","6","2","0","0","0","0","George H.W. Bush Library, Bush Presidential Records, Brent Scowcroft Collection, Schedule Files, OA/ID 85053–005, May 1992.","Source: George H.W. Bush Library, Bush Presidential Records, Brent Scowcroft Collection, Schedule Files, OA/ID 85053–005, May 1992.","https://catalog.archives.gov/id/366552327","https://catalog.archives.gov/medialz/presidential-libraries/bush/gb-gbs/74785758/41-bpr-scow-schedule-85053-005.pdf"
"366551988","1992-05-01","1992-05-31","Prepared May 1992","Folder title preparation month","Persian Gulf Chronology 1990-91 (Prepared May 1992) [1]","91147-008","4708319","Desert Shield and Desert Storm Files","Series context and cross-volume routing","Series context","","","","verified","George H.W. Bush Presidential Records","Desert Shield/Desert Storm Files","Chronological Files","true","0","24707119","24707120","HTTP Content-Length","Restricted - Possibly","116983","0","0","0","0","4","145","29","18","21","53","11","10","0","George H.W. Bush Library, Bush Presidential Records, Brent Scowcroft Collection, Desert Shield and Desert Storm Files, Chronological Files, OA/ID 91147–008, Persian Gulf Chronology 1990—91 (Prepared May 1992) [1].","Source: George H.W. Bush Library, Bush Presidential Records, Brent Scowcroft Collection, Desert Shield and Desert Storm Files, Chronological Files, OA/ID 91147–008, Persian Gulf Chronology 1990—91 (Prepared May 1992) [1].","https://catalog.archives.gov/id/366551988","https://catalog.archives.gov/medialz/presidential-libraries/bush/gb-gbs/4708319/41-bpr-scow-dsds-chr-91147-008.pdf"
"366551989","1992-05-01","1992-05-31","Prepared May 1992","Folder title preparation month","Persian Gulf Chronology 1990-91 (Prepared May 1992) [2]","91147-009","4708319","Desert Shield and Desert Storm Files","Series context and cross-volume routing","Series context","","","","verified","George H.W. Bush Presidential Records","Desert Shield/Desert Storm Files","Chronological Files","true","0","17357541","17357540","HTTP Content-Length","Restricted - Possibly","67908","0","0","0","0","8","30","0","8","3","7","12","0","0","George H.W. Bush Library, Bush Presidential Records, Brent Scowcroft Collection, Desert Shield and Desert Storm Files, Chronological Files, OA/ID 91147–009, Persian Gulf Chronology 1990—91 (Prepared May 1992) [2].","Source: George H.W. Bush Library, Bush Presidential Records, Brent Scowcroft Collection, Desert Shield and Desert Storm Files, Chronological Files, OA/ID 91147–009, Persian Gulf Chronology 1990—91 (Prepared May 1992) [2].","https://catalog.archives.gov/id/366551989","https://catalog.archives.gov/medialz/presidential-libraries/bush/gb-gbs/4708319/41-bpr-scow-dsds-chr-91147-009.pdf"
"366551683","1992-05-01","1992-06-17","May 1, 1992-June 17, 1992","Folder title date range","Presidential Meetings--Memorandum of Conversations 5/1/92-6/17/92","91109-008","4545941","Presidential Correspondence Files","Trade Policy and Market Access","Volume XXX review","Presidential conversations; Economic-content review; Parallel-copy check; Trade and market access; Debt and international finance; Economic summits and G-7; Transition economies; Energy; Agriculture","The complete Scowcroft folder contains presidential memoranda of conversation or telephone conversations with substantive economic-policy OCR signals. Review each conversation separately and promote only the passages that bear directly on Volume XXX. Parallel-copy control: match each conversation to the Bush Library Memcons and Telcons index and its canonical NARA item before selection. A Scowcroft folder copy is not a second documentary entry.","The official file-unit PDF is online. This collection-wide pass did not establish its served-PDF page count or item boundaries; page totals on withdrawal sheets describe individual entries, not the complete file unit.","verified","George H.W. Bush Presidential Records","Presidential Correspondence Files","Presidential Memcons Files","true","0","43873896","43873896","HTTP Content-Length","Restricted - Possibly","184866","0","0","34","0","14","172","53","33","62","1","10","4","3","George H.W. Bush Library, Bush Presidential Records, Brent Scowcroft Collection, Presidential Correspondence Files, Presidential Memcons Files, OA/ID 91109–008, Presidential Meetings—Memorandum of Conversations 5/1/92—6/17/92.","Source: George H.W. Bush Library, Bush Presidential Records, Brent Scowcroft Collection, Presidential Correspondence Files, Presidential Memcons Files, OA/ID 91109–008, Presidential Meetings—Memorandum of Conversations 5/1/92—6/17/92.","https://catalog.archives.gov/id/366551683","https://catalog.archives.gov/medialz/presidential-libraries/bush/gb-gbs/4545941/41-bpr-scow-pcor-memcon-91109-008.pdf"
"366552227","1992-06-01","1992-06-30","June 1992","Folder title month","June 1992","85044-009","74785827","Brent Scowcroft Media Articles Files","Series context and cross-volume routing","Reference context","","","","verified","George H.W. Bush Presidential Records","Media Articles Files","","true","0","6022792","1234","HTTP Content-Length","Restricted - Possibly","47363","0","0","0","0","0","16","0","5","1","6","3","0","1","George H.W. Bush Library, Bush Presidential Records, Brent Scowcroft Collection, Media Articles Files, OA/ID 85044–009, June 1992.","Source: George H.W. Bush Library, Bush Presidential Records, Brent Scowcroft Collection, Media Articles Files, OA/ID 85044–009, June 1992.","https://catalog.archives.gov/id/366552227","https://catalog.archives.gov/medialz/presidential-libraries/bush/gb-gbs/74785827/41-bpr-scow-ma-85044-009.pdf"
"366552280","1992-06-01","1992-06-30","June 1992","Folder title month","June 1992","85049-006","74785753","Brent Scowcroft Scheduled Calls Files","Series context and cross-volume routing","Reference context","","","","verified","George H.W. Bush Presidential Records","Scheduled Calls Files","","true","0","8172597","1234","HTTP Content-Length","Restricted - Possibly","38702","0","0","0","0","3","13","0","7","0","0","1","0","5","George H.W. Bush Library, Bush Presidential Records, Brent Scowcroft Collection, Scheduled Calls Files, OA/ID 85049–006, June 1992.","Source: George H.W. Bush Library, Bush Presidential Records, Brent Scowcroft Collection, Scheduled Calls Files, OA/ID 85049–006, June 1992.","https://catalog.archives.gov/id/366552280","https://catalog.archives.gov/medialz/presidential-libraries/bush/gb-gbs/74785753/41-bpr-scow-schcalls-85049-006.pdf"
"366552328","1992-06-01","1992-06-30","June 1992","Folder title month","June 1992","85053-006","74785758","Brent Scowcroft Schedule Files","Series context and cross-volume routing","Reference context","","","","verified","George H.W. Bush Presidential Records","Schedule Files","","true","0","7448258","1234","HTTP Content-Length","Restricted - Possibly","28129","0","0","0","0","8","8","1","7","0","0","0","0","0","George H.W. Bush Library, Bush Presidential Records, Brent Scowcroft Collection, Schedule Files, OA/ID 85053–006, June 1992.","Source: George H.W. Bush Library, Bush Presidential Records, Brent Scowcroft Collection, Schedule Files, OA/ID 85053–006, June 1992.","https://catalog.archives.gov/id/366552328","https://catalog.archives.gov/medialz/presidential-libraries/bush/gb-gbs/74785758/41-bpr-scow-schedule-85053-006.pdf"
"366551684","1992-07-01","1992-07-09","July 1, 1992-July 9, 1992","Folder title date range","Presidential Meetings--Memorandum of Conversations 7/1/92-7/9/92","91110-001","4545941","Presidential Correspondence Files","Economic Summits and Industrialized-Country Cooperation","Volume XXX review","Presidential conversations; Economic-content review; Parallel-copy check; Trade and market access; Debt and international finance; Economic summits and G-7; Transition economies; Strategic trade and technology; Energy; Agriculture","The complete Scowcroft folder contains presidential memoranda of conversation or telephone conversations with substantive economic-policy OCR signals. Review each conversation separately and promote only the passages that bear directly on Volume XXX. Parallel-copy control: match each conversation to the Bush Library Memcons and Telcons index and its canonical NARA item before selection. A Scowcroft folder copy is not a second documentary entry.","The official file-unit PDF is online. This collection-wide pass did not establish its served-PDF page count or item boundaries; page totals on withdrawal sheets describe individual entries, not the complete file unit.","verified","George H.W. Bush Presidential Records","Presidential Correspondence Files","Presidential Memcons Files","true","0","53826943","53826944","HTTP Content-Length","Restricted - Possibly","239323","0","0","31","0","6","515","138","135","103","21","18","25","23","George H.W. Bush Library, Bush Presidential Records, Brent Scowcroft Collection, Presidential Correspondence Files, Presidential Memcons Files, OA/ID 91110–001, Presidential Meetings—Memorandum of Conversations 7/1/92—7/9/92.","Source: George H.W. Bush Library, Bush Presidential Records, Brent Scowcroft Collection, Presidential Correspondence Files, Presidential Memcons Files, OA/ID 91110–001, Presidential Meetings—Memorandum of Conversations 7/1/92—7/9/92.","https://catalog.archives.gov/id/366551684","https://catalog.archives.gov/medialz/presidential-libraries/bush/gb-gbs/4545941/41-bpr-scow-pcor-memcon-91110-001.pdf"
"366552228","1992-07-01","1992-07-31","July 1992","Folder title month","July 1992","85044-010","74785827","Brent Scowcroft Media Articles Files","Series context and cross-volume routing","Reference context","","","","verified","George H.W. Bush Presidential Records","Media Articles Files","","true","0","34257501","1234","HTTP Content-Length","Restricted - Possibly","104895","0","0","0","0","0","82","17","2","18","10","5","24","1","George H.W. Bush Library, Bush Presidential Records, Brent Scowcroft Collection, Media Articles Files, OA/ID 85044–010, July 1992.","Source: George H.W. Bush Library, Bush Presidential Records, Brent Scowcroft Collection, Media Articles Files, OA/ID 85044–010, July 1992.","https://catalog.archives.gov/id/366552228","https://catalog.archives.gov/medialz/presidential-libraries/bush/gb-gbs/74785827/41-bpr-scow-ma-85044-010.pdf"
"366552281","1992-07-01","1992-07-31","July 1992","Folder title month","July 1992","85049-007","74785753","Brent Scowcroft Scheduled Calls Files","Series context and cross-volume routing","Reference context","","","","verified","George H.W. Bush Presidential Records","Scheduled Calls Files","","true","0","1764208","1234","HTTP Content-Length","Restricted - Possibly","7638","0","0","0","0","4","3","0","3","0","0","0","0","0","George H.W. Bush Library, Bush Presidential Records, Brent Scowcroft Collection, Scheduled Calls Files, OA/ID 85049–007, July 1992.","Source: George H.W. Bush Library, Bush Presidential Records, Brent Scowcroft Collection, Scheduled Calls Files, OA/ID 85049–007, July 1992.","https://catalog.archives.gov/id/366552281","https://catalog.archives.gov/medialz/presidential-libraries/bush/gb-gbs/74785753/41-bpr-scow-schcalls-85049-007.pdf"
"366552329","1992-07-01","1992-07-31","July 1992","Folder title month","July 1992","85053-007","74785758","Brent Scowcroft Schedule Files","Series context and cross-volume routing","Reference context","","","","verified","George H.W. Bush Presidential Records","Schedule Files","","true","0","1193563","1234","HTTP Content-Length","Restricted - Possibly","3794","0","0","0","0","2","1","0","1","0","0","0","0","0","George H.W. Bush Library, Bush Presidential Records, Brent Scowcroft Collection, Schedule Files, OA/ID 85053–007, July 1992.","Source: George H.W. Bush Library, Bush Presidential Records, Brent Scowcroft Collection, Schedule Files, OA/ID 85053–007, July 1992.","https://catalog.archives.gov/id/366552329","https://catalog.archives.gov/medialz/presidential-libraries/bush/gb-gbs/74785758/41-bpr-scow-schedule-85053-007.pdf"
"366552031","1992-07-01","1993-01-31","July 1992-January 1993","Folder title month range","Special Channel (July 1992-January 1993) [1]","91153-003","4708329","Separate Communication Channel Files","Series context and cross-volume routing","Series context","","","","verified","George H.W. Bush Presidential Records","Special Separate Channel Files","","true","0","15469650","15469650","HTTP Content-Length","Restricted - Possibly","70512","1","1","0","0","19","49","18","17","8","0","0","2","0","George H.W. Bush Library, Bush Presidential Records, Brent Scowcroft Collection, Special Separate Channel Files, OA/ID 91153–003, Special Channel (July 1992 -January 1993) [1].","Source: George H.W. Bush Library, Bush Presidential Records, Brent Scowcroft Collection, Special Separate Channel Files, OA/ID 91153–003, Special Channel (July 1992 -January 1993) [1].","https://catalog.archives.gov/id/366552031","https://catalog.archives.gov/medialz/presidential-libraries/bush/gb-gbs/4708329/41-bpr-scow-ssch-91153-003.pdf"
"366552032","1992-07-01","1993-01-31","July 1992-January 1993","Folder title month range","Special Channel (July 1992-January 1993) [2]","91153-004","4708329","Separate Communication Channel Files","Series context and cross-volume routing","Series context","","","","verified","George H.W. Bush Presidential Records","Special Separate Channel Files","","true","0","22880575","22880576","HTTP Content-Length","Restricted - Possibly","94523","0","1","1","0","17","28","5","15","5","3","0","0","0","George H.W. Bush Library, Bush Presidential Records, Brent Scowcroft Collection, Special Separate Channel Files, OA/ID 91153–004, Special Channel (July 1992 -January 1993) [2].","Source: George H.W. Bush Library, Bush Presidential Records, Brent Scowcroft Collection, Special Separate Channel Files, OA/ID 91153–004, Special Channel (July 1992 -January 1993) [2].","https://catalog.archives.gov/id/366552032","https://catalog.archives.gov/medialz/presidential-libraries/bush/gb-gbs/4708329/41-bpr-scow-ssch-91153-004.pdf"
"366552033","1992-07-01","1993-01-31","July 1992-January 1993","Folder title month range","Special Channel (July 1992-January 1993) [3]","91153-005","4708329","Separate Communication Channel Files","Series context and cross-volume routing","Series context","","","","verified","George H.W. Bush Presidential Records","Special Separate Channel Files","","true","0","18956139","18956140","HTTP Content-Length","Restricted - Possibly","76022","6","0","0","0","13","25","4","10","8","1","0","2","0","George H.W. Bush Library, Bush Presidential Records, Brent Scowcroft Collection, Special Separate Channel Files, OA/ID 91153–005, Special Channel (July 1992 -January 1993) [3].","Source: George H.W. Bush Library, Bush Presidential Records, Brent Scowcroft Collection, Special Separate Channel Files, OA/ID 91153–005, Special Channel (July 1992 -January 1993) [3].","https://catalog.archives.gov/id/366552033","https://catalog.archives.gov/medialz/presidential-libraries/bush/gb-gbs/4708329/41-bpr-scow-ssch-91153-005.pdf"
"366552034","1992-07-01","1993-01-31","July 1992-January 1993","Folder title month range","Special Channel (July 1992-January 1993) [4]","91153-006","4708329","Separate Communication Channel Files","Series context and cross-volume routing","Series context","","","","verified","George H.W. Bush Presidential Records","Special Separate Channel Files","","true","0","12586388","12586388","HTTP Content-Length","Restricted - Possibly","42707","0","0","0","0","6","4","0","4","0","0","0","0","0","George H.W. Bush Library, Bush Presidential Records, Brent Scowcroft Collection, Special Separate Channel Files, OA/ID 91153–006, Special Channel (July 1992 -January 1993) [4].","Source: George H.W. Bush Library, Bush Presidential Records, Brent Scowcroft Collection, Special Separate Channel Files, OA/ID 91153–006, Special Channel (July 1992 -January 1993) [4].","https://catalog.archives.gov/id/366552034","https://catalog.archives.gov/medialz/presidential-libraries/bush/gb-gbs/4708329/41-bpr-scow-ssch-91153-006.pdf"
"366552035","1992-07-01","1993-01-31","July 1992-January 1993","Folder title month range","Special Channel (July 1992-January 1993) [5]","91153-007","4708329","Separate Communication Channel Files","Series context and cross-volume routing","Series context","","","","verified","George H.W. Bush Presidential Records","Special Separate Channel Files","","true","0","26935197","26935196","HTTP Content-Length","Restricted - Possibly","108718","0","0","0","0","18","175","60","74","0","0","0","0","0","George H.W. Bush Library, Bush Presidential Records, Brent Scowcroft Collection, Special Separate Channel Files, OA/ID 91153–007, Special Channel (July 1992 -January 1993) [5].","Source: George H.W. Bush Library, Bush Presidential Records, Brent Scowcroft Collection, Special Separate Channel Files, OA/ID 91153–007, Special Channel (July 1992 -January 1993) [5].","https://catalog.archives.gov/id/366552035","https://catalog.archives.gov/medialz/presidential-libraries/bush/gb-gbs/4708329/41-bpr-scow-ssch-91153-007.pdf"
"366552036","1992-07-01","1993-01-31","July 1992-January 1993","Folder title month range","Special Channel (July 1992-January 1993) [6]","91153-008","4708329","Separate Communication Channel Files","Series context and cross-volume routing","Series context","","","","verified","George H.W. Bush Presidential Records","Special Separate Channel Files","","true","0","15976196","15976196","HTTP Content-Length","Restricted - Possibly","62967","1","0","0","0","7","94","23","38","11","1","1","0","0","George H.W. Bush Library, Bush Presidential Records, Brent Scowcroft Collection, Special Separate Channel Files, OA/ID 91153–008, Special Channel (July 1992 -January 1993) [6].","Source: George H.W. Bush Library, Bush Presidential Records, Brent Scowcroft Collection, Special Separate Channel Files, OA/ID 91153–008, Special Channel (July 1992 -January 1993) [6].","https://catalog.archives.gov/id/366552036","https://catalog.archives.gov/medialz/presidential-libraries/bush/gb-gbs/4708329/41-bpr-scow-ssch-91153-008.pdf"
"366552037","1992-07-01","1993-01-31","July 1992-January 1993","Folder title month range","Special Channel (July 1992-January 1993) [7]","91153-009","4708329","Separate Communication Channel Files","Series context and cross-volume routing","Series context","","","","verified","George H.W. Bush Presidential Records","Special Separate Channel Files","","true","0","21701032","21701032","HTTP Content-Length","Restricted - Possibly","77204","0","0","0","0","6","50","11","30","2","0","0","0","0","George H.W. Bush Library, Bush Presidential Records, Brent Scowcroft Collection, Special Separate Channel Files, OA/ID 91153–009, Special Channel (July 1992 -January 1993) [7].","Source: George H.W. Bush Library, Bush Presidential Records, Brent Scowcroft Collection, Special Separate Channel Files, OA/ID 91153–009, Special Channel (July 1992 -January 1993) [7].","https://catalog.archives.gov/id/366552037","https://catalog.archives.gov/medialz/presidential-libraries/bush/gb-gbs/4708329/41-bpr-scow-ssch-91153-009.pdf"
"366552038","1992-07-01","1993-01-31","July 1992-January 1993","Folder title month range","Special Channel (July 1992-January 1993) [8]","91154-001","4708329","Separate Communication Channel Files","Series context and cross-volume routing","Series context","","","","verified","George H.W. Bush Presidential Records","Special Separate Channel Files","","true","0","16334566","16334566","HTTP Content-Length","Restricted - Possibly","56919","0","0","0","0","7","10","0","6","0","0","4","0","0","George H.W. Bush Library, Bush Presidential Records, Brent Scowcroft Collection, Special Separate Channel Files, OA/ID 91154–001, Special Channel (July 1992 -January 1993) [8].","Source: George H.W. Bush Library, Bush Presidential Records, Brent Scowcroft Collection, Special Separate Channel Files, OA/ID 91154–001, Special Channel (July 1992 -January 1993) [8].","https://catalog.archives.gov/id/366552038","https://catalog.archives.gov/medialz/presidential-libraries/bush/gb-gbs/4708329/41-bpr-scow-ssch-91154-001.pdf"
"366552039","1992-07-01","1993-01-31","July 1992-January 1993","Folder title month range","Special Channel (July 1992-January 1993) [9]","91154-002","4708329","Separate Communication Channel Files","Series context and cross-volume routing","Series context","","","","verified","George H.W. Bush Presidential Records","Special Separate Channel Files","","true","0","19766689","19766688","HTTP Content-Length","Restricted - Possibly","70762","0","0","0","0","9","94","24","9","45","0","4","12","0","George H.W. Bush Library, Bush Presidential Records, Brent Scowcroft Collection, Special Separate Channel Files, OA/ID 91154–002, Special Channel (July 1992 -January 1993) [9].","Source: George H.W. Bush Library, Bush Presidential Records, Brent Scowcroft Collection, Special Separate Channel Files, OA/ID 91154–002, Special Channel (July 1992 -January 1993) [9].","https://catalog.archives.gov/id/366552039","https://catalog.archives.gov/medialz/presidential-libraries/bush/gb-gbs/4708329/41-bpr-scow-ssch-91154-002.pdf"
"366552040","1992-07-01","1993-01-31","July 1992-January 1993","Folder title month range","Special Channel (July 1992-January 1993) [10]","91154-003","4708329","Separate Communication Channel Files","Series context and cross-volume routing","Series context","","","","verified","George H.W. Bush Presidential Records","Special Separate Channel Files","","true","0","19971016","19971016","HTTP Content-Length","Restricted - Possibly","86285","0","0","0","0","25","110","25","26","45","1","1","12","0","George H.W. Bush Library, Bush Presidential Records, Brent Scowcroft Collection, Special Separate Channel Files, OA/ID 91154–003, Special Channel (July 1992 -January 1993) [10].","Source: George H.W. Bush Library, Bush Presidential Records, Brent Scowcroft Collection, Special Separate Channel Files, OA/ID 91154–003, Special Channel (July 1992 -January 1993) [10].","https://catalog.archives.gov/id/366552040","https://catalog.archives.gov/medialz/presidential-libraries/bush/gb-gbs/4708329/41-bpr-scow-ssch-91154-003.pdf"
"366552041","1992-07-01","1993-01-31","July 1992-January 1993","Folder title month range","Special Channel (July 1992-January 1993) [11]","91154-004","4708329","Separate Communication Channel Files","Series context and cross-volume routing","Series context","","","","verified","George H.W. Bush Presidential Records","Special Separate Channel Files","","true","0","21564143","21564144","HTTP Content-Length","Restricted - Possibly","93039","3","0","0","0","20","57","9","22","6","1","0","9","2","George H.W. Bush Library, Bush Presidential Records, Brent Scowcroft Collection, Special Separate Channel Files, OA/ID 91154–004, Special Channel (July 1992 -January 1993) [11].","Source: George H.W. Bush Library, Bush Presidential Records, Brent Scowcroft Collection, Special Separate Channel Files, OA/ID 91154–004, Special Channel (July 1992 -January 1993) [11].","https://catalog.archives.gov/id/366552041","https://catalog.archives.gov/medialz/presidential-libraries/bush/gb-gbs/4708329/41-bpr-scow-ssch-91154-004.pdf"
"366552042","1992-07-01","1993-01-31","July 1992-January 1993","Folder title month range","Special Channel (July 1992-January 1993) [12]","91154-005","4708329","Separate Communication Channel Files","Series context and cross-volume routing","Series context","","","","verified","George H.W. Bush Presidential Records","Special Separate Channel Files","","true","0","15762454","15762454","HTTP Content-Length","Restricted - Possibly","66096","0","0","0","0","15","14","1","12","1","0","0","0","0","George H.W. Bush Library, Bush Presidential Records, Brent Scowcroft Collection, Special Separate Channel Files, OA/ID 91154–005, Special Channel (July 1992 -January 1993) [12].","Source: George H.W. Bush Library, Bush Presidential Records, Brent Scowcroft Collection, Special Separate Channel Files, OA/ID 91154–005, Special Channel (July 1992 -January 1993) [12].","https://catalog.archives.gov/id/366552042","https://catalog.archives.gov/medialz/presidential-libraries/bush/gb-gbs/4708329/41-bpr-scow-ssch-91154-005.pdf"
"366551685","1992-07-09","1992-12-22","July 9, 1992-December 22, 1992","Folder title date range","Presidential Meetings--Memorandum of Conversations 7/9/92-12/22/92","91110-002","4545941","Presidential Correspondence Files","Series context and cross-volume routing","Series context","","","","verified","George H.W. Bush Presidential Records","Presidential Correspondence Files","Presidential Memcons Files","true","0","41670539","41670540","HTTP Content-Length","Restricted - Possibly","184828","0","0","37","0","6","85","18","13","17","6","23","6","1","George H.W. Bush Library, Bush Presidential Records, Brent Scowcroft Collection, Presidential Correspondence Files, Presidential Memcons Files, OA/ID 91110–002, Presidential Meetings—Memorandum of Conversations 7/9/92—12/22/92.","Source: George H.W. Bush Library, Bush Presidential Records, Brent Scowcroft Collection, Presidential Correspondence Files, Presidential Memcons Files, OA/ID 91110–002, Presidential Meetings—Memorandum of Conversations 7/9/92—12/22/92.","https://catalog.archives.gov/id/366551685","https://catalog.archives.gov/medialz/presidential-libraries/bush/gb-gbs/4545941/41-bpr-scow-pcor-memcon-91110-002.pdf"
"366551705","1992-07-10","1992-11-05","July 10, 1992-November 5, 1992","Folder title date range","Presidential Telephone Calls--Memorandum of Conversations 7/10/92-11/5/92","91113-005","4545941","Presidential Correspondence Files","Trade Policy and Market Access","Volume XXX review","Presidential telephone conversations; Economic-content review; Parallel-copy check; Trade and market access; Debt and international finance; Transition economies; Energy; Agriculture","The complete Scowcroft folder contains presidential memoranda of conversation or telephone conversations with substantive economic-policy OCR signals. Review each conversation separately and promote only the passages that bear directly on Volume XXX. Parallel-copy control: match each conversation to the Bush Library Memcons and Telcons index and its canonical NARA item before selection. A Scowcroft folder copy is not a second documentary entry.","The official file-unit PDF is online. This collection-wide pass did not establish its served-PDF page count or item boundaries; page totals on withdrawal sheets describe individual entries, not the complete file unit.","verified","George H.W. Bush Presidential Records","Presidential Correspondence Files","Presidential Telcon Files","true","0","30957376","30957376","HTTP Content-Length","Restricted - Possibly","125083","0","0","49","0","11","48","16","11","16","1","1","2","0","George H.W. Bush Library, Bush Presidential Records, Brent Scowcroft Collection, Presidential Correspondence Files, Presidential Telcon Files, OA/ID 91113–005, Presidential Telephone Calls—Memorandum of Conversations 7/10/92—11/5/92.","Source: George H.W. Bush Library, Bush Presidential Records, Brent Scowcroft Collection, Presidential Correspondence Files, Presidential Telcon Files, OA/ID 91113–005, Presidential Telephone Calls—Memorandum of Conversations 7/10/92—11/5/92.","https://catalog.archives.gov/id/366551705","https://catalog.archives.gov/medialz/presidential-libraries/bush/gb-gbs/4545941/41-bpr-scow-pcor-telcon-91113-005.pdf"
"366552229","1992-08-01","1992-08-31","August 1992","Folder title month","August 1992","85044-011","74785827","Brent Scowcroft Media Articles Files","Series context and cross-volume routing","Reference context","","","","verified","George H.W. Bush Presidential Records","Media Articles Files","","true","0","31443515","1234","HTTP Content-Length","Restricted - Possibly","217217","0","0","0","0","0","69","29","1","10","17","7","4","0","George H.W. Bush Library, Bush Presidential Records, Brent Scowcroft Collection, Media Articles Files, OA/ID 85044–011, August 1992.","Source: George H.W. Bush Library, Bush Presidential Records, Brent Scowcroft Collection, Media Articles Files, OA/ID 85044–011, August 1992.","https://catalog.archives.gov/id/366552229","https://catalog.archives.gov/medialz/presidential-libraries/bush/gb-gbs/74785827/41-bpr-scow-ma-85044-011.pdf"
"366552282","1992-08-01","1992-08-31","August 1992","Folder title month","August 1992","85049-008","74785753","Brent Scowcroft Scheduled Calls Files","Series context and cross-volume routing","Reference context","","","","verified","George H.W. Bush Presidential Records","Scheduled Calls Files","","true","0","9167478","1234","HTTP Content-Length","Restricted - Possibly","43922","0","0","0","0","2","11","0","5","3","0","0","0","3","George H.W. Bush Library, Bush Presidential Records, Brent Scowcroft Collection, Scheduled Calls Files, OA/ID 85049–008, August 1992.","Source: George H.W. Bush Library, Bush Presidential Records, Brent Scowcroft Collection, Scheduled Calls Files, OA/ID 85049–008, August 1992.","https://catalog.archives.gov/id/366552282","https://catalog.archives.gov/medialz/presidential-libraries/bush/gb-gbs/74785753/41-bpr-scow-schcalls-85049-008.pdf"
"366552330","1992-08-01","1992-08-31","August 1992","Folder title month","August 1992","85053-008","74785758","Brent Scowcroft Schedule Files","Series context and cross-volume routing","Reference context","","","","verified","George H.W. Bush Presidential Records","Schedule Files","","true","0","1842958","1234","HTTP Content-Length","Restricted - Possibly","6890","0","0","0","0","3","2","0","2","0","0","0","0","0","George H.W. Bush Library, Bush Presidential Records, Brent Scowcroft Collection, Schedule Files, OA/ID 85053–008, August 1992.","Source: George H.W. Bush Library, Bush Presidential Records, Brent Scowcroft Collection, Schedule Files, OA/ID 85053–008, August 1992.","https://catalog.archives.gov/id/366552330","https://catalog.archives.gov/medialz/presidential-libraries/bush/gb-gbs/74785758/41-bpr-scow-schedule-85053-008.pdf"
"366552230","1992-09-01","1992-09-30","September 1992","Folder title month","September 1992","85044-012","74785827","Brent Scowcroft Media Articles Files","Series context and cross-volume routing","Reference context","","","","verified","George H.W. Bush Presidential Records","Media Articles Files","","true","0","11378291","1234","HTTP Content-Length","Restricted - Possibly","44183","0","0","0","0","0","20","14","0","3","2","0","0","1","George H.W. Bush Library, Bush Presidential Records, Brent Scowcroft Collection, Media Articles Files, OA/ID 85044–012, September 1992.","Source: George H.W. Bush Library, Bush Presidential Records, Brent Scowcroft Collection, Media Articles Files, OA/ID 85044–012, September 1992.","https://catalog.archives.gov/id/366552230","https://catalog.archives.gov/medialz/presidential-libraries/bush/gb-gbs/74785827/41-bpr-scow-ma-85044-012.pdf"
"366552283","1992-09-01","1992-09-30","September 1992","Folder title month","September 1992","85049-009","74785753","Brent Scowcroft Scheduled Calls Files","Series context and cross-volume routing","Reference context","","","","verified","George H.W. Bush Presidential Records","Scheduled Calls Files","","true","0","8601968","1234","HTTP Content-Length","Restricted - Possibly","40853","0","0","0","0","2","6","0","1","0","1","1","0","3","George H.W. Bush Library, Bush Presidential Records, Brent Scowcroft Collection, Scheduled Calls Files, OA/ID 85049–009, September 1992.","Source: George H.W. Bush Library, Bush Presidential Records, Brent Scowcroft Collection, Scheduled Calls Files, OA/ID 85049–009, September 1992.","https://catalog.archives.gov/id/366552283","https://catalog.archives.gov/medialz/presidential-libraries/bush/gb-gbs/74785753/41-bpr-scow-schcalls-85049-009.pdf"
"366552331","1992-09-01","1992-09-30","September 1992","Folder title month","September 1992","85053-009","74785758","Brent Scowcroft Schedule Files","Series context and cross-volume routing","Reference context","","","","verified","George H.W. Bush Presidential Records","Schedule Files","","true","0","956108","1234","HTTP Content-Length","Restricted - Possibly","3176","0","0","0","0","2","1","0","1","0","0","0","0","0","George H.W. Bush Library, Bush Presidential Records, Brent Scowcroft Collection, Schedule Files, OA/ID 85053–009, September 1992.","Source: George H.W. Bush Library, Bush Presidential Records, Brent Scowcroft Collection, Schedule Files, OA/ID 85053–009, September 1992.","https://catalog.archives.gov/id/366552331","https://catalog.archives.gov/medialz/presidential-libraries/bush/gb-gbs/74785758/41-bpr-scow-schedule-85053-009.pdf"
"366552231","1992-10-01","1992-10-31","October 1992","Folder title month","October 1992","85044-013","74785827","Brent Scowcroft Media Articles Files","Series context and cross-volume routing","Reference context","","","","verified","George H.W. Bush Presidential Records","Media Articles Files","","true","0","8726883","1234","HTTP Content-Length","Restricted - Possibly","34461","0","0","0","0","0","69","4","3","15","5","37","2","0","George H.W. Bush Library, Bush Presidential Records, Brent Scowcroft Collection, Media Articles Files, OA/ID 85044–013, October 1992.","Source: George H.W. Bush Library, Bush Presidential Records, Brent Scowcroft Collection, Media Articles Files, OA/ID 85044–013, October 1992.","https://catalog.archives.gov/id/366552231","https://catalog.archives.gov/medialz/presidential-libraries/bush/gb-gbs/74785827/41-bpr-scow-ma-85044-013.pdf"
"366552284","1992-10-01","1992-10-31","October 1992","Folder title month","October 1992","85049-010","74785753","Brent Scowcroft Scheduled Calls Files","Series context and cross-volume routing","Reference context","","","","verified","George H.W. Bush Presidential Records","Scheduled Calls Files","","true","0","2348209","1234","HTTP Content-Length","Restricted - Possibly","9183","0","0","0","0","2","1","0","1","0","0","0","0","0","George H.W. Bush Library, Bush Presidential Records, Brent Scowcroft Collection, Scheduled Calls Files, OA/ID 85049–010, October 1992.","Source: George H.W. Bush Library, Bush Presidential Records, Brent Scowcroft Collection, Scheduled Calls Files, OA/ID 85049–010, October 1992.","https://catalog.archives.gov/id/366552284","https://catalog.archives.gov/medialz/presidential-libraries/bush/gb-gbs/74785753/41-bpr-scow-schcalls-85049-010.pdf"
"366552332","1992-10-01","1992-10-31","October 1992","Folder title month","October 1992","85053-010","74785758","Brent Scowcroft Schedule Files","Series context and cross-volume routing","Reference context","","","","verified","George H.W. Bush Presidential Records","Schedule Files","","true","0","1875231","1234","HTTP Content-Length","Restricted - Possibly","6956","0","0","0","0","3","2","0","2","0","0","0","0","0","George H.W. Bush Library, Bush Presidential Records, Brent Scowcroft Collection, Schedule Files, OA/ID 85053–010, October 1992.","Source: George H.W. Bush Library, Bush Presidential Records, Brent Scowcroft Collection, Schedule Files, OA/ID 85053–010, October 1992.","https://catalog.archives.gov/id/366552332","https://catalog.archives.gov/medialz/presidential-libraries/bush/gb-gbs/74785758/41-bpr-scow-schedule-85053-010.pdf"
"366552232","1992-11-01","1992-11-30","November 1992","Folder title month","November 1992","85044-014","74785827","Brent Scowcroft Media Articles Files","Series context and cross-volume routing","Reference context","","","","verified","George H.W. Bush Presidential Records","Media Articles Files","","true","0","3322349","1234","HTTP Content-Length","Restricted - Possibly","25998","0","0","0","0","0","30","10","4","15","0","1","0","0","George H.W. Bush Library, Bush Presidential Records, Brent Scowcroft Collection, Media Articles Files, OA/ID 85044–014, November 1992.","Source: George H.W. Bush Library, Bush Presidential Records, Brent Scowcroft Collection, Media Articles Files, OA/ID 85044–014, November 1992.","https://catalog.archives.gov/id/366552232","https://catalog.archives.gov/medialz/presidential-libraries/bush/gb-gbs/74785827/41-bpr-scow-ma-85044-014.pdf"
"366552285","1992-11-01","1992-11-30","November 1992","Folder title month","November 1992","85049-011","74785753","Brent Scowcroft Scheduled Calls Files","Series context and cross-volume routing","Reference context","","","","verified","George H.W. Bush Presidential Records","Scheduled Calls Files","","true","0","6874431","1234","HTTP Content-Length","Restricted - Possibly","30684","0","0","0","0","3","5","0","2","1","0","0","1","1","George H.W. Bush Library, Bush Presidential Records, Brent Scowcroft Collection, Scheduled Calls Files, OA/ID 85049–011, November 1992.","Source: George H.W. Bush Library, Bush Presidential Records, Brent Scowcroft Collection, Scheduled Calls Files, OA/ID 85049–011, November 1992.","https://catalog.archives.gov/id/366552285","https://catalog.archives.gov/medialz/presidential-libraries/bush/gb-gbs/74785753/41-bpr-scow-schcalls-85049-011.pdf"
"366552333","1992-11-01","1992-11-30","November 1992","Folder title month","November 1992","85053-011","74785758","Brent Scowcroft Schedule Files","Series context and cross-volume routing","Reference context","","","","verified","George H.W. Bush Presidential Records","Schedule Files","","true","0","1647036","1234","HTTP Content-Length","Restricted - Possibly","6240","0","0","0","0","3","2","0","2","0","0","0","0","0","George H.W. Bush Library, Bush Presidential Records, Brent Scowcroft Collection, Schedule Files, OA/ID 85053–011, November 1992.","Source: George H.W. Bush Library, Bush Presidential Records, Brent Scowcroft Collection, Schedule Files, OA/ID 85053–011, November 1992.","https://catalog.archives.gov/id/366552333","https://catalog.archives.gov/medialz/presidential-libraries/bush/gb-gbs/74785758/41-bpr-scow-schedule-85053-011.pdf"
"366551706","1992-11-05","1993-01-02","November 5, 1992-January 2, 1993","Folder title date range","Presidential Telephone Calls--Memorandum of Conversations 11/5/92-1/2/93","91113-006","4545941","Presidential Correspondence Files","Series context and cross-volume routing","Series context","","","","verified","George H.W. Bush Presidential Records","Presidential Correspondence Files","Presidential Telcon Files","true","0","40714538","40714536","HTTP Content-Length","Restricted - Possibly","173260","0","0","57","0","11","38","9","14","11","1","1","0","1","George H.W. Bush Library, Bush Presidential Records, Brent Scowcroft Collection, Presidential Correspondence Files, Presidential Telcon Files, OA/ID 91113–006, Presidential Telephone Calls—Memorandum of Conversations 11/5/92—1/2/93.","Source: George H.W. Bush Library, Bush Presidential Records, Brent Scowcroft Collection, Presidential Correspondence Files, Presidential Telcon Files, OA/ID 91113–006, Presidential Telephone Calls—Memorandum of Conversations 11/5/92—1/2/93.","https://catalog.archives.gov/id/366551706","https://catalog.archives.gov/medialz/presidential-libraries/bush/gb-gbs/4545941/41-bpr-scow-pcor-telcon-91113-006.pdf"
"366552233","1992-12-01","1992-12-31","December 1992","Folder title month","December 1992","85044-015","74785827","Brent Scowcroft Media Articles Files","Series context and cross-volume routing","Reference context","","","","verified","George H.W. Bush Presidential Records","Media Articles Files","","true","0","54206370","1234","HTTP Content-Length","Restricted - Possibly","158409","0","0","0","0","0","28","8","2","8","7","2","0","1","George H.W. Bush Library, Bush Presidential Records, Brent Scowcroft Collection, Media Articles Files, OA/ID 85044–015, December 1992.","Source: George H.W. Bush Library, Bush Presidential Records, Brent Scowcroft Collection, Media Articles Files, OA/ID 85044–015, December 1992.","https://catalog.archives.gov/id/366552233","https://catalog.archives.gov/medialz/presidential-libraries/bush/gb-gbs/74785827/41-bpr-scow-ma-85044-015.pdf"
"366552286","1992-12-01","1992-12-31","December 1992","Folder title month","December 1992","85049-012","74785753","Brent Scowcroft Scheduled Calls Files","Series context and cross-volume routing","Reference context","","","","verified","George H.W. Bush Presidential Records","Scheduled Calls Files","","true","0","15085752","1234","HTTP Content-Length","Restricted - Possibly","76342","0","0","0","0","3","5","0","2","0","0","0","1","2","George H.W. Bush Library, Bush Presidential Records, Brent Scowcroft Collection, Scheduled Calls Files, OA/ID 85049–012, December 1992.","Source: George H.W. Bush Library, Bush Presidential Records, Brent Scowcroft Collection, Scheduled Calls Files, OA/ID 85049–012, December 1992.","https://catalog.archives.gov/id/366552286","https://catalog.archives.gov/medialz/presidential-libraries/bush/gb-gbs/74785753/41-bpr-scow-schcalls-85049-012.pdf"
"366552334","1992-12-01","1992-12-31","December 1992","Folder title month","December 1992","85053-012","74785758","Brent Scowcroft Schedule Files","Series context and cross-volume routing","Reference context","","","","verified","George H.W. Bush Presidential Records","Schedule Files","","true","0","2384839","1234","HTTP Content-Length","Restricted - Possibly","9681","0","0","0","0","4","3","0","3","0","0","0","0","0","George H.W. Bush Library, Bush Presidential Records, Brent Scowcroft Collection, Schedule Files, OA/ID 85053–012, December 1992.","Source: George H.W. Bush Library, Bush Presidential Records, Brent Scowcroft Collection, Schedule Files, OA/ID 85053–012, December 1992.","https://catalog.archives.gov/id/366552334","https://catalog.archives.gov/medialz/presidential-libraries/bush/gb-gbs/74785758/41-bpr-scow-schedule-85053-012.pdf"
"366552287","1993-01-01","1993-01-31","January 1993","Folder title month","January 1993","85049-013","74785753","Brent Scowcroft Scheduled Calls Files","Series context and cross-volume routing","Reference context","","","","verified","George H.W. Bush Presidential Records","Scheduled Calls Files","","true","0","4102125","1234","HTTP Content-Length","Restricted - Possibly","18258","0","0","0","0","4","3","0","3","0","0","0","0","0","George H.W. Bush Library, Bush Presidential Records, Brent Scowcroft Collection, Scheduled Calls Files, OA/ID 85049–013, January 1993.","Source: George H.W. Bush Library, Bush Presidential Records, Brent Scowcroft Collection, Scheduled Calls Files, OA/ID 85049–013, January 1993.","https://catalog.archives.gov/id/366552287","https://catalog.archives.gov/medialz/presidential-libraries/bush/gb-gbs/74785753/41-bpr-scow-schcalls-85049-013.pdf"
"366552335","1993-01-01","1993-01-31","January 1993","Folder title month","January 1993","85053-013","74785758","Brent Scowcroft Schedule Files","Series context and cross-volume routing","Reference context","","","","verified","George H.W. Bush Presidential Records","Schedule Files","","true","0","1384708","1234","HTTP Content-Length","Restricted - Possibly","5424","0","0","0","0","3","2","0","2","0","0","0","0","0","George H.W. Bush Library, Bush Presidential Records, Brent Scowcroft Collection, Schedule Files, OA/ID 85053–013, January 1993.","Source: George H.W. Bush Library, Bush Presidential Records, Brent Scowcroft Collection, Schedule Files, OA/ID 85053–013, January 1993.","https://catalog.archives.gov/id/366552335","https://catalog.archives.gov/medialz/presidential-libraries/bush/gb-gbs/74785758/41-bpr-scow-schedule-85053-013.pdf"
"366552139","9999-12-31","9999-12-31","Date not established","No date in folder title","After Dinner Entertainment at State Dinners -- NSC attendees","85033-005","74785770","Brent Scowcroft Administrative Files","Series context and cross-volume routing","Series context","","","","verified","George H.W. Bush Presidential Records","Administrative Files","","true","0","3708183","1234","HTTP Content-Length","Restricted - Possibly","10653","0","0","0","0","0","11","5","0","0","0","1","2","2","George H.W. Bush Library, Bush Presidential Records, Brent Scowcroft Collection, Administrative Files, OA/ID 85033–005, After Dinner Entertainment at State Dinners—NSC attendees.","Source: George H.W. Bush Library, Bush Presidential Records, Brent Scowcroft Collection, Administrative Files, OA/ID 85033–005, After Dinner Entertainment at State Dinners—NSC attendees.","https://catalog.archives.gov/id/366552139","https://catalog.archives.gov/medialz/presidential-libraries/bush/gb-gbs/74785770/41-bpr-scow-admin-85033-005.pdf"
"366552140","9999-12-31","9999-12-31","Date not established","No date in folder title","Aircraft Requests","85033-006","74785770","Brent Scowcroft Administrative Files","Series context and cross-volume routing","Series context","","","","verified","George H.W. Bush Presidential Records","Administrative Files","","true","0","17893839","1234","HTTP Content-Length","Restricted - Possibly","57521","0","0","0","0","0","10","4","1","3","0","0","0","1","George H.W. Bush Library, Bush Presidential Records, Brent Scowcroft Collection, Administrative Files, OA/ID 85033–006, Aircraft Requests.","Source: George H.W. Bush Library, Bush Presidential Records, Brent Scowcroft Collection, Administrative Files, OA/ID 85033–006, Aircraft Requests.","https://catalog.archives.gov/id/366552140","https://catalog.archives.gov/medialz/presidential-libraries/bush/gb-gbs/74785770/41-bpr-scow-admin-85033-006.pdf"
"366552164","9999-12-31","9999-12-31","Date not established","No date in folder title","Carter, Jimmy, President","85036-009","74785770","Brent Scowcroft Administrative Files","Series context and cross-volume routing","Series context","","","","verified","George H.W. Bush Presidential Records","Administrative Files","","true","0","5525643","1234","HTTP Content-Length","Restricted - Possibly","19505","1","1","0","0","4","5","1","3","1","0","0","0","0","George H.W. Bush Library, Bush Presidential Records, Brent Scowcroft Collection, Administrative Files, OA/ID 85036–009, Carter, Jimmy, President.","Source: George H.W. Bush Library, Bush Presidential Records, Brent Scowcroft Collection, Administrative Files, OA/ID 85036–009, Carter, Jimmy, President.","https://catalog.archives.gov/id/366552164","https://catalog.archives.gov/medialz/presidential-libraries/bush/gb-gbs/74785770/41-bpr-scow-admin-85036-009.pdf"
"366552165","9999-12-31","9999-12-31","Date not established","No date in folder title","Ford, Gerald R., President","85037-001","74785770","Brent Scowcroft Administrative Files","Series context and cross-volume routing","Series context","","","","verified","George H.W. Bush Presidential Records","Administrative Files","","true","0","10794221","1234","HTTP Content-Length","Restricted - Possibly","42416","0","0","0","0","8","30","3","18","4","1","2","0","0","George H.W. Bush Library, Bush Presidential Records, Brent Scowcroft Collection, Administrative Files, OA/ID 85037–001, Ford, Gerald R., President.","Source: George H.W. Bush Library, Bush Presidential Records, Brent Scowcroft Collection, Administrative Files, OA/ID 85037–001, Ford, Gerald R., President.","https://catalog.archives.gov/id/366552165","https://catalog.archives.gov/medialz/presidential-libraries/bush/gb-gbs/74785770/41-bpr-scow-admin-85037-001.pdf"
"366552167","9999-12-31","9999-12-31","Date not established","No date in folder title","Franklin, Secretary Barbara","85037-003","74785770","Brent Scowcroft Administrative Files","Series context and cross-volume routing","Series context","","","","verified","George H.W. Bush Presidential Records","Administrative Files","","true","0","3788357","1234","HTTP Content-Length","Restricted - Possibly","15643","2","0","0","0","0","72","4","0","59","2","0","2","0","George H.W. Bush Library, Bush Presidential Records, Brent Scowcroft Collection, Administrative Files, OA/ID 85037–003, Franklin, Secretary Barbara.","Source: George H.W. Bush Library, Bush Presidential Records, Brent Scowcroft Collection, Administrative Files, OA/ID 85037–003, Franklin, Secretary Barbara.","https://catalog.archives.gov/id/366552167","https://catalog.archives.gov/medialz/presidential-libraries/bush/gb-gbs/74785770/41-bpr-scow-admin-85037-003.pdf"
"366552169","9999-12-31","9999-12-31","Date not established","No date in folder title","Milton Hudson - Hold File","85037-005","74785770","Brent Scowcroft Administrative Files","Series context and cross-volume routing","Series context","","","","verified","George H.W. Bush Presidential Records","Administrative Files","","true","0","56634989","1234","HTTP Content-Length","Restricted - Possibly","70339","0","0","0","0","0","128","85","10","22","6","0","1","0","George H.W. Bush Library, Bush Presidential Records, Brent Scowcroft Collection, Administrative Files, OA/ID 85037–005, Milton Hudson—Hold File.","Source: George H.W. Bush Library, Bush Presidential Records, Brent Scowcroft Collection, Administrative Files, OA/ID 85037–005, Milton Hudson—Hold File.","https://catalog.archives.gov/id/366552169","https://catalog.archives.gov/medialz/presidential-libraries/bush/gb-gbs/74785770/41-bpr-scow-admin-85037-005.pdf"
"366552170","9999-12-31","9999-12-31","Date not established","No date in folder title","Kissinger, Henry","85037-006","74785770","Brent Scowcroft Administrative Files","Series context and cross-volume routing","Series context","","","","verified","George H.W. Bush Presidential Records","Administrative Files","","true","0","14651422","1234","HTTP Content-Length","Restricted - Possibly","75886","0","0","0","0","0","19","15","1","1","1","0","0","0","George H.W. Bush Library, Bush Presidential Records, Brent Scowcroft Collection, Administrative Files, OA/ID 85037–006, Kissinger, Henry.","Source: George H.W. Bush Library, Bush Presidential Records, Brent Scowcroft Collection, Administrative Files, OA/ID 85037–006, Kissinger, Henry.","https://catalog.archives.gov/id/366552170","https://catalog.archives.gov/medialz/presidential-libraries/bush/gb-gbs/74785770/41-bpr-scow-admin-85037-006.pdf"
"366552173","9999-12-31","9999-12-31","Date not established","No date in folder title","Mosbacher, Robert","85037-009","74785770","Brent Scowcroft Administrative Files","Series context and cross-volume routing","Series context","","","","verified","George H.W. Bush Presidential Records","Administrative Files","","true","0","831099","1234","HTTP Content-Length","Restricted - Possibly","1603","0","0","0","0","0","2","0","0","2","0","0","0","0","George H.W. Bush Library, Bush Presidential Records, Brent Scowcroft Collection, Administrative Files, OA/ID 85037–009, Mosbacher, Robert.","Source: George H.W. Bush Library, Bush Presidential Records, Brent Scowcroft Collection, Administrative Files, OA/ID 85037–009, Mosbacher, Robert.","https://catalog.archives.gov/id/366552173","https://catalog.archives.gov/medialz/presidential-libraries/bush/gb-gbs/74785770/41-bpr-scow-admin-85037-009.pdf"
"366552174","9999-12-31","9999-12-31","Date not established","No date in folder title","Nixon, Richard M., President [1]","85037-010","74785770","Brent Scowcroft Administrative Files","Series context and cross-volume routing","Series context","","","","verified","George H.W. Bush Presidential Records","Administrative Files","","true","0","51718022","1234","HTTP Content-Length","Restricted - Possibly","225574","0","1","0","0","13","230","118","34","46","8","7","6","0","George H.W. Bush Library, Bush Presidential Records, Brent Scowcroft Collection, Administrative Files, OA/ID 85037–010, Nixon, Richard M., President [1].","Source: George H.W. Bush Library, Bush Presidential Records, Brent Scowcroft Collection, Administrative Files, OA/ID 85037–010, Nixon, Richard M., President [1].","https://catalog.archives.gov/id/366552174","https://catalog.archives.gov/medialz/presidential-libraries/bush/gb-gbs/74785770/41-bpr-scow-admin-85037-010.pdf"
"366552175","9999-12-31","9999-12-31","Date not established","No date in folder title","Nixon, Richard M., President [2]","85037-011","74785770","Brent Scowcroft Administrative Files","Series context and cross-volume routing","Series context","","","","verified","George H.W. Bush Presidential Records","Administrative Files","","true","0","46937798","1234","HTTP Content-Length","Restricted - Possibly","219369","0","0","0","0","6","163","113","8","13","23","3","0","0","George H.W. Bush Library, Bush Presidential Records, Brent Scowcroft Collection, Administrative Files, OA/ID 85037–011, Nixon, Richard M., President [2].","Source: George H.W. Bush Library, Bush Presidential Records, Brent Scowcroft Collection, Administrative Files, OA/ID 85037–011, Nixon, Richard M., President [2].","https://catalog.archives.gov/id/366552175","https://catalog.archives.gov/medialz/presidential-libraries/bush/gb-gbs/74785770/41-bpr-scow-admin-85037-011.pdf"
"366552176","9999-12-31","9999-12-31","Date not established","No date in folder title","Personnel","85038-001","74785770","Brent Scowcroft Administrative Files","Series context and cross-volume routing","Series context","","","","verified","George H.W. Bush Presidential Records","Administrative Files","","true","0","34346935","1234","HTTP Content-Length","Restricted - Possibly","154088","0","10","0","0","13","152","38","42","25","3","8","3","14","George H.W. Bush Library, Bush Presidential Records, Brent Scowcroft Collection, Administrative Files, OA/ID 85038–001, Personnel.","Source: George H.W. Bush Library, Bush Presidential Records, Brent Scowcroft Collection, Administrative Files, OA/ID 85038–001, Personnel.","https://catalog.archives.gov/id/366552176","https://catalog.archives.gov/medialz/presidential-libraries/bush/gb-gbs/74785770/41-bpr-scow-admin-85038-001.pdf"
"366552178","9999-12-31","9999-12-31","Date not established","No date in folder title","[Photographs]","85038-003","74785770","Brent Scowcroft Administrative Files","Series context and cross-volume routing","Series context","","","","verified","George H.W. Bush Presidential Records","Administrative Files","","true","0","14400037","1234","HTTP Content-Length","Restricted - Possibly","9320","0","0","0","0","0","0","0","0","0","0","0","0","0","George H.W. Bush Library, Bush Presidential Records, Brent Scowcroft Collection, Administrative Files, OA/ID 85038–003, [Photographs].","Source: George H.W. Bush Library, Bush Presidential Records, Brent Scowcroft Collection, Administrative Files, OA/ID 85038–003, [Photographs].","https://catalog.archives.gov/id/366552178","https://catalog.archives.gov/medialz/presidential-libraries/bush/gb-gbs/74785770/41-bpr-scow-admin-85038-003.pdf"
"366552184","9999-12-31","9999-12-31","Date not established","No date in folder title","Reagan, Ronald W., President","85039-003","74785770","Brent Scowcroft Administrative Files","Series context and cross-volume routing","Series context","","","","verified","George H.W. Bush Presidential Records","Administrative Files","","true","0","900821","1234","HTTP Content-Length","Restricted - Possibly","2533","0","1","0","0","0","1","0","0","1","0","0","0","0","George H.W. Bush Library, Bush Presidential Records, Brent Scowcroft Collection, Administrative Files, OA/ID 85039–003, Reagan, Ronald W., President.","Source: George H.W. Bush Library, Bush Presidential Records, Brent Scowcroft Collection, Administrative Files, OA/ID 85039–003, Reagan, Ronald W., President.","https://catalog.archives.gov/id/366552184","https://catalog.archives.gov/medialz/presidential-libraries/bush/gb-gbs/74785770/41-bpr-scow-admin-85039-003.pdf"
"366552185","9999-12-31","9999-12-31","Date not established","No date in folder title","Referrals","85039-004","74785770","Brent Scowcroft Administrative Files","Series context and cross-volume routing","Series context","","","","verified","George H.W. Bush Presidential Records","Administrative Files","","true","0","1598962","1234","HTTP Content-Length","Restricted - Possibly","3206","0","0","0","0","0","0","0","0","0","0","0","0","0","George H.W. Bush Library, Bush Presidential Records, Brent Scowcroft Collection, Administrative Files, OA/ID 85039–004, Referrals.","Source: George H.W. Bush Library, Bush Presidential Records, Brent Scowcroft Collection, Administrative Files, OA/ID 85039–004, Referrals.","https://catalog.archives.gov/id/366552185","https://catalog.archives.gov/medialz/presidential-libraries/bush/gb-gbs/74785770/41-bpr-scow-admin-85039-004.pdf"
"366552186","9999-12-31","9999-12-31","Date not established","No date in folder title","Schedule for Brent Scowcroft, 1/1/91 to 12/31/91","85039-005","74785770","Brent Scowcroft Administrative Files","Series context and cross-volume routing","Series context","","","","verified","George H.W. Bush Presidential Records","Administrative Files","","true","0","","1234","Served size not measured","Restricted - Possibly","12534","0","0","0","0","6","5","0","5","0","0","0","0","0","George H.W. Bush Library, Bush Presidential Records, Brent Scowcroft Collection, Administrative Files, OA/ID 85039–005, Schedule for Brent Scowcroft, 1/1/91 to 12/31/91.","Source: George H.W. Bush Library, Bush Presidential Records, Brent Scowcroft Collection, Administrative Files, OA/ID 85039–005, Schedule for Brent Scowcroft, 1/1/91 to 12/31/91.","https://catalog.archives.gov/id/366552186","https://catalog.archives.gov/medialz/presidential-libraries/bush/gb-gbs/74785770/41-bpr-scow-admin-85039-005.pdf"
"366552187","9999-12-31","9999-12-31","Date not established","No date in folder title","Skinner, Samuel","85039-006","74785770","Brent Scowcroft Administrative Files","Series context and cross-volume routing","Series context","","","","verified","George H.W. Bush Presidential Records","Administrative Files","","true","0","4218076","1234","HTTP Content-Length","Restricted - Possibly","16961","0","0","0","0","3","5","2","2","1","0","0","0","0","George H.W. Bush Library, Bush Presidential Records, Brent Scowcroft Collection, Administrative Files, OA/ID 85039–006, Skinner, Samuel.","Source: George H.W. Bush Library, Bush Presidential Records, Brent Scowcroft Collection, Administrative Files, OA/ID 85039–006, Skinner, Samuel.","https://catalog.archives.gov/id/366552187","https://catalog.archives.gov/medialz/presidential-libraries/bush/gb-gbs/74785770/41-bpr-scow-admin-85039-006.pdf"
"366552188","9999-12-31","9999-12-31","Date not established","No date in folder title","Thornburgh, Richard","85039-007","74785770","Brent Scowcroft Administrative Files","Series context and cross-volume routing","Series context","","","","verified","George H.W. Bush Presidential Records","Administrative Files","","true","0","","1234","Served size not measured","Restricted - Possibly","2918","0","1","0","0","0","0","0","0","0","0","0","0","0","George H.W. Bush Library, Bush Presidential Records, Brent Scowcroft Collection, Administrative Files, OA/ID 85039–007, Thornburgh, Richard.","Source: George H.W. Bush Library, Bush Presidential Records, Brent Scowcroft Collection, Administrative Files, OA/ID 85039–007, Thornburgh, Richard.","https://catalog.archives.gov/id/366552188","https://catalog.archives.gov/medialz/presidential-libraries/bush/gb-gbs/74785770/41-bpr-scow-admin-85039-007.pdf"
"366551796","9999-12-31","9999-12-31","Date not established","No date in folder title","Soviet Power Collapse in Eastern Europe--Berlin Wall","91124-002","4708332","USSR Chronological Files","Series context and cross-volume routing","Series context","","","","verified","George H.W. Bush Presidential Records","USSR Chronological Files","Soviet Power Collapse in Eastern Europe Files","true","0","5770657","5770657","HTTP Content-Length","Restricted - Possibly","19869","2","1","0","0","2","1","0","1","0","0","0","0","0","George H.W. Bush Library, Bush Presidential Records, Brent Scowcroft Collection, USSR Chronological Files, Soviet Power Collapse in Eastern Europe Files, OA/ID 91124–002, Soviet Power Collapse in Eastern Europe—Berlin Wall.","Source: George H.W. Bush Library, Bush Presidential Records, Brent Scowcroft Collection, USSR Chronological Files, Soviet Power Collapse in Eastern Europe Files, OA/ID 91124–002, Soviet Power Collapse in Eastern Europe—Berlin Wall.","https://catalog.archives.gov/id/366551796","https://catalog.archives.gov/medialz/presidential-libraries/bush/gb-gbs/4708332/41-bpr-scow-ussrch-svp-91124-002.pdf"
"366551820","9999-12-31","9999-12-31","Date not established","No date in folder title","Moscow","91126-005","4708331","Special Separate USSR Notes Files","Series context and cross-volume routing","Series context","","","","verified","George H.W. Bush Presidential Records","Special Separate USSR Notes Files","Gorbachev Files","true","0","9744082","9744082","HTTP Content-Length","Restricted - Possibly","39867","0","0","0","0","9","8","1","7","0","0","0","0","0","George H.W. Bush Library, Bush Presidential Records, Brent Scowcroft Collection, Special Separate USSR Notes Files, Gorbachev Files, OA/ID 91126–005, Moscow.","Source: George H.W. Bush Library, Bush Presidential Records, Brent Scowcroft Collection, Special Separate USSR Notes Files, Gorbachev Files, OA/ID 91126–005, Moscow.","https://catalog.archives.gov/id/366551820","https://catalog.archives.gov/medialz/presidential-libraries/bush/gb-gbs/4708331/41-bpr-scow-ssussr-gor-91126-005.pdf"
"366551821","9999-12-31","9999-12-31","Date not established","No date in folder title","For the President","91126-006","4708331","Special Separate USSR Notes Files","Series context and cross-volume routing","Series context","","","","verified","George H.W. Bush Presidential Records","Special Separate USSR Notes Files","Gorbachev Files","true","0","17908549","17908548","HTTP Content-Length","Restricted - Possibly","68081","8","1","0","0","6","14","6","4","0","0","2","0","0","George H.W. Bush Library, Bush Presidential Records, Brent Scowcroft Collection, Special Separate USSR Notes Files, Gorbachev Files, OA/ID 91126–006, For the President.","Source: George H.W. Bush Library, Bush Presidential Records, Brent Scowcroft Collection, Special Separate USSR Notes Files, Gorbachev Files, OA/ID 91126–006, For the President.","https://catalog.archives.gov/id/366551821","https://catalog.archives.gov/medialz/presidential-libraries/bush/gb-gbs/4708331/41-bpr-scow-ssussr-gor-91126-006.pdf"
"366551859","9999-12-31","9999-12-31","Date not established","No date in folder title","Soviet Coup/Aftermath","91131-009","4708331","Special Separate USSR Notes Files","Series context and cross-volume routing","Series context","","","","verified","George H.W. Bush Presidential Records","Special Separate USSR Notes Files","Yeltsin Files","true","0","47374917","47374916","HTTP Content-Length","Restricted - Possibly","207783","2","1","0","0","58","182","46","68","5","14","7","11","10","George H.W. Bush Library, Bush Presidential Records, Brent Scowcroft Collection, Special Separate USSR Notes Files, Yeltsin Files, OA/ID 91131–009, Soviet Coup/Aftermath.","Source: George H.W. Bush Library, Bush Presidential Records, Brent Scowcroft Collection, Special Separate USSR Notes Files, Yeltsin Files, OA/ID 91131–009, Soviet Coup/Aftermath.","https://catalog.archives.gov/id/366551859","https://catalog.archives.gov/medialz/presidential-libraries/bush/gb-gbs/4708331/41-bpr-scow-ssussr-yel-91131-009.pdf"
"366552043","9999-12-31","9999-12-31","Date not established","No date in folder title","Hussein (King of Jordan) (Sensitive)","91154-006","4708329","Separate Communication Channel Files","Series context and cross-volume routing","Series context","","","","verified","George H.W. Bush Presidential Records","Special Separate Channel Files","","true","0","19987993","19987992","HTTP Content-Length","Restricted - Possibly","84951","0","0","0","0","16","30","2","16","4","2","6","0","0","George H.W. Bush Library, Bush Presidential Records, Brent Scowcroft Collection, Special Separate Channel Files, OA/ID 91154–006, Hussein (King of Jordan) (Sensitive).","Source: George H.W. Bush Library, Bush Presidential Records, Brent Scowcroft Collection, Special Separate Channel Files, OA/ID 91154–006, Hussein (King of Jordan) (Sensitive).","https://catalog.archives.gov/id/366552043","https://catalog.archives.gov/medialz/presidential-libraries/bush/gb-gbs/4708329/41-bpr-scow-ssch-91154-006.pdf"
"366552044","9999-12-31","9999-12-31","Date not established","No date in folder title","Iraq Attach (1/17/93) (Special Channel)","91154-007","4708329","Separate Communication Channel Files","Series context and cross-volume routing","Series context","","","","verified","George H.W. Bush Presidential Records","Special Separate Channel Files","","true","0","12599135","12599135","HTTP Content-Length","Restricted - Possibly","60315","0","0","0","0","1","11","2","1","0","4","3","1","0","George H.W. Bush Library, Bush Presidential Records, Brent Scowcroft Collection, Special Separate Channel Files, OA/ID 91154–007, Iraq Attach (1/17/93) (Special Channel).","Source: George H.W. Bush Library, Bush Presidential Records, Brent Scowcroft Collection, Special Separate Channel Files, OA/ID 91154–007, Iraq Attach (1/17/93) (Special Channel).","https://catalog.archives.gov/id/366552044","https://catalog.archives.gov/medialz/presidential-libraries/bush/gb-gbs/4708329/41-bpr-scow-ssch-91154-007.pdf"
"366552045","9999-12-31","9999-12-31","Date not established","No date in folder title","[Letter to Scowcroft from Stephen Wall]","91154-008","4708329","Separate Communication Channel Files","Series context and cross-volume routing","Series context","","","","verified","George H.W. Bush Presidential Records","Special Separate Channel Files","","true","0","","739814","Served size not measured","Restricted - Possibly","1371","0","0","0","0","0","0","0","0","0","0","0","0","0","George H.W. Bush Library, Bush Presidential Records, Brent Scowcroft Collection, Special Separate Channel Files, OA/ID 91154–008, [Letter to Scowcroft from Stephen Wall].","Source: George H.W. Bush Library, Bush Presidential Records, Brent Scowcroft Collection, Special Separate Channel Files, OA/ID 91154–008, [Letter to Scowcroft from Stephen Wall].","https://catalog.archives.gov/id/366552045","https://catalog.archives.gov/medialz/presidential-libraries/bush/gb-gbs/4708329/41-bpr-scow-ssch-91154-008.pdf"
"366552046","9999-12-31","9999-12-31","Date not established","No date in folder title","Pakistan (Special Channel)","91154-009","4708329","Separate Communication Channel Files","Series context and cross-volume routing","Series context","","","","verified","George H.W. Bush Presidential Records","Special Separate Channel Files","","true","0","3318074","3318074","HTTP Content-Length","Restricted - Possibly","14084","0","0","0","0","6","5","0","5","0","0","0","0","0","George H.W. Bush Library, Bush Presidential Records, Brent Scowcroft Collection, Special Separate Channel Files, OA/ID 91154–009, Pakistan (Special Channel).","Source: George H.W. Bush Library, Bush Presidential Records, Brent Scowcroft Collection, Special Separate Channel Files, OA/ID 91154–009, Pakistan (Special Channel).","https://catalog.archives.gov/id/366552046","https://catalog.archives.gov/medialz/presidential-libraries/bush/gb-gbs/4708329/41-bpr-scow-ssch-91154-009.pdf"
"366552047","9999-12-31","9999-12-31","Date not established","No date in folder title","United Nations (Special Channel)","91154-010","4708329","Separate Communication Channel Files","Series context and cross-volume routing","Series context","","","","verified","George H.W. Bush Presidential Records","Special Separate Channel Files","","true","0","20190745","20190744","HTTP Content-Length","Restricted - Possibly","72154","0","0","2","0","12","21","5","10","1","0","5","0","0","George H.W. Bush Library, Bush Presidential Records, Brent Scowcroft Collection, Special Separate Channel Files, OA/ID 91154–010, United Nations (Special Channel).","Source: George H.W. Bush Library, Bush Presidential Records, Brent Scowcroft Collection, Special Separate Channel Files, OA/ID 91154–010, United Nations (Special Channel).","https://catalog.archives.gov/id/366552047","https://catalog.archives.gov/medialz/presidential-libraries/bush/gb-gbs/4708329/41-bpr-scow-ssch-91154-010.pdf"
"366552048","9999-12-31","9999-12-31","Date not established","No date in folder title","Sensitive Meetings","91155-001","4708328","Meeting Files","Series context and cross-volume routing","Series context","","","","verified","George H.W. Bush Presidential Records","Meetings Files","","true","0","4124001","4124001","HTTP Content-Length","Restricted - Possibly","16048","0","0","0","0","7","6","0","6","0","0","0","0","0","George H.W. Bush Library, Bush Presidential Records, Brent Scowcroft Collection, Meetings Files, OA/ID 91155–001, Sensitive Meetings.","Source: George H.W. Bush Library, Bush Presidential Records, Brent Scowcroft Collection, Meetings Files, OA/ID 91155–001, Sensitive Meetings.","https://catalog.archives.gov/id/366552048","https://catalog.archives.gov/medialz/presidential-libraries/bush/gb-gbs/4708328/41-bpr-scow-mtg-91155-001.pdf"
"366552049","9999-12-31","9999-12-31","Date not established","No date in folder title","Rafsanjani--Alleged Phone Call 2/90","91155-002","4708328","Meeting Files","Series context and cross-volume routing","Series context","","","","verified","George H.W. Bush Presidential Records","Meetings Files","","true","0","7691503","7691503","HTTP Content-Length","Restricted - Possibly","29762","0","2","2","0","11","9","0","9","0","0","0","0","0","George H.W. Bush Library, Bush Presidential Records, Brent Scowcroft Collection, Meetings Files, OA/ID 91155–002, Rafsanjani—Alleged Phone Call 2/90.","Source: George H.W. Bush Library, Bush Presidential Records, Brent Scowcroft Collection, Meetings Files, OA/ID 91155–002, Rafsanjani—Alleged Phone Call 2/90.","https://catalog.archives.gov/id/366552049","https://catalog.archives.gov/medialz/presidential-libraries/bush/gb-gbs/4708328/41-bpr-scow-mtg-91155-002.pdf"
"366552068","9999-12-31","9999-12-31","Date not established","No date in folder title","Wehrkunde '90","91158-006","4708328","Meeting Files","Series context and cross-volume routing","Series context","","","","verified","George H.W. Bush Presidential Records","Meetings Files","Handwritten Meeting Notes Files","true","0","5955296","5955296","HTTP Content-Length","Restricted - Possibly","8880","0","0","0","0","1","0","0","0","0","0","0","0","0","George H.W. Bush Library, Bush Presidential Records, Brent Scowcroft Collection, Meetings Files, Handwritten Meeting Notes Files, OA/ID 91158–006, Wehrkunde '90.","Source: George H.W. Bush Library, Bush Presidential Records, Brent Scowcroft Collection, Meetings Files, Handwritten Meeting Notes Files, OA/ID 91158–006, Wehrkunde '90.","https://catalog.archives.gov/id/366552068","https://catalog.archives.gov/medialz/presidential-libraries/bush/gb-gbs/4708328/41-bpr-scow-mtg-hwnote-91158-006.pdf"
"366552106","9999-12-31","9999-12-31","Date not established","No date in folder title","Baker, James A.","91164-001","4545979","Trip Report Files","Series context and cross-volume routing","Series context","","","","verified","George H.W. Bush Presidential Records","Trip Report Files","Baker, James A. III Trip Report Files","true","0","38268905","1234","HTTP Content-Length","Restricted - Possibly","157924","0","2","0","0","19","252","44","50","87","21","2","27","4","George H.W. Bush Library, Bush Presidential Records, Brent Scowcroft Collection, Trip Report Files, Baker, James A. III Trip Report Files, OA/ID 91164–001, Baker, James A..","Source: George H.W. Bush Library, Bush Presidential Records, Brent Scowcroft Collection, Trip Report Files, Baker, James A. III Trip Report Files, OA/ID 91164–001, Baker, James A..","https://catalog.archives.gov/id/366552106","https://catalog.archives.gov/medialz/presidential-libraries/bush/gb-gbs/4545979/41-bpr-scow-trip-baker-91164-001.pdf"
"366552107","9999-12-31","9999-12-31","Date not established","No date in folder title","Baker Trip Reports [1] [1]","91164-002","4545979","Trip Report Files","Series context and cross-volume routing","Series context","","","","verified","George H.W. Bush Presidential Records","Trip Report Files","Baker, James A. III Trip Report Files","true","0","34779204","1234","HTTP Content-Length","Restricted - Possibly","161245","24","7","0","0","6","134","59","24","17","11","7","5","0","George H.W. Bush Library, Bush Presidential Records, Brent Scowcroft Collection, Trip Report Files, Baker, James A. III Trip Report Files, OA/ID 91164–002, Baker Trip Reports [1] [1].","Source: George H.W. Bush Library, Bush Presidential Records, Brent Scowcroft Collection, Trip Report Files, Baker, James A. III Trip Report Files, OA/ID 91164–002, Baker Trip Reports [1] [1].","https://catalog.archives.gov/id/366552107","https://catalog.archives.gov/medialz/presidential-libraries/bush/gb-gbs/4545979/41-bpr-scow-trip-baker-91164-002.pdf"
"366552108","9999-12-31","9999-12-31","Date not established","No date in folder title","Baker Trip Reports [1] [2]","91164-003","4545979","Trip Report Files","Series context and cross-volume routing","Series context","","","","verified","George H.W. Bush Presidential Records","Trip Report Files","Baker, James A. III Trip Report Files","true","0","32024058","1234","HTTP Content-Length","Restricted - Possibly","134764","22","8","0","0","12","61","29","18","1","2","0","0","0","George H.W. Bush Library, Bush Presidential Records, Brent Scowcroft Collection, Trip Report Files, Baker, James A. III Trip Report Files, OA/ID 91164–003, Baker Trip Reports [1] [2].","Source: George H.W. Bush Library, Bush Presidential Records, Brent Scowcroft Collection, Trip Report Files, Baker, James A. III Trip Report Files, OA/ID 91164–003, Baker Trip Reports [1] [2].","https://catalog.archives.gov/id/366552108","https://catalog.archives.gov/medialz/presidential-libraries/bush/gb-gbs/4545979/41-bpr-scow-trip-baker-91164-003.pdf"
"366552109","9999-12-31","9999-12-31","Date not established","No date in folder title","Baker Trip Reports [1] [3]","91164-004","4545979","Trip Report Files","Series context and cross-volume routing","Series context","","","","verified","George H.W. Bush Presidential Records","Trip Report Files","Baker, James A. III Trip Report Files","true","0","24156931","1234","HTTP Content-Length","Restricted - Possibly","98110","15","10","0","0","14","17","0","11","2","0","4","0","0","George H.W. Bush Library, Bush Presidential Records, Brent Scowcroft Collection, Trip Report Files, Baker, James A. III Trip Report Files, OA/ID 91164–004, Baker Trip Reports [1] [3].","Source: George H.W. Bush Library, Bush Presidential Records, Brent Scowcroft Collection, Trip Report Files, Baker, James A. III Trip Report Files, OA/ID 91164–004, Baker Trip Reports [1] [3].","https://catalog.archives.gov/id/366552109","https://catalog.archives.gov/medialz/presidential-libraries/bush/gb-gbs/4545979/41-bpr-scow-trip-baker-91164-004.pdf"
"366552110","9999-12-31","9999-12-31","Date not established","No date in folder title","Baker Trip Reports [1] [4]","91164-005","4545979","Trip Report Files","Series context and cross-volume routing","Series context","","","","verified","George H.W. Bush Presidential Records","Trip Report Files","Baker, James A. III Trip Report Files","true","0","35688536","1234","HTTP Content-Length","Restricted - Possibly","137353","26","11","0","0","9","66","26","11","13","5","8","0","1","George H.W. Bush Library, Bush Presidential Records, Brent Scowcroft Collection, Trip Report Files, Baker, James A. III Trip Report Files, OA/ID 91164–005, Baker Trip Reports [1] [4].","Source: George H.W. Bush Library, Bush Presidential Records, Brent Scowcroft Collection, Trip Report Files, Baker, James A. III Trip Report Files, OA/ID 91164–005, Baker Trip Reports [1] [4].","https://catalog.archives.gov/id/366552110","https://catalog.archives.gov/medialz/presidential-libraries/bush/gb-gbs/4545979/41-bpr-scow-trip-baker-91164-005.pdf"
"366552111","9999-12-31","9999-12-31","Date not established","No date in folder title","Baker Trip Reports [1] [5]","91164-006","4545979","Trip Report Files","Series context and cross-volume routing","Series context","","","","verified","George H.W. Bush Presidential Records","Trip Report Files","Baker, James A. III Trip Report Files","true","0","22701076","1234","HTTP Content-Length","Restricted - Possibly","91225","16","4","0","0","7","34","8","11","2","13","0","0","0","George H.W. Bush Library, Bush Presidential Records, Brent Scowcroft Collection, Trip Report Files, Baker, James A. III Trip Report Files, OA/ID 91164–006, Baker Trip Reports [1] [5].","Source: George H.W. Bush Library, Bush Presidential Records, Brent Scowcroft Collection, Trip Report Files, Baker, James A. III Trip Report Files, OA/ID 91164–006, Baker Trip Reports [1] [5].","https://catalog.archives.gov/id/366552111","https://catalog.archives.gov/medialz/presidential-libraries/bush/gb-gbs/4545979/41-bpr-scow-trip-baker-91164-006.pdf"
"366552112","9999-12-31","9999-12-31","Date not established","No date in folder title","Baker Trip Reports [2] [1]","91164-007","4545979","Trip Report Files","Series context and cross-volume routing","Series context","","","","verified","George H.W. Bush Presidential Records","Trip Report Files","Baker, James A. III Trip Report Files","true","0","34781744","1234","HTTP Content-Length","Restricted - Possibly","154764","22","7","0","0","7","110","42","19","11","21","4","3","0","George H.W. Bush Library, Bush Presidential Records, Brent Scowcroft Collection, Trip Report Files, Baker, James A. III Trip Report Files, OA/ID 91164–007, Baker Trip Reports [2] [1].","Source: George H.W. Bush Library, Bush Presidential Records, Brent Scowcroft Collection, Trip Report Files, Baker, James A. III Trip Report Files, OA/ID 91164–007, Baker Trip Reports [2] [1].","https://catalog.archives.gov/id/366552112","https://catalog.archives.gov/medialz/presidential-libraries/bush/gb-gbs/4545979/41-bpr-scow-trip-baker-91164-007.pdf"
"366552113","9999-12-31","9999-12-31","Date not established","No date in folder title","Baker Trip Reports [2] [2]","91164-008","4545979","Trip Report Files","Series context and cross-volume routing","Series context","","","","verified","George H.W. Bush Presidential Records","Trip Report Files","Baker, James A. III Trip Report Files","true","0","33294691","1234","HTTP Content-Length","Restricted - Possibly","139623","23","6","0","0","10","97","48","22","7","3","3","2","0","George H.W. Bush Library, Bush Presidential Records, Brent Scowcroft Collection, Trip Report Files, Baker, James A. III Trip Report Files, OA/ID 91164–008, Baker Trip Reports [2] [2].","Source: George H.W. Bush Library, Bush Presidential Records, Brent Scowcroft Collection, Trip Report Files, Baker, James A. III Trip Report Files, OA/ID 91164–008, Baker Trip Reports [2] [2].","https://catalog.archives.gov/id/366552113","https://catalog.archives.gov/medialz/presidential-libraries/bush/gb-gbs/4545979/41-bpr-scow-trip-baker-91164-008.pdf"
"366552114","9999-12-31","9999-12-31","Date not established","No date in folder title","Baker Trip Reports [2] [3]","91164-009","4545979","Trip Report Files","Series context and cross-volume routing","Series context","","","","verified","George H.W. Bush Presidential Records","Trip Report Files","Baker, James A. III Trip Report Files","true","0","27621946","1234","HTTP Content-Length","Restricted - Possibly","115668","18","12","0","0","14","18","4","13","1","0","0","0","0","George H.W. Bush Library, Bush Presidential Records, Brent Scowcroft Collection, Trip Report Files, Baker, James A. III Trip Report Files, OA/ID 91164–009, Baker Trip Reports [2] [3].","Source: George H.W. Bush Library, Bush Presidential Records, Brent Scowcroft Collection, Trip Report Files, Baker, James A. III Trip Report Files, OA/ID 91164–009, Baker Trip Reports [2] [3].","https://catalog.archives.gov/id/366552114","https://catalog.archives.gov/medialz/presidential-libraries/bush/gb-gbs/4545979/41-bpr-scow-trip-baker-91164-009.pdf"
"366552115","9999-12-31","9999-12-31","Date not established","No date in folder title","Baker Trip Reports [2] [4]","91164-010","4545979","Trip Report Files","Series context and cross-volume routing","Series context","","","","verified","George H.W. Bush Presidential Records","Trip Report Files","Baker, James A. III Trip Report Files","true","0","40500667","1234","HTTP Content-Length","Restricted - Possibly","157699","27","11","0","0","15","78","26","17","15","5","12","0","1","George H.W. Bush Library, Bush Presidential Records, Brent Scowcroft Collection, Trip Report Files, Baker, James A. III Trip Report Files, OA/ID 91164–010, Baker Trip Reports [2] [4].","Source: George H.W. Bush Library, Bush Presidential Records, Brent Scowcroft Collection, Trip Report Files, Baker, James A. III Trip Report Files, OA/ID 91164–010, Baker Trip Reports [2] [4].","https://catalog.archives.gov/id/366552115","https://catalog.archives.gov/medialz/presidential-libraries/bush/gb-gbs/4545979/41-bpr-scow-trip-baker-91164-010.pdf"
"366552116","9999-12-31","9999-12-31","Date not established","No date in folder title","Baker Trip Reports [2] [5]","91164-011","4545979","Trip Report Files","Series context and cross-volume routing","Series context","","","","verified","George H.W. Bush Presidential Records","Trip Report Files","Baker, James A. III Trip Report Files","true","0","16666620","1234","HTTP Content-Length","Restricted - Possibly","65719","13","4","0","0","6","18","3","10","2","3","0","0","0","George H.W. Bush Library, Bush Presidential Records, Brent Scowcroft Collection, Trip Report Files, Baker, James A. III Trip Report Files, OA/ID 91164–011, Baker Trip Reports [2] [5].","Source: George H.W. Bush Library, Bush Presidential Records, Brent Scowcroft Collection, Trip Report Files, Baker, James A. III Trip Report Files, OA/ID 91164–011, Baker Trip Reports [2] [5].","https://catalog.archives.gov/id/366552116","https://catalog.archives.gov/medialz/presidential-libraries/bush/gb-gbs/4545979/41-bpr-scow-trip-baker-91164-011.pdf"
"366552117","9999-12-31","9999-12-31","Date not established","No date in folder title","Eagleburger Trip Reports [1]","91165-001","4545979","Trip Report Files","Series context and cross-volume routing","Series context","","","","verified","George H.W. Bush Presidential Records","Trip Report Files","Eagleburger, Lawrence Trip Reports Files","true","0","8891622","1234","HTTP Content-Length","Restricted - Possibly","36452","4","0","0","0","12","12","1","11","0","0","0","0","0","George H.W. Bush Library, Bush Presidential Records, Brent Scowcroft Collection, Trip Report Files, Eagleburger, Lawrence Trip Reports Files, OA/ID 91165–001, Eagleburger Trip Reports [1].","Source: George H.W. Bush Library, Bush Presidential Records, Brent Scowcroft Collection, Trip Report Files, Eagleburger, Lawrence Trip Reports Files, OA/ID 91165–001, Eagleburger Trip Reports [1].","https://catalog.archives.gov/id/366552117","https://catalog.archives.gov/medialz/presidential-libraries/bush/gb-gbs/4545979/41-bpr-scow-trip-eagle-91165-001.pdf"
"366552118","9999-12-31","9999-12-31","Date not established","No date in folder title","Eagleburger Trip Reports [2]","91165-002","4545979","Trip Report Files","Series context and cross-volume routing","Series context","","","","verified","George H.W. Bush Presidential Records","Trip Report Files","Eagleburger, Lawrence Trip Reports Files","true","0","","1234","Served size not measured","Restricted - Possibly","36420","4","0","0","0","12","11","0","11","0","0","0","0","0","George H.W. Bush Library, Bush Presidential Records, Brent Scowcroft Collection, Trip Report Files, Eagleburger, Lawrence Trip Reports Files, OA/ID 91165–002, Eagleburger Trip Reports [2].","Source: George H.W. Bush Library, Bush Presidential Records, Brent Scowcroft Collection, Trip Report Files, Eagleburger, Lawrence Trip Reports Files, OA/ID 91165–002, Eagleburger Trip Reports [2].","https://catalog.archives.gov/id/366552118","https://catalog.archives.gov/medialz/presidential-libraries/bush/gb-gbs/4545979/41-bpr-scow-trip-eagle-91165-002.pdf"
"366552129","9999-12-31","9999-12-31","Date not established","No date in folder title","5200 Chron File - PRS System Copies - CF00345","91167-001","74785770","Brent Scowcroft Administrative Files","Series context and cross-volume routing","Series context","","","","verified","George H.W. Bush Presidential Records","Miscellaneous Files","","true","0","843860","1234","HTTP Content-Length","Restricted - Possibly","2520","0","1","0","0","0","0","0","0","0","0","0","0","0","George H.W. Bush Library, Bush Presidential Records, Brent Scowcroft Collection, Administrative Files, OA/ID 91167–001, 5200 Chron File—PRS System Copies—CF00345.","Source: George H.W. Bush Library, Bush Presidential Records, Brent Scowcroft Collection, Administrative Files, OA/ID 91167–001, 5200 Chron File—PRS System Copies—CF00345.","https://catalog.archives.gov/id/366552129","https://catalog.archives.gov/medialz/presidential-libraries/bush/gb-gbs/74785770/41-bpr-scow-misc-91167-001.pdf"
"366552130","9999-12-31","9999-12-31","Date not established","No date in folder title","List of Documents","91167-002","74785770","Brent Scowcroft Administrative Files","Series context and cross-volume routing","Series context","","","","verified","George H.W. Bush Presidential Records","Miscellaneous Files","","true","0","5564694","1234","HTTP Content-Length","Restricted - Possibly","12522","0","0","0","0","1","5","2","0","0","1","1","0","0","George H.W. Bush Library, Bush Presidential Records, Brent Scowcroft Collection, Administrative Files, OA/ID 91167–002, List of Documents.","Source: George H.W. Bush Library, Bush Presidential Records, Brent Scowcroft Collection, Administrative Files, OA/ID 91167–002, List of Documents.","https://catalog.archives.gov/id/366552130","https://catalog.archives.gov/medialz/presidential-libraries/bush/gb-gbs/74785770/41-bpr-scow-misc-91167-002.pdf"
"366552132","9999-12-31","9999-12-31","Date not established","No date in folder title","[Copies from Other Files] [1]","91167-004","74785770","Brent Scowcroft Administrative Files","Series context and cross-volume routing","Parallel-copy context","","","","verified","George H.W. Bush Presidential Records","Miscellaneous Files","","true","0","26801194","1234","HTTP Content-Length","Restricted - Possibly","93072","4","1","3","0","8","25","15","6","2","0","0","0","0","George H.W. Bush Library, Bush Presidential Records, Brent Scowcroft Collection, Administrative Files, OA/ID 91167–004, [Copies from Other Files] [1].","Source: George H.W. Bush Library, Bush Presidential Records, Brent Scowcroft Collection, Administrative Files, OA/ID 91167–004, [Copies from Other Files] [1].","https://catalog.archives.gov/id/366552132","https://catalog.archives.gov/medialz/presidential-libraries/bush/gb-gbs/74785770/41-bpr-scow-misc-91167-004.pdf"
"366552133","9999-12-31","9999-12-31","Date not established","No date in folder title","[Copies from Other Files] [2]","91167-005","74785770","Brent Scowcroft Administrative Files","Series context and cross-volume routing","Parallel-copy context","","","","verified","George H.W. Bush Presidential Records","Miscellaneous Files","","true","0","36012647","1234","HTTP Content-Length","Restricted - Possibly","137019","0","1","2","0","5","55","24","6","11","0","7","2","1","George H.W. Bush Library, Bush Presidential Records, Brent Scowcroft Collection, Administrative Files, OA/ID 91167–005, [Copies from Other Files] [2].","Source: George H.W. Bush Library, Bush Presidential Records, Brent Scowcroft Collection, Administrative Files, OA/ID 91167–005, [Copies from Other Files] [2].","https://catalog.archives.gov/id/366552133","https://catalog.archives.gov/medialz/presidential-libraries/bush/gb-gbs/74785770/41-bpr-scow-misc-91167-005.pdf"
"366552134","9999-12-31","9999-12-31","Date not established","No date in folder title","[Copies from Other Files] [3]","91167-006","74785770","Brent Scowcroft Administrative Files","Series context and cross-volume routing","Parallel-copy context","","","","verified","George H.W. Bush Presidential Records","Miscellaneous Files","","true","0","23718693","1234","HTTP Content-Length","Restricted - Possibly","77471","4","1","4","0","4","11","7","2","0","0","2","0","0","George H.W. Bush Library, Bush Presidential Records, Brent Scowcroft Collection, Administrative Files, OA/ID 91167–006, [Copies from Other Files] [3].","Source: George H.W. Bush Library, Bush Presidential Records, Brent Scowcroft Collection, Administrative Files, OA/ID 91167–006, [Copies from Other Files] [3].","https://catalog.archives.gov/id/366552134","https://catalog.archives.gov/medialz/presidential-libraries/bush/gb-gbs/74785770/41-bpr-scow-misc-91167-006.pdf"
