"id","date","displayDateLabel","datePrecision","title","seriesTitle","heading","dateline","type","chapter","selection","releaseStatus","pageCount","extentLabel","classification","naid","localId","sourceNoteStatus","sourceNoteBasis","archivalLocator","topics","notes","catalogUrl","pdfUrl"
"scowcroft-366551712","1989-01-01","1989-1993","range","France (Outgoing) 1989-1993","Presidential Correspondence Files","Brent Scowcroft Collection File: France (Outgoing) 1989-1993","1989-1993","Brent Scowcroft collection file","Economic Summits and Industrialized-Country Cooperation","Core","Online file unit; item audit pending","","Official file-unit PDF online; served-PDF page extent and document-level release or withdrawal status not measured in this collection-wide pass","Mixed; document-level audit required","366551712","91114–006","locator","Opening provenance marker and full NARA OCR checked; file-unit locator only pending document boundaries, terminal markings, release status, and canonical-copy review in the source images.","George H.W. Bush Library, Bush Presidential Records, Brent Scowcroft Collection, Presidential Correspondence Files, Head of State Message Files, OA/ID 91114–006, France (Outgoing) 1989—1993.","Head-of-state correspondence; France; Economic coordination; Trade and market access; Debt and international finance; Economic summits and G-7; Transition economies; Energy; Agriculture","Direct Volume XXX review. Outgoing presidential correspondence with France includes economic-summit, trade, finance, or transition-policy material identified in the complete OCR screen. Separate substantive messages from courtesy and security correspondence before selection. Cross-check each message against the general Chronological Files, Special Channel files, and the presidential-correspondence index; retain one archival copy as the citation authority. Promote an individual document only after checking its heading, dateline, terminal classification, release status, exact extent, and controlling copy in the source images.","https://catalog.archives.gov/id/366551712","https://catalog.archives.gov/medialz/presidential-libraries/bush/gb-gbs/4545941/41-bpr-scow-pcor-hosm-91114-006.pdf"
"scowcroft-366551714","1989-01-01","1989-1993","range","Germany (Outgoing) 1989-1993","Presidential Correspondence Files","Brent Scowcroft Collection File: Germany (Outgoing) 1989-1993","1989-1993","Brent Scowcroft collection file","Economic Summits and Industrialized-Country Cooperation","Core","Online file unit; item audit pending","","Official file-unit PDF online; served-PDF page extent and document-level release or withdrawal status not measured in this collection-wide pass","Mixed; document-level audit required","366551714","91114–008","locator","Opening provenance marker and full NARA OCR checked; file-unit locator only pending document boundaries, terminal markings, release status, and canonical-copy review in the source images.","George H.W. Bush Library, Bush Presidential Records, Brent Scowcroft Collection, Presidential Correspondence Files, Head of State Message Files, OA/ID 91114–008, Germany (Outgoing) 1989—1993.","Head-of-state correspondence; Germany; Economic coordination; Trade and market access; Debt and international finance; Economic summits and G-7; Transition economies; Energy; Agriculture","Direct Volume XXX review. Outgoing presidential correspondence with Germany includes economic-summit, trade, finance, or transition-policy material identified in the complete OCR screen. Separate substantive messages from courtesy and security correspondence before selection. Cross-check each message against the general Chronological Files, Special Channel files, and the presidential-correspondence index; retain one archival copy as the citation authority. Promote an individual document only after checking its heading, dateline, terminal classification, release status, exact extent, and controlling copy in the source images.","https://catalog.archives.gov/id/366551714","https://catalog.archives.gov/medialz/presidential-libraries/bush/gb-gbs/4545941/41-bpr-scow-pcor-hosm-91114-008.pdf"
"scowcroft-366551716","1989-01-01","1989-1993","range","Italy (Outgoing) 1989-1993","Presidential Correspondence Files","Brent Scowcroft Collection File: Italy (Outgoing) 1989-1993","1989-1993","Brent Scowcroft collection file","Monetary Policy, Debt, and International Institutions","Core","Online file unit; item audit pending","","Official file-unit PDF online; served-PDF page extent and document-level release or withdrawal status not measured in this collection-wide pass","Mixed; document-level audit required","366551716","91114–010","locator","Opening provenance marker and full NARA OCR checked; file-unit locator only pending document boundaries, terminal markings, release status, and canonical-copy review in the source images.","George H.W. Bush Library, Bush Presidential Records, Brent Scowcroft Collection, Presidential Correspondence Files, Head of State Message Files, OA/ID 91114–010, Italy (Outgoing) 1989—1993.","Head-of-state correspondence; Italy; Economic coordination; Trade and market access; Debt and international finance; Economic summits and G-7; Transition economies; Energy; Agriculture","Direct Volume XXX review. Outgoing presidential correspondence with Italy includes economic-summit, trade, finance, or transition-policy material identified in the complete OCR screen. Separate substantive messages from courtesy and security correspondence before selection. Cross-check each message against the general Chronological Files, Special Channel files, and the presidential-correspondence index; retain one archival copy as the citation authority. Promote an individual document only after checking its heading, dateline, terminal classification, release status, exact extent, and controlling copy in the source images.","https://catalog.archives.gov/id/366551716","https://catalog.archives.gov/medialz/presidential-libraries/bush/gb-gbs/4545941/41-bpr-scow-pcor-hosm-91114-010.pdf"
"scowcroft-366551718","1989-01-01","1989-1993","range","Japan (Outgoing) 1989-1993","Presidential Correspondence Files","Brent Scowcroft Collection File: Japan (Outgoing) 1989-1993","1989-1993","Brent Scowcroft collection file","Trade Policy and Market Access","Core","Online file unit; item audit pending","","Official file-unit PDF online; served-PDF page extent and document-level release or withdrawal status not measured in this collection-wide pass","Mixed; document-level audit required","366551718","91115–002","locator","Opening provenance marker and full NARA OCR checked; file-unit locator only pending document boundaries, terminal markings, release status, and canonical-copy review in the source images.","George H.W. Bush Library, Bush Presidential Records, Brent Scowcroft Collection, Presidential Correspondence Files, Head of State Message Files, OA/ID 91115–002, Japan (Outgoing) 1989—1993.","Head-of-state correspondence; Japan; Economic coordination; Trade and market access; Debt and international finance; Economic summits and G-7; Transition economies; Energy; Agriculture","Direct Volume XXX review. Outgoing presidential correspondence with Japan includes economic-summit, trade, finance, or transition-policy material identified in the complete OCR screen. Separate substantive messages from courtesy and security correspondence before selection. Cross-check each message against the general Chronological Files, Special Channel files, and the presidential-correspondence index; retain one archival copy as the citation authority. Promote an individual document only after checking its heading, dateline, terminal classification, release status, exact extent, and controlling copy in the source images.","https://catalog.archives.gov/id/366551718","https://catalog.archives.gov/medialz/presidential-libraries/bush/gb-gbs/4545941/41-bpr-scow-pcor-hosm-91115-002.pdf"
"scowcroft-366551990","1989-01-01","January-March 1989","range","Other (January-March 1989)","Chronological Files","Brent Scowcroft Collection File: Other (January-March 1989)","January-March 1989","Brent Scowcroft collection file","Economic Summits and Industrialized-Country Cooperation","Core","Online file unit; item audit pending","","Official file-unit PDF online; served-PDF page extent and document-level release or withdrawal status not measured in this collection-wide pass","Mixed; document-level audit required","366551990","91148–001","locator","Opening provenance marker and full NARA OCR checked; file-unit locator only pending document boundaries, terminal markings, release status, and canonical-copy review in the source images.","George H.W. Bush Library, Bush Presidential Records, Brent Scowcroft Collection, Chronological Files, OA/ID 91148–001, Other (January—March 1989).","G-7; Paris Economic Summit; EC 1992; Trade and market access; Debt and international finance; Economic summits and G-7; Energy; Agriculture","Direct Volume XXX review. The folder lists the January 31 paper on the U.S. position at the G-7, background papers on EC 1992, the February 28 paper on next steps for the Paris Economic Summit, and Scowcroft memoranda on summit preparations. Promote an individual document only after checking its heading, dateline, terminal classification, release status, exact extent, and controlling copy in the source images.","https://catalog.archives.gov/id/366551990","https://catalog.archives.gov/medialz/presidential-libraries/bush/gb-gbs/4708326/41-bpr-scow-chron-91148-001.pdf"
"scowcroft-366551723","1989-01-01","1989-1993","range","United Kingdom (Outgoing) 1989-1993 [1]","Presidential Correspondence Files","Brent Scowcroft Collection File: United Kingdom (Outgoing) 1989-1993 [1]","1989-1993","Brent Scowcroft collection file","Transition Economies and International Economic Strategy","Core","Online file unit; item audit pending","","Official file-unit PDF online; served-PDF page extent and document-level release or withdrawal status not measured in this collection-wide pass","Mixed; document-level audit required","366551723","91115–007","locator","Opening provenance marker and full NARA OCR checked; file-unit locator only pending document boundaries, terminal markings, release status, and canonical-copy review in the source images.","George H.W. Bush Library, Bush Presidential Records, Brent Scowcroft Collection, Presidential Correspondence Files, Head of State Message Files, OA/ID 91115–007, United Kingdom (Outgoing) 1989—1993 [1].","Head-of-state correspondence; United Kingdom; Economic coordination; Trade and market access; Debt and international finance; Economic summits and G-7; Transition economies; Strategic trade and technology; Energy; Agriculture","Direct Volume XXX review. Outgoing presidential correspondence with United Kingdom includes economic-summit, trade, finance, or transition-policy material identified in the complete OCR screen. Separate substantive messages from courtesy and security correspondence before selection. Cross-check each message against the general Chronological Files, Special Channel files, and the presidential-correspondence index; retain one archival copy as the citation authority. Promote an individual document only after checking its heading, dateline, terminal classification, release status, exact extent, and controlling copy in the source images.","https://catalog.archives.gov/id/366551723","https://catalog.archives.gov/medialz/presidential-libraries/bush/gb-gbs/4545941/41-bpr-scow-pcor-hosm-91115-007.pdf"
"scowcroft-366551724","1989-01-01","1989-1993","range","United Kingdom (Outgoing) 1989-1993 [2]","Presidential Correspondence Files","Brent Scowcroft Collection File: United Kingdom (Outgoing) 1989-1993 [2]","1989-1993","Brent Scowcroft collection file","Transition Economies and International Economic Strategy","Core","Online file unit; item audit pending","","Official file-unit PDF online; served-PDF page extent and document-level release or withdrawal status not measured in this collection-wide pass","Mixed; document-level audit required","366551724","91115–008","locator","Opening provenance marker and full NARA OCR checked; file-unit locator only pending document boundaries, terminal markings, release status, and canonical-copy review in the source images.","George H.W. Bush Library, Bush Presidential Records, Brent Scowcroft Collection, Presidential Correspondence Files, Head of State Message Files, OA/ID 91115–008, United Kingdom (Outgoing) 1989—1993 [2].","Head-of-state correspondence; United Kingdom; Economic coordination; Trade and market access; Debt and international finance; Economic summits and G-7; Transition economies; Energy; Agriculture","Direct Volume XXX review. Outgoing presidential correspondence with United Kingdom includes economic-summit, trade, finance, or transition-policy material identified in the complete OCR screen. Separate substantive messages from courtesy and security correspondence before selection. Cross-check each message against the general Chronological Files, Special Channel files, and the presidential-correspondence index; retain one archival copy as the citation authority. Promote an individual document only after checking its heading, dateline, terminal classification, release status, exact extent, and controlling copy in the source images.","https://catalog.archives.gov/id/366551724","https://catalog.archives.gov/medialz/presidential-libraries/bush/gb-gbs/4545941/41-bpr-scow-pcor-hosm-91115-008.pdf"
"scowcroft-366551660","1989-01-24","January 24, 1989-February 25, 1989","range","Presidential Meetings—Memorandum of Conversations 1/24/89-2/25/89","Presidential Correspondence Files","Brent Scowcroft Collection File: Presidential Meetings—Memorandum of Conversations 1/24/89-2/25/89","January 24, 1989-February 25, 1989","Brent Scowcroft collection file","Monetary Policy, Debt, and International Institutions","Core","Online file unit; item audit pending","","Official file-unit PDF online; served-PDF page extent and document-level release or withdrawal status not measured in this collection-wide pass","Mixed; document-level audit required","366551660","91107–001","locator","Opening provenance marker and full NARA OCR checked; file-unit locator only pending document boundaries, terminal markings, release status, and canonical-copy review in the source images.","George H.W. Bush Library, Bush Presidential Records, Brent Scowcroft Collection, Presidential Correspondence Files, Presidential Memcons Files, OA/ID 91107–001, Presidential Meetings—Memorandum of Conversations 1/24/89—2/25/89.","Presidential conversations; Economic-content review; Parallel-copy check; Trade and market access; Debt and international finance; Economic summits and G-7; Transition economies; Energy; Agriculture","Direct Volume XXX review. The complete Scowcroft folder contains presidential memoranda of conversation or telephone conversations with substantive economic-policy OCR signals. Review each conversation separately and promote only the passages that bear directly on Volume XXX. Parallel-copy control: match each conversation to the Bush Library Memcons and Telcons index and its canonical NARA item before selection. A Scowcroft folder copy is not a second documentary entry. Promote an individual document only after checking its heading, dateline, terminal classification, release status, exact extent, and controlling copy in the source images.","https://catalog.archives.gov/id/366551660","https://catalog.archives.gov/medialz/presidential-libraries/bush/gb-gbs/4545941/41-bpr-scow-pcor-memcon-91107-001.pdf"
"scowcroft-366552131","1989-02-14","February 14-July 31, 1989","range","Miscellaneous","Brent Scowcroft Administrative Files","Brent Scowcroft Collection File: Miscellaneous","February 14-July 31, 1989","Brent Scowcroft collection file","Transition Economies and International Economic Strategy","Core","Online file unit; item audit pending","","Official file-unit PDF online; served-PDF page extent and document-level release or withdrawal status not measured in this collection-wide pass","Mixed; document-level audit required","366552131","91167–003","locator","Opening provenance marker and full NARA OCR checked; file-unit locator only pending document boundaries, terminal markings, release status, and canonical-copy review in the source images.","George H.W. Bush Library, Bush Presidential Records, Brent Scowcroft Collection, Administrative Files, OA/ID 91167–003, Miscellaneous.","Poland and Hungary; Eastern European economic initiative; Economic outreach; Trade and market access; Debt and international finance; Economic summits and G-7; Transition economies; Strategic trade and technology; Energy; Agriculture","Direct Volume XXX review. This miscellaneous file contains reports titled Eastern European Economic Initiative and Economic Outreach to Eastern Europe, a presidential message to EC Commission President Delors, and records on the international support meeting for Poland and Hungary. Several items are convenience copies from policy and correspondence files; use this folder as a discovery lead until the controlling copy is identified. Promote an individual document only after checking its heading, dateline, terminal classification, release status, exact extent, and controlling copy in the source images.","https://catalog.archives.gov/id/366552131","https://catalog.archives.gov/medialz/presidential-libraries/bush/gb-gbs/74785770/41-bpr-scow-misc-91167-003.pdf"
"scowcroft-366551661","1989-02-26","February 26, 1989-April 19, 1989","range","Presidential Meetings—Memorandum of Conversations 2/26/89-4/19/89","Presidential Correspondence Files","Brent Scowcroft Collection File: Presidential Meetings—Memorandum of Conversations 2/26/89-4/19/89","February 26, 1989-April 19, 1989","Brent Scowcroft collection file","Strategic Trade, Technology, and Investment Controls","Core","Online file unit; item audit pending","","Official file-unit PDF online; served-PDF page extent and document-level release or withdrawal status not measured in this collection-wide pass","Mixed; document-level audit required","366551661","91107–002","locator","Opening provenance marker and full NARA OCR checked; file-unit locator only pending document boundaries, terminal markings, release status, and canonical-copy review in the source images.","George H.W. Bush Library, Bush Presidential Records, Brent Scowcroft Collection, Presidential Correspondence Files, Presidential Memcons Files, OA/ID 91107–002, Presidential Meetings—Memorandum of Conversations 2/26/89—4/19/89.","Presidential conversations; Economic-content review; Parallel-copy check; Trade and market access; Debt and international finance; Economic summits and G-7; Transition economies; Strategic trade and technology; Energy; Agriculture","Direct Volume XXX review. The complete Scowcroft folder contains presidential memoranda of conversation or telephone conversations with substantive economic-policy OCR signals. Review each conversation separately and promote only the passages that bear directly on Volume XXX. Parallel-copy control: match each conversation to the Bush Library Memcons and Telcons index and its canonical NARA item before selection. A Scowcroft folder copy is not a second documentary entry. Promote an individual document only after checking its heading, dateline, terminal classification, release status, exact extent, and controlling copy in the source images.","https://catalog.archives.gov/id/366551661","https://catalog.archives.gov/medialz/presidential-libraries/bush/gb-gbs/4545941/41-bpr-scow-pcor-memcon-91107-002.pdf"
"scowcroft-366551795","1989-03-01","March-April 1989","range","Soviet Power Collapse in Eastern Europe (March-April 1989)","USSR Chronological Files","Brent Scowcroft Collection File: Soviet Power Collapse in Eastern Europe (March-April 1989)","March-April 1989","Brent Scowcroft collection file","Monetary Policy, Debt, and International Institutions","Boundary","Online file unit; item audit pending","","Official file-unit PDF online; served-PDF page extent and document-level release or withdrawal status not measured in this collection-wide pass","Mixed; document-level audit required","366551795","91124–001","locator","Opening provenance marker and full NARA OCR checked; file-unit locator only pending document boundaries, terminal markings, release status, and canonical-copy review in the source images.","George H.W. Bush Library, Bush Presidential Records, Brent Scowcroft Collection, USSR Chronological Files, Soviet Power Collapse in Eastern Europe Files, OA/ID 91124–001, Soviet Power Collapse in Eastern Europe (March—April 1989).","Poland; Debt relief; Economic reform; Trade and market access; Debt and international finance; Economic summits and G-7; Transition economies; Strategic trade and technology; Energy; Agriculture","Cross-volume boundary review. The full OCR and opening withdrawal inventory identify a significant foreign-economic-policy strand, but the principal narrative belongs in a regional, Soviet, China, German-unification, or Persian Gulf volume. Review for cross-reference or a narrowly selected economic-policy document. Special-separate copy sets, meeting-file duplicates, and later retrospective chronologies are not separately promoted. Compare this file with the controlling regional and presidential records before selection. Promote an individual document only after checking its heading, dateline, terminal classification, release status, exact extent, and controlling copy in the source images.","https://catalog.archives.gov/id/366551795","https://catalog.archives.gov/medialz/presidential-libraries/bush/gb-gbs/4708332/41-bpr-scow-ussrch-svp-91124-001.pdf"
"scowcroft-366551992","1989-04-01","April 1989","range","Other (April 1989) [2]","Chronological Files","Brent Scowcroft Collection File: Other (April 1989) [2]","April 1989","Brent Scowcroft collection file","Strategic Trade, Technology, and Investment Controls","Core","Online file unit; item audit pending","","Official file-unit PDF online; served-PDF page extent and document-level release or withdrawal status not measured in this collection-wide pass","Mixed; document-level audit required","366551992","91148–003","locator","Opening provenance marker and full NARA OCR checked; file-unit locator only pending document boundaries, terminal markings, release status, and canonical-copy review in the source images.","George H.W. Bush Library, Bush Presidential Records, Brent Scowcroft Collection, Chronological Files, OA/ID 91148–003, Other (April 1989) [2].","COCOM; Trade Strategy Review; Export Enhancement Program; Japan telecommunications; Trade and market access; Debt and international finance; Economic summits and G-7; Transition economies; Strategic trade and technology; Energy; Agriculture","Direct Volume XXX review. The opening inventory identifies Economic Policy Directive 1, Brady's Trade Strategy Review, the Soviet Export Enhancement Program decision package, Japan telecommunications determinations, and a White House Summit Group packet. Promote an individual document only after checking its heading, dateline, terminal classification, release status, exact extent, and controlling copy in the source images.","https://catalog.archives.gov/id/366551992","https://catalog.archives.gov/medialz/presidential-libraries/bush/gb-gbs/4708326/41-bpr-scow-chron-91148-003.pdf"
"scowcroft-366551662","1989-04-19","April 19, 1989-May 31, 1989","range","Presidential Meetings—Memorandum of Conversations 4/19/89-5/31/89","Presidential Correspondence Files","Brent Scowcroft Collection File: Presidential Meetings—Memorandum of Conversations 4/19/89-5/31/89","April 19, 1989-May 31, 1989","Brent Scowcroft collection file","Transition Economies and International Economic Strategy","Core","Online file unit; item audit pending","","Official file-unit PDF online; served-PDF page extent and document-level release or withdrawal status not measured in this collection-wide pass","Mixed; document-level audit required","366551662","91107–003","locator","Opening provenance marker and full NARA OCR checked; file-unit locator only pending document boundaries, terminal markings, release status, and canonical-copy review in the source images.","George H.W. Bush Library, Bush Presidential Records, Brent Scowcroft Collection, Presidential Correspondence Files, Presidential Memcons Files, OA/ID 91107–003, Presidential Meetings—Memorandum of Conversations 4/19/89—5/31/89.","Presidential conversations; Economic-content review; Parallel-copy check; Trade and market access; Debt and international finance; Economic summits and G-7; Transition economies; Strategic trade and technology; Energy; Agriculture","Direct Volume XXX review. The complete Scowcroft folder contains presidential memoranda of conversation or telephone conversations with substantive economic-policy OCR signals. Review each conversation separately and promote only the passages that bear directly on Volume XXX. Parallel-copy control: match each conversation to the Bush Library Memcons and Telcons index and its canonical NARA item before selection. A Scowcroft folder copy is not a second documentary entry. Promote an individual document only after checking its heading, dateline, terminal classification, release status, exact extent, and controlling copy in the source images.","https://catalog.archives.gov/id/366551662","https://catalog.archives.gov/medialz/presidential-libraries/bush/gb-gbs/4545941/41-bpr-scow-pcor-memcon-91107-003.pdf"
"scowcroft-366552163","1989-04-28","April 28, 1989-June 24, 1992","range","Brady, Nicholas","Brent Scowcroft Administrative Files","Brent Scowcroft Collection File: Brady, Nicholas","April 28, 1989-June 24, 1992","Brent Scowcroft collection file","Monetary Policy, Debt, and International Institutions","Core","Online file unit; item audit pending","","Official file-unit PDF online; served-PDF page extent and document-level release or withdrawal status not measured in this collection-wide pass","Mixed; document-level audit required","366552163","85036–008","locator","Opening provenance marker and full NARA OCR checked; file-unit locator only pending document boundaries, terminal markings, release status, and canonical-copy review in the source images.","George H.W. Bush Library, Bush Presidential Records, Brent Scowcroft Collection, Administrative Files, OA/ID 85036–008, Brady, Nicholas.","Nicholas Brady; IMF negotiations with Russia; Post-Gulf economy; NAFTA boundary; Trade and market access; Debt and international finance; Economic summits and G-7; Energy; Agriculture","Direct Volume XXX review. The folder inventory identifies a draft review of U.S. economic policy toward Latin America, IMF negotiations with Russia, Brady's memorandum on post-Gulf international economic issues, Gulf financing, and a NAFTA letter requiring Volume XXXIII routing. The draft review overlaps the NSR series, and the NAFTA item belongs primarily in Volume XXXIII. Compare those controlling files before promotion. Promote an individual document only after checking its heading, dateline, terminal classification, release status, exact extent, and controlling copy in the source images.","https://catalog.archives.gov/id/366552163","https://catalog.archives.gov/medialz/presidential-libraries/bush/gb-gbs/74785770/41-bpr-scow-admin-85036-008.pdf"
"scowcroft-366551687","1989-05-10","May 10, 1989-July 27, 1989","range","Presidential Telephone Calls—Memorandum of Conversations 5/10/89-7/27/89","Presidential Correspondence Files","Brent Scowcroft Collection File: Presidential Telephone Calls—Memorandum of Conversations 5/10/89-7/27/89","May 10, 1989-July 27, 1989","Brent Scowcroft collection file","Economic Summits and Industrialized-Country Cooperation","Core","Online file unit; item audit pending","","Official file-unit PDF online; served-PDF page extent and document-level release or withdrawal status not measured in this collection-wide pass","Mixed; document-level audit required","366551687","91111–002","locator","Opening provenance marker and full NARA OCR checked; file-unit locator only pending document boundaries, terminal markings, release status, and canonical-copy review in the source images.","George H.W. Bush Library, Bush Presidential Records, Brent Scowcroft Collection, Presidential Correspondence Files, Presidential Telcon Files, OA/ID 91111–002, Presidential Telephone Calls—Memorandum of Conversations 5/10/89—7/27/89.","Presidential telephone conversations; Economic-content review; Parallel-copy check; Trade and market access; Debt and international finance; Economic summits and G-7; Energy","Direct Volume XXX review. The complete Scowcroft folder contains presidential memoranda of conversation or telephone conversations with substantive economic-policy OCR signals. Review each conversation separately and promote only the passages that bear directly on Volume XXX. Parallel-copy control: match each conversation to the Bush Library Memcons and Telcons index and its canonical NARA item before selection. A Scowcroft folder copy is not a second documentary entry. Promote an individual document only after checking its heading, dateline, terminal classification, release status, exact extent, and controlling copy in the source images.","https://catalog.archives.gov/id/366551687","https://catalog.archives.gov/medialz/presidential-libraries/bush/gb-gbs/4545941/41-bpr-scow-pcor-telcon-91111-002.pdf"
"scowcroft-366551910","1989-06-01","June 1989","range","Latin America—Economics (June 1989)","Latin America Files","Brent Scowcroft Collection File: Latin America—Economics (June 1989)","June 1989","Brent Scowcroft collection file","Economic Summits and Industrialized-Country Cooperation","Core","Online file unit; item audit pending","","Official file-unit PDF online; served-PDF page extent and document-level release or withdrawal status not measured in this collection-wide pass","Mixed; document-level audit required","366551910","91139–001","locator","Opening provenance marker and full NARA OCR checked; file-unit locator only pending document boundaries, terminal markings, release status, and canonical-copy review in the source images.","George H.W. Bush Library, Bush Presidential Records, Brent Scowcroft Collection, Latin American Files, Economic Chronological Files, OA/ID 91139–001, Latin America—Economics (June 1989).","Latin America; Economic policy; Debt and trade; Trade and market access; Debt and international finance; Economic summits and G-7; Agriculture","Direct Volume XXX review. This file belongs to the complete 13-folder Economic Chronological Files subseries. Screen its decision memoranda, presidential meeting materials, debt papers, trade papers, and follow-up actions individually for Volume XXX and route country-policy material to the appropriate regional volume. Country meeting packets and presidential conversations may duplicate the Presidential Correspondence Files or regional NSC staff files; compare dates, subjects, and document text before promotion. Promote an individual document only after checking its heading, dateline, terminal classification, release status, exact extent, and controlling copy in the source images.","https://catalog.archives.gov/id/366551910","https://catalog.archives.gov/medialz/presidential-libraries/bush/gb-gbs/4545957/41-bpr-scow-la-econchr-91139-001.pdf"
"scowcroft-366551663","1989-06-01","June 1, 1989-July 12, 1989","range","Presidential Meetings—Memorandum of Conversations 6/1/89-7/12/89","Presidential Correspondence Files","Brent Scowcroft Collection File: Presidential Meetings—Memorandum of Conversations 6/1/89-7/12/89","June 1, 1989-July 12, 1989","Brent Scowcroft collection file","Monetary Policy, Debt, and International Institutions","Core","Online file unit; item audit pending","","Official file-unit PDF online; served-PDF page extent and document-level release or withdrawal status not measured in this collection-wide pass","Mixed; document-level audit required","366551663","91107–004","locator","Opening provenance marker and full NARA OCR checked; file-unit locator only pending document boundaries, terminal markings, release status, and canonical-copy review in the source images.","George H.W. Bush Library, Bush Presidential Records, Brent Scowcroft Collection, Presidential Correspondence Files, Presidential Memcons Files, OA/ID 91107–004, Presidential Meetings—Memorandum of Conversations 6/1/89—7/12/89.","Presidential conversations; Economic-content review; Parallel-copy check; Trade and market access; Debt and international finance; Economic summits and G-7; Transition economies; Strategic trade and technology; Energy; Agriculture","Direct Volume XXX review. The complete Scowcroft folder contains presidential memoranda of conversation or telephone conversations with substantive economic-policy OCR signals. Review each conversation separately and promote only the passages that bear directly on Volume XXX. Parallel-copy control: match each conversation to the Bush Library Memcons and Telcons index and its canonical NARA item before selection. A Scowcroft folder copy is not a second documentary entry. Promote an individual document only after checking its heading, dateline, terminal classification, release status, exact extent, and controlling copy in the source images.","https://catalog.archives.gov/id/366551663","https://catalog.archives.gov/medialz/presidential-libraries/bush/gb-gbs/4545941/41-bpr-scow-pcor-memcon-91107-004.pdf"
"scowcroft-366551911","1989-07-01","July-October 1989","range","Latin America—Economics (July-October 1989)","Latin America Files","Brent Scowcroft Collection File: Latin America—Economics (July-October 1989)","July-October 1989","Brent Scowcroft collection file","Monetary Policy, Debt, and International Institutions","Core","Online file unit; item audit pending","","Official file-unit PDF online; served-PDF page extent and document-level release or withdrawal status not measured in this collection-wide pass","Mixed; document-level audit required","366551911","91139–002","locator","Opening provenance marker and full NARA OCR checked; file-unit locator only pending document boundaries, terminal markings, release status, and canonical-copy review in the source images.","George H.W. Bush Library, Bush Presidential Records, Brent Scowcroft Collection, Latin American Files, Economic Chronological Files, OA/ID 91139–002, Latin America—Economics (July—October 1989).","Latin America; Economic policy; Debt and trade; Trade and market access; Debt and international finance; Economic summits and G-7; Transition economies; Energy; Agriculture","Direct Volume XXX review. This file belongs to the complete 13-folder Economic Chronological Files subseries. Screen its decision memoranda, presidential meeting materials, debt papers, trade papers, and follow-up actions individually for Volume XXX and route country-policy material to the appropriate regional volume. Country meeting packets and presidential conversations may duplicate the Presidential Correspondence Files or regional NSC staff files; compare dates, subjects, and document text before promotion. Promote an individual document only after checking its heading, dateline, terminal classification, release status, exact extent, and controlling copy in the source images.","https://catalog.archives.gov/id/366551911","https://catalog.archives.gov/medialz/presidential-libraries/bush/gb-gbs/4545957/41-bpr-scow-la-econchr-91139-002.pdf"
"scowcroft-366551799","1989-07-01","July-August 1989","range","Soviet Power Collapse in Eastern Europe (July-August 1989)","USSR Chronological Files","Brent Scowcroft Collection File: Soviet Power Collapse in Eastern Europe (July-August 1989)","July-August 1989","Brent Scowcroft collection file","Transition Economies and International Economic Strategy","Boundary","Online file unit; item audit pending","","Official file-unit PDF online; served-PDF page extent and document-level release or withdrawal status not measured in this collection-wide pass","Mixed; document-level audit required","366551799","91124–005","locator","Opening provenance marker and full NARA OCR checked; file-unit locator only pending document boundaries, terminal markings, release status, and canonical-copy review in the source images.","George H.W. Bush Library, Bush Presidential Records, Brent Scowcroft Collection, USSR Chronological Files, Soviet Power Collapse in Eastern Europe Files, OA/ID 91124–005, Soviet Power Collapse in Eastern Europe (July—August 1989).","Eastern Europe; Economic assistance; Paris Summit; Trade and market access; Debt and international finance; Economic summits and G-7; Transition economies; Strategic trade and technology; Energy; Agriculture","Cross-volume boundary review. The full OCR and opening withdrawal inventory identify a significant foreign-economic-policy strand, but the principal narrative belongs in a regional, Soviet, China, German-unification, or Persian Gulf volume. Review for cross-reference or a narrowly selected economic-policy document. Special-separate copy sets, meeting-file duplicates, and later retrospective chronologies are not separately promoted. Compare this file with the controlling regional and presidential records before selection. Promote an individual document only after checking its heading, dateline, terminal classification, release status, exact extent, and controlling copy in the source images.","https://catalog.archives.gov/id/366551799","https://catalog.archives.gov/medialz/presidential-libraries/bush/gb-gbs/4708332/41-bpr-scow-ussrch-svp-91124-005.pdf"
"scowcroft-366551664","1989-07-14","July 14, 1989-October 2, 1989","range","Presidential Meetings—Memorandum of Conversations 7/14/89-10/2/89","Presidential Correspondence Files","Brent Scowcroft Collection File: Presidential Meetings—Memorandum of Conversations 7/14/89-10/2/89","July 14, 1989-October 2, 1989","Brent Scowcroft collection file","Economic Summits and Industrialized-Country Cooperation","Core","Online file unit; item audit pending","","Official file-unit PDF online; served-PDF page extent and document-level release or withdrawal status not measured in this collection-wide pass","Mixed; document-level audit required","366551664","91107–005","locator","Opening provenance marker and full NARA OCR checked; file-unit locator only pending document boundaries, terminal markings, release status, and canonical-copy review in the source images.","George H.W. Bush Library, Bush Presidential Records, Brent Scowcroft Collection, Presidential Correspondence Files, Presidential Memcons Files, OA/ID 91107–005, Presidential Meetings—Memorandum of Conversations 7/14/89—10/2/89.","Presidential conversations; Economic-content review; Parallel-copy check; Trade and market access; Debt and international finance; Economic summits and G-7; Transition economies; Agriculture","Direct Volume XXX review. The complete Scowcroft folder contains presidential memoranda of conversation or telephone conversations with substantive economic-policy OCR signals. Review each conversation separately and promote only the passages that bear directly on Volume XXX. Parallel-copy control: match each conversation to the Bush Library Memcons and Telcons index and its canonical NARA item before selection. A Scowcroft folder copy is not a second documentary entry. Promote an individual document only after checking its heading, dateline, terminal classification, release status, exact extent, and controlling copy in the source images.","https://catalog.archives.gov/id/366551664","https://catalog.archives.gov/medialz/presidential-libraries/bush/gb-gbs/4545941/41-bpr-scow-pcor-memcon-91107-005.pdf"
"scowcroft-366551860","1989-08-01","August-October 1989","range","China: Tiananmen (August-October 1989)","China Chronological Files","Brent Scowcroft Collection File: China: Tiananmen (August-October 1989)","August-October 1989","Brent Scowcroft collection file","Strategic Trade, Technology, and Investment Controls","Boundary","Online file unit; item audit pending","","Official file-unit PDF online; served-PDF page extent and document-level release or withdrawal status not measured in this collection-wide pass","Mixed; document-level audit required","366551860","91132–001","locator","Opening provenance marker and full NARA OCR checked; file-unit locator only pending document boundaries, terminal markings, release status, and canonical-copy review in the source images.","George H.W. Bush Library, Bush Presidential Records, Brent Scowcroft Collection, China Chronological Files, Tiananmen Files, OA/ID 91132–001, China: Tiananmen (August—October 1989).","China; Tiananmen sanctions; Export controls; Trade and market access; Debt and international finance; Economic summits and G-7; Transition economies; Strategic trade and technology; Agriculture","Cross-volume boundary review. The full OCR and opening withdrawal inventory identify a significant foreign-economic-policy strand, but the principal narrative belongs in a regional, Soviet, China, German-unification, or Persian Gulf volume. Review for cross-reference or a narrowly selected economic-policy document. Special-separate copy sets, meeting-file duplicates, and later retrospective chronologies are not separately promoted. Compare this file with the controlling regional and presidential records before selection. Promote an individual document only after checking its heading, dateline, terminal classification, release status, exact extent, and controlling copy in the source images.","https://catalog.archives.gov/id/366551860","https://catalog.archives.gov/medialz/presidential-libraries/bush/gb-gbs/4545955/41-bpr-scow-cc-tian-91132-001.pdf"
"scowcroft-366551688","1989-08-01","August 1, 1989-October 23, 1989","range","Presidential Telephone Calls—Memorandum of Conversations 8/1/89-10/23/89","Presidential Correspondence Files","Brent Scowcroft Collection File: Presidential Telephone Calls—Memorandum of Conversations 8/1/89-10/23/89","August 1, 1989-October 23, 1989","Brent Scowcroft collection file","Economic Summits and Industrialized-Country Cooperation","Core","Online file unit; item audit pending","","Official file-unit PDF online; served-PDF page extent and document-level release or withdrawal status not measured in this collection-wide pass","Mixed; document-level audit required","366551688","91111–003","locator","Opening provenance marker and full NARA OCR checked; file-unit locator only pending document boundaries, terminal markings, release status, and canonical-copy review in the source images.","George H.W. Bush Library, Bush Presidential Records, Brent Scowcroft Collection, Presidential Correspondence Files, Presidential Telcon Files, OA/ID 91111–003, Presidential Telephone Calls—Memorandum of Conversations 8/1/89—10/23/89.","Presidential telephone conversations; Economic-content review; Parallel-copy check; Trade and market access; Debt and international finance; Economic summits and G-7; Transition economies","Direct Volume XXX review. The complete Scowcroft folder contains presidential memoranda of conversation or telephone conversations with substantive economic-policy OCR signals. Review each conversation separately and promote only the passages that bear directly on Volume XXX. Parallel-copy control: match each conversation to the Bush Library Memcons and Telcons index and its canonical NARA item before selection. A Scowcroft folder copy is not a second documentary entry. Promote an individual document only after checking its heading, dateline, terminal classification, release status, exact extent, and controlling copy in the source images.","https://catalog.archives.gov/id/366551688","https://catalog.archives.gov/medialz/presidential-libraries/bush/gb-gbs/4545941/41-bpr-scow-pcor-telcon-91111-003.pdf"
"scowcroft-366551801","1989-09-01","September 1989","range","Soviet Power Collapse in Eastern Europe (September 1989)","USSR Chronological Files","Brent Scowcroft Collection File: Soviet Power Collapse in Eastern Europe (September 1989)","September 1989","Brent Scowcroft collection file","Transition Economies and International Economic Strategy","Boundary","Online file unit; item audit pending","","Official file-unit PDF online; served-PDF page extent and document-level release or withdrawal status not measured in this collection-wide pass","Mixed; document-level audit required","366551801","91124–007","locator","Opening provenance marker and full NARA OCR checked; file-unit locator only pending document boundaries, terminal markings, release status, and canonical-copy review in the source images.","George H.W. Bush Library, Bush Presidential Records, Brent Scowcroft Collection, USSR Chronological Files, Soviet Power Collapse in Eastern Europe Files, OA/ID 91124–007, Soviet Power Collapse in Eastern Europe (September 1989).","Eastern Europe; Economic assistance; Paris Summit; Trade and market access; Debt and international finance; Economic summits and G-7; Transition economies; Energy; Agriculture","Cross-volume boundary review. The full OCR and opening withdrawal inventory identify a significant foreign-economic-policy strand, but the principal narrative belongs in a regional, Soviet, China, German-unification, or Persian Gulf volume. Review for cross-reference or a narrowly selected economic-policy document. Special-separate copy sets, meeting-file duplicates, and later retrospective chronologies are not separately promoted. Compare this file with the controlling regional and presidential records before selection. Promote an individual document only after checking its heading, dateline, terminal classification, release status, exact extent, and controlling copy in the source images.","https://catalog.archives.gov/id/366551801","https://catalog.archives.gov/medialz/presidential-libraries/bush/gb-gbs/4708332/41-bpr-scow-ussrch-svp-91124-007.pdf"
"scowcroft-366551912","1989-10-01","October 1989","range","Latin America—Economics (October 1989)","Latin America Files","Brent Scowcroft Collection File: Latin America—Economics (October 1989)","October 1989","Brent Scowcroft collection file","Trade Policy and Market Access","Core","Online file unit; item audit pending","","Official file-unit PDF online; served-PDF page extent and document-level release or withdrawal status not measured in this collection-wide pass","Mixed; document-level audit required","366551912","91139–003","locator","Opening provenance marker and full NARA OCR checked; file-unit locator only pending document boundaries, terminal markings, release status, and canonical-copy review in the source images.","George H.W. Bush Library, Bush Presidential Records, Brent Scowcroft Collection, Latin American Files, Economic Chronological Files, OA/ID 91139–003, Latin America—Economics (October 1989).","Latin America; Economic policy; Debt and trade; Trade and market access; Debt and international finance; Transition economies; Agriculture","Direct Volume XXX review. This file belongs to the complete 13-folder Economic Chronological Files subseries. Screen its decision memoranda, presidential meeting materials, debt papers, trade papers, and follow-up actions individually for Volume XXX and route country-policy material to the appropriate regional volume. Country meeting packets and presidential conversations may duplicate the Presidential Correspondence Files or regional NSC staff files; compare dates, subjects, and document text before promotion. Promote an individual document only after checking its heading, dateline, terminal classification, release status, exact extent, and controlling copy in the source images.","https://catalog.archives.gov/id/366551912","https://catalog.archives.gov/medialz/presidential-libraries/bush/gb-gbs/4545957/41-bpr-scow-la-econchr-91139-003.pdf"
"scowcroft-366551802","1989-10-01","October 1989","range","Soviet Power Collapse in Eastern Europe (October 1989) [1]","USSR Chronological Files","Brent Scowcroft Collection File: Soviet Power Collapse in Eastern Europe (October 1989) [1]","October 1989","Brent Scowcroft collection file","Transition Economies and International Economic Strategy","Boundary","Online file unit; item audit pending","","Official file-unit PDF online; served-PDF page extent and document-level release or withdrawal status not measured in this collection-wide pass","Mixed; document-level audit required","366551802","91124–008","locator","Opening provenance marker and full NARA OCR checked; file-unit locator only pending document boundaries, terminal markings, release status, and canonical-copy review in the source images.","George H.W. Bush Library, Bush Presidential Records, Brent Scowcroft Collection, USSR Chronological Files, Soviet Power Collapse in Eastern Europe Files, OA/ID 91124–008, Soviet Power Collapse in Eastern Europe (October 1989) [1].","Eastern Europe; Economic reform; International institutions; Trade and market access; Debt and international finance; Economic summits and G-7; Transition economies; Agriculture","Cross-volume boundary review. The full OCR and opening withdrawal inventory identify a significant foreign-economic-policy strand, but the principal narrative belongs in a regional, Soviet, China, German-unification, or Persian Gulf volume. Review for cross-reference or a narrowly selected economic-policy document. Special-separate copy sets, meeting-file duplicates, and later retrospective chronologies are not separately promoted. Compare this file with the controlling regional and presidential records before selection. Promote an individual document only after checking its heading, dateline, terminal classification, release status, exact extent, and controlling copy in the source images.","https://catalog.archives.gov/id/366551802","https://catalog.archives.gov/medialz/presidential-libraries/bush/gb-gbs/4708332/41-bpr-scow-ussrch-svp-91124-008.pdf"
"scowcroft-366551803","1989-10-01","October 1989","range","Soviet Power Collapse in Eastern Europe (October 1989) [2]","USSR Chronological Files","Brent Scowcroft Collection File: Soviet Power Collapse in Eastern Europe (October 1989) [2]","October 1989","Brent Scowcroft collection file","Transition Economies and International Economic Strategy","Boundary","Online file unit; item audit pending","","Official file-unit PDF online; served-PDF page extent and document-level release or withdrawal status not measured in this collection-wide pass","Mixed; document-level audit required","366551803","91124–009","locator","Opening provenance marker and full NARA OCR checked; file-unit locator only pending document boundaries, terminal markings, release status, and canonical-copy review in the source images.","George H.W. Bush Library, Bush Presidential Records, Brent Scowcroft Collection, USSR Chronological Files, Soviet Power Collapse in Eastern Europe Files, OA/ID 91124–009, Soviet Power Collapse in Eastern Europe (October 1989) [2].","Eastern Europe; Economic reform; Debt; Trade and market access; Debt and international finance; Economic summits and G-7; Transition economies; Energy; Agriculture","Cross-volume boundary review. The full OCR and opening withdrawal inventory identify a significant foreign-economic-policy strand, but the principal narrative belongs in a regional, Soviet, China, German-unification, or Persian Gulf volume. Review for cross-reference or a narrowly selected economic-policy document. Special-separate copy sets, meeting-file duplicates, and later retrospective chronologies are not separately promoted. Compare this file with the controlling regional and presidential records before selection. Promote an individual document only after checking its heading, dateline, terminal classification, release status, exact extent, and controlling copy in the source images.","https://catalog.archives.gov/id/366551803","https://catalog.archives.gov/medialz/presidential-libraries/bush/gb-gbs/4708332/41-bpr-scow-ussrch-svp-91124-009.pdf"
"scowcroft-366551665","1989-10-03","October 3, 1989-December 16, 1989","range","Presidential Meetings—Memorandum of Conversations 10/3/89-12/16/89","Presidential Correspondence Files","Brent Scowcroft Collection File: Presidential Meetings—Memorandum of Conversations 10/3/89-12/16/89","October 3, 1989-December 16, 1989","Brent Scowcroft collection file","Monetary Policy, Debt, and International Institutions","Core","Online file unit; item audit pending","","Official file-unit PDF online; served-PDF page extent and document-level release or withdrawal status not measured in this collection-wide pass","Mixed; document-level audit required","366551665","91107–006","locator","Opening provenance marker and full NARA OCR checked; file-unit locator only pending document boundaries, terminal markings, release status, and canonical-copy review in the source images.","George H.W. Bush Library, Bush Presidential Records, Brent Scowcroft Collection, Presidential Correspondence Files, Presidential Memcons Files, OA/ID 91107–006, Presidential Meetings—Memorandum of Conversations 10/3/89—12/16/89.","Presidential conversations; Economic-content review; Parallel-copy check; Trade and market access; Debt and international finance; Economic summits and G-7; Transition economies; Strategic trade and technology; Energy; Agriculture","Direct Volume XXX review. The complete Scowcroft folder contains presidential memoranda of conversation or telephone conversations with substantive economic-policy OCR signals. Review each conversation separately and promote only the passages that bear directly on Volume XXX. Parallel-copy control: match each conversation to the Bush Library Memcons and Telcons index and its canonical NARA item before selection. A Scowcroft folder copy is not a second documentary entry. Promote an individual document only after checking its heading, dateline, terminal classification, release status, exact extent, and controlling copy in the source images.","https://catalog.archives.gov/id/366551665","https://catalog.archives.gov/medialz/presidential-libraries/bush/gb-gbs/4545941/41-bpr-scow-pcor-memcon-91107-006.pdf"
"scowcroft-366551689","1989-10-24","October 24, 1989-December 26, 1989","range","Presidential Telephone Calls—Memorandum of Conversations 10/24/89-12/26/89","Presidential Correspondence Files","Brent Scowcroft Collection File: Presidential Telephone Calls—Memorandum of Conversations 10/24/89-12/26/89","October 24, 1989-December 26, 1989","Brent Scowcroft collection file","Trade Policy and Market Access","Core","Online file unit; item audit pending","","Official file-unit PDF online; served-PDF page extent and document-level release or withdrawal status not measured in this collection-wide pass","Mixed; document-level audit required","366551689","91111–004","locator","Opening provenance marker and full NARA OCR checked; file-unit locator only pending document boundaries, terminal markings, release status, and canonical-copy review in the source images.","George H.W. Bush Library, Bush Presidential Records, Brent Scowcroft Collection, Presidential Correspondence Files, Presidential Telcon Files, OA/ID 91111–004, Presidential Telephone Calls—Memorandum of Conversations 10/24/89—12/26/89.","Presidential telephone conversations; Economic-content review; Parallel-copy check; Trade and market access; Debt and international finance; Transition economies; Energy","Direct Volume XXX review. The complete Scowcroft folder contains presidential memoranda of conversation or telephone conversations with substantive economic-policy OCR signals. Review each conversation separately and promote only the passages that bear directly on Volume XXX. Parallel-copy control: match each conversation to the Bush Library Memcons and Telcons index and its canonical NARA item before selection. A Scowcroft folder copy is not a second documentary entry. Promote an individual document only after checking its heading, dateline, terminal classification, release status, exact extent, and controlling copy in the source images.","https://catalog.archives.gov/id/366551689","https://catalog.archives.gov/medialz/presidential-libraries/bush/gb-gbs/4545941/41-bpr-scow-pcor-telcon-91111-004.pdf"
"scowcroft-366551744","1989-11-01","November 1989","range","USSR Collapse: U.S.—Soviet Relations Thru 1991 (Novermber 1989)","USSR Collapse Files","Brent Scowcroft Collection File: USSR Collapse: U.S.—Soviet Relations Thru 1991 (Novermber 1989)","November 1989","Brent Scowcroft collection file","Transition Economies and International Economic Strategy","Boundary","Online file unit; item audit pending","","Official file-unit PDF online; served-PDF page extent and document-level release or withdrawal status not measured in this collection-wide pass","Mixed; document-level audit required","366551744","91117–007","locator","Opening provenance marker and full NARA OCR checked; file-unit locator only pending document boundaries, terminal markings, release status, and canonical-copy review in the source images.","George H.W. Bush Library, Bush Presidential Records, Brent Scowcroft Collection, USSR Collapse Files, U.S - Soviet Relations Chronological Files, OA/ID 91117–007, USSR Collapse: U.S—Soviet Relations Thru 1991 (November 1989).","Soviet reform; Trade policy; Export controls; Trade and market access; Debt and international finance; Economic summits and G-7; Transition economies; Strategic trade and technology; Agriculture","Cross-volume boundary review. The full OCR and opening withdrawal inventory identify a significant foreign-economic-policy strand, but the principal narrative belongs in a regional, Soviet, China, German-unification, or Persian Gulf volume. Review for cross-reference or a narrowly selected economic-policy document. Special-separate copy sets, meeting-file duplicates, and later retrospective chronologies are not separately promoted. Compare this file with the controlling regional and presidential records before selection. Promote an individual document only after checking its heading, dateline, terminal classification, release status, exact extent, and controlling copy in the source images.","https://catalog.archives.gov/id/366551744","https://catalog.archives.gov/medialz/presidential-libraries/bush/gb-gbs/4545954/41-bpr-scow-ussrco-ussrl-91117-007.pdf"
"scowcroft-366551807","1989-12-01","December 1989-January 1990","range","Soviet Power Collapse in Eastern Europe (December 1989-January 1990)","USSR Chronological Files","Brent Scowcroft Collection File: Soviet Power Collapse in Eastern Europe (December 1989-January 1990)","December 1989-January 1990","Brent Scowcroft collection file","Transition Economies and International Economic Strategy","Boundary","Online file unit; item audit pending","","Official file-unit PDF online; served-PDF page extent and document-level release or withdrawal status not measured in this collection-wide pass","Mixed; document-level audit required","366551807","91125–003","locator","Opening provenance marker and full NARA OCR checked; file-unit locator only pending document boundaries, terminal markings, release status, and canonical-copy review in the source images.","George H.W. Bush Library, Bush Presidential Records, Brent Scowcroft Collection, USSR Chronological Files, Soviet Power Collapse in Eastern Europe Files, OA/ID 91125–003, Soviet Power Collapse in Eastern Europe (December 1989—January 1990).","Eastern Europe; Market economy; COCOM; Trade and market access; Debt and international finance; Transition economies; Strategic trade and technology; Energy; Agriculture","Cross-volume boundary review. The full OCR and opening withdrawal inventory identify a significant foreign-economic-policy strand, but the principal narrative belongs in a regional, Soviet, China, German-unification, or Persian Gulf volume. Review for cross-reference or a narrowly selected economic-policy document. Special-separate copy sets, meeting-file duplicates, and later retrospective chronologies are not separately promoted. Compare this file with the controlling regional and presidential records before selection. Promote an individual document only after checking its heading, dateline, terminal classification, release status, exact extent, and controlling copy in the source images.","https://catalog.archives.gov/id/366551807","https://catalog.archives.gov/medialz/presidential-libraries/bush/gb-gbs/4708332/41-bpr-scow-ussrch-svp-91125-003.pdf"
"scowcroft-366551745","1989-12-01","December 1989","range","USSR Collapse: U.S.—Soviet Relations Thru 1991 (December 1989)","USSR Collapse Files","Brent Scowcroft Collection File: USSR Collapse: U.S.—Soviet Relations Thru 1991 (December 1989)","December 1989","Brent Scowcroft collection file","Transition Economies and International Economic Strategy","Boundary","Online file unit; item audit pending","","Official file-unit PDF online; served-PDF page extent and document-level release or withdrawal status not measured in this collection-wide pass","Mixed; document-level audit required","366551745","91117–008","locator","Opening provenance marker and full NARA OCR checked; file-unit locator only pending document boundaries, terminal markings, release status, and canonical-copy review in the source images.","George H.W. Bush Library, Donated Historical Materials, Brent Scowcroft Collection, USSR Collapse Files, U.S - Soviet Relations Chronological Files, OA/ID 91117–008, USSR Collapse: U.S—Soviet Relations Thru 1991 (December 1989).","Malta; Soviet reform; Economic assistance; Trade and market access; Debt and international finance; Transition economies; Strategic trade and technology; Energy; Agriculture","Cross-volume boundary review. The full OCR and opening withdrawal inventory identify a significant foreign-economic-policy strand, but the principal narrative belongs in a regional, Soviet, China, German-unification, or Persian Gulf volume. Review for cross-reference or a narrowly selected economic-policy document. Special-separate copy sets, meeting-file duplicates, and later retrospective chronologies are not separately promoted. Compare this file with the controlling regional and presidential records before selection. Promote an individual document only after checking its heading, dateline, terminal classification, release status, exact extent, and controlling copy in the source images.","https://catalog.archives.gov/id/366551745","https://catalog.archives.gov/medialz/presidential-libraries/bush/gb-gbs/4545954/41-bpr-scow-ussrco-ussrl-91117-008.pdf"
"scowcroft-366551890","1990-01-01","1990","range","China 1990 (Sensitive) [1]","Special Separate China Notes Files","Brent Scowcroft Collection File: China 1990 (Sensitive) [1]","1990","Brent Scowcroft collection file","Strategic Trade, Technology, and Investment Controls","Boundary","Online file unit; item audit pending","","Official file-unit PDF online; served-PDF page extent and document-level release or withdrawal status not measured in this collection-wide pass","Mixed; document-level audit required","366551890","91137–001","locator","Opening provenance marker and full NARA OCR checked; file-unit locator only pending document boundaries, terminal markings, release status, and canonical-copy review in the source images.","George H.W. Bush Library, Bush Presidential Records, Brent Scowcroft Collection, Special Separate China Notes Files, China Files, OA/ID 91137–001, China 1990 (Sensitive) [1].","China; Sensitive channel; Trade and sanctions; Debt and international finance; Economic summits and G-7; Strategic trade and technology; Agriculture","Cross-volume boundary review. The full OCR and opening withdrawal inventory identify a significant foreign-economic-policy strand, but the principal narrative belongs in a regional, Soviet, China, German-unification, or Persian Gulf volume. Review for cross-reference or a narrowly selected economic-policy document. Special-separate copy sets, meeting-file duplicates, and later retrospective chronologies are not separately promoted. Compare this file with the controlling regional and presidential records before selection. Promote an individual document only after checking its heading, dateline, terminal classification, release status, exact extent, and controlling copy in the source images.","https://catalog.archives.gov/id/366551890","https://catalog.archives.gov/medialz/presidential-libraries/bush/gb-gbs/4708330/41-bpr-scow-ssch-china-91137-001.pdf"
"scowcroft-366551871","1990-01-01","January-April 1990","range","China: Non-Tiananmen (January-April 1990)","China Chronological Files","Brent Scowcroft Collection File: China: Non-Tiananmen (January-April 1990)","January-April 1990","Brent Scowcroft collection file","Trade Policy and Market Access","Boundary","Online file unit; item audit pending","","Official file-unit PDF online; served-PDF page extent and document-level release or withdrawal status not measured in this collection-wide pass","Mixed; document-level audit required","366551871","91134–003","locator","Opening provenance marker and full NARA OCR checked; file-unit locator only pending document boundaries, terminal markings, release status, and canonical-copy review in the source images.","George H.W. Bush Library, Bush Presidential Records, Brent Scowcroft Collection, China Chronological Files, Non-Tiananmen Files, OA/ID 91134–003, China: Non-Tiananmen (January—April 1990).","China; World Bank; Agricultural trade; Trade and market access; Debt and international finance; Economic summits and G-7; Transition economies; Energy; Agriculture","Cross-volume boundary review. The full OCR and opening withdrawal inventory identify a significant foreign-economic-policy strand, but the principal narrative belongs in a regional, Soviet, China, German-unification, or Persian Gulf volume. Review for cross-reference or a narrowly selected economic-policy document. Special-separate copy sets, meeting-file duplicates, and later retrospective chronologies are not separately promoted. Compare this file with the controlling regional and presidential records before selection. Promote an individual document only after checking its heading, dateline, terminal classification, release status, exact extent, and controlling copy in the source images.","https://catalog.archives.gov/id/366551871","https://catalog.archives.gov/medialz/presidential-libraries/bush/gb-gbs/4545955/41-bpr-scow-cc-ntian-91134-003.pdf"
"scowcroft-366551913","1990-01-01","January-May 1990","range","Latin America—Economics (January-May 1990)","Latin America Files","Brent Scowcroft Collection File: Latin America—Economics (January-May 1990)","January-May 1990","Brent Scowcroft collection file","Trade Policy and Market Access","Core","Online file unit; item audit pending","","Official file-unit PDF online; served-PDF page extent and document-level release or withdrawal status not measured in this collection-wide pass","Mixed; document-level audit required","366551913","91139–004","locator","Opening provenance marker and full NARA OCR checked; file-unit locator only pending document boundaries, terminal markings, release status, and canonical-copy review in the source images.","George H.W. Bush Library, Bush Presidential Records, Brent Scowcroft Collection, Latin American Files, Economic Chronological Files, OA/ID 91139–004, Latin America—Economics (January—May 1990).","Latin America; Economic policy; Debt and trade; Trade and market access; Debt and international finance; Economic summits and G-7; Transition economies; Strategic trade and technology; Energy; Agriculture","Direct Volume XXX review. This file belongs to the complete 13-folder Economic Chronological Files subseries. Screen its decision memoranda, presidential meeting materials, debt papers, trade papers, and follow-up actions individually for Volume XXX and route country-policy material to the appropriate regional volume. Country meeting packets and presidential conversations may duplicate the Presidential Correspondence Files or regional NSC staff files; compare dates, subjects, and document text before promotion. Promote an individual document only after checking its heading, dateline, terminal classification, release status, exact extent, and controlling copy in the source images.","https://catalog.archives.gov/id/366551913","https://catalog.archives.gov/medialz/presidential-libraries/bush/gb-gbs/4545957/41-bpr-scow-la-econchr-91139-004.pdf"
"scowcroft-366551997","1990-01-01","January-May 1990","range","Other (January-May 1990) [1]","Chronological Files","Brent Scowcroft Collection File: Other (January-May 1990) [1]","January-May 1990","Brent Scowcroft collection file","Transition Economies and International Economic Strategy","Core","Online file unit; item audit pending","","Official file-unit PDF online; served-PDF page extent and document-level release or withdrawal status not measured in this collection-wide pass","Mixed; document-level audit required","366551997","91148–008","locator","Opening provenance marker and full NARA OCR checked; file-unit locator only pending document boundaries, terminal markings, release status, and canonical-copy review in the source images.","George H.W. Bush Library, Bush Presidential Records, Brent Scowcroft Collection, Chronological Files, OA/ID 91148–008, Other (January—May 1990) [1].","EBRD; China; Houston Economic Summit; Trade and market access; Debt and international finance; Economic summits and G-7; Transition economies; Agriculture","Direct Volume XXX review. The folder contains a concentrated EBRD decision trail, including Baker-Brady-Scowcroft meeting records and presidential papers, followed by Scowcroft and Melby memoranda on preparations for the Houston Economic Summit. Promote an individual document only after checking its heading, dateline, terminal classification, release status, exact extent, and controlling copy in the source images.","https://catalog.archives.gov/id/366551997","https://catalog.archives.gov/medialz/presidential-libraries/bush/gb-gbs/4708326/41-bpr-scow-chron-91148-008.pdf"
"scowcroft-366551666","1990-01-11","January 11, 1990-February 21, 1990","range","Presidential Meetings—Memorandum of Conversations 1/11/90-2/21/90","Presidential Correspondence Files","Brent Scowcroft Collection File: Presidential Meetings—Memorandum of Conversations 1/11/90-2/21/90","January 11, 1990-February 21, 1990","Brent Scowcroft collection file","Transition Economies and International Economic Strategy","Core","Online file unit; item audit pending","","Official file-unit PDF online; served-PDF page extent and document-level release or withdrawal status not measured in this collection-wide pass","Mixed; document-level audit required","366551666","91107–007","locator","Opening provenance marker and full NARA OCR checked; file-unit locator only pending document boundaries, terminal markings, release status, and canonical-copy review in the source images.","George H.W. Bush Library, Bush Presidential Records, Brent Scowcroft Collection, Presidential Correspondence Files, Presidential Memcons Files, OA/ID 91107–007, Presidential Meetings—Memorandum of Conversations 1/11/90—2/21/90.","Presidential conversations; Economic-content review; Parallel-copy check; Trade and market access; Debt and international finance; Economic summits and G-7; Transition economies; Strategic trade and technology; Energy; Agriculture","Direct Volume XXX review. The complete Scowcroft folder contains presidential memoranda of conversation or telephone conversations with substantive economic-policy OCR signals. Review each conversation separately and promote only the passages that bear directly on Volume XXX. Parallel-copy control: match each conversation to the Bush Library Memcons and Telcons index and its canonical NARA item before selection. A Scowcroft folder copy is not a second documentary entry. Promote an individual document only after checking its heading, dateline, terminal classification, release status, exact extent, and controlling copy in the source images.","https://catalog.archives.gov/id/366551666","https://catalog.archives.gov/medialz/presidential-libraries/bush/gb-gbs/4545941/41-bpr-scow-pcor-memcon-91107-007.pdf"
"scowcroft-366551808","1990-02-01","February-March 1990","range","Soviet Power Collapse in Eastern Europe (February-March 1990)","USSR Chronological Files","Brent Scowcroft Collection File: Soviet Power Collapse in Eastern Europe (February-March 1990)","February-March 1990","Brent Scowcroft collection file","Transition Economies and International Economic Strategy","Boundary","Online file unit; item audit pending","","Official file-unit PDF online; served-PDF page extent and document-level release or withdrawal status not measured in this collection-wide pass","Mixed; document-level audit required","366551808","91125–004","locator","Opening provenance marker and full NARA OCR checked; file-unit locator only pending document boundaries, terminal markings, release status, and canonical-copy review in the source images.","George H.W. Bush Library, Bush Presidential Records, Brent Scowcroft Collection, USSR Chronological Files, Soviet Power Collapse in Eastern Europe Files, OA/ID 91125–004, Soviet Power Collapse in Eastern Europe (February—March 1990).","Eastern Europe; EBRD; Brady Plan; Trade and market access; Debt and international finance; Transition economies; Strategic trade and technology","Cross-volume boundary review. The full OCR and opening withdrawal inventory identify a significant foreign-economic-policy strand, but the principal narrative belongs in a regional, Soviet, China, German-unification, or Persian Gulf volume. Review for cross-reference or a narrowly selected economic-policy document. Special-separate copy sets, meeting-file duplicates, and later retrospective chronologies are not separately promoted. Compare this file with the controlling regional and presidential records before selection. Promote an individual document only after checking its heading, dateline, terminal classification, release status, exact extent, and controlling copy in the source images.","https://catalog.archives.gov/id/366551808","https://catalog.archives.gov/medialz/presidential-libraries/bush/gb-gbs/4708332/41-bpr-scow-ussrch-svp-91125-004.pdf"
"scowcroft-366551809","1990-02-01","February-May 1990","range","Soviet Power Collapse in Eastern Europe (February-May 1990)","USSR Chronological Files","Brent Scowcroft Collection File: Soviet Power Collapse in Eastern Europe (February-May 1990)","February-May 1990","Brent Scowcroft collection file","Transition Economies and International Economic Strategy","Boundary","Online file unit; item audit pending","","Official file-unit PDF online; served-PDF page extent and document-level release or withdrawal status not measured in this collection-wide pass","Mixed; document-level audit required","366551809","91125–005","locator","Opening provenance marker and full NARA OCR checked; file-unit locator only pending document boundaries, terminal markings, release status, and canonical-copy review in the source images.","George H.W. Bush Library, Bush Presidential Records, Brent Scowcroft Collection, USSR Chronological Files, Soviet Power Collapse in Eastern Europe Files, OA/ID 91125–005, Soviet Power Collapse in Eastern Europe (February—May 1990).","Eastern Europe; Economic reform; International institutions; Trade and market access; Debt and international finance; Economic summits and G-7; Transition economies; Strategic trade and technology; Energy; Agriculture","Cross-volume boundary review. The full OCR and opening withdrawal inventory identify a significant foreign-economic-policy strand, but the principal narrative belongs in a regional, Soviet, China, German-unification, or Persian Gulf volume. Review for cross-reference or a narrowly selected economic-policy document. Special-separate copy sets, meeting-file duplicates, and later retrospective chronologies are not separately promoted. Compare this file with the controlling regional and presidential records before selection. Promote an individual document only after checking its heading, dateline, terminal classification, release status, exact extent, and controlling copy in the source images.","https://catalog.archives.gov/id/366551809","https://catalog.archives.gov/medialz/presidential-libraries/bush/gb-gbs/4708332/41-bpr-scow-ussrch-svp-91125-005.pdf"
"scowcroft-366551747","1990-02-01","February-April 1990","range","USSR Collapse: U.S.—Soviet Relations Thru 1991 (February-April 1990)","USSR Collapse Files","Brent Scowcroft Collection File: USSR Collapse: U.S.—Soviet Relations Thru 1991 (February-April 1990)","February-April 1990","Brent Scowcroft collection file","Transition Economies and International Economic Strategy","Boundary","Online file unit; item audit pending","","Official file-unit PDF online; served-PDF page extent and document-level release or withdrawal status not measured in this collection-wide pass","Mixed; document-level audit required","366551747","91118–001","locator","Opening provenance marker and full NARA OCR checked; file-unit locator only pending document boundaries, terminal markings, release status, and canonical-copy review in the source images.","George H.W. Bush Library, Bush Presidential Records, Brent Scowcroft Collection, USSR Collapse Files, U.S. - Soviet Relations Chronological Files, OA/ID 91118–001, USSR Collapse: U.S—Soviet Relations Thru 1991 (February—April 1990).","Soviet reform; EBRD; Economic assistance; Trade and market access; Debt and international finance; Economic summits and G-7; Transition economies; Agriculture","Cross-volume boundary review. The full OCR and opening withdrawal inventory identify a significant foreign-economic-policy strand, but the principal narrative belongs in a regional, Soviet, China, German-unification, or Persian Gulf volume. Review for cross-reference or a narrowly selected economic-policy document. Special-separate copy sets, meeting-file duplicates, and later retrospective chronologies are not separately promoted. Compare this file with the controlling regional and presidential records before selection. Promote an individual document only after checking its heading, dateline, terminal classification, release status, exact extent, and controlling copy in the source images.","https://catalog.archives.gov/id/366551747","https://catalog.archives.gov/medialz/presidential-libraries/bush/gb-gbs/4545954/41-bpr-scow-ussrco-ussrl-91118-001.pdf"
"scowcroft-366551667","1990-02-22","February 22, 1990-April 11, 1990","range","Presidential Meetings—Memorandum of Conversations 2/22/90-4/11/90","Presidential Correspondence Files","Brent Scowcroft Collection File: Presidential Meetings—Memorandum of Conversations 2/22/90-4/11/90","February 22, 1990-April 11, 1990","Brent Scowcroft collection file","Monetary Policy, Debt, and International Institutions","Core","Online file unit; item audit pending","","Official file-unit PDF online; served-PDF page extent and document-level release or withdrawal status not measured in this collection-wide pass","Mixed; document-level audit required","366551667","91107–008","locator","Opening provenance marker and full NARA OCR checked; file-unit locator only pending document boundaries, terminal markings, release status, and canonical-copy review in the source images.","George H.W. Bush Library, Bush Presidential Records, Brent Scowcroft Collection, Presidential Correspondence Files, Presidential Memcons Files, OA/ID 91107–008, Presidential Meetings—Memorandum of Conversations 2/22/90—4/11/90.","Presidential conversations; Economic-content review; Parallel-copy check; Trade and market access; Debt and international finance; Economic summits and G-7; Transition economies; Strategic trade and technology; Energy; Agriculture","Direct Volume XXX review. The complete Scowcroft folder contains presidential memoranda of conversation or telephone conversations with substantive economic-policy OCR signals. Review each conversation separately and promote only the passages that bear directly on Volume XXX. Parallel-copy control: match each conversation to the Bush Library Memcons and Telcons index and its canonical NARA item before selection. A Scowcroft folder copy is not a second documentary entry. Promote an individual document only after checking its heading, dateline, terminal classification, release status, exact extent, and controlling copy in the source images.","https://catalog.archives.gov/id/366551667","https://catalog.archives.gov/medialz/presidential-libraries/bush/gb-gbs/4545941/41-bpr-scow-pcor-memcon-91107-008.pdf"
"scowcroft-366551729","1990-03-01","March-April 1990","range","German Unification Files (March-April 1990)","German Reunification Files","Brent Scowcroft Collection File: German Unification Files (March-April 1990)","March-April 1990","Brent Scowcroft collection file","Transition Economies and International Economic Strategy","Boundary","Online file unit; item audit pending","","Official file-unit PDF online; served-PDF page extent and document-level release or withdrawal status not measured in this collection-wide pass","Mixed; document-level audit required","366551729","91116–005","locator","Opening provenance marker and full NARA OCR checked; file-unit locator only pending document boundaries, terminal markings, release status, and canonical-copy review in the source images.","George H.W. Bush Library, Bush Presidential Records, Brent Scowcroft Collection, German Reunification Files, Chronological Files, OA/ID 91116–005, German Unification (March—April 1990).","German unification; Transition economy; Cross-volume routing; Trade and market access; Debt and international finance; Economic summits and G-7; Transition economies; Strategic trade and technology","Cross-volume boundary review. The full OCR and opening withdrawal inventory identify a significant foreign-economic-policy strand, but the principal narrative belongs in a regional, Soviet, China, German-unification, or Persian Gulf volume. Review for cross-reference or a narrowly selected economic-policy document. Special-separate copy sets, meeting-file duplicates, and later retrospective chronologies are not separately promoted. Compare this file with the controlling regional and presidential records before selection. Promote an individual document only after checking its heading, dateline, terminal classification, release status, exact extent, and controlling copy in the source images.","https://catalog.archives.gov/id/366551729","https://catalog.archives.gov/medialz/presidential-libraries/bush/gb-gbs/4545942/41-bpr-scow-ger-chron-91116-005.pdf"
"scowcroft-366551914","1990-03-01","March 1990","range","Latin America—Economics (March 1990)","Latin America Files","Brent Scowcroft Collection File: Latin America—Economics (March 1990)","March 1990","Brent Scowcroft collection file","Trade Policy and Market Access","Core","Online file unit; item audit pending","","Official file-unit PDF online; served-PDF page extent and document-level release or withdrawal status not measured in this collection-wide pass","Mixed; document-level audit required","366551914","91139–005","locator","Opening provenance marker and full NARA OCR checked; file-unit locator only pending document boundaries, terminal markings, release status, and canonical-copy review in the source images.","George H.W. Bush Library, Bush Presidential Records, Brent Scowcroft Collection, Latin American Files, Economic Chronological Files, OA/ID 91139–005, Latin America—Economics (March 1990).","Latin America; Economic policy; Debt and trade; Trade and market access; Debt and international finance","Direct Volume XXX review. This file belongs to the complete 13-folder Economic Chronological Files subseries. Screen its decision memoranda, presidential meeting materials, debt papers, trade papers, and follow-up actions individually for Volume XXX and route country-policy material to the appropriate regional volume. Country meeting packets and presidential conversations may duplicate the Presidential Correspondence Files or regional NSC staff files; compare dates, subjects, and document text before promotion. Promote an individual document only after checking its heading, dateline, terminal classification, release status, exact extent, and controlling copy in the source images.","https://catalog.archives.gov/id/366551914","https://catalog.archives.gov/medialz/presidential-libraries/bush/gb-gbs/4545957/41-bpr-scow-la-econchr-91139-005.pdf"
"scowcroft-366551999","1990-03-01","March 1990","range","Other (March 1990)","Chronological Files","Brent Scowcroft Collection File: Other (March 1990)","March 1990","Brent Scowcroft collection file","Transition Economies and International Economic Strategy","Core","Online file unit; item audit pending","","Official file-unit PDF online; served-PDF page extent and document-level release or withdrawal status not measured in this collection-wide pass","Mixed; document-level audit required","366551999","91148–010","locator","Opening provenance marker and full NARA OCR checked; file-unit locator only pending document boundaries, terminal markings, release status, and canonical-copy review in the source images.","George H.W. Bush Library, Bush Presidential Records, Brent Scowcroft Collection, Chronological Files, OA/ID 91148–010, Other (March 1990).","Nicholas Brady; EBRD; IEPR; Trade and market access; Debt and international finance; Economic summits and G-7; Transition economies; Energy","Direct Volume XXX review. The folder inventory identifies Scowcroft's meeting with Treasury Secretary Brady, a Deal memorandum on the EBRD, and the March 29 international-economic breakfast paper. Promote an individual document only after checking its heading, dateline, terminal classification, release status, exact extent, and controlling copy in the source images.","https://catalog.archives.gov/id/366551999","https://catalog.archives.gov/medialz/presidential-libraries/bush/gb-gbs/4708326/41-bpr-scow-chron-91148-010.pdf"
"scowcroft-366551691","1990-03-15","March 15, 1990-June 22, 1990","range","Presidential Telephone Calls—Memorandum of Conversations 3/15/90-6/22/90","Presidential Correspondence Files","Brent Scowcroft Collection File: Presidential Telephone Calls—Memorandum of Conversations 3/15/90-6/22/90","March 15, 1990-June 22, 1990","Brent Scowcroft collection file","Trade Policy and Market Access","Core","Online file unit; item audit pending","","Official file-unit PDF online; served-PDF page extent and document-level release or withdrawal status not measured in this collection-wide pass","Mixed; document-level audit required","366551691","91111–006","locator","Opening provenance marker and full NARA OCR checked; file-unit locator only pending document boundaries, terminal markings, release status, and canonical-copy review in the source images.","George H.W. Bush Library, Bush Presidential Records, Brent Scowcroft Collection, Presidential Correspondence Files, Presidential Telcon Files, OA/ID 91111–006, Presidential Telephone Calls—Memorandum of Conversations 3/15/90—6/22/90.","Presidential telephone conversations; Economic-content review; Parallel-copy check; Trade and market access; Debt and international finance; Economic summits and G-7; Transition economies; Energy; Agriculture","Direct Volume XXX review. The complete Scowcroft folder contains presidential memoranda of conversation or telephone conversations with substantive economic-policy OCR signals. Review each conversation separately and promote only the passages that bear directly on Volume XXX. Parallel-copy control: match each conversation to the Bush Library Memcons and Telcons index and its canonical NARA item before selection. A Scowcroft folder copy is not a second documentary entry. Promote an individual document only after checking its heading, dateline, terminal classification, release status, exact extent, and controlling copy in the source images.","https://catalog.archives.gov/id/366551691","https://catalog.archives.gov/medialz/presidential-libraries/bush/gb-gbs/4545941/41-bpr-scow-pcor-telcon-91111-006.pdf"
"scowcroft-366551668","1990-04-13","April 13, 1990-May 17, 1990","range","Presidential Meetings—Memorandum of Conversations 4/13/90-5/17/90","Presidential Correspondence Files","Brent Scowcroft Collection File: Presidential Meetings—Memorandum of Conversations 4/13/90-5/17/90","April 13, 1990-May 17, 1990","Brent Scowcroft collection file","Trade Policy and Market Access","Core","Online file unit; item audit pending","","Official file-unit PDF online; served-PDF page extent and document-level release or withdrawal status not measured in this collection-wide pass","Mixed; document-level audit required","366551668","91107–009","locator","Opening provenance marker and full NARA OCR checked; file-unit locator only pending document boundaries, terminal markings, release status, and canonical-copy review in the source images.","George H.W. Bush Library, Bush Presidential Records, Brent Scowcroft Collection, Presidential Correspondence Files, Presidential Memcons Files, OA/ID 91107–009, Presidential Meetings—Memorandum of Conversations 4/13/90—5/17/90.","Presidential conversations; Economic-content review; Parallel-copy check; Trade and market access; Debt and international finance; Economic summits and G-7; Transition economies; Energy; Agriculture","Direct Volume XXX review. The complete Scowcroft folder contains presidential memoranda of conversation or telephone conversations with substantive economic-policy OCR signals. Review each conversation separately and promote only the passages that bear directly on Volume XXX. Parallel-copy control: match each conversation to the Bush Library Memcons and Telcons index and its canonical NARA item before selection. A Scowcroft folder copy is not a second documentary entry. Promote an individual document only after checking its heading, dateline, terminal classification, release status, exact extent, and controlling copy in the source images.","https://catalog.archives.gov/id/366551668","https://catalog.archives.gov/medialz/presidential-libraries/bush/gb-gbs/4545941/41-bpr-scow-pcor-memcon-91107-009.pdf"
"scowcroft-366551915","1990-05-01","May-June 1990","range","Latin America—Economics (May-June 1990)","Latin America Files","Brent Scowcroft Collection File: Latin America—Economics (May-June 1990)","May-June 1990","Brent Scowcroft collection file","Trade Policy and Market Access","Core","Online file unit; item audit pending","","Official file-unit PDF online; served-PDF page extent and document-level release or withdrawal status not measured in this collection-wide pass","Mixed; document-level audit required","366551915","91139–006","locator","Opening provenance marker and full NARA OCR checked; file-unit locator only pending document boundaries, terminal markings, release status, and canonical-copy review in the source images.","George H.W. Bush Library, Bush Presidential Records, Brent Scowcroft Collection, Latin American Files, Economic Chronological Files, OA/ID 91139–006, Latin America—Economics (May—June 1990).","Latin America; Economic policy; Debt and trade; Trade and market access; Debt and international finance; Transition economies; Energy; Agriculture","Direct Volume XXX review. This file belongs to the complete 13-folder Economic Chronological Files subseries. Screen its decision memoranda, presidential meeting materials, debt papers, trade papers, and follow-up actions individually for Volume XXX and route country-policy material to the appropriate regional volume. Country meeting packets and presidential conversations may duplicate the Presidential Correspondence Files or regional NSC staff files; compare dates, subjects, and document text before promotion. Promote an individual document only after checking its heading, dateline, terminal classification, release status, exact extent, and controlling copy in the source images.","https://catalog.archives.gov/id/366551915","https://catalog.archives.gov/medialz/presidential-libraries/bush/gb-gbs/4545957/41-bpr-scow-la-econchr-91139-006.pdf"
"scowcroft-366552000","1990-05-01","May 1990","range","Other (May 1990)","Chronological Files","Brent Scowcroft Collection File: Other (May 1990)","May 1990","Brent Scowcroft collection file","Economic Summits and Industrialized-Country Cooperation","Core","Online file unit; item audit pending","","Official file-unit PDF online; served-PDF page extent and document-level release or withdrawal status not measured in this collection-wide pass","Mixed; document-level audit required","366552000","91149–001","locator","Opening provenance marker and full NARA OCR checked; file-unit locator only pending document boundaries, terminal markings, release status, and canonical-copy review in the source images.","George H.W. Bush Library, Bush Presidential Records, Brent Scowcroft Collection, Chronological Files, OA/ID 91149–001, Other (May 1990).","Houston Economic Summit; Head-of-state correspondence; Trade and market access; Debt and international finance; Economic summits and G-7; Transition economies; Energy; Agriculture","Direct Volume XXX review. The folder contains Scowcroft and Melby papers on preparations for the Houston Economic Summit together with related correspondence from summit and other foreign leaders. Promote an individual document only after checking its heading, dateline, terminal classification, release status, exact extent, and controlling copy in the source images.","https://catalog.archives.gov/id/366552000","https://catalog.archives.gov/medialz/presidential-libraries/bush/gb-gbs/4708326/41-bpr-scow-chron-91149-001.pdf"
"scowcroft-366551669","1990-05-17","May 17, 1990-June 26, 1990","range","Presidential Meetings—Memorandum of Conversations 5/17/90-6/26/90","Presidential Correspondence Files","Brent Scowcroft Collection File: Presidential Meetings—Memorandum of Conversations 5/17/90-6/26/90","May 17, 1990-June 26, 1990","Brent Scowcroft collection file","Transition Economies and International Economic Strategy","Core","Online file unit; item audit pending","","Official file-unit PDF online; served-PDF page extent and document-level release or withdrawal status not measured in this collection-wide pass","Mixed; document-level audit required","366551669","91107–010","locator","Opening provenance marker and full NARA OCR checked; file-unit locator only pending document boundaries, terminal markings, release status, and canonical-copy review in the source images.","George H.W. Bush Library, Bush Presidential Records, Brent Scowcroft Collection, Presidential Correspondence Files, Presidential Memcons Files, OA/ID 91107–010, Presidential Meetings—Memorandum of Conversations 5/17/90—6/26/90.","Presidential conversations; Economic-content review; Parallel-copy check; Trade and market access; Debt and international finance; Economic summits and G-7; Transition economies; Energy; Agriculture","Direct Volume XXX review. The complete Scowcroft folder contains presidential memoranda of conversation or telephone conversations with substantive economic-policy OCR signals. Review each conversation separately and promote only the passages that bear directly on Volume XXX. Parallel-copy control: match each conversation to the Bush Library Memcons and Telcons index and its canonical NARA item before selection. A Scowcroft folder copy is not a second documentary entry. Promote an individual document only after checking its heading, dateline, terminal classification, release status, exact extent, and controlling copy in the source images.","https://catalog.archives.gov/id/366551669","https://catalog.archives.gov/medialz/presidential-libraries/bush/gb-gbs/4545941/41-bpr-scow-pcor-memcon-91107-010.pdf"
"scowcroft-366551916","1990-06-01","June 1990","range","Latin America—Economics (June 1990)","Latin America Files","Brent Scowcroft Collection File: Latin America—Economics (June 1990)","June 1990","Brent Scowcroft collection file","Trade Policy and Market Access","Core","Online file unit; item audit pending","","Official file-unit PDF online; served-PDF page extent and document-level release or withdrawal status not measured in this collection-wide pass","Mixed; document-level audit required","366551916","91139–007","locator","Opening provenance marker and full NARA OCR checked; file-unit locator only pending document boundaries, terminal markings, release status, and canonical-copy review in the source images.","George H.W. Bush Library, Bush Presidential Records, Brent Scowcroft Collection, Latin American Files, Economic Chronological Files, OA/ID 91139–007, Latin America—Economics (June 1990).","Latin America; Economic policy; Debt and trade; Trade and market access; Debt and international finance; Strategic trade and technology; Energy; Agriculture","Direct Volume XXX review. This file belongs to the complete 13-folder Economic Chronological Files subseries. Screen its decision memoranda, presidential meeting materials, debt papers, trade papers, and follow-up actions individually for Volume XXX and route country-policy material to the appropriate regional volume. Country meeting packets and presidential conversations may duplicate the Presidential Correspondence Files or regional NSC staff files; compare dates, subjects, and document text before promotion. Promote an individual document only after checking its heading, dateline, terminal classification, release status, exact extent, and controlling copy in the source images.","https://catalog.archives.gov/id/366551916","https://catalog.archives.gov/medialz/presidential-libraries/bush/gb-gbs/4545957/41-bpr-scow-la-econchr-91139-007.pdf"
"scowcroft-366552001","1990-06-01","June 1990","range","Other (June 1990) [1]","Chronological Files","Brent Scowcroft Collection File: Other (June 1990) [1]","June 1990","Brent Scowcroft collection file","Trade Policy and Market Access","Core","Online file unit; item audit pending","","Official file-unit PDF online; served-PDF page extent and document-level release or withdrawal status not measured in this collection-wide pass","Mixed; document-level audit required","366552001","91149–002","locator","Opening provenance marker and full NARA OCR checked; file-unit locator only pending document boundaries, terminal markings, release status, and canonical-copy review in the source images.","George H.W. Bush Library, Bush Presidential Records, Brent Scowcroft Collection, Chronological Files, OA/ID 91149–002, Other (June 1990) [1].","Taiwan; GATT; Jordan and Egypt; Trade and market access; Debt and international finance; Economic summits and G-7; Agriculture","Direct Volume XXX review. The opening inventory identifies the White House decision trail on Taiwan and the GATT and a four-page memorandum on mounting economic distress in Jordan and Egypt. Promote an individual document only after checking its heading, dateline, terminal classification, release status, exact extent, and controlling copy in the source images.","https://catalog.archives.gov/id/366552001","https://catalog.archives.gov/medialz/presidential-libraries/bush/gb-gbs/4708326/41-bpr-scow-chron-91149-002.pdf"
"scowcroft-366552002","1990-06-01","June 1990","range","Other (June 1990) [2]","Chronological Files","Brent Scowcroft Collection File: Other (June 1990) [2]","June 1990","Brent Scowcroft collection file","Economic Summits and Industrialized-Country Cooperation","Core","Online file unit; item audit pending","","Official file-unit PDF online; served-PDF page extent and document-level release or withdrawal status not measured in this collection-wide pass","Mixed; document-level audit required","366552002","91149–003","locator","Opening provenance marker and full NARA OCR checked; file-unit locator only pending document boundaries, terminal markings, release status, and canonical-copy review in the source images.","George H.W. Bush Library, Bush Presidential Records, Brent Scowcroft Collection, Chronological Files, OA/ID 91149–003, Other (June 1990) [2].","Houston Economic Summit; Western assistance to the USSR; Taiwan and GATT; Trade and market access; Debt and international finance; Economic summits and G-7; Transition economies; Strategic trade and technology; Energy; Agriculture","Direct Volume XXX review. The folder contains presidential and staff summit-preparation papers, a five-page initiative on Western assistance for the USSR, Taiwan-GATT coordination, and summit correspondence from foreign leaders. Promote an individual document only after checking its heading, dateline, terminal classification, release status, exact extent, and controlling copy in the source images.","https://catalog.archives.gov/id/366552002","https://catalog.archives.gov/medialz/presidential-libraries/bush/gb-gbs/4708326/41-bpr-scow-chron-91149-003.pdf"
"scowcroft-366552003","1990-06-01","June 1990","range","Other (June 1990) [3]","Chronological Files","Brent Scowcroft Collection File: Other (June 1990) [3]","June 1990","Brent Scowcroft collection file","Economic Summits and Industrialized-Country Cooperation","Core","Online file unit; item audit pending","","Official file-unit PDF online; served-PDF page extent and document-level release or withdrawal status not measured in this collection-wide pass","Mixed; document-level audit required","366552003","91149–004","locator","Opening provenance marker and full NARA OCR checked; file-unit locator only pending document boundaries, terminal markings, release status, and canonical-copy review in the source images.","George H.W. Bush Library, Bush Presidential Records, Brent Scowcroft Collection, Chronological Files, OA/ID 91149–004, Other (June 1990) [3].","Houston Economic Summit; Western assistance to the USSR; Summit messages; Trade and market access; Debt and international finance; Economic summits and G-7; Transition economies; Agriculture","Direct Volume XXX review. The folder inventory identifies the President's Houston briefing materials, messages to every summit leader, a six-page Scowcroft memorandum on Western assistance for the USSR, and the June 28 Cabinet Room briefing packet. Promote an individual document only after checking its heading, dateline, terminal classification, release status, exact extent, and controlling copy in the source images.","https://catalog.archives.gov/id/366552003","https://catalog.archives.gov/medialz/presidential-libraries/bush/gb-gbs/4708326/41-bpr-scow-chron-91149-004.pdf"
"scowcroft-366551750","1990-06-01","June 1990","range","USSR Collapse: U.S.—Soviet Relations Thru 1991 (June 1990) [1]","USSR Collapse Files","Brent Scowcroft Collection File: USSR Collapse: U.S.—Soviet Relations Thru 1991 (June 1990) [1]","June 1990","Brent Scowcroft collection file","Transition Economies and International Economic Strategy","Boundary","Online file unit; item audit pending","","Official file-unit PDF online; served-PDF page extent and document-level release or withdrawal status not measured in this collection-wide pass","Mixed; document-level audit required","366551750","91118–004","locator","Opening provenance marker and full NARA OCR checked; file-unit locator only pending document boundaries, terminal markings, release status, and canonical-copy review in the source images.","George H.W. Bush Library, Bush Presidential Records, Brent Scowcroft Collection, USSR Collapse Files, U.S. - Soviet Relations Chronological Files, OA/ID 91118–004, USSR Collapse: U.S—Soviet Relations Thru 1991 (June 1990) [1].","Soviet reform; Western assistance; Debt; Trade and market access; Debt and international finance; Economic summits and G-7; Transition economies; Strategic trade and technology; Energy; Agriculture","Cross-volume boundary review. The full OCR and opening withdrawal inventory identify a significant foreign-economic-policy strand, but the principal narrative belongs in a regional, Soviet, China, German-unification, or Persian Gulf volume. Review for cross-reference or a narrowly selected economic-policy document. Special-separate copy sets, meeting-file duplicates, and later retrospective chronologies are not separately promoted. Compare this file with the controlling regional and presidential records before selection. Promote an individual document only after checking its heading, dateline, terminal classification, release status, exact extent, and controlling copy in the source images.","https://catalog.archives.gov/id/366551750","https://catalog.archives.gov/medialz/presidential-libraries/bush/gb-gbs/4545954/41-bpr-scow-ussrco-ussrl-91118-004.pdf"
"scowcroft-366551692","1990-06-23","June 23, 1990-July 31, 1990","range","Presidential Telephone Calls—Memorandum of Conversations 6/23/90-7/31/90","Presidential Correspondence Files","Brent Scowcroft Collection File: Presidential Telephone Calls—Memorandum of Conversations 6/23/90-7/31/90","June 23, 1990-July 31, 1990","Brent Scowcroft collection file","Economic Summits and Industrialized-Country Cooperation","Core","Online file unit; item audit pending","","Official file-unit PDF online; served-PDF page extent and document-level release or withdrawal status not measured in this collection-wide pass","Mixed; document-level audit required","366551692","91111–007","locator","Opening provenance marker and full NARA OCR checked; file-unit locator only pending document boundaries, terminal markings, release status, and canonical-copy review in the source images.","George H.W. Bush Library, Bush Presidential Records, Brent Scowcroft Collection, Presidential Correspondence Files, Presidential Telcon Files, OA/ID 91111–007, Presidential Telephone Calls—Memorandum of Conversations 6/23/90—7/31/90.","Presidential telephone conversations; Economic-content review; Parallel-copy check; Trade and market access; Debt and international finance; Economic summits and G-7; Transition economies; Energy","Direct Volume XXX review. The complete Scowcroft folder contains presidential memoranda of conversation or telephone conversations with substantive economic-policy OCR signals. Review each conversation separately and promote only the passages that bear directly on Volume XXX. Parallel-copy control: match each conversation to the Bush Library Memcons and Telcons index and its canonical NARA item before selection. A Scowcroft folder copy is not a second documentary entry. Promote an individual document only after checking its heading, dateline, terminal classification, release status, exact extent, and controlling copy in the source images.","https://catalog.archives.gov/id/366551692","https://catalog.archives.gov/medialz/presidential-libraries/bush/gb-gbs/4545941/41-bpr-scow-pcor-telcon-91111-007.pdf"
"scowcroft-366551951","1990-07-01","July 1990","range","Desert Shield/Desert Storm (July 1990)","Desert Shield and Desert Storm Files","Brent Scowcroft Collection File: Desert Shield/Desert Storm (July 1990)","July 1990","Brent Scowcroft collection file","Strategic Trade, Technology, and Investment Controls","Boundary","Online file unit; item audit pending","","Official file-unit PDF online; served-PDF page extent and document-level release or withdrawal status not measured in this collection-wide pass","Mixed; document-level audit required","366551951","91143–005","locator","Opening provenance marker and full NARA OCR checked; file-unit locator only pending document boundaries, terminal markings, release status, and canonical-copy review in the source images.","George H.W. Bush Library, Bush Presidential Records, Brent Scowcroft Collection, Desert Shield and Desert Storm Files, Chronological Files, OA/ID 91143–005, Desert Shield/Desert Storm (July 1990).","Persian Gulf; Oil prices; Export controls; Trade and market access; Debt and international finance; Strategic trade and technology; Energy","Cross-volume boundary review. The full OCR and opening withdrawal inventory identify a significant foreign-economic-policy strand, but the principal narrative belongs in a regional, Soviet, China, German-unification, or Persian Gulf volume. Review for cross-reference or a narrowly selected economic-policy document. Special-separate copy sets, meeting-file duplicates, and later retrospective chronologies are not separately promoted. Compare this file with the controlling regional and presidential records before selection. Promote an individual document only after checking its heading, dateline, terminal classification, release status, exact extent, and controlling copy in the source images.","https://catalog.archives.gov/id/366551951","https://catalog.archives.gov/medialz/presidential-libraries/bush/gb-gbs/4708319/41-bpr-scow-dsds-chr-91143-005.pdf"
"scowcroft-366551917","1990-07-01","July 1990","range","Latin America—Economics (July 1990)","Latin America Files","Brent Scowcroft Collection File: Latin America—Economics (July 1990)","July 1990","Brent Scowcroft collection file","Monetary Policy, Debt, and International Institutions","Core","Online file unit; item audit pending","","Official file-unit PDF online; served-PDF page extent and document-level release or withdrawal status not measured in this collection-wide pass","Mixed; document-level audit required","366551917","91139–008","locator","Opening provenance marker and full NARA OCR checked; file-unit locator only pending document boundaries, terminal markings, release status, and canonical-copy review in the source images.","George H.W. Bush Library, Bush Presidential Records, Brent Scowcroft Collection, Latin American Files, Economic Chronological Files, OA/ID 91139–008, Latin America—Economics (July 1990).","Latin America; Economic policy; Debt and trade; Trade and market access; Debt and international finance; Economic summits and G-7; Transition economies; Energy","Direct Volume XXX review. This file belongs to the complete 13-folder Economic Chronological Files subseries. Screen its decision memoranda, presidential meeting materials, debt papers, trade papers, and follow-up actions individually for Volume XXX and route country-policy material to the appropriate regional volume. Country meeting packets and presidential conversations may duplicate the Presidential Correspondence Files or regional NSC staff files; compare dates, subjects, and document text before promotion. Promote an individual document only after checking its heading, dateline, terminal classification, release status, exact extent, and controlling copy in the source images.","https://catalog.archives.gov/id/366551917","https://catalog.archives.gov/medialz/presidential-libraries/bush/gb-gbs/4545957/41-bpr-scow-la-econchr-91139-008.pdf"
"scowcroft-366552005","1990-07-01","July 1990","range","Other (July 1990)","Chronological Files","Brent Scowcroft Collection File: Other (July 1990)","July 1990","Brent Scowcroft collection file","Economic Summits and Industrialized-Country Cooperation","Core","Online file unit; item audit pending","","Official file-unit PDF online; served-PDF page extent and document-level release or withdrawal status not measured in this collection-wide pass","Mixed; document-level audit required","366552005","91149–006","locator","Opening provenance marker and full NARA OCR checked; file-unit locator only pending document boundaries, terminal markings, release status, and canonical-copy review in the source images.","George H.W. Bush Library, Bush Presidential Records, Brent Scowcroft Collection, Chronological Files, OA/ID 91149–006, Other (July 1990).","Houston Economic Summit; World Bank lending to China; Argentina; Trade and market access; Debt and international finance; Economic summits and G-7; Transition economies; Strategic trade and technology; Agriculture","Direct Volume XXX review. The folder contains Scowcroft papers on the Houston Summit and World Bank lending to China, Baker's eight-page summit memorandum, and a presidential telcon with Argentine President Menem. Promote an individual document only after checking its heading, dateline, terminal classification, release status, exact extent, and controlling copy in the source images.","https://catalog.archives.gov/id/366552005","https://catalog.archives.gov/medialz/presidential-libraries/bush/gb-gbs/4708326/41-bpr-scow-chron-91149-006.pdf"
"scowcroft-366551812","1990-07-01","July-August 1990","range","Soviet Power Collapse in Eastern Europe (July-August 1990)","USSR Chronological Files","Brent Scowcroft Collection File: Soviet Power Collapse in Eastern Europe (July-August 1990)","July-August 1990","Brent Scowcroft collection file","Transition Economies and International Economic Strategy","Boundary","Online file unit; item audit pending","","Official file-unit PDF online; served-PDF page extent and document-level release or withdrawal status not measured in this collection-wide pass","Mixed; document-level audit required","366551812","91125–008","locator","Opening provenance marker and full NARA OCR checked; file-unit locator only pending document boundaries, terminal markings, release status, and canonical-copy review in the source images.","George H.W. Bush Library, Bush Presidential Records, Brent Scowcroft Collection, USSR Chronological Files, Soviet Power Collapse in Eastern Europe Files, OA/ID 91125–008, Soviet Power Collapse in Eastern Europe (July—August 1990).","Eastern Europe; Debt reduction; Houston Summit; Debt and international finance; Economic summits and G-7; Transition economies; Agriculture","Cross-volume boundary review. The full OCR and opening withdrawal inventory identify a significant foreign-economic-policy strand, but the principal narrative belongs in a regional, Soviet, China, German-unification, or Persian Gulf volume. Review for cross-reference or a narrowly selected economic-policy document. Special-separate copy sets, meeting-file duplicates, and later retrospective chronologies are not separately promoted. Compare this file with the controlling regional and presidential records before selection. Promote an individual document only after checking its heading, dateline, terminal classification, release status, exact extent, and controlling copy in the source images.","https://catalog.archives.gov/id/366551812","https://catalog.archives.gov/medialz/presidential-libraries/bush/gb-gbs/4708332/41-bpr-scow-ussrch-svp-91125-008.pdf"
"scowcroft-366551753","1990-07-01","July 1990","range","USSR Collapse: U.S.—Soviet Relations Thru 1991 (July 1990)","USSR Collapse Files","Brent Scowcroft Collection File: USSR Collapse: U.S.—Soviet Relations Thru 1991 (July 1990)","July 1990","Brent Scowcroft collection file","Transition Economies and International Economic Strategy","Boundary","Online file unit; item audit pending","","Official file-unit PDF online; served-PDF page extent and document-level release or withdrawal status not measured in this collection-wide pass","Mixed; document-level audit required","366551753","91118–007","locator","Opening provenance marker and full NARA OCR checked; file-unit locator only pending document boundaries, terminal markings, release status, and canonical-copy review in the source images.","George H.W. Bush Library, Bush Presidential Records, Brent Scowcroft Collection, USSR Collapse Files, U.S. - Soviet Relations Chronological Files, OA/ID 91118–007, USSR Collapse: U.S—Soviet Relations Thru 1991 (July 1990).","Houston Summit; Soviet assistance; International finance; Trade and market access; Debt and international finance; Economic summits and G-7; Transition economies; Strategic trade and technology; Energy; Agriculture","Cross-volume boundary review. The full OCR and opening withdrawal inventory identify a significant foreign-economic-policy strand, but the principal narrative belongs in a regional, Soviet, China, German-unification, or Persian Gulf volume. Review for cross-reference or a narrowly selected economic-policy document. Special-separate copy sets, meeting-file duplicates, and later retrospective chronologies are not separately promoted. Compare this file with the controlling regional and presidential records before selection. Promote an individual document only after checking its heading, dateline, terminal classification, release status, exact extent, and controlling copy in the source images.","https://catalog.archives.gov/id/366551753","https://catalog.archives.gov/medialz/presidential-libraries/bush/gb-gbs/4545954/41-bpr-scow-ussrco-ussrl-91118-007.pdf"
"scowcroft-366551670","1990-07-05","July 5, 1990-September 24, 1990","range","Presidential Meetings—Memorandum of Conversations 7/5/90-9/24/90","Presidential Correspondence Files","Brent Scowcroft Collection File: Presidential Meetings—Memorandum of Conversations 7/5/90-9/24/90","July 5, 1990-September 24, 1990","Brent Scowcroft collection file","Economic Summits and Industrialized-Country Cooperation","Core","Online file unit; item audit pending","","Official file-unit PDF online; served-PDF page extent and document-level release or withdrawal status not measured in this collection-wide pass","Mixed; document-level audit required","366551670","91108–001","locator","Opening provenance marker and full NARA OCR checked; file-unit locator only pending document boundaries, terminal markings, release status, and canonical-copy review in the source images.","George H.W. Bush Library, Bush Presidential Records, Brent Scowcroft Collection, Presidential Correspondence Files, Presidential Memcons Files, OA/ID 91108–001, Presidential Meetings—Memorandum of Conversations 7/5/90—9/24/90.","Presidential conversations; Economic-content review; Parallel-copy check; Trade and market access; Debt and international finance; Economic summits and G-7; Transition economies; Energy; Agriculture","Direct Volume XXX review. The complete Scowcroft folder contains presidential memoranda of conversation or telephone conversations with substantive economic-policy OCR signals. Review each conversation separately and promote only the passages that bear directly on Volume XXX. Parallel-copy control: match each conversation to the Bush Library Memcons and Telcons index and its canonical NARA item before selection. A Scowcroft folder copy is not a second documentary entry. Promote an individual document only after checking its heading, dateline, terminal classification, release status, exact extent, and controlling copy in the source images.","https://catalog.archives.gov/id/366551670","https://catalog.archives.gov/medialz/presidential-libraries/bush/gb-gbs/4545941/41-bpr-scow-pcor-memcon-91108-001.pdf"
"scowcroft-366551955","1990-08-01","August 1990","range","Desert Shield/Desert Storm (August 1990) Part III [2]","Desert Shield and Desert Storm Files","Brent Scowcroft Collection File: Desert Shield/Desert Storm (August 1990) Part III [2]","August 1990","Brent Scowcroft collection file","Monetary Policy, Debt, and International Institutions","Boundary","Online file unit; item audit pending","","Official file-unit PDF online; served-PDF page extent and document-level release or withdrawal status not measured in this collection-wide pass","Mixed; document-level audit required","366551955","91143–009","locator","Opening provenance marker and full NARA OCR checked; file-unit locator only pending document boundaries, terminal markings, release status, and canonical-copy review in the source images.","George H.W. Bush Library, Bush Presidential Records, Brent Scowcroft Collection, Desert Shield and Desert Storm Files, Chronological Files, OA/ID 91143–009, Desert Shield/Desert Storm (August 1990) Part III [2].","Persian Gulf; Burden sharing; Energy; Trade and market access; Debt and international finance; Economic summits and G-7; Transition economies","Cross-volume boundary review. The full OCR and opening withdrawal inventory identify a significant foreign-economic-policy strand, but the principal narrative belongs in a regional, Soviet, China, German-unification, or Persian Gulf volume. Review for cross-reference or a narrowly selected economic-policy document. Special-separate copy sets, meeting-file duplicates, and later retrospective chronologies are not separately promoted. Compare this file with the controlling regional and presidential records before selection. Promote an individual document only after checking its heading, dateline, terminal classification, release status, exact extent, and controlling copy in the source images.","https://catalog.archives.gov/id/366551955","https://catalog.archives.gov/medialz/presidential-libraries/bush/gb-gbs/4708319/41-bpr-scow-dsds-chr-91143-009.pdf"
"scowcroft-366551918","1990-08-01","August 1990","range","Latin America—Economics (August 1990)","Latin America Files","Brent Scowcroft Collection File: Latin America—Economics (August 1990)","August 1990","Brent Scowcroft collection file","Monetary Policy, Debt, and International Institutions","Core","Online file unit; item audit pending","","Official file-unit PDF online; served-PDF page extent and document-level release or withdrawal status not measured in this collection-wide pass","Mixed; document-level audit required","366551918","91139–009","locator","Opening provenance marker and full NARA OCR checked; file-unit locator only pending document boundaries, terminal markings, release status, and canonical-copy review in the source images.","George H.W. Bush Library, Bush Presidential Records, Brent Scowcroft Collection, Latin American Files, Economic Chronological Files, OA/ID 91139–009, Latin America—Economics (August 1990).","Latin America; Economic policy; Debt and trade; Trade and market access; Debt and international finance; Transition economies; Energy; Agriculture","Direct Volume XXX review. This file belongs to the complete 13-folder Economic Chronological Files subseries. Screen its decision memoranda, presidential meeting materials, debt papers, trade papers, and follow-up actions individually for Volume XXX and route country-policy material to the appropriate regional volume. Country meeting packets and presidential conversations may duplicate the Presidential Correspondence Files or regional NSC staff files; compare dates, subjects, and document text before promotion. Promote an individual document only after checking its heading, dateline, terminal classification, release status, exact extent, and controlling copy in the source images.","https://catalog.archives.gov/id/366551918","https://catalog.archives.gov/medialz/presidential-libraries/bush/gb-gbs/4545957/41-bpr-scow-la-econchr-91139-009.pdf"
"scowcroft-366551693","1990-08-02","August 2, 1990-August 20, 1990","range","Presidential Telephone Calls—Memorandum of Conversations 8/2/90-8/20/90","Presidential Correspondence Files","Brent Scowcroft Collection File: Presidential Telephone Calls—Memorandum of Conversations 8/2/90-8/20/90","August 2, 1990-August 20, 1990","Brent Scowcroft collection file","Strategic Trade, Technology, and Investment Controls","Core","Online file unit; item audit pending","","Official file-unit PDF online; served-PDF page extent and document-level release or withdrawal status not measured in this collection-wide pass","Mixed; document-level audit required","366551693","91112–001","locator","Opening provenance marker and full NARA OCR checked; file-unit locator only pending document boundaries, terminal markings, release status, and canonical-copy review in the source images.","George H.W. Bush Library, Bush Presidential Records, Brent Scowcroft Collection, Presidential Correspondence Files, Presidential Telcon Files, OA/ID 91112–001, Presidential Telephone Calls—Memorandum of Conversations 8/2/90—8/20/90.","Presidential telephone conversations; Economic-content review; Parallel-copy check; Trade and market access; Debt and international finance; Economic summits and G-7; Energy","Direct Volume XXX review. The complete Scowcroft folder contains presidential memoranda of conversation or telephone conversations with substantive economic-policy OCR signals. Review each conversation separately and promote only the passages that bear directly on Volume XXX. Parallel-copy control: match each conversation to the Bush Library Memcons and Telcons index and its canonical NARA item before selection. A Scowcroft folder copy is not a second documentary entry. Promote an individual document only after checking its heading, dateline, terminal classification, release status, exact extent, and controlling copy in the source images.","https://catalog.archives.gov/id/366551693","https://catalog.archives.gov/medialz/presidential-libraries/bush/gb-gbs/4545941/41-bpr-scow-pcor-telcon-91112-001.pdf"
"scowcroft-366551864","1990-09-01","September 1990","range","China: Post-Tiananmen (September 1990) [1]","China Chronological Files","Brent Scowcroft Collection File: China: Post-Tiananmen (September 1990) [1]","September 1990","Brent Scowcroft collection file","Monetary Policy, Debt, and International Institutions","Boundary","Online file unit; item audit pending","","Official file-unit PDF online; served-PDF page extent and document-level release or withdrawal status not measured in this collection-wide pass","Mixed; document-level audit required","366551864","91133–001","locator","Opening provenance marker and full NARA OCR checked; file-unit locator only pending document boundaries, terminal markings, release status, and canonical-copy review in the source images.","George H.W. Bush Library, Bush Presidential Records, Brent Scowcroft Collection, China Chronological Files, Post-Tiananmen Files, OA/ID 91133–001, China: Post-Tiananmen (September 1990) [1].","China; World Bank lending; Post-Tiananmen policy; Debt and international finance; Economic summits and G-7; Transition economies","Cross-volume boundary review. The full OCR and opening withdrawal inventory identify a significant foreign-economic-policy strand, but the principal narrative belongs in a regional, Soviet, China, German-unification, or Persian Gulf volume. Review for cross-reference or a narrowly selected economic-policy document. Special-separate copy sets, meeting-file duplicates, and later retrospective chronologies are not separately promoted. Compare this file with the controlling regional and presidential records before selection. Promote an individual document only after checking its heading, dateline, terminal classification, release status, exact extent, and controlling copy in the source images.","https://catalog.archives.gov/id/366551864","https://catalog.archives.gov/medialz/presidential-libraries/bush/gb-gbs/4545955/41-bpr-scow-cc-ptian-91133-001.pdf"
"scowcroft-366551959","1990-09-01","September 1990","range","Desert Shield/Desert Storm (September 1990) Part II [2]","Desert Shield and Desert Storm Files","Brent Scowcroft Collection File: Desert Shield/Desert Storm (September 1990) Part II [2]","September 1990","Brent Scowcroft collection file","Monetary Policy, Debt, and International Institutions","Boundary","Online file unit; item audit pending","","Official file-unit PDF online; served-PDF page extent and document-level release or withdrawal status not measured in this collection-wide pass","Mixed; document-level audit required","366551959","91144–004","locator","Opening provenance marker and full NARA OCR checked; file-unit locator only pending document boundaries, terminal markings, release status, and canonical-copy review in the source images.","George H.W. Bush Library, Bush Presidential Records, Brent Scowcroft Collection, Desert Shield and Desert Storm Files, Chronological Files, OA/ID 91144–004, Desert Shield/Desert Storm (September 1990) Part II [2].","Persian Gulf; Oil prices; Debt; Trade and market access; Debt and international finance; Energy","Cross-volume boundary review. The full OCR and opening withdrawal inventory identify a significant foreign-economic-policy strand, but the principal narrative belongs in a regional, Soviet, China, German-unification, or Persian Gulf volume. Review for cross-reference or a narrowly selected economic-policy document. Special-separate copy sets, meeting-file duplicates, and later retrospective chronologies are not separately promoted. Compare this file with the controlling regional and presidential records before selection. Promote an individual document only after checking its heading, dateline, terminal classification, release status, exact extent, and controlling copy in the source images.","https://catalog.archives.gov/id/366551959","https://catalog.archives.gov/medialz/presidential-libraries/bush/gb-gbs/4708319/41-bpr-scow-dsds-chr-91144-004.pdf"
"scowcroft-366551919","1990-09-01","September 1990","range","Latin America—Economics (September 1990)","Latin America Files","Brent Scowcroft Collection File: Latin America—Economics (September 1990)","September 1990","Brent Scowcroft collection file","Monetary Policy, Debt, and International Institutions","Core","Online file unit; item audit pending","","Official file-unit PDF online; served-PDF page extent and document-level release or withdrawal status not measured in this collection-wide pass","Mixed; document-level audit required","366551919","91139–010","locator","Opening provenance marker and full NARA OCR checked; file-unit locator only pending document boundaries, terminal markings, release status, and canonical-copy review in the source images.","George H.W. Bush Library, Bush Presidential Records, Brent Scowcroft Collection, Latin American Files, Economic Chronological Files, OA/ID 91139–010, Latin America—Economics (September 1990).","Latin America; Economic policy; Debt and trade; Trade and market access; Debt and international finance","Direct Volume XXX review. This file belongs to the complete 13-folder Economic Chronological Files subseries. Screen its decision memoranda, presidential meeting materials, debt papers, trade papers, and follow-up actions individually for Volume XXX and route country-policy material to the appropriate regional volume. Country meeting packets and presidential conversations may duplicate the Presidential Correspondence Files or regional NSC staff files; compare dates, subjects, and document text before promotion. Promote an individual document only after checking its heading, dateline, terminal classification, release status, exact extent, and controlling copy in the source images.","https://catalog.archives.gov/id/366551919","https://catalog.archives.gov/medialz/presidential-libraries/bush/gb-gbs/4545957/41-bpr-scow-la-econchr-91139-010.pdf"
"scowcroft-366551671","1990-09-25","September 25, 1990-October 31, 1990","range","Presidential Meetings—Memorandum of Conversations 9/25/90-10/31/90","Presidential Correspondence Files","Brent Scowcroft Collection File: Presidential Meetings—Memorandum of Conversations 9/25/90-10/31/90","September 25, 1990-October 31, 1990","Brent Scowcroft collection file","Trade Policy and Market Access","Core","Online file unit; item audit pending","","Official file-unit PDF online; served-PDF page extent and document-level release or withdrawal status not measured in this collection-wide pass","Mixed; document-level audit required","366551671","91108–002","locator","Opening provenance marker and full NARA OCR checked; file-unit locator only pending document boundaries, terminal markings, release status, and canonical-copy review in the source images.","George H.W. Bush Library, Bush Presidential Records, Brent Scowcroft Collection, Presidential Correspondence Files, Presidential Memcons Files, OA/ID 91108–002, Presidential Meetings—Memorandum of Conversations 9/25/90—10/31/90.","Presidential conversations; Economic-content review; Parallel-copy check; Trade and market access; Debt and international finance; Economic summits and G-7; Transition economies; Energy; Agriculture","Direct Volume XXX review. The complete Scowcroft folder contains presidential memoranda of conversation or telephone conversations with substantive economic-policy OCR signals. Review each conversation separately and promote only the passages that bear directly on Volume XXX. Parallel-copy control: match each conversation to the Bush Library Memcons and Telcons index and its canonical NARA item before selection. A Scowcroft folder copy is not a second documentary entry. Promote an individual document only after checking its heading, dateline, terminal classification, release status, exact extent, and controlling copy in the source images.","https://catalog.archives.gov/id/366551671","https://catalog.archives.gov/medialz/presidential-libraries/bush/gb-gbs/4545941/41-bpr-scow-pcor-memcon-91108-002.pdf"
"scowcroft-366551961","1990-10-01","October 1990","range","Desert Shield/Desert Storm (October 1990) Part II [1]","Desert Shield and Desert Storm Files","Brent Scowcroft Collection File: Desert Shield/Desert Storm (October 1990) Part II [1]","October 1990","Brent Scowcroft collection file","Monetary Policy, Debt, and International Institutions","Boundary","Online file unit; item audit pending","","Official file-unit PDF online; served-PDF page extent and document-level release or withdrawal status not measured in this collection-wide pass","Mixed; document-level audit required","366551961","91144–006","locator","Opening provenance marker and full NARA OCR checked; file-unit locator only pending document boundaries, terminal markings, release status, and canonical-copy review in the source images.","George H.W. Bush Library, Bush Presidential Records, Brent Scowcroft Collection, Desert Shield and Desert Storm Files, Chronological Files, OA/ID 91144–006, Desert Shield/Desert Storm (October 1990) Part II [1].","Persian Gulf; Economic assistance; International institutions; Trade and market access; Debt and international finance; Transition economies; Energy","Cross-volume boundary review. The full OCR and opening withdrawal inventory identify a significant foreign-economic-policy strand, but the principal narrative belongs in a regional, Soviet, China, German-unification, or Persian Gulf volume. Review for cross-reference or a narrowly selected economic-policy document. Special-separate copy sets, meeting-file duplicates, and later retrospective chronologies are not separately promoted. Compare this file with the controlling regional and presidential records before selection. Promote an individual document only after checking its heading, dateline, terminal classification, release status, exact extent, and controlling copy in the source images.","https://catalog.archives.gov/id/366551961","https://catalog.archives.gov/medialz/presidential-libraries/bush/gb-gbs/4708319/41-bpr-scow-dsds-chr-91144-006.pdf"
"scowcroft-366551920","1990-10-01","October 1990","range","Latin America—Economics (October 1990)","Latin America Files","Brent Scowcroft Collection File: Latin America—Economics (October 1990)","October 1990","Brent Scowcroft collection file","Monetary Policy, Debt, and International Institutions","Core","Online file unit; item audit pending","","Official file-unit PDF online; served-PDF page extent and document-level release or withdrawal status not measured in this collection-wide pass","Mixed; document-level audit required","366551920","91139–011","locator","Opening provenance marker and full NARA OCR checked; file-unit locator only pending document boundaries, terminal markings, release status, and canonical-copy review in the source images.","George H.W. Bush Library, Bush Presidential Records, Brent Scowcroft Collection, Latin American Files, Economic Chronological Files, OA/ID 91139–011, Latin America—Economics (October 1990).","Latin America; Economic policy; Debt and trade; Trade and market access; Debt and international finance; Economic summits and G-7; Transition economies; Energy; Agriculture","Direct Volume XXX review. This file belongs to the complete 13-folder Economic Chronological Files subseries. Screen its decision memoranda, presidential meeting materials, debt papers, trade papers, and follow-up actions individually for Volume XXX and route country-policy material to the appropriate regional volume. Country meeting packets and presidential conversations may duplicate the Presidential Correspondence Files or regional NSC staff files; compare dates, subjects, and document text before promotion. Promote an individual document only after checking its heading, dateline, terminal classification, release status, exact extent, and controlling copy in the source images.","https://catalog.archives.gov/id/366551920","https://catalog.archives.gov/medialz/presidential-libraries/bush/gb-gbs/4545957/41-bpr-scow-la-econchr-91139-011.pdf"
"scowcroft-366552008","1990-10-01","October 1990","range","Other (October 1990)","Chronological Files","Brent Scowcroft Collection File: Other (October 1990)","October 1990","Brent Scowcroft collection file","Trade Policy and Market Access","Core","Online file unit; item audit pending","","Official file-unit PDF online; served-PDF page extent and document-level release or withdrawal status not measured in this collection-wide pass","Mixed; document-level audit required","366552008","91149–009","locator","Opening provenance marker and full NARA OCR checked; file-unit locator only pending document boundaries, terminal markings, release status, and canonical-copy review in the source images.","George H.W. Bush Library, Bush Presidential Records, Brent Scowcroft Collection, Chronological Files, OA/ID 91149–009, Other (October 1990).","GATT; Margaret Thatcher; Head-of-state correspondence; Trade and market access; Debt and international finance","Direct Volume XXX review. The opening inventory identifies Prime Minister Thatcher's October 30 message to President Bush on the GATT among a small set of presidential correspondence. Promote an individual document only after checking its heading, dateline, terminal classification, release status, exact extent, and controlling copy in the source images.","https://catalog.archives.gov/id/366552008","https://catalog.archives.gov/medialz/presidential-libraries/bush/gb-gbs/4708326/41-bpr-scow-chron-91149-009.pdf"
"scowcroft-366551695","1990-10-11","October 11, 1990-December 31, 1990","range","Presidential Telephone Calls—Memorandum of Conversations 10/11/90-12/31/90","Presidential Correspondence Files","Brent Scowcroft Collection File: Presidential Telephone Calls—Memorandum of Conversations 10/11/90-12/31/90","October 11, 1990-December 31, 1990","Brent Scowcroft collection file","Trade Policy and Market Access","Core","Online file unit; item audit pending","","Official file-unit PDF online; served-PDF page extent and document-level release or withdrawal status not measured in this collection-wide pass","Mixed; document-level audit required","366551695","91112–003","locator","Opening provenance marker and full NARA OCR checked; file-unit locator only pending document boundaries, terminal markings, release status, and canonical-copy review in the source images.","George H.W. Bush Library, Bush Presidential Records, Brent Scowcroft Collection, Presidential Correspondence Files, Presidential Telcon Files, OA/ID 91112–003, Presidential Telephone Calls—Memorandum of Conversations 10/11/90—12/31/90.","Presidential telephone conversations; Economic-content review; Parallel-copy check; Trade and market access; Debt and international finance; Economic summits and G-7; Energy; Agriculture","Direct Volume XXX review. The complete Scowcroft folder contains presidential memoranda of conversation or telephone conversations with substantive economic-policy OCR signals. Review each conversation separately and promote only the passages that bear directly on Volume XXX. Parallel-copy control: match each conversation to the Bush Library Memcons and Telcons index and its canonical NARA item before selection. A Scowcroft folder copy is not a second documentary entry. Promote an individual document only after checking its heading, dateline, terminal classification, release status, exact extent, and controlling copy in the source images.","https://catalog.archives.gov/id/366551695","https://catalog.archives.gov/medialz/presidential-libraries/bush/gb-gbs/4545941/41-bpr-scow-pcor-telcon-91112-003.pdf"
"scowcroft-366551921","1990-11-01","November-December 1990","range","Latin America—Economics (November-December 1990)","Latin America Files","Brent Scowcroft Collection File: Latin America—Economics (November-December 1990)","November-December 1990","Brent Scowcroft collection file","Trade Policy and Market Access","Core","Online file unit; item audit pending","","Official file-unit PDF online; served-PDF page extent and document-level release or withdrawal status not measured in this collection-wide pass","Mixed; document-level audit required","366551921","91139–012","locator","Opening provenance marker and full NARA OCR checked; file-unit locator only pending document boundaries, terminal markings, release status, and canonical-copy review in the source images.","George H.W. Bush Library, Bush Presidential Records, Brent Scowcroft Collection, Latin American Files, Economic Chronological Files, OA/ID 91139–012, Latin America—Economics (November—December 1990).","Latin America; Economic policy; Debt and trade; Trade and market access; Debt and international finance; Transition economies; Energy; Agriculture","Direct Volume XXX review. This file belongs to the complete 13-folder Economic Chronological Files subseries. Screen its decision memoranda, presidential meeting materials, debt papers, trade papers, and follow-up actions individually for Volume XXX and route country-policy material to the appropriate regional volume. Country meeting packets and presidential conversations may duplicate the Presidential Correspondence Files or regional NSC staff files; compare dates, subjects, and document text before promotion. Promote an individual document only after checking its heading, dateline, terminal classification, release status, exact extent, and controlling copy in the source images.","https://catalog.archives.gov/id/366551921","https://catalog.archives.gov/medialz/presidential-libraries/bush/gb-gbs/4545957/41-bpr-scow-la-econchr-91139-012.pdf"
"scowcroft-366551672","1990-11-13","November 13, 1990-December 21, 1990","range","Presidential Meetings—Memorandum of Conversations 11/13/90-12/21/90","Presidential Correspondence Files","Brent Scowcroft Collection File: Presidential Meetings—Memorandum of Conversations 11/13/90-12/21/90","November 13, 1990-December 21, 1990","Brent Scowcroft collection file","Trade Policy and Market Access","Core","Online file unit; item audit pending","","Official file-unit PDF online; served-PDF page extent and document-level release or withdrawal status not measured in this collection-wide pass","Mixed; document-level audit required","366551672","91108–003","locator","Opening provenance marker and full NARA OCR checked; file-unit locator only pending document boundaries, terminal markings, release status, and canonical-copy review in the source images.","George H.W. Bush Library, Bush Presidential Records, Brent Scowcroft Collection, Presidential Correspondence Files, Presidential Memcons Files, OA/ID 91108–003, Presidential Meetings—Memorandum of Conversations 11/13/90—12/21/90.","Presidential conversations; Economic-content review; Parallel-copy check; Trade and market access; Debt and international finance; Transition economies; Energy; Agriculture","Direct Volume XXX review. The complete Scowcroft folder contains presidential memoranda of conversation or telephone conversations with substantive economic-policy OCR signals. Review each conversation separately and promote only the passages that bear directly on Volume XXX. Parallel-copy control: match each conversation to the Bush Library Memcons and Telcons index and its canonical NARA item before selection. A Scowcroft folder copy is not a second documentary entry. Promote an individual document only after checking its heading, dateline, terminal classification, release status, exact extent, and controlling copy in the source images.","https://catalog.archives.gov/id/366551672","https://catalog.archives.gov/medialz/presidential-libraries/bush/gb-gbs/4545941/41-bpr-scow-pcor-memcon-91108-003.pdf"
"scowcroft-366551970","1990-12-01","December 1990","range","Desert Shield/Desert Storm (December 1990) II [3]","Desert Shield and Desert Storm Files","Brent Scowcroft Collection File: Desert Shield/Desert Storm (December 1990) II [3]","December 1990","Brent Scowcroft collection file","Trade Policy and Market Access","Boundary","Online file unit; item audit pending","","Official file-unit PDF online; served-PDF page extent and document-level release or withdrawal status not measured in this collection-wide pass","Mixed; document-level audit required","366551970","91145–007","locator","Opening provenance marker and full NARA OCR checked; file-unit locator only pending document boundaries, terminal markings, release status, and canonical-copy review in the source images.","George H.W. Bush Library, Bush Presidential Records, Brent Scowcroft Collection, Desert Shield and Desert Storm Files, Chronological Files, OA/ID 91145–007, Desert Shield/Desert Storm (December 1990) II [3].","Persian Gulf; Uruguay Round; Energy security; Trade and market access; Debt and international finance; Economic summits and G-7; Energy; Agriculture","Cross-volume boundary review. The full OCR and opening withdrawal inventory identify a significant foreign-economic-policy strand, but the principal narrative belongs in a regional, Soviet, China, German-unification, or Persian Gulf volume. Review for cross-reference or a narrowly selected economic-policy document. Special-separate copy sets, meeting-file duplicates, and later retrospective chronologies are not separately promoted. Compare this file with the controlling regional and presidential records before selection. Promote an individual document only after checking its heading, dateline, terminal classification, release status, exact extent, and controlling copy in the source images.","https://catalog.archives.gov/id/366551970","https://catalog.archives.gov/medialz/presidential-libraries/bush/gb-gbs/4708319/41-bpr-scow-dsds-chr-91145-007.pdf"
"scowcroft-366551759","1990-12-01","December 1990","range","USSR Collapse: U.S.—Soviet Relations Thru 1991 (December 1990)","USSR Collapse Files","Brent Scowcroft Collection File: USSR Collapse: U.S.—Soviet Relations Thru 1991 (December 1990)","December 1990","Brent Scowcroft collection file","Transition Economies and International Economic Strategy","Boundary","Online file unit; item audit pending","","Official file-unit PDF online; served-PDF page extent and document-level release or withdrawal status not measured in this collection-wide pass","Mixed; document-level audit required","366551759","91119–003","locator","Opening provenance marker and full NARA OCR checked; file-unit locator only pending document boundaries, terminal markings, release status, and canonical-copy review in the source images.","George H.W. Bush Library, Bush Presidential Records, Brent Scowcroft Collection, USSR Collapse Files, U.S. - Soviet Relations Chronological Files, OA/ID 91119–003, USSR Collapse: U.S—Soviet Relations Thru 1991 (December 1990).","Soviet economic assistance; IMF; World Bank; Trade and market access; Debt and international finance; Economic summits and G-7; Transition economies; Energy; Agriculture","Cross-volume boundary review. The full OCR and opening withdrawal inventory identify a significant foreign-economic-policy strand, but the principal narrative belongs in a regional, Soviet, China, German-unification, or Persian Gulf volume. Review for cross-reference or a narrowly selected economic-policy document. Special-separate copy sets, meeting-file duplicates, and later retrospective chronologies are not separately promoted. Compare this file with the controlling regional and presidential records before selection. Promote an individual document only after checking its heading, dateline, terminal classification, release status, exact extent, and controlling copy in the source images.","https://catalog.archives.gov/id/366551759","https://catalog.archives.gov/medialz/presidential-libraries/bush/gb-gbs/4545954/41-bpr-scow-ussrco-ussrl-91119-003.pdf"
"scowcroft-366551922","1990-12-17","December 17, 1990-February 8, 1991","range","Latin America—Economics (February 1990)","Latin America Files","Brent Scowcroft Collection File: Latin America—Economics (February 1990)","December 17, 1990-February 8, 1991","Brent Scowcroft collection file","Trade Policy and Market Access","Core","Online file unit; item audit pending","","Official file-unit PDF online; served-PDF page extent and document-level release or withdrawal status not measured in this collection-wide pass","Mixed; document-level audit required","366551922","91139–013","locator","Opening provenance marker and full NARA OCR checked; file-unit locator only pending document boundaries, terminal markings, release status, and canonical-copy review in the source images.","George H.W. Bush Library, Bush Presidential Records, Brent Scowcroft Collection, Latin American Files, Economic Chronological Files, OA/ID 91139–013, Latin America—Economics (February 1991).","Latin America; Economic policy; Debt and trade; Trade and market access; Debt and international finance; Economic summits and G-7; Strategic trade and technology; Agriculture","Direct Volume XXX review. This file belongs to the complete 13-folder Economic Chronological Files subseries. Screen its decision memoranda, presidential meeting materials, debt papers, trade papers, and follow-up actions individually for Volume XXX and route country-policy material to the appropriate regional volume. Country meeting packets and presidential conversations may duplicate the Presidential Correspondence Files or regional NSC staff files; compare dates, subjects, and document text before promotion. Promote an individual document only after checking its heading, dateline, terminal classification, release status, exact extent, and controlling copy in the source images.","https://catalog.archives.gov/id/366551922","https://catalog.archives.gov/medialz/presidential-libraries/bush/gb-gbs/4545957/41-bpr-scow-la-econchr-91139-013.pdf"
"scowcroft-366551974","1991-01-01","January 1991","range","Desert Shield/Desert Storm (January 1991) II [1]","Desert Shield and Desert Storm Files","Brent Scowcroft Collection File: Desert Shield/Desert Storm (January 1991) II [1]","January 1991","Brent Scowcroft collection file","Monetary Policy, Debt, and International Institutions","Boundary","Online file unit; item audit pending","","Official file-unit PDF online; served-PDF page extent and document-level release or withdrawal status not measured in this collection-wide pass","Mixed; document-level audit required","366551974","91146–003","locator","Opening provenance marker and full NARA OCR checked; file-unit locator only pending document boundaries, terminal markings, release status, and canonical-copy review in the source images.","George H.W. Bush Library, Bush Presidential Records, Brent Scowcroft Collection, Desert Shield and Desert Storm Files, Chronological Files, OA/ID 91146–003, Desert Shield/Desert Storm (January 1991) II [1].","Persian Gulf; Gulf financing; Oil prices; Trade and market access; Debt and international finance; Economic summits and G-7; Transition economies; Energy; Agriculture","Cross-volume boundary review. The full OCR and opening withdrawal inventory identify a significant foreign-economic-policy strand, but the principal narrative belongs in a regional, Soviet, China, German-unification, or Persian Gulf volume. Review for cross-reference or a narrowly selected economic-policy document. Special-separate copy sets, meeting-file duplicates, and later retrospective chronologies are not separately promoted. Compare this file with the controlling regional and presidential records before selection. Promote an individual document only after checking its heading, dateline, terminal classification, release status, exact extent, and controlling copy in the source images.","https://catalog.archives.gov/id/366551974","https://catalog.archives.gov/medialz/presidential-libraries/bush/gb-gbs/4708319/41-bpr-scow-dsds-chr-91146-003.pdf"
"scowcroft-366551979","1991-02-01","February 1991","range","Desert Shield/Desert Storm (February 1991) [2]","Desert Shield and Desert Storm Files","Brent Scowcroft Collection File: Desert Shield/Desert Storm (February 1991) [2]","February 1991","Brent Scowcroft collection file","Monetary Policy, Debt, and International Institutions","Boundary","Online file unit; item audit pending","","Official file-unit PDF online; served-PDF page extent and document-level release or withdrawal status not measured in this collection-wide pass","Mixed; document-level audit required","366551979","91146–008","locator","Opening provenance marker and full NARA OCR checked; file-unit locator only pending document boundaries, terminal markings, release status, and canonical-copy review in the source images.","George H.W. Bush Library, Bush Presidential Records, Brent Scowcroft Collection, Desert Shield and Desert Storm Files, Chronological Files, OA/ID 91146–008, Desert Shield/Desert Storm (February 1991) [2].","Persian Gulf; Economic assistance; Debt relief; Trade and market access; Debt and international finance; Energy","Cross-volume boundary review. The full OCR and opening withdrawal inventory identify a significant foreign-economic-policy strand, but the principal narrative belongs in a regional, Soviet, China, German-unification, or Persian Gulf volume. Review for cross-reference or a narrowly selected economic-policy document. Special-separate copy sets, meeting-file duplicates, and later retrospective chronologies are not separately promoted. Compare this file with the controlling regional and presidential records before selection. Promote an individual document only after checking its heading, dateline, terminal classification, release status, exact extent, and controlling copy in the source images.","https://catalog.archives.gov/id/366551979","https://catalog.archives.gov/medialz/presidential-libraries/bush/gb-gbs/4708319/41-bpr-scow-dsds-chr-91146-008.pdf"
"scowcroft-366551815","1991-02-01","February-April 1991","range","Soviet Power Collapse in Eastern Europe (February-April 1991)","USSR Chronological Files","Brent Scowcroft Collection File: Soviet Power Collapse in Eastern Europe (February-April 1991)","February-April 1991","Brent Scowcroft collection file","Transition Economies and International Economic Strategy","Boundary","Online file unit; item audit pending","","Official file-unit PDF online; served-PDF page extent and document-level release or withdrawal status not measured in this collection-wide pass","Mixed; document-level audit required","366551815","91125–011","locator","Opening provenance marker and full NARA OCR checked; file-unit locator only pending document boundaries, terminal markings, release status, and canonical-copy review in the source images.","George H.W. Bush Library, Bush Presidential Records, Brent Scowcroft Collection, USSR Chronological Files, Soviet Power Collapse in Eastern Europe Files, OA/ID 91125–011, Soviet Power Collapse in Eastern Europe (February—April 1991).","Eastern Europe; Economic assistance; International institutions; Trade and market access; Debt and international finance; Economic summits and G-7; Transition economies; Strategic trade and technology; Energy; Agriculture","Cross-volume boundary review. The full OCR and opening withdrawal inventory identify a significant foreign-economic-policy strand, but the principal narrative belongs in a regional, Soviet, China, German-unification, or Persian Gulf volume. Review for cross-reference or a narrowly selected economic-policy document. Special-separate copy sets, meeting-file duplicates, and later retrospective chronologies are not separately promoted. Compare this file with the controlling regional and presidential records before selection. Promote an individual document only after checking its heading, dateline, terminal classification, release status, exact extent, and controlling copy in the source images.","https://catalog.archives.gov/id/366551815","https://catalog.archives.gov/medialz/presidential-libraries/bush/gb-gbs/4708332/41-bpr-scow-ussrch-svp-91125-011.pdf"
"scowcroft-366551761","1991-03-01","March-May 1991","range","USSR Collapse: U.S.—Soviet Relations Thru 1991 (March-May 1991)","USSR Collapse Files","Brent Scowcroft Collection File: USSR Collapse: U.S.—Soviet Relations Thru 1991 (March-May 1991)","March-May 1991","Brent Scowcroft collection file","Transition Economies and International Economic Strategy","Boundary","Online file unit; item audit pending","","Official file-unit PDF online; served-PDF page extent and document-level release or withdrawal status not measured in this collection-wide pass","Mixed; document-level audit required","366551761","91119–005","locator","Opening provenance marker and full NARA OCR checked; file-unit locator only pending document boundaries, terminal markings, release status, and canonical-copy review in the source images.","George H.W. Bush Library, Bush Presidential Records, Brent Scowcroft Collection, USSR Collapse Files, U.S. - Soviet Relations Chronological Files, OA/ID 91119–005, USSR Collapse: U.S.—Soviet Relations Thru 1991 (March—May 1991).","Soviet economic reform; IMF; World Bank; Trade and market access; Debt and international finance; Economic summits and G-7; Transition economies; Agriculture","Cross-volume boundary review. The full OCR and opening withdrawal inventory identify a significant foreign-economic-policy strand, but the principal narrative belongs in a regional, Soviet, China, German-unification, or Persian Gulf volume. Review for cross-reference or a narrowly selected economic-policy document. Special-separate copy sets, meeting-file duplicates, and later retrospective chronologies are not separately promoted. Compare this file with the controlling regional and presidential records before selection. Promote an individual document only after checking its heading, dateline, terminal classification, release status, exact extent, and controlling copy in the source images.","https://catalog.archives.gov/id/366551761","https://catalog.archives.gov/medialz/presidential-libraries/bush/gb-gbs/4545954/41-bpr-scow-ussrco-ussrl-91119-005.pdf"
"scowcroft-366551674","1991-03-11","March 11, 1991-April 24, 1991","range","Presidential Meetings—Memorandum of Conversations 3/11/91-4/24/91","Presidential Correspondence Files","Brent Scowcroft Collection File: Presidential Meetings—Memorandum of Conversations 3/11/91-4/24/91","March 11, 1991-April 24, 1991","Brent Scowcroft collection file","Trade Policy and Market Access","Core","Online file unit; item audit pending","","Official file-unit PDF online; served-PDF page extent and document-level release or withdrawal status not measured in this collection-wide pass","Mixed; document-level audit required","366551674","91108–005","locator","Opening provenance marker and full NARA OCR checked; file-unit locator only pending document boundaries, terminal markings, release status, and canonical-copy review in the source images.","George H.W. Bush Library, Bush Presidential Records, Brent Scowcroft Collection, Presidential Correspondence Files, Presidential Memcons Files, OA/ID 91108–005, Presidential Meetings—Memorandum of Conversations 03/11/91—04/24/91.","Presidential conversations; Economic-content review; Parallel-copy check; Trade and market access; Debt and international finance; Economic summits and G-7; Transition economies; Energy; Agriculture","Direct Volume XXX review. The complete Scowcroft folder contains presidential memoranda of conversation or telephone conversations with substantive economic-policy OCR signals. Review each conversation separately and promote only the passages that bear directly on Volume XXX. Parallel-copy control: match each conversation to the Bush Library Memcons and Telcons index and its canonical NARA item before selection. A Scowcroft folder copy is not a second documentary entry. Promote an individual document only after checking its heading, dateline, terminal classification, release status, exact extent, and controlling copy in the source images.","https://catalog.archives.gov/id/366551674","https://catalog.archives.gov/medialz/presidential-libraries/bush/gb-gbs/4545941/41-bpr-scow-pcor-memcon-91108-005.pdf"
"scowcroft-366551675","1991-05-03","May 3, 1991-June 28, 1991","range","Presidential Meetings—Memorandum of Conversations 5/3/91-6/28/91","Presidential Correspondence Files","Brent Scowcroft Collection File: Presidential Meetings—Memorandum of Conversations 5/3/91-6/28/91","May 3, 1991-June 28, 1991","Brent Scowcroft collection file","Trade Policy and Market Access","Core","Online file unit; item audit pending","","Official file-unit PDF online; served-PDF page extent and document-level release or withdrawal status not measured in this collection-wide pass","Mixed; document-level audit required","366551675","91108–006","locator","Opening provenance marker and full NARA OCR checked; file-unit locator only pending document boundaries, terminal markings, release status, and canonical-copy review in the source images.","George H.W. Bush Library, Bush Presidential Records, Brent Scowcroft Collection, Presidential Correspondence Files, Presidential Memcons Files, OA/ID 91108–006, Presidential Meetings—Memorandum of Conversations 05/03/91—06/28/91.","Presidential conversations; Economic-content review; Parallel-copy check; Trade and market access; Debt and international finance; Economic summits and G-7; Transition economies; Energy; Agriculture","Direct Volume XXX review. The complete Scowcroft folder contains presidential memoranda of conversation or telephone conversations with substantive economic-policy OCR signals. Review each conversation separately and promote only the passages that bear directly on Volume XXX. Parallel-copy control: match each conversation to the Bush Library Memcons and Telcons index and its canonical NARA item before selection. A Scowcroft folder copy is not a second documentary entry. Promote an individual document only after checking its heading, dateline, terminal classification, release status, exact extent, and controlling copy in the source images.","https://catalog.archives.gov/id/366551675","https://catalog.archives.gov/medialz/presidential-libraries/bush/gb-gbs/4545941/41-bpr-scow-pcor-memcon-91108-006.pdf"
"scowcroft-366551700","1991-05-03","May 3, 1991-July 21, 1991","range","Presidential Telephone Calls—Memorandum of Conversations 5/3/91-7/21/91","Presidential Correspondence Files","Brent Scowcroft Collection File: Presidential Telephone Calls—Memorandum of Conversations 5/3/91-7/21/91","May 3, 1991-July 21, 1991","Brent Scowcroft collection file","Monetary Policy, Debt, and International Institutions","Core","Online file unit; item audit pending","","Official file-unit PDF online; served-PDF page extent and document-level release or withdrawal status not measured in this collection-wide pass","Mixed; document-level audit required","366551700","91112–008","locator","Opening provenance marker and full NARA OCR checked; file-unit locator only pending document boundaries, terminal markings, release status, and canonical-copy review in the source images.","George H.W. Bush Library, Bush Presidential Records, Brent Scowcroft Collection, Presidential Correspondence Files, Presidential Telcon Files, OA/ID 91112–008, Presidential Telephone Calls—Memorandum of Conversations 5/3/91—7/21/91.","Presidential telephone conversations; Economic-content review; Parallel-copy check; Trade and market access; Debt and international finance; Economic summits and G-7; Transition economies; Energy; Agriculture","Direct Volume XXX review. The complete Scowcroft folder contains presidential memoranda of conversation or telephone conversations with substantive economic-policy OCR signals. Review each conversation separately and promote only the passages that bear directly on Volume XXX. Parallel-copy control: match each conversation to the Bush Library Memcons and Telcons index and its canonical NARA item before selection. A Scowcroft folder copy is not a second documentary entry. Promote an individual document only after checking its heading, dateline, terminal classification, release status, exact extent, and controlling copy in the source images.","https://catalog.archives.gov/id/366551700","https://catalog.archives.gov/medialz/presidential-libraries/bush/gb-gbs/4545941/41-bpr-scow-pcor-telcon-91112-008.pdf"
"scowcroft-366551676","1991-07-11","July 11, 1991-July 22, 1991","range","Presidential Meetings—Memorandum of Conversations 7/11/91-7/22/91","Presidential Correspondence Files","Brent Scowcroft Collection File: Presidential Meetings—Memorandum of Conversations 7/11/91-7/22/91","July 11, 1991-July 22, 1991","Brent Scowcroft collection file","Economic Summits and Industrialized-Country Cooperation","Core","Online file unit; item audit pending","","Official file-unit PDF online; served-PDF page extent and document-level release or withdrawal status not measured in this collection-wide pass","Mixed; document-level audit required","366551676","91109–001","locator","Opening provenance marker and full NARA OCR checked; file-unit locator only pending document boundaries, terminal markings, release status, and canonical-copy review in the source images.","George H.W. Bush Library, Bush Presidential Records, Brent Scowcroft Collection, Presidential Correspondence Files, Presidential Memcons Files, OA/ID 91109–001, Presidential Meetings—Memorandum of Conversations 7/11/91—7/22/91.","Presidential conversations; Economic-content review; Parallel-copy check; Trade and market access; Debt and international finance; Economic summits and G-7; Transition economies; Energy; Agriculture","Direct Volume XXX review. The complete Scowcroft folder contains presidential memoranda of conversation or telephone conversations with substantive economic-policy OCR signals. Review each conversation separately and promote only the passages that bear directly on Volume XXX. Parallel-copy control: match each conversation to the Bush Library Memcons and Telcons index and its canonical NARA item before selection. A Scowcroft folder copy is not a second documentary entry. Promote an individual document only after checking its heading, dateline, terminal classification, release status, exact extent, and controlling copy in the source images.","https://catalog.archives.gov/id/366551676","https://catalog.archives.gov/medialz/presidential-libraries/bush/gb-gbs/4545941/41-bpr-scow-pcor-memcon-91109-001.pdf"
"scowcroft-366551677","1991-07-24","July 24, 1991-September 24, 1991","range","Presidential Meetings—Memorandum of Conversations 7/24/91-9/24/91","Presidential Correspondence Files","Brent Scowcroft Collection File: Presidential Meetings—Memorandum of Conversations 7/24/91-9/24/91","July 24, 1991-September 24, 1991","Brent Scowcroft collection file","Monetary Policy, Debt, and International Institutions","Core","Online file unit; item audit pending","","Official file-unit PDF online; served-PDF page extent and document-level release or withdrawal status not measured in this collection-wide pass","Mixed; document-level audit required","366551677","91109–002","locator","Opening provenance marker and full NARA OCR checked; file-unit locator only pending document boundaries, terminal markings, release status, and canonical-copy review in the source images.","George H.W. Bush Library, Bush Presidential Records, Brent Scowcroft Collection, Presidential Correspondence Files, Presidential Memcons Files, OA/ID 91109–002, Presidential Meetings—Memorandum of Conversations 7/24/91—9/24/91.","Presidential conversations; Economic-content review; Parallel-copy check; Trade and market access; Debt and international finance; Economic summits and G-7; Transition economies; Energy; Agriculture","Direct Volume XXX review. The complete Scowcroft folder contains presidential memoranda of conversation or telephone conversations with substantive economic-policy OCR signals. Review each conversation separately and promote only the passages that bear directly on Volume XXX. Parallel-copy control: match each conversation to the Bush Library Memcons and Telcons index and its canonical NARA item before selection. A Scowcroft folder copy is not a second documentary entry. Promote an individual document only after checking its heading, dateline, terminal classification, release status, exact extent, and controlling copy in the source images.","https://catalog.archives.gov/id/366551677","https://catalog.archives.gov/medialz/presidential-libraries/bush/gb-gbs/4545941/41-bpr-scow-pcor-memcon-91109-002.pdf"
"scowcroft-366551678","1991-09-24","September 24, 1991-October 15, 1991","range","Presidential Meetings—Memorandum of Conversations 9/24/91-10/15/91","Presidential Correspondence Files","Brent Scowcroft Collection File: Presidential Meetings—Memorandum of Conversations 9/24/91-10/15/91","September 24, 1991-October 15, 1991","Brent Scowcroft collection file","Trade Policy and Market Access","Core","Online file unit; item audit pending","","Official file-unit PDF online; served-PDF page extent and document-level release or withdrawal status not measured in this collection-wide pass","Mixed; document-level audit required","366551678","91109–003","locator","Opening provenance marker and full NARA OCR checked; file-unit locator only pending document boundaries, terminal markings, release status, and canonical-copy review in the source images.","George H.W. Bush Library, Bush Presidential Records, Brent Scowcroft Collection, Presidential Correspondence Files, Presidential Memcons Files, OA/ID 91109–003, Presidential Meetings—Memorandum of Conversations 9/24/91—10/15/91.","Presidential conversations; Economic-content review; Parallel-copy check; Trade and market access; Debt and international finance; Transition economies; Energy; Agriculture","Direct Volume XXX review. The complete Scowcroft folder contains presidential memoranda of conversation or telephone conversations with substantive economic-policy OCR signals. Review each conversation separately and promote only the passages that bear directly on Volume XXX. Parallel-copy control: match each conversation to the Bush Library Memcons and Telcons index and its canonical NARA item before selection. A Scowcroft folder copy is not a second documentary entry. Promote an individual document only after checking its heading, dateline, terminal classification, release status, exact extent, and controlling copy in the source images.","https://catalog.archives.gov/id/366551678","https://catalog.archives.gov/medialz/presidential-libraries/bush/gb-gbs/4545941/41-bpr-scow-pcor-memcon-91109-003.pdf"
"scowcroft-366551702","1991-09-27","September 27, 1991-December 25, 1991","range","Presidential Telephone Calls—Memorandum of Conversations 9/27/91-12/25/91","Presidential Correspondence Files","Brent Scowcroft Collection File: Presidential Telephone Calls—Memorandum of Conversations 9/27/91-12/25/91","September 27, 1991-December 25, 1991","Brent Scowcroft collection file","Trade Policy and Market Access","Core","Online file unit; item audit pending","","Official file-unit PDF online; served-PDF page extent and document-level release or withdrawal status not measured in this collection-wide pass","Mixed; document-level audit required","366551702","91113–002","locator","Opening provenance marker and full NARA OCR checked; file-unit locator only pending document boundaries, terminal markings, release status, and canonical-copy review in the source images.","George H.W. Bush Library, Bush Presidential Records, Brent Scowcroft Collection, Presidential Correspondence Files, Presidential Telcon Files, OA/ID 91113–002, Presidential Telephone Calls—Memorandum of Conversations 9/27/91—12/25/91.","Presidential telephone conversations; Economic-content review; Parallel-copy check; Trade and market access; Debt and international finance; Economic summits and G-7; Transition economies; Energy; Agriculture","Direct Volume XXX review. The complete Scowcroft folder contains presidential memoranda of conversation or telephone conversations with substantive economic-policy OCR signals. Review each conversation separately and promote only the passages that bear directly on Volume XXX. Parallel-copy control: match each conversation to the Bush Library Memcons and Telcons index and its canonical NARA item before selection. A Scowcroft folder copy is not a second documentary entry. Promote an individual document only after checking its heading, dateline, terminal classification, release status, exact extent, and controlling copy in the source images.","https://catalog.archives.gov/id/366551702","https://catalog.archives.gov/medialz/presidential-libraries/bush/gb-gbs/4545941/41-bpr-scow-pcor-telcon-91113-002.pdf"
"scowcroft-366551679","1991-10-16","October 16, 1991-December 17, 1991","range","Presidential Meetings—Memorandum of Conversations 10/16/91-12/17/91","Presidential Correspondence Files","Brent Scowcroft Collection File: Presidential Meetings—Memorandum of Conversations 10/16/91-12/17/91","October 16, 1991-December 17, 1991","Brent Scowcroft collection file","Trade Policy and Market Access","Core","Online file unit; item audit pending","","Official file-unit PDF online; served-PDF page extent and document-level release or withdrawal status not measured in this collection-wide pass","Mixed; document-level audit required","366551679","91109–004","locator","Opening provenance marker and full NARA OCR checked; file-unit locator only pending document boundaries, terminal markings, release status, and canonical-copy review in the source images.","George H.W. Bush Library, Bush Presidential Records, Brent Scowcroft Collection, Presidential Correspondence Files, Presidential Memcons Files, OA/ID 91109–004, Presidential Meetings—Memorandum of Conversations 10/16/91—12/17/91.","Presidential conversations; Economic-content review; Parallel-copy check; Trade and market access; Debt and international finance; Economic summits and G-7; Transition economies; Strategic trade and technology; Energy; Agriculture","Direct Volume XXX review. The complete Scowcroft folder contains presidential memoranda of conversation or telephone conversations with substantive economic-policy OCR signals. Review each conversation separately and promote only the passages that bear directly on Volume XXX. Parallel-copy control: match each conversation to the Bush Library Memcons and Telcons index and its canonical NARA item before selection. A Scowcroft folder copy is not a second documentary entry. Promote an individual document only after checking its heading, dateline, terminal classification, release status, exact extent, and controlling copy in the source images.","https://catalog.archives.gov/id/366551679","https://catalog.archives.gov/medialz/presidential-libraries/bush/gb-gbs/4545941/41-bpr-scow-pcor-memcon-91109-004.pdf"
"scowcroft-366551703","1992-01-02","January 2, 1992-April 9, 1992","range","Presidential Telephone Calls—Memorandum of Conversations 1/2/92-4/9/92","Presidential Correspondence Files","Brent Scowcroft Collection File: Presidential Telephone Calls—Memorandum of Conversations 1/2/92-4/9/92","January 2, 1992-April 9, 1992","Brent Scowcroft collection file","Monetary Policy, Debt, and International Institutions","Core","Online file unit; item audit pending","","Official file-unit PDF online; served-PDF page extent and document-level release or withdrawal status not measured in this collection-wide pass","Mixed; document-level audit required","366551703","91113–003","locator","Opening provenance marker and full NARA OCR checked; file-unit locator only pending document boundaries, terminal markings, release status, and canonical-copy review in the source images.","George H.W. Bush Library, Bush Presidential Records, Brent Scowcroft Collection, Presidential Correspondence Files, Presidential Telcon Files, OA/ID 91113–003, Presidential Telephone Calls—Memorandum of Conversations 1/2/92—4/9/92.","Presidential telephone conversations; Economic-content review; Parallel-copy check; Trade and market access; Debt and international finance; Economic summits and G-7; Transition economies; Agriculture","Direct Volume XXX review. The complete Scowcroft folder contains presidential memoranda of conversation or telephone conversations with substantive economic-policy OCR signals. Review each conversation separately and promote only the passages that bear directly on Volume XXX. Parallel-copy control: match each conversation to the Bush Library Memcons and Telcons index and its canonical NARA item before selection. A Scowcroft folder copy is not a second documentary entry. Promote an individual document only after checking its heading, dateline, terminal classification, release status, exact extent, and controlling copy in the source images.","https://catalog.archives.gov/id/366551703","https://catalog.archives.gov/medialz/presidential-libraries/bush/gb-gbs/4545941/41-bpr-scow-pcor-telcon-91113-003.pdf"
"scowcroft-366551681","1992-02-01","February 1, 1992-February 27, 1992","range","Presidential Meetings—Memorandum of Conversations 2/1/92-2/27/92","Presidential Correspondence Files","Brent Scowcroft Collection File: Presidential Meetings—Memorandum of Conversations 2/1/92-2/27/92","February 1, 1992-February 27, 1992","Brent Scowcroft collection file","Trade Policy and Market Access","Core","Online file unit; item audit pending","","Official file-unit PDF online; served-PDF page extent and document-level release or withdrawal status not measured in this collection-wide pass","Mixed; document-level audit required","366551681","91109–006","locator","Opening provenance marker and full NARA OCR checked; file-unit locator only pending document boundaries, terminal markings, release status, and canonical-copy review in the source images.","George H.W. Bush Library, Bush Presidential Records, Brent Scowcroft Collection, Presidential Correspondence Files, Presidential Memcons Files, OA/ID 91109–006, Presidential Meetings—Memorandum of Conversations 2/1/92—2/27/92.","Presidential conversations; Economic-content review; Parallel-copy check; Trade and market access; Debt and international finance; Economic summits and G-7; Transition economies; Energy; Agriculture","Direct Volume XXX review. The complete Scowcroft folder contains presidential memoranda of conversation or telephone conversations with substantive economic-policy OCR signals. Review each conversation separately and promote only the passages that bear directly on Volume XXX. Parallel-copy control: match each conversation to the Bush Library Memcons and Telcons index and its canonical NARA item before selection. A Scowcroft folder copy is not a second documentary entry. Promote an individual document only after checking its heading, dateline, terminal classification, release status, exact extent, and controlling copy in the source images.","https://catalog.archives.gov/id/366551681","https://catalog.archives.gov/medialz/presidential-libraries/bush/gb-gbs/4545941/41-bpr-scow-pcor-memcon-91109-006.pdf"
"scowcroft-366551682","1992-03-03","March 3, 1992-April 28, 1992","range","Presidential Meetings—Memorandum of Conversations 3/3/92-4/28/92","Presidential Correspondence Files","Brent Scowcroft Collection File: Presidential Meetings—Memorandum of Conversations 3/3/92-4/28/92","March 3, 1992-April 28, 1992","Brent Scowcroft collection file","Monetary Policy, Debt, and International Institutions","Core","Online file unit; item audit pending","","Official file-unit PDF online; served-PDF page extent and document-level release or withdrawal status not measured in this collection-wide pass","Mixed; document-level audit required","366551682","91109–007","locator","Opening provenance marker and full NARA OCR checked; file-unit locator only pending document boundaries, terminal markings, release status, and canonical-copy review in the source images.","George H.W. Bush Library, Bush Presidential Records, Brent Scowcroft Collection, Presidential Correspondence Files, Presidential Memcons Files, OA/ID 91109–007, Presidential Meetings—Memorandum of Conversations 3/3/92—4/28/92.","Presidential conversations; Economic-content review; Parallel-copy check; Trade and market access; Debt and international finance; Economic summits and G-7; Transition economies; Strategic trade and technology; Energy; Agriculture","Direct Volume XXX review. The complete Scowcroft folder contains presidential memoranda of conversation or telephone conversations with substantive economic-policy OCR signals. Review each conversation separately and promote only the passages that bear directly on Volume XXX. Parallel-copy control: match each conversation to the Bush Library Memcons and Telcons index and its canonical NARA item before selection. A Scowcroft folder copy is not a second documentary entry. Promote an individual document only after checking its heading, dateline, terminal classification, release status, exact extent, and controlling copy in the source images.","https://catalog.archives.gov/id/366551682","https://catalog.archives.gov/medialz/presidential-libraries/bush/gb-gbs/4545941/41-bpr-scow-pcor-memcon-91109-007.pdf"
"scowcroft-366551704","1992-04-10","April 10, 1992-June 30, 1992","range","Presidential Telephone Calls—Memorandum of Conversations 4/10/92-6/30/92","Presidential Correspondence Files","Brent Scowcroft Collection File: Presidential Telephone Calls—Memorandum of Conversations 4/10/92-6/30/92","April 10, 1992-June 30, 1992","Brent Scowcroft collection file","Trade Policy and Market Access","Core","Online file unit; item audit pending","","Official file-unit PDF online; served-PDF page extent and document-level release or withdrawal status not measured in this collection-wide pass","Mixed; document-level audit required","366551704","91113–004","locator","Opening provenance marker and full NARA OCR checked; file-unit locator only pending document boundaries, terminal markings, release status, and canonical-copy review in the source images.","George H.W. Bush Library, Bush Presidential Records, Brent Scowcroft Collection, Presidential Correspondence Files, Presidential Telcon Files, OA/ID 91113–004, Presidential Telephone Calls—Memorandum of Conversations 4/10/92—6/30/92.","Presidential telephone conversations; Economic-content review; Parallel-copy check; Trade and market access; Debt and international finance; Economic summits and G-7; Transition economies; Energy; Agriculture","Direct Volume XXX review. The complete Scowcroft folder contains presidential memoranda of conversation or telephone conversations with substantive economic-policy OCR signals. Review each conversation separately and promote only the passages that bear directly on Volume XXX. Parallel-copy control: match each conversation to the Bush Library Memcons and Telcons index and its canonical NARA item before selection. A Scowcroft folder copy is not a second documentary entry. Promote an individual document only after checking its heading, dateline, terminal classification, release status, exact extent, and controlling copy in the source images.","https://catalog.archives.gov/id/366551704","https://catalog.archives.gov/medialz/presidential-libraries/bush/gb-gbs/4545941/41-bpr-scow-pcor-telcon-91113-004.pdf"
"scowcroft-366551683","1992-05-01","May 1, 1992-June 17, 1992","range","Presidential Meetings—Memorandum of Conversations 5/1/92-6/17/92","Presidential Correspondence Files","Brent Scowcroft Collection File: Presidential Meetings—Memorandum of Conversations 5/1/92-6/17/92","May 1, 1992-June 17, 1992","Brent Scowcroft collection file","Trade Policy and Market Access","Core","Online file unit; item audit pending","","Official file-unit PDF online; served-PDF page extent and document-level release or withdrawal status not measured in this collection-wide pass","Mixed; document-level audit required","366551683","91109–008","locator","Opening provenance marker and full NARA OCR checked; file-unit locator only pending document boundaries, terminal markings, release status, and canonical-copy review in the source images.","George H.W. Bush Library, Bush Presidential Records, Brent Scowcroft Collection, Presidential Correspondence Files, Presidential Memcons Files, OA/ID 91109–008, Presidential Meetings—Memorandum of Conversations 5/1/92—6/17/92.","Presidential conversations; Economic-content review; Parallel-copy check; Trade and market access; Debt and international finance; Economic summits and G-7; Transition economies; Energy; Agriculture","Direct Volume XXX review. The complete Scowcroft folder contains presidential memoranda of conversation or telephone conversations with substantive economic-policy OCR signals. Review each conversation separately and promote only the passages that bear directly on Volume XXX. Parallel-copy control: match each conversation to the Bush Library Memcons and Telcons index and its canonical NARA item before selection. A Scowcroft folder copy is not a second documentary entry. Promote an individual document only after checking its heading, dateline, terminal classification, release status, exact extent, and controlling copy in the source images.","https://catalog.archives.gov/id/366551683","https://catalog.archives.gov/medialz/presidential-libraries/bush/gb-gbs/4545941/41-bpr-scow-pcor-memcon-91109-008.pdf"
"scowcroft-366551684","1992-07-01","July 1, 1992-July 9, 1992","range","Presidential Meetings—Memorandum of Conversations 7/1/92-7/9/92","Presidential Correspondence Files","Brent Scowcroft Collection File: Presidential Meetings—Memorandum of Conversations 7/1/92-7/9/92","July 1, 1992-July 9, 1992","Brent Scowcroft collection file","Economic Summits and Industrialized-Country Cooperation","Core","Online file unit; item audit pending","","Official file-unit PDF online; served-PDF page extent and document-level release or withdrawal status not measured in this collection-wide pass","Mixed; document-level audit required","366551684","91110–001","locator","Opening provenance marker and full NARA OCR checked; file-unit locator only pending document boundaries, terminal markings, release status, and canonical-copy review in the source images.","George H.W. Bush Library, Bush Presidential Records, Brent Scowcroft Collection, Presidential Correspondence Files, Presidential Memcons Files, OA/ID 91110–001, Presidential Meetings—Memorandum of Conversations 7/1/92—7/9/92.","Presidential conversations; Economic-content review; Parallel-copy check; Trade and market access; Debt and international finance; Economic summits and G-7; Transition economies; Strategic trade and technology; Energy; Agriculture","Direct Volume XXX review. The complete Scowcroft folder contains presidential memoranda of conversation or telephone conversations with substantive economic-policy OCR signals. Review each conversation separately and promote only the passages that bear directly on Volume XXX. Parallel-copy control: match each conversation to the Bush Library Memcons and Telcons index and its canonical NARA item before selection. A Scowcroft folder copy is not a second documentary entry. Promote an individual document only after checking its heading, dateline, terminal classification, release status, exact extent, and controlling copy in the source images.","https://catalog.archives.gov/id/366551684","https://catalog.archives.gov/medialz/presidential-libraries/bush/gb-gbs/4545941/41-bpr-scow-pcor-memcon-91110-001.pdf"
"scowcroft-366551705","1992-07-10","July 10, 1992-November 5, 1992","range","Presidential Telephone Calls—Memorandum of Conversations 7/10/92-11/5/92","Presidential Correspondence Files","Brent Scowcroft Collection File: Presidential Telephone Calls—Memorandum of Conversations 7/10/92-11/5/92","July 10, 1992-November 5, 1992","Brent Scowcroft collection file","Trade Policy and Market Access","Core","Online file unit; item audit pending","","Official file-unit PDF online; served-PDF page extent and document-level release or withdrawal status not measured in this collection-wide pass","Mixed; document-level audit required","366551705","91113–005","locator","Opening provenance marker and full NARA OCR checked; file-unit locator only pending document boundaries, terminal markings, release status, and canonical-copy review in the source images.","George H.W. Bush Library, Bush Presidential Records, Brent Scowcroft Collection, Presidential Correspondence Files, Presidential Telcon Files, OA/ID 91113–005, Presidential Telephone Calls—Memorandum of Conversations 7/10/92—11/5/92.","Presidential telephone conversations; Economic-content review; Parallel-copy check; Trade and market access; Debt and international finance; Transition economies; Energy; Agriculture","Direct Volume XXX review. The complete Scowcroft folder contains presidential memoranda of conversation or telephone conversations with substantive economic-policy OCR signals. Review each conversation separately and promote only the passages that bear directly on Volume XXX. Parallel-copy control: match each conversation to the Bush Library Memcons and Telcons index and its canonical NARA item before selection. A Scowcroft folder copy is not a second documentary entry. Promote an individual document only after checking its heading, dateline, terminal classification, release status, exact extent, and controlling copy in the source images.","https://catalog.archives.gov/id/366551705","https://catalog.archives.gov/medialz/presidential-libraries/bush/gb-gbs/4545941/41-bpr-scow-pcor-telcon-91113-005.pdf"
